
{
"type": "FeatureCollection",
"name": "jeep_routes", 
"crs": { "type": "name", "properties": { "name": "urn:ogc:def:crs:OGC:1.3:CRS84" } },
"features": [
{ "type": "Feature", "properties": { "fid": 1, "route_long_name": "UP - IKOT", "Notes": "Weekday Path", "route_id": null, "trip_id": 0, "last_updated": "2026-03-15" }, "geometry": { "type": "MultiLineString", "coordinates": [ [ [ 121.062294287439329, 14.657684029950467 ], [ 121.062347024106685, 14.650482931694487 ], [ 121.062294467981431, 14.650062428359409 ], [ 121.062347099439322, 14.647302884156582 ], [ 121.063845225434605, 14.64761829441648 ], [ 121.064817696790087, 14.64767087902543 ], [ 121.066026709931165, 14.647960001407577 ], [ 121.067919106477078, 14.647224165140463 ], [ 121.068970430074074, 14.64714534459792 ], [ 121.069022957559909, 14.648774791617985 ], [ 121.068523544873969, 14.650246537939081 ], [ 121.068444675821823, 14.651087540476031 ], [ 121.068760038721663, 14.652506742330139 ], [ 121.071730022604967, 14.652506809024953 ], [ 121.071703705320616, 14.653952284591986 ], [ 121.072833876800743, 14.653926028586136 ], [ 121.073122975956977, 14.654530506926505 ], [ 121.073122953544924, 14.655476636776738 ], [ 121.072807540217624, 14.656186227083067 ], [ 121.07275489818096, 14.65939255485274 ], [ 121.068549612512555, 14.659339897658894 ], [ 121.068549652355031, 14.65765788902493 ], [ 121.062268004396074, 14.657684029360311 ] ] ] } },
{ "type": "Feature", "properties": { "fid": 2, "route_long_name": "UP - Philcoa", "Notes": "Weekday Path", "route_id": null, "trip_id": null, "last_updated": "2026-03-15" }, "geometry": { "type": "MultiLineString", "coordinates": [ [ [ 121.054103916246447, 14.654214703226691 ], [ 121.054327322426076, 14.654201567550919 ], [ 121.055687461825002, 14.654543256097075 ], [ 121.05657451142423, 14.654674682940508 ], [ 121.062330494948412, 14.654799648770853 ], [ 121.062350251588143, 14.65292710054679 ], [ 121.065109968796094, 14.653025717711905 ], [ 121.065977320429553, 14.65255267226398 ], [ 121.066463567624524, 14.65209275895082 ], [ 121.067094368444415, 14.651764255807702 ], [ 121.067593735993512, 14.652197909869104 ], [ 121.067987977906583, 14.652355607030511 ], [ 121.068369079854477, 14.652447600435089 ], [ 121.071720165685562, 14.65253966053444 ], [ 121.071706991167986, 14.653932573627225 ], [ 121.072784595627837, 14.653945738518015 ], [ 121.073152544847531, 14.654510796551948 ], [ 121.073113096002956, 14.655535769671106 ], [ 121.07277140118893, 14.656179655925364 ], [ 121.072745042817942, 14.659359702900314 ], [ 121.068539755904439, 14.659359608476294 ], [ 121.068526656715434, 14.657572474007701 ], [ 121.062284431765008, 14.657664318690463 ], [ 121.062310778308017, 14.654983618022047 ], [ 121.056331388760043, 14.654865217521708 ], [ 121.05580572695979, 14.654904627795229 ], [ 121.055661166175, 14.655075453551081 ], [ 121.055687444237947, 14.655285705220569 ], [ 121.058085732408472, 14.656954627017706 ], [ 121.058046302863218, 14.657164877212129 ], [ 121.057868889675078, 14.657276569114606 ], [ 121.053893639915643, 14.654720615164532 ], [ 121.053538827235073, 14.654365808500657 ], [ 121.051843599576912, 14.653156826727781 ], [ 121.051521639377484, 14.652857868744839 ], [ 121.051521640544792, 14.652808591148192 ], [ 121.051616916732584, 14.652802022941497 ], [ 121.051906025540248, 14.652999139820285 ], [ 121.052040725125707, 14.653041850095516 ], [ 121.054107201626849, 14.65421470330047 ] ] ] } },
{ "type": "Feature", "properties": { "fid": 3, "route_long_name": "UP - Katipunan", "Notes": null, "route_id": null, "trip_id": null, "last_updated": "2026-03-15" }, "geometry": { "type": "MultiLineString", "coordinates": [ [ [ 121.07420050843379, 14.657582456929656 ], [ 121.074187439673054, 14.654510819791103 ], [ 121.074318899091082, 14.652644844430972 ], [ 121.074332135867351, 14.648623792889346 ], [ 121.074213869955386, 14.648295272927248 ], [ 121.074227038871115, 14.647138892306748 ], [ 121.074371630163029, 14.645680278719281 ], [ 121.07455564041652, 14.644458198479288 ], [ 121.07462136701416, 14.643656617733726 ], [ 121.074555716064609, 14.641265010291432 ], [ 121.074450628409991, 14.639385888962035 ], [ 121.074371834695484, 14.637046844006864 ], [ 121.074332432857446, 14.6360875726042 ], [ 121.074214188739148, 14.634839204207907 ], [ 121.074155055005221, 14.634707795959677 ], [ 121.074148493895677, 14.634300434360782 ], [ 121.074243776465167, 14.634024481969607 ], [ 121.074454037541742, 14.634162463958535 ], [ 121.074506575530663, 14.635348412590588 ], [ 121.074562395008655, 14.636698619948572 ], [ 121.074565638127083, 14.638482468965845 ], [ 121.074716685383777, 14.641869485744127 ], [ 121.074808650040552, 14.642966735602434 ], [ 121.07480862902726, 14.643853732321869 ], [ 121.074637759983844, 14.645088953547962 ], [ 121.074427456103038, 14.646757816733551 ], [ 121.074420854056839, 14.64807845615376 ], [ 121.074525972843901, 14.648643508280864 ], [ 121.074473312125448, 14.652638277552366 ], [ 121.074473289090463, 14.653610688784234 ], [ 121.074486408822366, 14.654530537543149 ], [ 121.074460117063339, 14.654898476338808 ], [ 121.074486350924829, 14.656974706324256 ], [ 121.074433770831106, 14.657566036301901 ], [ 121.074203793347266, 14.657602168042047 ], [ 121.07419722414285, 14.657536464432466 ] ] ] } },
{ "type": "Feature", "properties": { "fid": 4, "route_long_name": "UP Loob - Katipunan", "Notes": "Weekday", "route_id": null, "trip_id": null, "last_updated": "2026-03-15" }, "geometry": { "type": "MultiLineString", "coordinates": [ [ [ 121.074247061767778, 14.6340277672164 ], [ 121.07444746670312, 14.634165748983952 ], [ 121.074575532638718, 14.636862878893989 ], [ 121.074588631353564, 14.638669724344147 ], [ 121.074654298490273, 14.640378015788947 ], [ 121.074719967184066, 14.642020603777217 ], [ 121.074825075074671, 14.643045580124177 ], [ 121.074838197606454, 14.643847162639918 ], [ 121.074443883783289, 14.646724965371995 ], [ 121.074417566186071, 14.648183581617831 ], [ 121.074522687152196, 14.64865664889934 ], [ 121.074469995305435, 14.653965487403523 ], [ 121.074509406485106, 14.654530538059594 ], [ 121.074430545526937, 14.655029882598429 ], [ 121.074496205198344, 14.657053550699954 ], [ 121.074483051848347, 14.657552896716075 ], [ 121.074200508122502, 14.657595597622082 ], [ 121.074023098826103, 14.657543030868812 ], [ 121.072768083825025, 14.657529861995794 ], [ 121.072741756814978, 14.659385984211472 ], [ 121.068566039181079, 14.65934975354711 ], [ 121.068513516049777, 14.657536336808448 ], [ 121.062356709744847, 14.657680746179018 ], [ 121.062327254470034, 14.652904103818724 ], [ 121.065152678507957, 14.653035574190309 ], [ 121.065888614925058, 14.652562525791289 ], [ 121.06646028177714, 14.652112469915584 ], [ 121.067035231597089, 14.651764254479732 ], [ 121.067597021451689, 14.652194624769823 ], [ 121.06809639444819, 14.652398316715308 ], [ 121.068658192862998, 14.652467317966023 ], [ 121.071720166074627, 14.652523234669051 ], [ 121.071680708747323, 14.653906291652346 ], [ 121.072781310013966, 14.653955593963524 ], [ 121.073139403792865, 14.654491085218334 ], [ 121.073113094913523, 14.655581762094437 ], [ 121.072797684699097, 14.656159945476999 ], [ 121.072768084175323, 14.657515078716829 ], [ 121.073481832814068, 14.657525771556218 ], [ 121.074025563094878, 14.657533175404838 ], [ 121.074199687098442, 14.657582046264601 ], [ 121.074145953642613, 14.654852887507527 ], [ 121.074303704197064, 14.652645254736422 ], [ 121.074330076113441, 14.648893587680854 ], [ 121.074316941129069, 14.648617632848628 ], [ 121.074205246289196, 14.648275972341866 ], [ 121.074218415827545, 14.647093310336963 ], [ 121.074317001209579, 14.646081479250968 ], [ 121.074553586265935, 14.644491460810219 ], [ 121.074619313641819, 14.643657028334241 ], [ 121.074632470261847, 14.643019705060629 ], [ 121.074586496727974, 14.642099855578799 ], [ 121.074487972984912, 14.640509829620685 ], [ 121.074435430869869, 14.639497995149961 ], [ 121.074356651631888, 14.63654790801545 ], [ 121.074277827097049, 14.635509791575881 ], [ 121.074205565073029, 14.634819903622832 ], [ 121.074139860578327, 14.634688495227026 ], [ 121.07417272652421, 14.634176008977963 ], [ 121.074258149994876, 14.634024892939134 ] ] ] } },
{ "type": "Feature", "properties": { "fid": 5, "route_long_name": "UP - Philcoa", "Notes": "Weekend Schedule", "route_id": null, "trip_id": null, "last_updated": "2026-03-15" }, "geometry": { "type": "MultiLineString", "coordinates": [ [ [ 121.054092006577235, 14.654221683952155 ], [ 121.054374549915607, 14.654195408911873 ], [ 121.055681301785498, 14.654541202725575 ], [ 121.056573279377545, 14.65467591485279 ], [ 121.057815152551399, 14.654702224124273 ], [ 121.062342404695684, 14.654789382872352 ], [ 121.06234901958041, 14.652926689872514 ], [ 121.065154731841716, 14.653036806176337 ], [ 121.065818387905537, 14.652647528067996 ], [ 121.066452478658405, 14.652126842372626 ], [ 121.067052069103781, 14.651767129384295 ], [ 121.067561293027552, 14.652190928147769 ], [ 121.068011385862732, 14.652371622775004 ], [ 121.068543615153516, 14.652470189919509 ], [ 121.069019994922911, 14.652486626482647 ], [ 121.071763286702293, 14.652522824990749 ], [ 121.072840890539624, 14.652562271266744 ], [ 121.072814574811702, 14.653942043371536 ], [ 121.073143098221436, 14.654559663289564 ], [ 121.07311679089851, 14.655584636703901 ], [ 121.072801380061478, 14.656189101471218 ], [ 121.072729026053651, 14.659382288105887 ], [ 121.068502383778437, 14.659398619067959 ], [ 121.068481036937683, 14.659055317997783 ], [ 121.068497500102595, 14.657524427696291 ], [ 121.062383402731413, 14.657711545276383 ], [ 121.062311125140582, 14.657678691922262 ], [ 121.062330901700989, 14.654965139375223 ], [ 121.056331799559231, 14.654859879124633 ], [ 121.055796280294842, 14.654955137119773 ], [ 121.055605721304971, 14.655247513248028 ], [ 121.058102569487204, 14.656975570374433 ], [ 121.058046713351175, 14.657172679507527 ], [ 121.057866014704814, 14.657287656509356 ], [ 121.053803704037406, 14.654661069382293 ], [ 121.053524453472178, 14.654375253050615 ], [ 121.051891647419481, 14.653192554064345 ], [ 121.051517121989349, 14.652857457996761 ], [ 121.051530264989609, 14.652795040002813 ], [ 121.051641967612596, 14.652808183203637 ], [ 121.051921220045514, 14.653015155380432 ], [ 121.052078917216122, 14.653061151345197 ], [ 121.054099398702689, 14.654220862824852 ] ] ] } },
{ "type": "Feature", "properties": { "fid": 6, "route_long_name": "UP Loob - Katipunan", "Notes": "Weekend Schedule", "route_id": null, "trip_id": null, "last_updated": "2026-03-15" }, "geometry": { "type": "MultiLineString", "coordinates": [ [ [ 121.062350549471972, 14.657688548326863 ], [ 121.062334235640932, 14.652915191434699 ], [ 121.065156374454034, 14.653040091386314 ], [ 121.065839743461765, 14.652622889749381 ], [ 121.066427837916208, 14.652143267684718 ], [ 121.067045498537496, 14.651758916304042 ], [ 121.067587576109645, 14.652189286151476 ], [ 121.068159227163733, 14.652406120412383 ], [ 121.068625749546825, 14.652475119523583 ], [ 121.072867173777354, 14.652554058924274 ], [ 121.072834296315833, 14.653552750803557 ], [ 121.07424700942039, 14.653572493565829 ], [ 121.074322594725956, 14.652662502319316 ], [ 121.074316087078799, 14.649998226809959 ], [ 121.0743029785543, 14.648605313136089 ], [ 121.074204424613441, 14.648289934308931 ], [ 121.074211024169202, 14.647074420425907 ], [ 121.074329323857071, 14.645977175283409 ], [ 121.07455276567967, 14.644459430354653 ], [ 121.07459877952796, 14.64367756020455 ], [ 121.074631647652112, 14.643073089104004 ], [ 121.074454315094457, 14.639781341747069 ], [ 121.074226094867342, 14.634981698854174 ], [ 121.074219529087813, 14.634771447634822 ], [ 121.074160394575586, 14.634672891116567 ], [ 121.074166977478257, 14.634160404277102 ], [ 121.07425897124277, 14.634028999423826 ], [ 121.074462662181162, 14.634140699881229 ], [ 121.07456113735573, 14.637780673779979 ], [ 121.07460052923193, 14.639160447330696 ], [ 121.074718734592693, 14.642044831900662 ], [ 121.074817272189421, 14.64305009706187 ], [ 121.074790970934728, 14.643818826961777 ], [ 121.074482088053031, 14.646230137039153 ], [ 121.074436080898082, 14.646729482309729 ], [ 121.074422904822441, 14.64818809885071 ], [ 121.074521455261248, 14.648651310465469 ], [ 121.074455626484252, 14.653766323462552 ], [ 121.074481834042516, 14.65695294195107 ], [ 121.074455536447275, 14.657567268730601 ], [ 121.074186134554267, 14.65759682923926 ], [ 121.074018581010023, 14.657560688572811 ], [ 121.072750424720823, 14.657537663885414 ], [ 121.072743810148765, 14.659387216197524 ], [ 121.068561521987533, 14.659341129866275 ], [ 121.068492527831765, 14.659390405913886 ], [ 121.068456398140995, 14.658989613982209 ], [ 121.068504070785551, 14.657527713016972 ], [ 121.062352192201061, 14.657686905777222 ] ] ] } },
{ "type": "Feature", "properties": { "fid": 7, "route_long_name": "UP-SM North EDSA", "Notes": null, "route_id": null, "trip_id": null, "last_updated": "2026-03-15" }, "geometry": { "type": "MultiLineString", "coordinates": [ [ [ 121.030698423202409, 14.655573828686798 ], [ 121.030682000346758, 14.655402999314287 ], [ 121.031233946205745, 14.65532088237933 ], [ 121.034318934621439, 14.654637635638185 ], [ 121.035051578427044, 14.654470108259572 ], [ 121.038340260426395, 14.653786866095471 ], [ 121.03845689586737, 14.653599613846099 ], [ 121.03845689586737, 14.653599613846099 ], [ 121.038506181243022, 14.653402504565046 ], [ 121.03852590480939, 14.652926154904359 ], [ 121.038535769744243, 14.652554930562623 ], [ 121.038732922919905, 14.651273717472218 ], [ 121.038936643588215, 14.650130481802599 ], [ 121.039068067054416, 14.649782256404002 ], [ 121.039219207161324, 14.649250061754273 ], [ 121.039317774177363, 14.649013531503986 ], [ 121.039429483960333, 14.64872443877927 ], [ 121.039514909765984, 14.64847476754167 ], [ 121.039587194049972, 14.648225096009037 ], [ 121.040198302826056, 14.647042447416903 ], [ 121.040559713117489, 14.64626386950985 ], [ 121.040927685453525, 14.645853231137371 ], [ 121.041509213899033, 14.645173213368222 ], [ 121.041942896956613, 14.644631169549088 ], [ 121.042655839918808, 14.643980721290836 ], [ 121.043191368913554, 14.643474816664323 ], [ 121.044413552846123, 14.642528714268716 ], [ 121.045497745508357, 14.641806000544447 ], [ 121.046220537451447, 14.641457788433543 ], [ 121.046989325031674, 14.641096436663846 ], [ 121.04748864977843, 14.643336935909792 ], [ 121.047872999830574, 14.645002527290876 ], [ 121.048286915583134, 14.646783100397377 ], [ 121.04862199146703, 14.648172736139189 ], [ 121.048884816686666, 14.648392848638808 ], [ 121.049104934918034, 14.648488123601837 ], [ 121.049323410225782, 14.648593254047222 ], [ 121.049558316248877, 14.648537411380049 ], [ 121.049778437437482, 14.648507849765604 ], [ 121.050136543436395, 14.648527568846333 ], [ 121.050445367911834, 14.648581781137787 ], [ 121.050833039455043, 14.648723052286865 ], [ 121.051140218205219, 14.648905386291935 ], [ 121.051481889208318, 14.649266763005187 ], [ 121.051800560136087, 14.649729979567956 ], [ 121.051951678685853, 14.650107777867694 ], [ 121.051994383495028, 14.650324600251141 ], [ 121.052014085933138, 14.650740175090595 ], [ 121.052005862949031, 14.651142608610773 ], [ 121.05190400421057, 14.651646880394694 ], [ 121.051746292098414, 14.652231637665869 ], [ 121.051693723521467, 14.652336762024829 ], [ 121.05175942599368, 14.652553584925364 ], [ 121.05184483872516, 14.65285582276945 ], [ 121.052022244754198, 14.653046366793641 ], [ 121.053257531916103, 14.653716569847578 ], [ 121.054105148079572, 14.654222505540577 ], [ 121.054367979135449, 14.65419623005765 ], [ 121.055327304613883, 14.654432784063792 ], [ 121.05580696735305, 14.654551061066838 ], [ 121.056602026611884, 14.654669345152161 ], [ 121.05882951320919, 14.654725243113841 ], [ 121.061523523978977, 14.654774581205231 ], [ 121.062328441790157, 14.654791025145423 ], [ 121.062344913127362, 14.652915191674513 ], [ 121.065150625116246, 14.653036806084163 ], [ 121.06586356278109, 14.652609749591948 ], [ 121.066057404116037, 14.652445495290371 ], [ 121.066464799146289, 14.652113701956994 ], [ 121.067069317778973, 14.651749061319723 ], [ 121.067580184003816, 14.652189285985498 ], [ 121.068063130526383, 14.652374909110129 ], [ 121.068394952274005, 14.652445547782989 ], [ 121.068734988445343, 14.652475121976725 ], [ 121.070537019245876, 14.652489945722534 ], [ 121.071713184651259, 14.652522823865697 ], [ 121.071673726779181, 14.65392887706062 ], [ 121.072695480083638, 14.653928900004862 ], [ 121.072817038068891, 14.65397489515777 ], [ 121.073124207439932, 14.65455309251924 ], [ 121.073120897779745, 14.655578066449984 ], [ 121.072779203977362, 14.656179245454021 ], [ 121.072733132857081, 14.659379003025036 ], [ 121.072567220174221, 14.659420063963596 ], [ 121.071596390305004, 14.659418399578373 ], [ 121.068476921847008, 14.659408474015667 ], [ 121.068453933366555, 14.659020823071522 ], [ 121.068490107957928, 14.65752607011691 ], [ 121.06626918979299, 14.65756872749821 ], [ 121.064774341474831, 14.657578549451831 ], [ 121.064284818704763, 14.657624530883588 ], [ 121.063663880951793, 14.657660653845202 ], [ 121.063075797236237, 14.657686922025203 ], [ 121.062313588825802, 14.657693475256664 ], [ 121.062330080239221, 14.654970067116501 ], [ 121.05660694989669, 14.65487138340915 ], [ 121.055995868205756, 14.654910791764568 ], [ 121.055851311156218, 14.654923929210964 ], [ 121.055752748226283, 14.654987987873465 ], [ 121.055645969238398, 14.655162099650843 ], [ 121.055629539651605, 14.655275437754421 ], [ 121.058045898581767, 14.656895082360528 ], [ 121.058109962371404, 14.656942718809304 ], [ 121.058088605258689, 14.657033060590567 ], [ 121.058059034461579, 14.657133257706796 ], [ 121.058011395044886, 14.657192389753289 ], [ 121.05795389948689, 14.657251521578464 ], [ 121.057886548176853, 14.657294227316727 ], [ 121.053819309750111, 14.65465449938656 ], [ 121.053510491305843, 14.65434568617912 ], [ 121.053030833741389, 14.654008945164017 ], [ 121.051884254846726, 14.653212264937075 ], [ 121.0516214259696, 14.653146555572821 ], [ 121.051411162400981, 14.653113699120068 ], [ 121.051122047990262, 14.653153114705129 ], [ 121.050622657248439, 14.653698442227862 ], [ 121.050300684208594, 14.653941537808377 ], [ 121.049893292211692, 14.654145209393521 ], [ 121.049413622312414, 14.654329168317048 ], [ 121.049104794529526, 14.654414575883351 ], [ 121.048296590634607, 14.654427698427426 ], [ 121.047968053837408, 14.654375128280108 ], [ 121.047626378008744, 14.654217432297841 ], [ 121.047343839494687, 14.654040026604786 ], [ 121.047081014975078, 14.653790347545785 ], [ 121.046877327614382, 14.653527529122297 ], [ 121.046690068323059, 14.653215433470992 ], [ 121.046529096588756, 14.652712798369338 ], [ 121.046509387418979, 14.652581391002123 ], [ 121.046069153912924, 14.652266004497218 ], [ 121.045895028828241, 14.652262715413938 ], [ 121.044699144050199, 14.652528787581581 ], [ 121.039458935108954, 14.653675195329297 ], [ 121.037461414157335, 14.654082511942683 ], [ 121.035181348152889, 14.654588377406572 ], [ 121.035897491363187, 14.657531908625504 ], [ 121.036058457418022, 14.658274361372488 ], [ 121.036073238828578, 14.658392627937971 ], [ 121.03600424517802, 14.658420550360644 ], [ 121.035923753357437, 14.658420548553313 ], [ 121.035887614639577, 14.658400836702933 ], [ 121.035046646699087, 14.654624511286388 ], [ 121.033472941533333, 14.654959563609388 ], [ 121.032612167190052, 14.655156654669542 ], [ 121.032071719034462, 14.655286406873195 ], [ 121.031932078965596, 14.655767681603745 ], [ 121.031688970229126, 14.65537017019394 ], [ 121.030696780512301, 14.655573828649922 ] ] ] } },
{ "type": "Feature", "properties": { "fid": 8, "route_long_name": "UP Ikot", "Notes": "Weekend Path", "route_id": null, "trip_id": null, "last_updated": "2026-03-15" }, "geometry": { "type": "MultiLineString", "coordinates": [ [ [ 121.062346852592029, 14.657723453208186 ], [ 121.062347019748671, 14.650666901387185 ], [ 121.062294463311972, 14.650259538744324 ], [ 121.062268201125107, 14.64937911176844 ], [ 121.062320815150812, 14.647355446335403 ], [ 121.063450979785543, 14.647618285562455 ], [ 121.06422632831665, 14.647670865744411 ], [ 121.065027960513447, 14.647697165132081 ], [ 121.065579900686217, 14.647854865834912 ], [ 121.066144983314402, 14.647973144756014 ], [ 121.066815206209185, 14.647749768039271 ], [ 121.067945389520233, 14.647224165730716 ], [ 121.06895728792982, 14.647171625687243 ], [ 121.068996672026216, 14.648879916565875 ], [ 121.068470977542248, 14.650299099527787 ], [ 121.068444676755533, 14.651048118399078 ], [ 121.068694331424794, 14.652493600162229 ], [ 121.072860192839869, 14.652533115789055 ], [ 121.072807594380052, 14.65389974661122 ], [ 121.073122977202019, 14.654477944157076 ], [ 121.073096668011416, 14.655581761725543 ], [ 121.072754974753749, 14.65615994451791 ], [ 121.07275489880341, 14.659366273467848 ], [ 121.068523328846723, 14.659366178453663 ], [ 121.068497088136112, 14.657579043689974 ], [ 121.064738612330288, 14.657605240681036 ], [ 121.06234685352581, 14.657684031130779 ] ] ] } },
{ "type": "Feature", "properties": { "fid": 9, "route_long_name": "Cogeo - Cubao via Marcos Hi-way", "Notes": null, "route_id": "", "trip_id": null, "last_updated": "2026-03-15" }, "geometry": { "type": "MultiLineString", "coordinates": [ [ [ 121.052798333448891, 14.622699579193668 ], [ 121.060913129193139, 14.626661680097463 ], [ 121.062437527488242, 14.627430444818465 ], [ 121.063206301054819, 14.627660424196852 ], [ 121.064921262154442, 14.627975839328109 ], [ 121.066807063501244, 14.628271547259111 ], [ 121.067368860514534, 14.628399681625446 ], [ 121.068085065814159, 14.628721644665792 ], [ 121.06937292123213, 14.629299864039654 ], [ 121.070542502176821, 14.629910932486297 ], [ 121.071002451696614, 14.63006863112131 ], [ 121.071620095194348, 14.630407017812368 ], [ 121.073413892031354, 14.631287484465139 ], [ 121.073972400160528, 14.63156345154122 ], [ 121.074241799796326, 14.631629161052381 ], [ 121.074714889124834, 14.631859133787968 ], [ 121.075286536595996, 14.632227086002617 ], [ 121.075943604424353, 14.632575329098195 ], [ 121.076350989569562, 14.632660752746716 ], [ 121.076843798652561, 14.632575349319126 ], [ 121.077402318923887, 14.632338829410649 ], [ 121.077875423508146, 14.631924908242967 ], [ 121.078374817206921, 14.631254744174393 ], [ 121.079263542454328, 14.629994900305133 ], [ 121.079761295019779, 14.629259032743047 ], [ 121.080898073375792, 14.62770845664487 ], [ 121.080993351119602, 14.627636184980325 ], [ 121.081381033400575, 14.627324102259267 ], [ 121.081824571118062, 14.62684447697295 ], [ 121.083211035270139, 14.625425313409297 ], [ 121.086003677451984, 14.622519640693207 ], [ 121.086227091336212, 14.622181272901837 ], [ 121.087636553306382, 14.620755539523435 ], [ 121.088109657968175, 14.620338333193455 ], [ 121.088622189374263, 14.619829142908353 ], [ 121.088927738858004, 14.619444784543644 ], [ 121.089512546686294, 14.619017725205968 ], [ 121.089982362153123, 14.618761492275761 ], [ 121.09075114645627, 14.618538117792092 ], [ 121.091526497627683, 14.618479002100939 ], [ 121.094972845065044, 14.619178821361473 ], [ 121.101973956781492, 14.620608028871443 ], [ 121.10618250910693, 14.621449127688134 ], [ 121.114119947042695, 14.6231805921337 ], [ 121.115867761609607, 14.623509148690598 ], [ 121.118180657549203, 14.624008546932954 ], [ 121.11995475422286, 14.624376526154375 ], [ 121.121245902824981, 14.624624585715011 ], [ 121.122366211726074, 14.624869356264462 ], [ 121.124148521809644, 14.625238978256228 ], [ 121.12471360427196, 14.625363827521202 ], [ 121.125232694678743, 14.625350698491708 ], [ 121.126297161648623, 14.625193034107998 ], [ 121.128182976507546, 14.624917121953608 ], [ 121.131760768003844, 14.624398145020306 ], [ 121.133318040310698, 14.624312765512597 ], [ 121.133718857101741, 14.624296348653335 ], [ 121.135033007370211, 14.624375222326972 ], [ 121.136008763229654, 14.624463943916531 ], [ 121.137480609418233, 14.624641376318955 ], [ 121.139215280428331, 14.625055347072363 ], [ 121.140214031380069, 14.625252479882812 ], [ 121.141291630369736, 14.625495606884735 ], [ 121.142572923718333, 14.625705886734185 ], [ 121.143512541559645, 14.625745329918397 ], [ 121.144632854229215, 14.625830769582235 ], [ 121.144997532380259, 14.625791355700896 ], [ 121.14566775635123, 14.625521986583909 ], [ 121.146581101424673, 14.625127786360718 ], [ 121.146811080694576, 14.625016095650487 ], [ 121.146981923896988, 14.624871551883155 ], [ 121.147395885555142, 14.624713872886563 ], [ 121.149097730625911, 14.623951751020602 ], [ 121.149360563231838, 14.623859772085989 ], [ 121.150050493723441, 14.623833506204043 ], [ 121.150582725180797, 14.623840088507512 ], [ 121.151496060755875, 14.623846679373342 ], [ 121.152580235173517, 14.623892696151579 ], [ 121.15311246849879, 14.623820434306873 ], [ 121.154052092876483, 14.623583922973189 ], [ 121.154696031545768, 14.623409823280374 ], [ 121.155527236581946, 14.623248868486447 ], [ 121.15608246756905, 14.623176607158749 ], [ 121.156608131145205, 14.623061637919923 ], [ 121.156716549941351, 14.623009077590496 ], [ 121.156818395330077, 14.623068212989734 ], [ 121.156167886912542, 14.623199605287756 ], [ 121.155527235414297, 14.623298146078964 ], [ 121.155014714137778, 14.623380263884817 ], [ 121.15461718093897, 14.623472239792724 ], [ 121.153117395868691, 14.623850000973162 ], [ 121.152813496904159, 14.623904199497286 ], [ 121.152460318363495, 14.623910761908022 ], [ 121.151704680888628, 14.623910744930933 ], [ 121.151267726317258, 14.623868027866791 ], [ 121.149283355821083, 14.623900835011947 ], [ 121.148875964612344, 14.624071654847114 ], [ 121.147192189444738, 14.624820636427911 ], [ 121.147001635672979, 14.624892905949572 ], [ 121.146855433212281, 14.625021024406232 ], [ 121.146709231841456, 14.625103150442959 ], [ 121.1462164197319, 14.625316675606832 ], [ 121.14531785929799, 14.625692807711667 ], [ 121.144972891327185, 14.625820921703056 ], [ 121.144657493647628, 14.625870192210142 ], [ 121.144407805131564, 14.625853760736227 ], [ 121.142571280249697, 14.625738738425905 ], [ 121.142042336000898, 14.625654954634379 ], [ 121.14130641345254, 14.625543242223404 ], [ 121.140632913831013, 14.625401964659021 ], [ 121.140025121971803, 14.625254118225103 ], [ 121.139453468673437, 14.625132553985983 ], [ 121.139106862896696, 14.625054523343366 ], [ 121.138302770593484, 14.624863143958676 ], [ 121.137895385766853, 14.624764579620102 ], [ 121.137357407052249, 14.624666833640712 ], [ 121.136614091988505, 14.624572368220923 ], [ 121.135089679480572, 14.624404790156023 ], [ 121.1343209014926, 14.624362065636747 ], [ 121.133650684759075, 14.624325913677545 ], [ 121.131870006277609, 14.624424428857507 ], [ 121.13141005178386, 14.624476981289776 ], [ 121.125046247631346, 14.625422968106403 ], [ 121.124629002847755, 14.625485377017293 ], [ 121.124362887506422, 14.62546566000136 ], [ 121.123952215818804, 14.625429513873344 ], [ 121.122102554776205, 14.625087814338009 ], [ 121.116366309944397, 14.623852460458254 ], [ 121.114257105873378, 14.623425340595483 ], [ 121.104578423270723, 14.621401456641303 ], [ 121.102488932409187, 14.620934915144613 ], [ 121.100925098513827, 14.620632644102578 ], [ 121.097468895641668, 14.619903258066389 ], [ 121.097150215068552, 14.619847402967045 ], [ 121.096611415800609, 14.61971598394547 ], [ 121.095780217990409, 14.619571417662629 ], [ 121.094331372638948, 14.619259293684623 ], [ 121.092100611427071, 14.618750041764297 ], [ 121.091627517352762, 14.618720464578551 ], [ 121.091220130341128, 14.618713885079414 ], [ 121.090546625027358, 14.618812425133765 ], [ 121.090043957391558, 14.618999668694904 ], [ 121.089659563293765, 14.619193485259364 ], [ 121.089114180030109, 14.619620545482958 ], [ 121.084297696240441, 14.624521915264841 ], [ 121.084025003985701, 14.624761726762669 ], [ 121.082842238711152, 14.625957503140315 ], [ 121.082250857319323, 14.626502828563218 ], [ 121.081462345164255, 14.627383237199034 ], [ 121.081212650961419, 14.627606623350305 ], [ 121.080778965804427, 14.628237366814615 ], [ 121.080384707080327, 14.628789267014408 ], [ 121.080148152842213, 14.629078356920722 ], [ 121.079977309325571, 14.629236041384914 ], [ 121.079622478591119, 14.629643394861169 ], [ 121.079261074605057, 14.630155873724984 ], [ 121.078781392410207, 14.630858889964554 ], [ 121.078663112177637, 14.631134841837037 ], [ 121.078498838332024, 14.631338518871106 ], [ 121.078255712399127, 14.631667030706968 ], [ 121.078032300928001, 14.631903558142591 ], [ 121.077736609375833, 14.632212357760183 ], [ 121.077399029865816, 14.632494053759983 ], [ 121.076975211358231, 14.632681299099628 ], [ 121.076636815815462, 14.632738782025465 ], [ 121.07641505178259, 14.63277491394682 ], [ 121.076035591514497, 14.632725627828366 ], [ 121.075767836009035, 14.63259914265404 ], [ 121.075463941124553, 14.632480869600382 ], [ 121.074874222932678, 14.632160551987965 ], [ 121.074452056416547, 14.631955219193578 ], [ 121.073330112554672, 14.631383573892784 ], [ 121.072789672811084, 14.631158527403695 ], [ 121.07142132790959, 14.630481751032541 ], [ 121.067690821041722, 14.628684677613434 ], [ 121.067096172014743, 14.628480983530743 ], [ 121.066028428598642, 14.628260852955396 ], [ 121.063235866306727, 14.627794295659717 ], [ 121.062933612243341, 14.627754866794032 ], [ 121.062388243921731, 14.627551173818139 ], [ 121.061146385072504, 14.626920392709129 ], [ 121.055942403216179, 14.624357840883111 ], [ 121.054365438676314, 14.623595645326819 ], [ 121.053570385333913, 14.623227688092884 ], [ 121.052893604440925, 14.622912296283509 ], [ 121.052565071069722, 14.622715178524695 ], [ 121.051717451951646, 14.622334079417893 ], [ 121.051421770672007, 14.622209236202345 ], [ 121.050744989000208, 14.62192669612253 ], [ 121.05027847042966, 14.621696723534008 ], [ 121.050298186137269, 14.621552176366611 ], [ 121.050370465129248, 14.621525896606787 ], [ 121.052821330897928, 14.622708613935984 ] ] ] } },
{ "type": "Feature", "properties": { "fid": 11, "route_long_name": "Lagro-Blumentritt", "Notes": null, "route_id": null, "trip_id": null, "last_updated": "2026-03-15" }, "geometry": { "type": "MultiLineString", "coordinates": [ [ [ 121.041219944237255, 14.721970683135288 ], [ 121.039531263755208, 14.721757108988053 ], [ 121.039787561540919, 14.720147379751234 ], [ 121.040056999915492, 14.718577072894288 ], [ 121.040326444046443, 14.716763663208289 ], [ 121.040431593487995, 14.716034357068256 ], [ 121.040464460359985, 14.715482448671954 ], [ 121.040457895510727, 14.71523277534541 ], [ 121.040418476390585, 14.715002812322465 ], [ 121.040273938631387, 14.714201226768727 ], [ 121.039814036866176, 14.712026431660517 ], [ 121.039419832286711, 14.710291851266069 ], [ 121.039357414492514, 14.710104594982715 ], [ 121.039281859688316, 14.70972679834823 ], [ 121.039176739882976, 14.70920445342176 ], [ 121.038871227312811, 14.708029997084093 ], [ 121.038803880203403, 14.707895303464719 ], [ 121.03877595614226, 14.707824671610647 ], [ 121.038523006975382, 14.706763554935526 ], [ 121.038470445439259, 14.706571371114014 ], [ 121.038224056376222, 14.705960323339358 ], [ 121.038059796378562, 14.705579239543425 ], [ 121.037764128865106, 14.704872920636282 ], [ 121.037185923302417, 14.703969484989249 ], [ 121.03684754125382, 14.703456990353267 ], [ 121.03649930493097, 14.702865651335841 ], [ 121.036124781519533, 14.70244514074353 ], [ 121.03548086531444, 14.701669825385059 ], [ 121.035086632732103, 14.701117907416853 ], [ 121.034856665126043, 14.700736822148565 ], [ 121.034682546964632, 14.700441152640543 ], [ 121.034288318349795, 14.699721690832334 ], [ 121.034071491954322, 14.699353746552797 ], [ 121.033706829040611, 14.69874926647571 ], [ 121.033371731983593, 14.698253197782584 ], [ 121.032911796927166, 14.697484456901586 ], [ 121.032369729927225, 14.696607303458279 ], [ 121.03155498654273, 14.695299786191148 ], [ 121.031101621002591, 14.694583608232955 ], [ 121.030782948591721, 14.694182809936706 ], [ 121.030615400102164, 14.693933133004499 ], [ 121.030480703472023, 14.693765586142582 ], [ 121.030037191428121, 14.693161104299412 ], [ 121.029711947245019, 14.692803013109348 ], [ 121.029166588329801, 14.692201814154618 ], [ 121.028907050821815, 14.691883146519013 ], [ 121.028043019184466, 14.69089428996277 ], [ 121.027422098697514, 14.690201104460604 ], [ 121.02686852695355, 14.689573623936269 ], [ 121.026530142182196, 14.68917611037258 ], [ 121.025758097384795, 14.688348229374498 ], [ 121.025416426377163, 14.687986852643764 ], [ 121.024989340223996, 14.687425078424946 ], [ 121.024529400577578, 14.686850162775915 ], [ 121.024358566629815, 14.686603770944814 ], [ 121.024187733615648, 14.686317957034225 ], [ 121.024020187304544, 14.685976295251445 ], [ 121.023961052712849, 14.685881023898808 ], [ 121.023882207394593, 14.685720048637954 ], [ 121.023803363243317, 14.68550979577774 ], [ 121.023593106441936, 14.685191129249802 ], [ 121.023399274208657, 14.684971018289293 ], [ 121.023120021150277, 14.684790327491301 ], [ 121.022646932824301, 14.684517647491127 ], [ 121.022321686929345, 14.684231830115703 ], [ 121.022081861159336, 14.683936159137483 ], [ 121.021631776720582, 14.683400665790678 ], [ 121.021280250582976, 14.682996581587389 ], [ 121.018839280524688, 14.680141711224103 ], [ 121.018494324992332, 14.679744197515832 ], [ 121.018297207378538, 14.679524086482463 ], [ 121.017991676333708, 14.679129858832496 ], [ 121.017219633947803, 14.678200137469338 ], [ 121.016812258132049, 14.677720493029019 ], [ 121.016214334607497, 14.677056874609292 ], [ 121.015675547308533, 14.676419538903291 ], [ 121.015353589672671, 14.676012170192566 ], [ 121.013917920121216, 14.674251285102532 ], [ 121.013628815745179, 14.673866913342723 ], [ 121.013533542279788, 14.673758500486894 ], [ 121.013451411581144, 14.673597525154058 ], [ 121.013392278078783, 14.673456261376948 ], [ 121.013090031091608, 14.673117881747894 ], [ 121.012429688917607, 14.672303143960077 ], [ 121.012226001243121, 14.672053466221278 ], [ 121.011812054043901, 14.671600103021726 ], [ 121.010323813658573, 14.670039612325366 ], [ 121.009821163054482, 14.669507402977599 ], [ 121.009601047855185, 14.669284006256456 ], [ 121.009180528649964, 14.668883205682027 ], [ 121.008894707709047, 14.668580963328392 ], [ 121.008510329167223, 14.668117745274026 ], [ 121.008024106321244, 14.66754939939022 ], [ 121.00764136984715, 14.667112462758912 ], [ 121.007411398039565, 14.666908776856241 ], [ 121.007329265395668, 14.666829930855013 ], [ 121.007207709975958, 14.666675524984583 ], [ 121.007059871746023, 14.666511263004473 ], [ 121.006734625461434, 14.666241871498563 ], [ 121.006534221144179, 14.666077608338455 ], [ 121.006182690181788, 14.665877204880243 ], [ 121.005496055081437, 14.665479683505838 ], [ 121.004904694535824, 14.665144582561519 ], [ 121.004714145426121, 14.665019741701386 ], [ 121.004405321997339, 14.664921179571847 ], [ 121.003813957249633, 14.664763477981415 ], [ 121.003452567422144, 14.66467805536465 ], [ 121.003209453314383, 14.664507220899326 ], [ 121.002920346837101, 14.664211548819104 ], [ 121.002598387333322, 14.663883024269202 ], [ 121.002215649341494, 14.663510148516465 ], [ 121.002100663281965, 14.663414875911714 ], [ 121.00194625468005, 14.663234187918279 ], [ 121.0017392802242, 14.663043643225107 ], [ 121.00145345632599, 14.662866237454651 ], [ 121.000842383574877, 14.662527850894728 ], [ 121.000438285824274, 14.662357012815436 ], [ 120.999952053017353, 14.662209169104681 ], [ 121.000017761404735, 14.662176318847695 ], [ 120.999971840314927, 14.659042262576557 ], [ 120.999998160555492, 14.657471950379444 ], [ 120.999988316942847, 14.656943037274536 ], [ 120.99986676525846, 14.656630943092361 ], [ 120.999745212795887, 14.65635170064216 ], [ 120.999495531429005, 14.656033033236957 ], [ 120.999268847725389, 14.655714366348192 ], [ 120.999117724970972, 14.655513967390737 ], [ 120.998700494414308, 14.65497518962048 ], [ 120.99841138996041, 14.65459410304001 ], [ 120.998155138688659, 14.654239298582763 ], [ 120.997866037036331, 14.653739945768162 ], [ 120.997307547726578, 14.652668966772511 ], [ 120.997084153061067, 14.652195896819455 ], [ 120.996913323237905, 14.65177539081767 ], [ 120.996098594330093, 14.649856831393942 ], [ 120.995586103460298, 14.648654446509225 ], [ 120.994758232408714, 14.646762168182113 ], [ 120.994285163614634, 14.645664909727373 ], [ 120.994226032369596, 14.645428375933054 ], [ 120.994134047319875, 14.645191841401003 ], [ 120.994068345936498, 14.644929026074134 ], [ 120.993917225439191, 14.644633357097684 ], [ 120.993739822209449, 14.644324546838524 ], [ 120.993554209925676, 14.643830124112794 ], [ 120.993235544052268, 14.643153371290273 ], [ 120.992913593654521, 14.642440481490027 ], [ 120.992263125133576, 14.640886579991729 ], [ 120.992046300918389, 14.640426650884702 ], [ 120.991997025503636, 14.640203258005657 ], [ 120.991980603660139, 14.639989721383895 ], [ 120.992026606302659, 14.639680916143675 ], [ 120.992138313908413, 14.639483808265316 ], [ 120.992545717975887, 14.638770934848777 ], [ 120.992962978496166, 14.638044920962107 ], [ 120.993068116274998, 14.637808390859467 ], [ 120.993160115333822, 14.637453594229925 ], [ 120.993212685624215, 14.637276196062803 ], [ 120.993298107150892, 14.637207209346093 ], [ 120.99337038629956, 14.637174359238402 ], [ 120.993321107693916, 14.63708565845773 ], [ 120.993163411766233, 14.636987099722695 ], [ 120.993137133236615, 14.636796559092325 ], [ 120.993032008766761, 14.636471324593844 ], [ 120.992989302011722, 14.636336631537377 ], [ 120.99247024871147, 14.634782733002737 ], [ 120.990834247853954, 14.629776092471555 ], [ 120.990282344097366, 14.628080930768858 ], [ 120.990124657042969, 14.627607862304922 ], [ 120.990134515013509, 14.627530660959295 ], [ 120.990185440434615, 14.627445247603546 ], [ 120.990101667630285, 14.627259633443511 ], [ 120.989917698154841, 14.626760283005131 ], [ 120.989801074659226, 14.6264432611848 ], [ 120.989779721554243, 14.626364416551654 ], [ 120.989668023327269, 14.626165661072275 ], [ 120.989595746357878, 14.626106526333547 ], [ 120.989503757261289, 14.626040820805883 ], [ 120.98902409147837, 14.626050665549796 ], [ 120.988895961561994, 14.626053947844538 ], [ 120.988665987652936, 14.62593896162123 ], [ 120.987749378019927, 14.62545273541738 ], [ 120.987315713712576, 14.62520305252287 ], [ 120.986300546712471, 14.624545995105974 ], [ 120.985840599906041, 14.624273315409676 ], [ 120.985472641339967, 14.624102478144625 ], [ 120.985045546625784, 14.623902072993584 ], [ 120.984677587826141, 14.623741091247684 ], [ 120.984299773352035, 14.623560398242045 ], [ 120.983852966121319, 14.6233698481673 ], [ 120.983455439519943, 14.623182584372699 ], [ 120.983126905208096, 14.623024888685505 ], [ 120.983080910815417, 14.622985465575583 ] ] ] } },
{ "type": "Feature", "properties": { "fid": 12, "route_long_name": "Malinta - Novaliches (TP)", "Notes": null, "route_id": null, "trip_id": null, "last_updated": "2026-03-15" }, "geometry": { "type": "MultiLineString", "coordinates": [ [ [ 121.041208445192112, 14.721979717104363 ], [ 121.03953947629256, 14.721795709960208 ], [ 121.034939943073098, 14.721821888190231 ], [ 121.03190425435578, 14.721703553862209 ], [ 121.03010387521249, 14.721309292669249 ], [ 121.028632037845199, 14.720757350518843 ], [ 121.027199628464899, 14.720060861620729 ], [ 121.026398006527799, 14.719600919358589 ], [ 121.026056330695866, 14.719443223369721 ], [ 121.024847315672858, 14.719232945152418 ], [ 121.024347938779613, 14.719193511870671 ], [ 121.022547545009701, 14.719416863285083 ], [ 121.021535643789377, 14.719587669609288 ], [ 121.02086541964573, 14.719863609147597 ], [ 121.020497453925003, 14.719995007833074 ], [ 121.018959885921916, 14.720415475551183 ], [ 121.018184533959328, 14.720507443018496 ], [ 121.017343477498898, 14.720468002073657 ], [ 121.015608805334935, 14.720100023740104 ], [ 121.014675761643659, 14.719916033099526 ], [ 121.014110681184604, 14.719705769323944 ], [ 121.013624449856238, 14.719495507316799 ], [ 121.012704542708335, 14.719521768072502 ], [ 121.011902908634113, 14.719574312868646 ], [ 121.011180125246185, 14.719561155963952 ], [ 121.010194514533197, 14.719416586225705 ], [ 121.008091874776994, 14.719258850740328 ], [ 121.007079980397307, 14.71914056180017 ], [ 121.006376910846669, 14.719061701868096 ], [ 121.005884103778385, 14.719061690815201 ], [ 121.005588418759558, 14.719094535918186 ], [ 121.005404437454018, 14.719094531791773 ], [ 121.00526645225267, 14.719061676962244 ], [ 121.005115327085122, 14.718963118368531 ], [ 121.00503648262098, 14.718766006191784 ], [ 121.004845938799264, 14.71841777353011 ], [ 121.004714530270135, 14.718135245664303 ], [ 121.004392574496975, 14.717649032769749 ], [ 121.004221739224548, 14.717458488876938 ], [ 121.003847214875066, 14.717077400354523 ], [ 121.003091591526015, 14.716479481835723 ], [ 121.002099425139619, 14.715697588297612 ], [ 121.000305639610445, 14.714337486250665 ], [ 120.998367298273706, 14.712937958880557 ], [ 120.996908614549952, 14.711873529962411 ], [ 120.995988724510198, 14.71117705255681 ], [ 120.995555062145044, 14.710845240310876 ], [ 120.995144400476732, 14.710385306816523 ], [ 120.994763306765932, 14.709945085026277 ], [ 120.994602326195604, 14.709815317064132 ], [ 120.994419990846723, 14.709677335689364 ], [ 120.994255725129278, 14.709537712133217 ], [ 120.994106243234981, 14.709414514775933 ], [ 120.994052034729549, 14.709403015452875 ], [ 120.993703791167391, 14.709117197551565 ], [ 120.992962950862221, 14.708568556968203 ], [ 120.992701768948962, 14.708322163101277 ], [ 120.99250629270044, 14.708157900044302 ], [ 120.992480011873639, 14.708064272011766 ], [ 120.992286178820919, 14.707878655364333 ], [ 120.992100557935899, 14.707747244262857 ], [ 120.991785166467039, 14.707533700914361 ], [ 120.991374499742378, 14.707287303694235 ], [ 120.991042681371098, 14.707073759977256 ], [ 120.990776571387045, 14.706827365999985 ], [ 120.990333054747012, 14.706416709371275 ], [ 120.989767982140989, 14.705874643078483 ], [ 120.989380315957646, 14.705506694957529 ], [ 120.98920619444867, 14.705352287900149 ], [ 120.988923655773092, 14.705181452543453 ], [ 120.988558982974595, 14.704994189477064 ], [ 120.987829635899615, 14.704682081639362 ], [ 120.987432108907356, 14.704511243703049 ], [ 120.987349975640171, 14.704458679085638 ], [ 120.987074009281173, 14.70422214040784 ], [ 120.986837468810236, 14.703929754666293 ], [ 120.986653491548722, 14.703758921520773 ], [ 120.986439945862941, 14.703588087711941 ], [ 120.986255967045679, 14.70348295803492 ], [ 120.985970142522689, 14.703331833645123 ], [ 120.985690887982742, 14.703213561136973 ], [ 120.985464199219237, 14.703108430501791 ], [ 120.985299932918082, 14.702993445746735 ], [ 120.984935263619846, 14.702658349876396 ], [ 120.98411393740372, 14.701860034308799 ], [ 120.983622783796378, 14.701405026771235 ], [ 120.983335319461204, 14.701132350928258 ], [ 120.983281111616861, 14.701092927631084 ], [ 120.982946004675114, 14.701014075950912 ], [ 120.982536975427962, 14.700987785386964 ], [ 120.98215751464393, 14.700959852899674 ], [ 120.981989960706272, 14.700940138100078 ], [ 120.981863474219097, 14.700912211288285 ], [ 120.98136902671294, 14.700816930166148 ], [ 120.981074988154987, 14.700690444392727 ], [ 120.980854870813403, 14.700557389930905 ], [ 120.980508267723522, 14.700365199509809 ], [ 120.980243798756717, 14.700189436798528 ], [ 120.979941549664659, 14.699939756837756 ], [ 120.979731289203443, 14.699775493449643 ], [ 120.979343620996744, 14.699492959838341 ], [ 120.979215493336142, 14.699400972108087 ], [ 120.978840964239808, 14.699220279167461 ], [ 120.978361304835005, 14.698960739706207 ], [ 120.977865218138788, 14.698717625743463 ], [ 120.97626525659129, 14.697925863054214 ], [ 120.974806564925998, 14.697196521829312 ], [ 120.973407009331055, 14.696500033665266 ], [ 120.971823474450858, 14.695718126864671 ], [ 120.970062530968534, 14.694854086748325 ], [ 120.969389035514055, 14.694535409816597 ], [ 120.966658916610029, 14.693172001596839 ], [ 120.9664420841425, 14.693060300835919 ], [ 120.966264675774127, 14.692968312 ], [ 120.966205539936581, 14.692925603418889 ], [ 120.966208826406188, 14.692879611065026 ], [ 120.965972280255372, 14.692827042982987 ], [ 120.965479476409783, 14.692690697229299 ], [ 120.96517065282157, 14.69259870544467 ], [ 120.96494889099958, 14.692541209934241 ], [ 120.96482404654077, 14.692541207132967 ], [ 120.964723842280122, 14.692547775231379 ], [ 120.964602282151603, 14.692592122344728 ], [ 120.964490577619983, 14.69265946589303 ], [ 120.964405156132329, 14.6927268100311 ], [ 120.964326304977774, 14.692812222770316 ], [ 120.964272095071564, 14.692859856568298 ], [ 120.96417846367234, 14.692777725132318 ], [ 120.964350950271424, 14.692603614812237 ], [ 120.964449513242201, 14.692537913555759 ], [ 120.964566145377759, 14.69249028115844 ], [ 120.964697561608915, 14.692447576852949 ], [ 120.9648815430333, 14.692442653221047 ], [ 120.965032669913668, 14.69246893799926 ], [ 120.96535134956558, 14.692564215178439 ], [ 120.965914789052903, 14.69270220510376 ], [ 120.966088913402217, 14.69273670333147 ], [ 120.966238397631201, 14.692761345486108 ], [ 120.966642499004024, 14.692779423007044 ], [ 120.966727918546752, 14.692794208203985 ], [ 120.96678048366222, 14.69283527405095 ], [ 120.966819907955824, 14.692846773042449 ], [ 120.967209225777594, 14.69283692625776 ], [ 120.968602227300579, 14.692828744580451 ], [ 120.9686219368607, 14.692943726091622 ], [ 120.968664644200985, 14.693053780358742 ], [ 120.968679427207377, 14.693104700878131 ], [ 120.96872870651444, 14.69316383510504 ], [ 120.968740203790261, 14.693229538831 ], [ 120.968740202195477, 14.693296884885651 ], [ 120.968723773270398, 14.69338229902543 ], [ 120.968582484133293, 14.694132957977601 ] ] ] } },
{ "type": "Feature", "properties": { "fid": 13, "route_long_name": "MONUMENTO-MUNOZ via BALINTAWAK", "Notes": null, "route_id": null, "trip_id": null, "last_updated": "2026-03-15" }, "geometry": { "type": "MultiLineString", "coordinates": [ [ [ 121.025932709313892, 14.656452953615299 ], [ 121.025975516868726, 14.656653624610271 ], [ 121.022617408493034, 14.657410744140376 ], [ 121.022186607294572, 14.657509731684771 ], [ 121.021600610464006, 14.657651525352041 ], [ 121.020950396818535, 14.657723751965623 ], [ 121.020308210861131, 14.657779925156731 ], [ 121.019601807898624, 14.657774558095426 ], [ 121.017485274462686, 14.657771834973923 ], [ 121.016473834372164, 14.657742380659679 ], [ 121.014351950092959, 14.657710225812956 ], [ 121.012238093437318, 14.657664693144143 ], [ 121.011344386876871, 14.657648619475603 ], [ 121.010761069426451, 14.657637903976948 ], [ 121.010621929043367, 14.657653954455757 ], [ 121.010102829295107, 14.657675347604583 ], [ 121.008631157075442, 14.657637856155677 ], [ 121.006961477167366, 14.657632467466753 ], [ 121.006222965351071, 14.657611046081751 ], [ 121.003180617254046, 14.657544087762503 ], [ 121.002273532035034, 14.657519986992172 ], [ 120.999608466897882, 14.657474441947571 ], [ 120.996464438294424, 14.657460993355048 ], [ 120.995717899168071, 14.657439571789805 ], [ 120.994850950359819, 14.657420823121585 ], [ 120.994422827209007, 14.657423489109817 ], [ 120.994083005522384, 14.657380671872314 ], [ 120.993922459427964, 14.657377992667227 ], [ 120.993269571592649, 14.657383329209507 ], [ 120.992932424597782, 14.657385997240349 ], [ 120.992378540479891, 14.657380633603525 ], [ 120.991945065409894, 14.657399353074538 ], [ 120.991516942892503, 14.657375263057904 ], [ 120.990888137170614, 14.65737257333943 ], [ 120.990497475359945, 14.657351159764355 ], [ 120.989882048737883, 14.657337767944313 ], [ 120.989001720828185, 14.657329721377669 ], [ 120.988297993692186, 14.657321678776086 ], [ 120.987872546500014, 14.657316318022946 ], [ 120.986866457559387, 14.657302917431739 ], [ 120.985970074969714, 14.657297546105161 ], [ 120.984899767565281, 14.657284144072136 ], [ 120.984501078192537, 14.657273432718782 ], [ 120.984171958441337, 14.657278776530376 ], [ 120.984110414004462, 14.657352354162249 ], [ 120.98401140876561, 14.65742726875331 ], [ 120.983920431975463, 14.657454022715687 ], [ 120.983840158896342, 14.6574540209134 ], [ 120.98371974927764, 14.657454018209974 ], [ 120.983658207280811, 14.65742458522277 ], [ 120.983585963537678, 14.65733896438482 ], [ 120.983524422808387, 14.657256019387692 ], [ 120.983508369586872, 14.65719715581632 ], [ 120.983497668094103, 14.657130265563627 ], [ 120.983524428322312, 14.657023242144579 ], [ 120.983580622076204, 14.656913543785899 ], [ 120.983693006224954, 14.656835953894777 ], [ 120.983858905062661, 14.65678779681066 ], [ 120.983957908400214, 14.65679315023449 ], [ 120.984054234700821, 14.656852015608116 ], [ 120.98411845164307, 14.656916231461814 ], [ 120.984155910765466, 14.656985797915731 ], [ 120.9841773160326, 14.657023256803262 ], [ 120.985999514484732, 14.65704202691891 ], [ 120.988228429489453, 14.657076859769171 ], [ 120.988991023423367, 14.657090254893493 ], [ 120.989453931132047, 14.657106318889698 ], [ 120.989593070628615, 14.657127726817604 ], [ 120.990612538858642, 14.657122398505868 ], [ 120.991487515102548, 14.657135796153399 ], [ 120.991875501397331, 14.657146507266486 ], [ 120.993989358572094, 14.657170635131532 ], [ 120.995399488927973, 14.657173342392525 ], [ 120.99675877884269, 14.65721083131835 ], [ 120.997548130087409, 14.657240280646338 ], [ 120.998059201452179, 14.657264372525361 ], [ 120.998514082168754, 14.657267058338913 ], [ 120.99908937250342, 14.657269746855937 ], [ 120.999793099764076, 14.657272438256648 ], [ 121.001660786349504, 14.657288533793258 ], [ 121.003611421148193, 14.657331387197029 ], [ 121.003986028214939, 14.657358151612575 ], [ 121.005307857990118, 14.65736888369254 ], [ 121.006297892563325, 14.657371581521534 ], [ 121.006774179433123, 14.657374267815735 ], [ 121.007081892584296, 14.657387652726964 ], [ 121.008537510569127, 14.657409090212697 ], [ 121.009174343722563, 14.657406428910596 ], [ 121.01073966869086, 14.657409139656238 ], [ 121.010996542668892, 14.657403794222715 ], [ 121.01314518426264, 14.65745200327318 ], [ 121.015435642260769, 14.657473459503077 ], [ 121.017782290398159, 14.65753772660204 ], [ 121.019385075562184, 14.657564518593009 ], [ 121.019633922231804, 14.657559172979294 ], [ 121.019866714158937, 14.657559178206029 ], [ 121.020003178392088, 14.657559181269978 ], [ 121.020532981469501, 14.657527085959812 ], [ 121.021153761653011, 14.657454858685432 ], [ 121.02233378148118, 14.657219432339526 ], [ 121.023479016435189, 14.656978654012009 ], [ 121.024303157554826, 14.65680208288623 ], [ 121.024800853048205, 14.656700421243666 ], [ 121.02519686930917, 14.65659875731817 ], [ 121.025523314681678, 14.656534550236961 ], [ 121.025930033512608, 14.656454291355452 ], [ 121.025933378208336, 14.656454960330656 ] ] ] } },
{ "type": "Feature", "properties": { "fid": 14, "route_long_name": "MCU - Sangandaan", "Notes": null, "route_id": null, "trip_id": null, "last_updated": "2026-03-15" }, "geometry": { "type": "MultiLineString", "coordinates": [ [ [ 120.971847351299729, 14.657857098429959 ], [ 120.972452078872109, 14.657700589377177 ], [ 120.972694237515981, 14.65763638040179 ], [ 120.97280394453314, 14.657616315861071 ], [ 120.973624069760419, 14.657534728458751 ], [ 120.974135142459559, 14.657502632727125 ], [ 120.974271607074712, 14.657486582187946 ], [ 120.974507074647377, 14.657491938675625 ], [ 120.974686350747589, 14.657510671904243 ], [ 120.97537669587085, 14.657652494230579 ], [ 120.975598783836361, 14.657689957623932 ], [ 120.975788762633499, 14.657724744695884 ], [ 120.975986768675142, 14.657762207548545 ], [ 120.976163369449651, 14.65776221151353 ], [ 120.976554034050523, 14.657665898666385 ], [ 120.976765421347068, 14.657601689000256 ], [ 120.976864425255172, 14.657582962019529 ], [ 120.977228331212189, 14.657526782579254 ], [ 120.978705360750808, 14.657320794502507 ], [ 120.979310086389006, 14.657245891265692 ], [ 120.979569636708987, 14.657216465487585 ], [ 120.981089474689497, 14.657173690002919 ], [ 120.981597871618249, 14.657141594211454 ], [ 120.981892206368698, 14.657136249618866 ], [ 120.982106269561001, 14.657066688812055 ], [ 120.982502283544974, 14.65706134650239 ], [ 120.983505696527402, 14.65708277383505 ], [ 120.983564566494252, 14.656954346332977 ], [ 120.983655544805487, 14.656863377958768 ], [ 120.983858904857087, 14.656796492512258 ], [ 120.983995369154997, 14.656793819975677 ], [ 120.984115776301948, 14.656898171098394 ], [ 120.98416928889938, 14.657015898721669 ], [ 120.984196043867129, 14.657130950143701 ], [ 120.984196041522154, 14.657229947362014 ], [ 120.984145199877261, 14.657315565436411 ], [ 120.984011409003671, 14.657417235251438 ], [ 120.983936486639237, 14.65745201637575 ], [ 120.983741155479976, 14.657452011990191 ], [ 120.983655531559421, 14.657422578462295 ], [ 120.98357526057174, 14.657334281843625 ], [ 120.983505693358481, 14.657216553859827 ], [ 120.983503018603201, 14.657173744191816 ], [ 120.982411304283076, 14.657192448884119 ], [ 120.982108942541657, 14.657184415294005 ], [ 120.981983181320913, 14.657187088070911 ], [ 120.981894882137993, 14.657136249678945 ], [ 120.981810595373162, 14.657137585586785 ] ] ] } },
{ "type": "Feature", "properties": { "fid": 15, "route_long_name": "Malabon - Monumento via Letre", "Notes": null, "route_id": null, "trip_id": null, "last_updated": "2026-03-15" }, "geometry": { "type": "MultiLineString", "coordinates": [ [ [ 120.95117837016393, 14.657899443990257 ], [ 120.950975010173906, 14.657963653837376 ], [ 120.950771651578108, 14.657969000472795 ], [ 120.950680676688449, 14.65791548641962 ], [ 120.950675328572117, 14.657771003870735 ], [ 120.950712794032569, 14.657573010272458 ], [ 120.950958967472701, 14.657460640577041 ], [ 120.95106599773888, 14.657482047784288 ], [ 120.951140917378765, 14.657562317482292 ], [ 120.95115161728728, 14.657696097749126 ], [ 120.951183722336339, 14.657872688105092 ], [ 120.951199776572054, 14.657888742068732 ], [ 120.95193827889328, 14.658311503533289 ], [ 120.952221905498746, 14.658520206742686 ], [ 120.952446666573209, 14.658670045418731 ], [ 120.952815919444873, 14.658809184936636 ], [ 120.953704266749426, 14.659151681749309 ], [ 120.954763861262592, 14.659579801623687 ], [ 120.955668262548912, 14.65994905480202 ], [ 120.95594386343052, 14.660090867817841 ], [ 120.956615476080771, 14.66032098454199 ], [ 120.957233580505914, 14.660248757204219 ], [ 120.957624244348253, 14.660184551561942 ], [ 120.959208306378798, 14.659906324669475 ], [ 120.959794302078578, 14.65981269180682 ], [ 120.960559575019985, 14.6596896313633 ], [ 120.961308793091831, 14.659577272961553 ], [ 120.961769026302349, 14.659539824886735 ], [ 120.962229260273276, 14.659470269605626 ], [ 120.963219298344114, 14.659325809404375 ], [ 120.964032735132562, 14.659202750042601 ], [ 120.96457859460871, 14.659095738276708 ], [ 120.964642813579388, 14.659074334914294 ], [ 120.96463211208652, 14.659007444660942 ], [ 120.964640142183043, 14.6588897184182 ], [ 120.964666902474661, 14.658780019397566 ], [ 120.964701690454518, 14.658654266954043 ], [ 120.964926455013938, 14.6586569476008 ], [ 120.965111082399787, 14.658686383351638 ], [ 120.965424147410019, 14.658686390380314 ], [ 120.96570242760923, 14.658678369826466 ], [ 120.966184067037091, 14.658638246632027 ], [ 120.966435590366956, 14.658595442670704 ], [ 120.966724573136361, 14.658608827161322 ], [ 120.966914552631138, 14.658614182627636 ], [ 120.967144667715004, 14.658659673002823 ], [ 120.967286483488806, 14.658659676186762 ], [ 120.967444354131999, 14.658648977329072 ], [ 120.967824315149514, 14.65857406904513 ], [ 120.968257791046298, 14.65852056676685 ], [ 120.968899978407293, 14.658405530362545 ], [ 120.969916775373648, 14.658210234353374 ], [ 120.970727537405352, 14.65804436532428 ], [ 120.971040602858793, 14.658025643149479 ], [ 120.971423239708614, 14.657948059325387 ], [ 120.971789821752395, 14.657878501942411 ], [ 120.971942341553913, 14.657838371359045 ], [ 120.972477498712195, 14.657699252147623 ], [ 120.972729022612043, 14.657632367781998 ], [ 120.973111658320917, 14.657602944767207 ], [ 120.973852847497795, 14.657557476199521 ], [ 120.974238158722315, 14.657538755646874 ], [ 120.974484330132768, 14.657512005168771 ], [ 120.974631497381552, 14.657514684073446 ], [ 120.975581391811076, 14.657669890229645 ], [ 120.976119219034118, 14.657771575124043 ], [ 120.97624765653137, 14.657747497603124 ], [ 120.976659727476871, 14.657643158435077 ], [ 120.976889845095201, 14.657581624789991 ], [ 120.977687226757737, 14.657479969873453 ], [ 120.978388280725042, 14.657378312794267 ], [ 120.979455915594414, 14.657255259141595 ], [ 120.979562946620206, 14.657244559142637 ], [ 120.980502143548435, 14.657164312214427 ], [ 120.980791126633562, 14.657164318702666 ], [ 120.981588506457328, 14.657140256200947 ], [ 120.981730322103786, 14.657145610585983 ], [ 120.981898895886971, 14.657132236368314 ], [ 120.982107607096992, 14.657081404644833 ], [ 120.982583894413665, 14.657065361735468 ], [ 120.983228754531055, 14.65707741641614 ], [ 120.983480276623879, 14.657086786665067 ], [ 120.983511048224386, 14.657076084953962 ], [ 120.98354583563372, 14.656974412916146 ], [ 120.983650193393558, 14.656858026637627 ], [ 120.983763914539665, 14.656817895183476 ], [ 120.983909744568905, 14.656792480252975 ], [ 120.98401142301023, 14.656825927542068 ], [ 120.984139857528447, 14.656927603244519 ], [ 120.984178654250314, 14.657009209930703 ], [ 120.98418667987869, 14.657080113524035 ], [ 120.984192029864559, 14.657145665856302 ], [ 120.984181324442346, 14.657244662834316 ], [ 120.984154565513435, 14.657296836443203 ], [ 120.984109076262754, 14.657346334031075 ], [ 120.98404619441655, 14.657399844629204 ], [ 120.983999367661482, 14.657433288584066 ], [ 120.983941838051038, 14.657457367696901 ], [ 120.983806711701163, 14.657457364663056 ], [ 120.983729114423014, 14.657456025120599 ], [ 120.983714397786898, 14.657452011389431 ], [ 120.983655531464279, 14.657426591863038 ], [ 120.983606030936357, 14.657375754342205 ], [ 120.98356188175687, 14.657332943743006 ], [ 120.983535125458133, 14.657274079931325 ], [ 120.983517734161865, 14.657223243131412 ], [ 120.983508369824889, 14.657187122314452 ], [ 120.983505694340778, 14.657175082052138 ], [ 120.982636068968034, 14.657189778330039 ], [ 120.982422007423608, 14.657189773523932 ], [ 120.982100915075208, 14.657191104115009 ], [ 120.982000573853, 14.657185750661156 ], [ 120.981964450967368, 14.657185749850131 ], [ 120.981920301534387, 14.657153641652901 ], [ 120.981892206400303, 14.657134911818622 ], [ 120.981884179155756, 14.657132236037894 ] ] ] } },
{ "type": "Feature", "properties": { "fid": 16, "route_long_name": "Sangandaan-Divisoria", "Notes": null, "route_id": null, "trip_id": null, "last_updated": "2026-03-15" }, "geometry": { "type": "MultiLineString", "coordinates": [ [ [ 120.969001476470098, 14.609581845001136 ], [ 120.969167372519337, 14.609651414337492 ], [ 120.969670418419014, 14.609597913634387 ], [ 120.970376823420722, 14.609517661497547 ], [ 120.971088580468106, 14.609416004678396 ], [ 120.971516705460715, 14.609335746288638 ], [ 120.972062565317586, 14.609212680939235 ], [ 120.97211072954569, 14.60919662841953 ], [ 120.971907385026157, 14.608607991778557 ], [ 120.971848522666235, 14.608415347232503 ], [ 120.971795013239742, 14.60816383959965 ], [ 120.971629129237172, 14.607585906202443 ], [ 120.971506054246731, 14.607147104984218 ], [ 120.971350873955515, 14.606542415825063 ], [ 120.971251878669875, 14.606197261159567 ], [ 120.971243852756771, 14.606138397772249 ], [ 120.97104584690527, 14.60609290811737 ], [ 120.970687296860248, 14.605964471244995 ], [ 120.970475912732709, 14.605894900886623 ], [ 120.970202986164509, 14.605814626744026 ], [ 120.970136092502273, 14.605790544837966 ], [ 120.970002295793947, 14.606138369872538 ], [ 120.969782873199421, 14.606539704989578 ], [ 120.969413599470968, 14.607280837980456 ], [ 120.969119252102118, 14.607818627031257 ], [ 120.969103196598581, 14.607856085075023 ], [ 120.969076431360477, 14.608174480912346 ], [ 120.968996121444349, 14.609729002899067 ], [ 120.969271695568423, 14.610999919250107 ], [ 120.96933590693115, 14.61129958793069 ], [ 120.969349284002519, 14.611374505040727 ], [ 120.969381387496497, 14.611616647592717 ], [ 120.969448274501772, 14.611921667534338 ], [ 120.96949643346764, 14.61212768984265 ], [ 120.969549939914515, 14.612504950693051 ], [ 120.969584719526623, 14.612732377503631 ], [ 120.969798755078031, 14.613829378454206 ], [ 120.969846914234139, 14.614027373961965 ], [ 120.969961958113331, 14.614626711024945 ], [ 120.970074329456608, 14.615089592410376 ], [ 120.970143892104531, 14.615399963614145 ], [ 120.970143888744417, 14.615541770432767 ], [ 120.970165290714633, 14.615718360536944 ], [ 120.970216124498961, 14.615964516911662 ], [ 120.970266961072852, 14.61609294687087 ], [ 120.970274985464485, 14.616216024667503 ], [ 120.970283010426684, 14.616315022060967 ], [ 120.970333845035213, 14.616526395631237 ], [ 120.970392705303368, 14.616807334991188 ], [ 120.970454241214057, 14.617093625612053 ], [ 120.970480995483712, 14.617238108632533 ], [ 120.970563935837191, 14.617596640944186 ], [ 120.970622798894908, 14.617759853888659 ], [ 120.970737850065134, 14.618051496912928 ], [ 120.970777984766343, 14.61812909022513 ], [ 120.970858251759694, 14.618385949663294 ], [ 120.970903733942123, 14.618634781518946 ], [ 120.970898380881948, 14.618698995807414 ], [ 120.970994701920631, 14.618979936009728 ], [ 120.971219451898449, 14.619598004743677 ], [ 120.971422802124849, 14.61994583736003 ], [ 120.971551231571212, 14.620261561088888 ], [ 120.971754578120638, 14.6207645785269 ], [ 120.971845547303786, 14.621058896611498 ], [ 120.972375314253313, 14.622551893522102 ], [ 120.972530496194551, 14.623087017083932 ], [ 120.972658920315865, 14.62362749124577 ], [ 120.972773965463873, 14.624173316308163 ], [ 120.972899715210644, 14.624654927202174 ], [ 120.972937171733605, 14.624834193269409 ], [ 120.973129806774779, 14.625693065321002 ], [ 120.973279634388319, 14.626345915181776 ], [ 120.973755875683182, 14.628272358163581 ], [ 120.973935132322012, 14.629112500715497 ], [ 120.974092989589337, 14.629666353544494 ], [ 120.974248168551782, 14.630327230329893 ], [ 120.97432575755758, 14.630677735725827 ], [ 120.974400668892301, 14.631108509073991 ], [ 120.974537117659892, 14.631761358638634 ], [ 120.974895625613826, 14.633666394185544 ], [ 120.975077558149493, 14.634501185602403 ], [ 120.975280890500883, 14.635603537543112 ], [ 120.975430707466245, 14.636705888283416 ], [ 120.975548417228538, 14.637722619090392 ], [ 120.975601926529535, 14.637979477933644 ], [ 120.975623311512635, 14.638873128958927 ], [ 120.97567145697802, 14.639649054167013 ], [ 120.975676796219631, 14.640168120772225 ], [ 120.975660730828054, 14.640622972486481 ], [ 120.975655370542157, 14.640992205227247 ], [ 120.975550993227174, 14.641934014240002 ], [ 120.975489442292883, 14.642281840915969 ], [ 120.975451978543376, 14.642407593295719 ], [ 120.975304797730203, 14.642977492886383 ], [ 120.975112129028943, 14.643539364654663 ], [ 120.974994389474574, 14.643780166051483 ], [ 120.974833834061727, 14.644170800112446 ], [ 120.974400334586562, 14.645219625757353 ], [ 120.97375275987585, 14.64684637629774 ], [ 120.973495869288755, 14.647552729053004 ], [ 120.973126591827054, 14.648451722519583 ], [ 120.972992793220271, 14.648879815591204 ], [ 120.972858994486771, 14.649313259864082 ], [ 120.972677023792798, 14.650089179917115 ], [ 120.972495055253887, 14.650774129554698 ], [ 120.972388013579859, 14.651234330434592 ], [ 120.9722381566813, 14.6518176079759 ], [ 120.971994636701993, 14.65287178910123 ], [ 120.971965199119865, 14.653045702472294 ], [ 120.971884907850452, 14.653813598011503 ], [ 120.971858140903919, 14.654204235083066 ], [ 120.971791233107936, 14.654776812087569 ], [ 120.971748413003297, 14.655105909987727 ], [ 120.971665451668969, 14.655633001424006 ], [ 120.971488826810514, 14.656649725650448 ], [ 120.971392486186119, 14.65719554599116 ], [ 120.9712212186339, 14.657968790693648 ], [ 120.971179736731031, 14.658284510622902 ] ] ] } },
{ "type": "Feature", "properties": { "fid": 17, "route_long_name": "Sangandaan-Divisoria Papunta", "Notes": null, "route_id": null, "trip_id": null, "last_updated": "2026-03-15" }, "geometry": { "type": "MultiLineString", "coordinates": [ [ [ 120.970637514326285, 14.617814704026667 ], [ 120.97054118904002, 14.617713029048804 ], [ 120.970423460895887, 14.61747222237134 ], [ 120.970278979369695, 14.617049474268457 ], [ 120.970032823934915, 14.61640197345144 ], [ 120.969904393981551, 14.616107654526767 ], [ 120.96978666799302, 14.615775877437722 ], [ 120.969684997508026, 14.615406642304588 ], [ 120.969487001609991, 14.61494108339471 ], [ 120.969363925604469, 14.614545091777492 ], [ 120.968962587975838, 14.613373169807565 ], [ 120.968860916730165, 14.613036041879596 ], [ 120.968743191122172, 14.612688211189662 ], [ 120.968513090810902, 14.612019305933863 ], [ 120.968427472279217, 14.611762446377337 ], [ 120.968304394371856, 14.611446722771719 ], [ 120.968261585105978, 14.611318292993532 ], [ 120.96818131671813, 14.611120296764875 ], [ 120.968101047823055, 14.610943705338949 ], [ 120.968074292285493, 14.610852734326285 ], [ 120.967994026306869, 14.610553065284989 ], [ 120.96791375855301, 14.610328313053156 ], [ 120.967822790891958, 14.609969780564217 ], [ 120.967753224947373, 14.609798540579686 ], [ 120.967796038397708, 14.609750380735704 ], [ 120.968256271354505, 14.609723635073863 ], [ 120.968588067891147, 14.609675481723384 ], [ 120.968919864935003, 14.60960592357028 ], [ 120.969000138648539, 14.609579169370736 ] ] ] } },
{ "type": "Feature", "properties": { "fid": 18, "route_long_name": "Balintawak-Monumento", "Notes": null, "route_id": null, "trip_id": null, "last_updated": "2026-03-15" }, "geometry": { "type": "MultiLineString", "coordinates": [ [ [ 121.002397419567771, 14.663665194851939 ], [ 121.002179512200868, 14.663479814039398 ], [ 121.001935587214334, 14.66322288404189 ], [ 121.001740446516351, 14.663047260367904 ], [ 121.001558314011945, 14.662933428959446 ], [ 121.001327395601194, 14.662806587619235 ], [ 121.000820025595772, 14.662526886243525 ], [ 121.000589106799808, 14.662416305948941 ], [ 121.000442749466004, 14.66236101510798 ], [ 121.000023191179977, 14.662227665114481 ], [ 120.999997196131488, 14.661203218655912 ], [ 120.999993955888769, 14.660689369541682 ], [ 120.999954968824667, 14.658920166906142 ], [ 120.999901304528009, 14.658897400237493 ], [ 120.999828126901093, 14.658825849994036 ], [ 120.999732183028897, 14.658726655461964 ], [ 120.999628107889848, 14.658637217374688 ], [ 120.999559808999948, 14.658560788927112 ], [ 120.999528912797416, 14.658487613528401 ], [ 120.999460621649703, 14.658084338065294 ], [ 120.999415093088018, 14.657863186823592 ], [ 120.999392329115366, 14.65773960236633 ], [ 120.999366311264666, 14.657677809809098 ], [ 120.999291508278006, 14.657570485229023 ], [ 120.999180928580003, 14.65746966426391 ], [ 120.99807510771808, 14.657469639435885 ], [ 120.996614774082204, 14.657453345602761 ], [ 120.994555996830243, 14.657411020660433 ], [ 120.994412890061611, 14.657433782911191 ], [ 120.99401284441187, 14.657378486374384 ], [ 120.993024110155204, 14.657391473011694 ], [ 120.992344356104653, 14.657368692285996 ], [ 120.991976832671867, 14.657394701707267 ], [ 120.991628824726334, 14.657378432848191 ], [ 120.990838488281, 14.657368658476159 ], [ 120.990526256892707, 14.657352390420334 ], [ 120.990482350339548, 14.657308484611434 ], [ 120.990435192258033, 14.65722717832468 ], [ 120.990453082077465, 14.657162134543981 ], [ 120.990514879143376, 14.65711172669014 ], [ 120.990989731362561, 14.657123120083497 ], [ 120.99170688837043, 14.657137771126242 ], [ 120.993539623369159, 14.657157325529797 ], [ 120.995884613234423, 14.65719315248017 ], [ 120.996339951082604, 14.657199667121732 ], [ 120.998102758170049, 14.657261498673712 ], [ 120.999130520857634, 14.657271278376575 ], [ 121.000275370305644, 14.657287565126508 ], [ 121.000262350479517, 14.65771685643632 ], [ 121.000281849711968, 14.658360794277813 ], [ 121.00032087236653, 14.658627476301092 ], [ 121.000327363174506, 14.659219378505499 ], [ 121.000346837909859, 14.660897518848031 ], [ 121.000366335910115, 14.66159349203836 ], [ 121.000607009329826, 14.661814647662187 ], [ 121.001114373172484, 14.66235452576786 ], [ 121.001680279085875, 14.66295294495235 ], [ 121.001842895178655, 14.66314808115094 ] ] ] } },
{ "type": "Feature", "properties": { "fid": 19, "route_long_name": "Monumento-Meycauayan", "Notes": null, "route_id": null, "trip_id": null, "last_updated": "2026-03-15" }, "geometry": { "type": "MultiLineString", "coordinates": [ [ [ 120.960748497982308, 14.737834959491188 ], [ 120.961021729117078, 14.736638152512018 ], [ 120.961138826349199, 14.73620235906165 ], [ 120.961340493744743, 14.735454355394138 ], [ 120.961405550961956, 14.735077100549052 ], [ 120.961425072684804, 14.734771393292485 ], [ 120.961412098904148, 14.73325586337018 ], [ 120.961386098990786, 14.732436305992172 ], [ 120.961308092784279, 14.730250819460931 ], [ 120.961298349784656, 14.729649160486657 ], [ 120.961262578924376, 14.729408496182366 ], [ 120.961256084489563, 14.72896944775596 ], [ 120.961230076184734, 14.728504381216345 ], [ 120.961217079847046, 14.72794174868438 ], [ 120.961213831898249, 14.727753120461641 ], [ 120.961207331920136, 14.727548231118622 ], [ 120.961173186304663, 14.72734821946994 ], [ 120.961132534474743, 14.727206747446019 ], [ 120.961030089582778, 14.726946568390513 ], [ 120.960929270666981, 14.726696145999954 ], [ 120.960712999588722, 14.726084725768812 ], [ 120.960641451016087, 14.72589284380541 ], [ 120.960404039090719, 14.725287927519672 ], [ 120.959581230467123, 14.723082911049774 ], [ 120.959343819004005, 14.722458481509214 ], [ 120.959259260389089, 14.722282860302117 ], [ 120.959158442474433, 14.721990159189964 ], [ 120.959106406077993, 14.721895843948731 ], [ 120.959083641641513, 14.721791772735603 ], [ 120.95903485866036, 14.721655178844429 ], [ 120.958908019275171, 14.721453539013632 ], [ 120.958537258362512, 14.720848619740288 ], [ 120.958299841509813, 14.720451844862644 ], [ 120.957903064285375, 14.719720088837921 ], [ 120.957766468889162, 14.719466413437546 ], [ 120.957568081085483, 14.719066387226331 ], [ 120.95741847587793, 14.718819215953229 ], [ 120.957359935114823, 14.71870538730975 ], [ 120.957259115737259, 14.718474478178106 ], [ 120.957197325331762, 14.718243569921878 ], [ 120.957132283358916, 14.717976887288925 ], [ 120.957148552129439, 14.717693945432535 ], [ 120.95723312283296, 14.717358969757148 ], [ 120.957831610343916, 14.715531241479122 ], [ 120.958134107591945, 14.714571846483242 ], [ 120.958264215176342, 14.714106783454094 ], [ 120.958573216637262, 14.713173406281717 ], [ 120.958729344383457, 14.712672569533716 ], [ 120.958839934170911, 14.712347351072953 ], [ 120.958989557011506, 14.71184976638915 ], [ 120.960449997080431, 14.707371506806943 ], [ 120.960687442731938, 14.706551955368335 ], [ 120.960814296439523, 14.706148684250596 ], [ 120.961240392903278, 14.704873827733019 ], [ 120.961393268389855, 14.704366486500255 ], [ 120.96149410008772, 14.704077042128205 ], [ 120.962440623736143, 14.701075274120338 ], [ 120.962713846100186, 14.700249219074218 ], [ 120.963559536820185, 14.697588930803649 ], [ 120.963923833408913, 14.696483187803068 ], [ 120.964184045192127, 14.695696158983337 ], [ 120.964216573340053, 14.695527044828086 ], [ 120.96420356999775, 14.695260363371496 ], [ 120.964119032254317, 14.694203393444313 ], [ 120.96409951884651, 14.694157862075977 ], [ 120.964070248349771, 14.694105826070073 ], [ 120.964047483913888, 14.694001754861018 ], [ 120.964037729674402, 14.693874918478649 ], [ 120.964014978484826, 14.693211467267091 ], [ 120.964044254295487, 14.69303910083017 ], [ 120.964102801065025, 14.692899257143234 ], [ 120.964177609675161, 14.692769170449166 ], [ 120.964359748728313, 14.69260656407028 ], [ 120.964577663491909, 14.692479732796633 ], [ 120.964772809275772, 14.692440710663568 ], [ 120.964925672210143, 14.692463479558713 ], [ 120.96519236918391, 14.692505764263958 ], [ 120.96544280323883, 14.692583822906721 ], [ 120.966010345649835, 14.692748072211565 ], [ 120.966181096400845, 14.692790354763936 ], [ 120.966231508707423, 14.692795234209058 ], [ 120.966506337487033, 14.692804997003611 ], [ 120.96671611809559, 14.692809880024633 ], [ 120.966763277987837, 14.692814759396777 ], [ 120.966802306459144, 14.692835899633021 ], [ 120.966828325465713, 14.692848909054085 ], [ 120.967186091118649, 14.692845664872319 ], [ 120.968584629471323, 14.692837565729455 ], [ 120.968929386545, 14.692788790325485 ], [ 120.969358708162389, 14.692665216004903 ], [ 120.96997667181293, 14.692457088475193 ], [ 120.972019205336125, 14.691725387212976 ], [ 120.972422508485806, 14.691566038006814 ], [ 120.972614403318261, 14.691465223824405 ], [ 120.973079505266526, 14.691182292051778 ], [ 120.973287664249966, 14.690993668583436 ], [ 120.9734990759558, 14.690792036350981 ], [ 120.973577137750283, 14.690629427637903 ], [ 120.973733261262225, 14.69030746242119 ], [ 120.973918655039796, 14.690047289837979 ], [ 120.974035745652102, 14.68989118641948 ], [ 120.974130070057285, 14.689705812606572 ], [ 120.975356283705665, 14.687448806880413 ], [ 120.975857173687075, 14.686681296731782 ], [ 120.976354814797034, 14.685764184885061 ], [ 120.977301308491946, 14.684027526379118 ], [ 120.97828357882176, 14.682287616472401 ], [ 120.978410428910735, 14.68203719920708 ], [ 120.978872292462455, 14.681162365285431 ], [ 120.978986132586144, 14.680924956565619 ], [ 120.97908696436194, 14.680632259996871 ], [ 120.979220319587711, 14.680368834041337 ], [ 120.979262602822331, 14.680290781968564 ], [ 120.979363434752187, 14.679991580981657 ], [ 120.979470771664722, 14.679685875722424 ], [ 120.979597622832131, 14.679389927529021 ], [ 120.979659422786327, 14.679217561826643 ], [ 120.979757004535614, 14.678824046699619 ], [ 120.979867592399088, 14.678580133489323 ], [ 120.979978182265199, 14.678251662839239 ], [ 120.980082265993303, 14.67797847960016 ], [ 120.980238392509719, 14.67752967823111 ], [ 120.980339222822209, 14.677298773639258 ], [ 120.980388013350307, 14.677116651017835 ], [ 120.980488845357343, 14.676814197823317 ], [ 120.98059617864989, 14.676661346398983 ], [ 120.980703512019474, 14.676505242765476 ], [ 120.980788081184713, 14.676235311298447 ], [ 120.980999501671576, 14.675662927221614 ], [ 120.981123100732972, 14.67535397012043 ], [ 120.981633760359557, 14.674062854525841 ], [ 120.981828917927785, 14.673526244387354 ], [ 120.981968779137816, 14.67321403544312 ], [ 120.982017568279545, 14.67309045258855 ], [ 120.982056601795932, 14.67289857312181 ], [ 120.982092387596595, 14.672508308821046 ], [ 120.982085887466638, 14.672309923914026 ], [ 120.982076153023911, 14.671347269773511 ], [ 120.98205339652246, 14.670908221021675 ], [ 120.982053415779575, 14.67009516872462 ], [ 120.98205341809043, 14.669997602449047 ], [ 120.98200463280007, 14.669958574843708 ], [ 120.981998130744486, 14.669841495167013 ], [ 120.981991632155186, 14.669578066077053 ], [ 120.981981886466627, 14.669090234480596 ], [ 120.981994910990579, 14.668462558400829 ], [ 120.982014429327947, 14.668299948379962 ], [ 120.982098998416603, 14.668033269125658 ], [ 120.982160797523804, 14.667896677727427 ], [ 120.982268131355781, 14.667721060841272 ], [ 120.982355949777499, 14.667584470027201 ], [ 120.982664936532217, 14.667272264882538 ], [ 120.983133296210156, 14.666764930765419 ], [ 120.983611412360702, 14.666290118959552 ], [ 120.983744765276114, 14.666124259285565 ], [ 120.983835835110767, 14.666029947264096 ], [ 120.9839756937792, 14.665825061226244 ], [ 120.984043996944806, 14.665720992066253 ], [ 120.984164341050302, 14.665519357799617 ], [ 120.98418060735861, 14.665340486660762 ], [ 120.984193625412331, 14.664985996154282 ], [ 120.984174124021905, 14.664433120159204 ], [ 120.984151376148759, 14.66362982398665 ], [ 120.984123750617158, 14.662785875091084 ], [ 120.984083127060586, 14.661450842323553 ], [ 120.984042502618436, 14.660153209963591 ], [ 120.984029496658863, 14.659997103632913 ], [ 120.984000229012878, 14.659824735891483 ], [ 120.983974214782705, 14.659610089504334 ], [ 120.983957955099228, 14.659509270656047 ], [ 120.983925438120366, 14.659206814476329 ], [ 120.983892922065976, 14.65886533178716 ], [ 120.983876666080249, 14.658608406900656 ], [ 120.983860409940448, 14.658357986432504 ], [ 120.983860417567016, 14.658036017728714 ], [ 120.983853918670192, 14.65778559747983 ], [ 120.983840913326958, 14.657603473476639 ], [ 120.983788877163107, 14.657499401616231 ], [ 120.983691306274466, 14.657434355243019 ], [ 120.983567717226848, 14.657320525148755 ], [ 120.983512429496074, 14.657180678914973 ], [ 120.983512433270889, 14.657021320667871 ], [ 120.983561221334455, 14.656943268744246 ], [ 120.983727097083701, 14.656832697358263 ], [ 120.983873456729256, 14.656790421925736 ], [ 120.984052338360911, 14.656839209078875 ], [ 120.984156412922644, 14.656953038734937 ], [ 120.984188934292447, 14.657070118993609 ], [ 120.98419868729836, 14.657248990714493 ], [ 120.984166162153784, 14.657291268702885 ], [ 120.984065335153062, 14.657382328294659 ], [ 120.983997032988768, 14.657444118734567 ], [ 120.983941737169189, 14.657645754458986 ], [ 120.983951487786996, 14.657925444662986 ], [ 120.983951480853747, 14.65821814348455 ], [ 120.983964484810357, 14.658458807252236 ], [ 120.984062025424066, 14.659801971814895 ], [ 120.984107550750608, 14.660159715842248 ], [ 120.984114038323455, 14.660888210835548 ], [ 120.984140049780478, 14.661219936752186 ], [ 120.984172550351218, 14.662215113480737 ], [ 120.984185544024015, 14.662889947171188 ], [ 120.984136750799323, 14.663185897108701 ] ] ] } },
{ "type": "Feature", "properties": { "fid": 21, "route_long_name": "San Juan-Rosario", "Notes": null, "route_id": null, "trip_id": null, "last_updated": "2026-03-15" }, "geometry": { "type": "MultiLineString", "coordinates": [ [ [ 121.027879832338328, 14.608216341434661 ], [ 121.027954268210792, 14.607340589714211 ], [ 121.027965723337161, 14.607060119930916 ], [ 121.027925659083238, 14.6068311638954 ], [ 121.027919936199694, 14.606773924983001 ], [ 121.027679518393228, 14.60676247182354 ], [ 121.027713877397218, 14.606190084758016 ], [ 121.027731059069524, 14.605812309171521 ], [ 121.027851273262883, 14.605594804494974 ], [ 121.027971486778043, 14.605405919210334 ], [ 121.028223357405011, 14.605234208519555 ], [ 121.028675579821183, 14.604919405372264 ], [ 121.029041936332192, 14.604701906227664 ], [ 121.029562849085082, 14.604410000137909 ], [ 121.030015070958541, 14.604118092504695 ], [ 121.030238319978793, 14.603963552806325 ], [ 121.030490190605661, 14.603791842116193 ], [ 121.030736332787527, 14.603797571526179 ], [ 121.031154199590347, 14.603912058483994 ], [ 121.031469031295046, 14.603975028221122 ], [ 121.031835379667015, 14.604100961777821 ], [ 121.032473624756392, 14.60442437524792 ], [ 121.032814229851326, 14.603883476398638 ], [ 121.033452508106066, 14.602807401615223 ], [ 121.033858940671678, 14.602320881091128 ], [ 121.034065016293667, 14.602194960399238 ], [ 121.034345504050606, 14.602194966702914 ], [ 121.034740474707149, 14.602275109876055 ], [ 121.034917924788644, 14.602332352647336 ], [ 121.035095376226664, 14.602332356635372 ], [ 121.03521558607919, 14.602298016067003 ], [ 121.035335797830825, 14.602183541202143 ], [ 121.035433116013877, 14.6019259688647 ], [ 121.035570508352933, 14.601479509443463 ], [ 121.035805212228297, 14.601055947722852 ], [ 121.03647497407411, 14.599968425896687 ], [ 121.036841338723661, 14.599407494057159 ], [ 121.037098939830202, 14.59897248509621 ], [ 121.037305021827748, 14.598577542125737 ], [ 121.037476757300524, 14.598228389409908 ], [ 121.037614152352873, 14.59766745242594 ], [ 121.037645639742109, 14.597495736785172 ], [ 121.037722923831723, 14.597206682669025 ], [ 121.037737235313301, 14.597169477781875 ], [ 121.038395518021815, 14.597375552195459 ], [ 121.038781902724949, 14.597438523540873 ], [ 121.039271323950203, 14.597492911384698 ], [ 121.039594743641857, 14.597487194775564 ], [ 121.040856939834626, 14.597432846300958 ], [ 121.041921649749526, 14.597378493387721 ], [ 121.042236483148898, 14.59736991464651 ], [ 121.0432582616031, 14.597301251072757 ], [ 121.043553059552153, 14.59731842933345 ], [ 121.043830684984869, 14.597327021390761 ], [ 121.044019583817061, 14.597372816662586 ], [ 121.044282897157771, 14.597444371059158 ], [ 121.044534759915976, 14.597604645311488 ], [ 121.045688170384778, 14.59861207381082 ], [ 121.046168996499574, 14.599035651609903 ], [ 121.046392236972892, 14.59924171624526 ], [ 121.04683871493512, 14.599779770838111 ], [ 121.047585705861692, 14.600724227543393 ], [ 121.047680156362901, 14.600701334152999 ], [ 121.047849020558644, 14.600738543157034 ], [ 121.048020746128287, 14.600807233555951 ], [ 121.048249719455285, 14.600649832049241 ], [ 121.048667596429851, 14.600335028135438 ], [ 121.049134129918414, 14.600000191741474 ], [ 121.05233976117492, 14.597599096858236 ], [ 121.057806504700594, 14.593615400486588 ], [ 121.058768194639399, 14.592871317937018 ], [ 121.060067623278727, 14.59176663865475 ], [ 121.060471190602428, 14.591411767278906 ], [ 121.060591396927009, 14.591526247544618 ], [ 121.0599388213693, 14.592041381912482 ], [ 121.058931333848605, 14.592940008142413 ], [ 121.058210065377082, 14.593540999141018 ], [ 121.057511696035647, 14.59405040860381 ], [ 121.056578628517101, 14.594742976894828 ], [ 121.056097784768497, 14.595063503267141 ], [ 121.055221961683614, 14.595670214673152 ], [ 121.054557938188239, 14.596162453275953 ], [ 121.05184460099305, 14.598165749676102 ], [ 121.050894360482644, 14.598869765344778 ], [ 121.050344824226812, 14.59925897671579 ], [ 121.049772389790377, 14.599699702477002 ], [ 121.048896565348116, 14.600363652672891 ], [ 121.048430031316883, 14.600721384580257 ], [ 121.047960635165722, 14.601079116423596 ], [ 121.04788908169202, 14.601099148389475 ], [ 121.047820392847797, 14.601013288671391 ], [ 121.04757998175738, 14.600718503536445 ], [ 121.047532758270222, 14.600655539813962 ] ] ] } },
{ "type": "Feature", "properties": { "fid": 22, "route_long_name": "A. Bonifacio - A. Mabini via 10th Avenue", "Notes": null, "route_id": null, "trip_id": null, "last_updated": null }, "geometry": { "type": "MultiLineString", "coordinates": [ [ [ 120.972520156841526, 14.650837913479073 ], [ 120.973792903295987, 14.651033737563496 ], [ 120.974752355782101, 14.651288293264784 ], [ 120.975555162907355, 14.651503686347496 ], [ 120.976338386463581, 14.651836556293912 ], [ 120.9829762789483, 14.651582171184428 ], [ 120.994920566264241, 14.651249587027227 ] ] ] } },
{ "type": "Feature", "properties": { "fid": 23, "route_long_name": "Cubao - Divisoria", "Notes": null, "route_id": null, "trip_id": null, "last_updated": null }, "geometry": { "type": "MultiLineString", "coordinates": [ [ [ 121.052784908710805, 14.62284830223417 ], [ 121.050239434068899, 14.621688156756527 ], [ 121.049700968031473, 14.621453190068708 ], [ 121.049343622289257, 14.62130144053412 ], [ 121.048819840101146, 14.621139897485612 ], [ 121.048668091680156, 14.621027311668493 ], [ 121.048467392454953, 14.620865775878661 ], [ 121.047248498059787, 14.620464367735551 ], [ 121.04603939452106, 14.620043380263112 ], [ 121.044876793608054, 14.619695817144734 ], [ 121.044436229120421, 14.61956119784583 ], [ 121.044252660994673, 14.619487770412126 ], [ 121.04397363804668, 14.619350707298979 ], [ 121.043444964372966, 14.619032527746992 ], [ 121.041646004974993, 14.617965401899204 ], [ 121.03922291586187, 14.616567857136765 ], [ 121.037318711826828, 14.615412620953601 ], [ 121.036741086768018, 14.615069965865537 ], [ 121.036104720395926, 14.614683255472139 ], [ 121.03591381017111, 14.614580458549757 ], [ 121.034836881108035, 14.613983258104467 ], [ 121.033779532946397, 14.613381163211901 ], [ 121.033312047428964, 14.613138855787756 ], [ 121.032944912974287, 14.612916130167569 ], [ 121.032536166682135, 14.612805986019543 ], [ 121.031121465642556, 14.61235317715893 ], [ 121.03088894630578, 14.612247931857942 ], [ 121.030215863291716, 14.611973803046691 ], [ 121.028823190693188, 14.611518547237139 ], [ 121.026368269630368, 14.610676571464094 ], [ 121.025536092383163, 14.610417123739444 ], [ 121.023964746736638, 14.609893335492686 ], [ 121.022829069745214, 14.609531088315366 ], [ 121.022554942456139, 14.609374445762979 ], [ 121.022202493879803, 14.609139483254417 ], [ 121.021619978610161, 14.608586347903996 ], [ 121.020826974649083, 14.607832517446207 ], [ 121.018766144502706, 14.605825567362038 ], [ 121.016754264580342, 14.603892041689054 ], [ 121.016068952504739, 14.603241006285566 ], [ 121.015785037258368, 14.602981570881667 ], [ 121.015496224495536, 14.602820033112376 ], [ 121.015236781171396, 14.602731919311594 ], [ 121.014996917821051, 14.60267807016147 ], [ 121.014619988621916, 14.602638902592682 ], [ 121.013733960151171, 14.602550774710277 ], [ 121.011555601786796, 14.602379404701539 ], [ 121.010170263856139, 14.602266791161535 ], [ 121.01006257022992, 14.60223741941784 ], [ 121.007056925632469, 14.6019828177335 ], [ 121.002235168825223, 14.601488325758796 ], [ 121.002137264547756, 14.601503008220261 ], [ 121.00203935992225, 14.601532375343456 ], [ 121.001921875206889, 14.601532372703135 ], [ 121.000947734240441, 14.601400188854747 ], [ 121.000198771209597, 14.601314511495799 ], [ 121.000069049720977, 14.601263112264327 ], [ 120.999995622179839, 14.601245978508748 ], [ 120.999476731817253, 14.601226387298267 ], [ 120.99862007417363, 14.601152944737077 ], [ 120.998478113185726, 14.601165178764793 ], [ 120.99827496334386, 14.60113090998845 ], [ 120.997339985398241, 14.60093754092934 ], [ 120.997002219451076, 14.600827398375195 ], [ 120.996578788145484, 14.600692779459537 ], [ 120.996449066424731, 14.600651170002507 ], [ 120.996241021270251, 14.600621796003367 ], [ 120.996069689915373, 14.600599765160215 ], [ 120.995810242993798, 14.600663392863694 ], [ 120.995394147986744, 14.600802887799155 ], [ 120.994280481390618, 14.601199348638676 ], [ 120.993744454301506, 14.601329051104566 ], [ 120.992876775475366, 14.601550525253334 ], [ 120.992661386510946, 14.601563981352735 ], [ 120.992554917147345, 14.601515030087315 ], [ 120.992419077387837, 14.601433037672793 ], [ 120.992115579845617, 14.601237235361438 ], [ 120.992001767687285, 14.601188283930998 ], [ 120.991863479633523, 14.601135660785042 ], [ 120.991794947230687, 14.601120974583061 ], [ 120.991624841182713, 14.601035310232996 ], [ 120.991404561313743, 14.600867655393648 ], [ 120.990983583376732, 14.600489515891526 ], [ 120.990902814432658, 14.600413643323749 ], [ 120.990819594468348, 14.600482169875132 ], [ 120.990711898173572, 14.600565380538233 ], [ 120.990584621904816, 14.600614326550465 ], [ 120.990467134405051, 14.600731801204409 ], [ 120.990153838581662, 14.600868851006867 ], [ 120.984969769235278, 14.603242754833955 ], [ 120.984766616202648, 14.603343095458033 ], [ 120.984529197548525, 14.603411618544685 ], [ 120.981924943788968, 14.603800703560267 ], [ 120.981506403096105, 14.603859432802212 ], [ 120.980600789191229, 14.603967099971459 ], [ 120.980236094731808, 14.604064989521991 ], [ 120.979511598921377, 14.60434887670473 ], [ 120.978287788717381, 14.604816310941377 ], [ 120.976873064283325, 14.605349821867426 ], [ 120.974530691004389, 14.606267560604204 ], [ 120.973791509951425, 14.606536762797127 ], [ 120.973541853305377, 14.606605285609707 ], [ 120.97343905394662, 14.606615073074336 ], [ 120.973213875950961, 14.606571014028235 ], [ 120.97133657817912, 14.60614511664412 ], [ 120.971223988833231, 14.606137771783049 ], [ 120.970147053893101, 14.605787763137872 ], [ 120.970024675372116, 14.605729021739752 ], [ 120.969809292872995, 14.605469587870845 ], [ 120.969486220110355, 14.605038830525256 ], [ 120.969001608298456, 14.604505276915727 ], [ 120.968228188707528, 14.603599705379269 ], [ 120.967768052066205, 14.603100416531596 ], [ 120.9675135097349, 14.602767558473337 ], [ 120.9674939320807, 14.60263539607568 ], [ 120.967564913590223, 14.602586448797627 ], [ 120.96801525821455, 14.603154265847545 ], [ 120.97013482286151, 14.60549406962277 ], [ 120.970457900031917, 14.605738821249719 ], [ 120.971299866641104, 14.606042323185047 ], [ 120.973360733644228, 14.606495146574593 ], [ 120.973581017313279, 14.606502493855693 ], [ 120.973725426712349, 14.606455995671089 ], [ 120.974704475932199, 14.606037504804805 ], [ 120.974905180729081, 14.60596408600501 ], [ 120.977010133497288, 14.605193188553345 ], [ 120.977480077465842, 14.604977824071867 ], [ 120.979707411711317, 14.604140848394458 ], [ 120.980103926224061, 14.603989115798582 ], [ 120.980461278236731, 14.603876541421132 ], [ 120.980764782043892, 14.603808019819381 ], [ 120.982311669474385, 14.603582889766137 ], [ 120.984470457858421, 14.603299034816876 ], [ 120.984622209587883, 14.603272116347053 ], [ 120.985346706441319, 14.602944175180069 ], [ 120.985924346413768, 14.602657837255038 ], [ 120.987060044006526, 14.602151241943927 ], [ 120.9893314402931, 14.601091549895134 ], [ 120.990393709531631, 14.600602085041757 ], [ 120.990638471676135, 14.600504192797262 ], [ 120.990807359145052, 14.600369587193134 ], [ 120.990968903181212, 14.600261903303938 ], [ 120.991255263301738, 14.600636368615143 ], [ 120.991500017558167, 14.600871328704367 ], [ 120.991686031950707, 14.601001047397341 ], [ 120.991810857895175, 14.601067131180731 ], [ 120.992158412669809, 14.601243354933153 ], [ 120.992625897148343, 14.601529716344313 ], [ 120.992674848823228, 14.60154195466259 ], [ 120.99284862858849, 14.601529721349895 ], [ 120.99371753124278, 14.601307023506825 ], [ 120.993744455925409, 14.601260522682932 ], [ 120.993869284595817, 14.601211576615677 ], [ 120.994703921280433, 14.600971745897427 ], [ 120.995438206843033, 14.600714780818732 ], [ 120.995750279069796, 14.600569164936434 ], [ 120.995949759283477, 14.600528786599726 ], [ 120.996178609980035, 14.600517778246614 ], [ 120.996400116315826, 14.600572850706362 ], [ 120.996742777836502, 14.600667084986974 ], [ 120.997223727729732, 14.600800481473481 ], [ 120.997408521425896, 14.600799261904731 ], [ 120.998059578990706, 14.600949794319583 ], [ 120.99841937361191, 14.601047700150628 ], [ 120.998835463630584, 14.601118685366957 ], [ 120.999562398973538, 14.601174992907415 ], [ 121.000061708956196, 14.601177451572488 ], [ 121.00095018508658, 14.601263132066851 ], [ 121.001877822208542, 14.601373287877534 ], [ 121.001987963781218, 14.601387975014587 ], [ 121.002090762907187, 14.601387977324878 ], [ 121.002668395105033, 14.601429596848085 ], [ 121.003165256271032, 14.601483451774177 ], [ 121.004406186314554, 14.601578929963891 ], [ 121.00450653784219, 14.601578932219169 ], [ 121.005803761832638, 14.601708675884666 ], [ 121.008084917992363, 14.601936339407516 ], [ 121.010329360931109, 14.602132185337991 ], [ 121.010691605469333, 14.602132193478962 ], [ 121.011352455135622, 14.602210526526461 ], [ 121.011788126576633, 14.60225459030271 ], [ 121.012346177813072, 14.602303551716501 ], [ 121.014162292335158, 14.602445544260945 ], [ 121.01491615096549, 14.602514089624108 ], [ 121.01532734537976, 14.602602206835272 ], [ 121.015611263990195, 14.602719690509485 ], [ 121.015816859805298, 14.602822487761799 ], [ 121.015978399200279, 14.602910599362314 ], [ 121.016110566836559, 14.60302318473892 ], [ 121.018611954224326, 14.605470684571705 ], [ 121.022131518113127, 14.608946133612653 ], [ 121.022400749161847, 14.609146830040352 ], [ 121.022706694299842, 14.609342632405797 ], [ 121.022912290578617, 14.609425850109245 ], [ 121.023303902640365, 14.609580047857975 ], [ 121.02634869145443, 14.610566436060706 ], [ 121.027758497009415, 14.611031482030048 ], [ 121.030519364948702, 14.61199583685914 ], [ 121.030906083147073, 14.612093743294084 ], [ 121.031136155291591, 14.612181856434647 ], [ 121.031469025865192, 14.61229934120869 ], [ 121.032262041307604, 14.612568577827478 ], [ 121.032957153169249, 14.612823127584521 ], [ 121.033980237391916, 14.61332242907444 ], [ 121.035576049737045, 14.614237808851364 ], [ 121.041528524610499, 14.617781840986405 ], [ 121.043633428912983, 14.619054558974165 ], [ 121.044113151202453, 14.619348262989861 ], [ 121.045008964491075, 14.619671345677819 ], [ 121.045611069822343, 14.619832890486212 ], [ 121.047089407887995, 14.620307727767855 ], [ 121.04760829395201, 14.620508429804786 ], [ 121.048484527150137, 14.620802142728804 ], [ 121.04926285665185, 14.621086063678575 ], [ 121.04959572768783, 14.621183968903059 ], [ 121.050109717627251, 14.621423829928242 ], [ 121.051387349448902, 14.62203327210077 ], [ 121.052207286205729, 14.62239795962557 ], [ 121.05282162622126, 14.622699008996442 ], [ 121.05509786662526, 14.623793067446501 ], [ 121.055391575335648, 14.623922788558458 ], [ 121.055359754877301, 14.623993763709477 ], [ 121.055303458320964, 14.624069633197935 ], [ 121.052777566032091, 14.622843407181914 ] ] ] } },
{ "type": "Feature", "properties": { "fid": 24, "route_long_name": "Commonwealth Market - Quiapo", "Notes": null, "route_id": null, "trip_id": null, "last_updated": null }, "geometry": { "type": "MultiLineString", "coordinates": [ [ [ 121.087218449266388, 14.695388860945425 ], [ 121.087179358291792, 14.692407873441693 ], [ 121.087169591779244, 14.69139952635334 ], [ 121.087130490721222, 14.688844394095353 ], [ 121.087086450531586, 14.688144424167222 ], [ 121.087008144315277, 14.687429768807728 ], [ 121.086895564537116, 14.687018595715905 ], [ 121.086748721282746, 14.686485049663384 ], [ 121.086244542374303, 14.685373898846354 ], [ 121.085268002696537, 14.683178519812484 ], [ 121.08455823794641, 14.681543611406802 ], [ 121.082918437016218, 14.677750036684101 ], [ 121.082399570317094, 14.676731888412593 ], [ 121.082125448595946, 14.676340291250304 ], [ 121.079883520776789, 14.673295620834839 ], [ 121.078826186420002, 14.672111034302253 ], [ 121.07671151330041, 14.669927866968154 ], [ 121.075350675145316, 14.668811802051192 ], [ 121.073059761505789, 14.667196437723089 ], [ 121.068634570536034, 14.664386672916107 ], [ 121.065912885872891, 14.662506974991226 ], [ 121.064963232848086, 14.661870618288933 ], [ 121.057552019148247, 14.657073462103094 ], [ 121.05384151732936, 14.654665094127454 ], [ 121.053643266513419, 14.65446929417519 ], [ 121.052527181794545, 14.653622453574108 ], [ 121.051898158391424, 14.653228401004904 ], [ 121.051220175950874, 14.653132935474613 ], [ 121.051127166523486, 14.653162302711211 ], [ 121.050662110573867, 14.653681150345308 ], [ 121.050294964524014, 14.653947913471107 ], [ 121.049509277268257, 14.654295432843265 ], [ 121.048992830684838, 14.654437372985189 ], [ 121.048412749562857, 14.654452044622616 ], [ 121.047913442022391, 14.654346793329314 ], [ 121.0472354657267, 14.653991898760232 ], [ 121.046927077455479, 14.653607643164843 ], [ 121.046719040362802, 14.653238074485479 ], [ 121.046552613599133, 14.652819557865389 ], [ 121.046493886200651, 14.652188116056905 ], [ 121.046523271873752, 14.651576255777583 ], [ 121.046621189716888, 14.650988871475258 ], [ 121.04680232114471, 14.650602179429701 ], [ 121.046851277283295, 14.65042596457892 ], [ 121.046748483608781, 14.650195902558034 ], [ 121.04662610914859, 14.649965840097503 ], [ 121.044751275710013, 14.648835078984433 ], [ 121.043786936047908, 14.648242775942169 ], [ 121.042993925708998, 14.647758164272247 ], [ 121.0427442755622, 14.647552573391337 ], [ 121.042519099889986, 14.64741061659744 ], [ 121.041393220485048, 14.646744886615373 ], [ 121.040820491085441, 14.646382652079593 ], [ 121.040330978285425, 14.646093842724937 ], [ 121.03998831766711, 14.645961673067665 ], [ 121.039185517746404, 14.645442796965712 ], [ 121.037741456139486, 14.644542105239209 ], [ 121.03758970777551, 14.644427071975526 ], [ 121.037269078555923, 14.644167635738588 ], [ 121.037026769290065, 14.644042810666175 ], [ 121.036561730790268, 14.643824977729674 ], [ 121.036148092896553, 14.643563091960242 ], [ 121.035288999317885, 14.642997713163336 ], [ 121.034872914347702, 14.642713800345383 ], [ 121.034706479756565, 14.642625688633043 ], [ 121.033624656305761, 14.641994223853239 ], [ 121.033355424561009, 14.641822896745255 ], [ 121.03221975557264, 14.641122902331691 ], [ 121.030300867215473, 14.639913822031632 ], [ 121.02886170219368, 14.638954391766669 ], [ 121.027975684859314, 14.638396354696898 ], [ 121.025528120735487, 14.63695720281321 ], [ 121.023961680836678, 14.63598797991537 ], [ 121.023002237178275, 14.6353614127725 ], [ 121.022111325110174, 14.634783796043443 ], [ 121.021259573453747, 14.63425512906846 ], [ 121.020564465300083, 14.633843942910486 ], [ 121.01917424922442, 14.633011780819754 ], [ 121.017558858518569, 14.631993607948854 ], [ 121.016325288496432, 14.631171239151929 ], [ 121.015473539854213, 14.630515305104387 ], [ 121.014807810068859, 14.629800636586532 ], [ 121.012448375246819, 14.627695781996991 ], [ 121.010627402060422, 14.626011899822721 ], [ 121.008943489967265, 14.624514026450223 ], [ 121.007974263567633, 14.623564396522264 ], [ 121.006584056766798, 14.622340643443692 ], [ 121.005507136972412, 14.621351851998513 ], [ 121.002716934832151, 14.618826027427474 ], [ 121.001953301116259, 14.618111356715387 ], [ 121.001794210362476, 14.617979191182224 ], [ 121.001566586858075, 14.617847024109313 ], [ 121.001461343265518, 14.617714859785977 ], [ 121.001255751856746, 14.617426056812532 ], [ 121.00062673204225, 14.616880262739373 ], [ 120.997028840691044, 14.613585922714103 ], [ 120.995100174569728, 14.611843299486088 ], [ 120.990503684358657, 14.60765317265229 ], [ 120.988633758505387, 14.605998658721745 ], [ 120.988080613249309, 14.60549447289921 ], [ 120.987955787884644, 14.605403914679034 ], [ 120.987701239290971, 14.605335380536564 ], [ 120.985860655326647, 14.604916826310278 ], [ 120.98531973988365, 14.604757730317347 ], [ 120.985246313386142, 14.60469654257601 ], [ 120.985168004219787, 14.604106706896514 ], [ 120.984727484732105, 14.602072871327033 ], [ 120.984355493878084, 14.600212805801 ], [ 120.984100964308283, 14.599341510146552 ], [ 120.98392475788259, 14.598470216253302 ], [ 120.983797500348032, 14.597728637973434 ], [ 120.983655550669823, 14.597263620493843 ], [ 120.98357723448602, 14.596969925498495 ], [ 120.983454859213666, 14.596774127258007 ], [ 120.98332758781676, 14.596617488005528 ], [ 120.983616409050398, 14.596421699006953 ], [ 120.983802422805283, 14.596578339579654 ], [ 120.983939477286924, 14.597043356948781 ], [ 120.984140156794822, 14.598037023571841 ], [ 120.984130360253701, 14.598296452376406 ], [ 120.984247830817424, 14.598893631262493 ], [ 120.985035864653725, 14.602809558794068 ], [ 120.985378491521416, 14.604366140653546 ], [ 120.985500864938032, 14.604640257092406 ], [ 120.98567219403148, 14.604757738237804 ], [ 120.986249824318108, 14.604880123401024 ], [ 120.987096688091853, 14.605100412360507 ], [ 120.987610680707803, 14.605227690980881 ], [ 120.988075722866725, 14.605291334966287 ], [ 120.98844285517994, 14.605604616003827 ], [ 120.989191803075826, 14.606329076155145 ], [ 120.990968722051505, 14.607905269798886 ], [ 120.995251925370766, 14.61185554011422 ], [ 120.997151221473004, 14.613549213808842 ], [ 120.999070095692915, 14.615355470353999 ], [ 121.000685476313777, 14.616799498417846 ], [ 121.001302258079107, 14.617347739659676 ], [ 121.001454005110318, 14.617519064126666 ], [ 121.001595964996113, 14.617553331527684 ], [ 121.001801561276253, 14.617636549232067 ], [ 121.001899461146209, 14.617807872489276 ], [ 121.001997361480136, 14.617959616197069 ], [ 121.002247010237014, 14.618223945723631 ], [ 121.002599458351796, 14.618478487785136 ], [ 121.0032309260543, 14.619012044695317 ], [ 121.003720434334923, 14.619491754655208 ], [ 121.007142101973059, 14.622644138998458 ], [ 121.009227413217786, 14.624435714630261 ], [ 121.009384054169516, 14.624660882969335 ], [ 121.009648391067117, 14.624817525304293 ], [ 121.009951885593097, 14.625140594690402 ], [ 121.011684747330932, 14.626736366910979 ], [ 121.012536491566536, 14.627578306678595 ], [ 121.013461666532336, 14.628302770798276 ], [ 121.013880196609165, 14.628691923749303 ], [ 121.014413762353001, 14.629142265377208 ], [ 121.015206765506548, 14.629930360064922 ], [ 121.015245924584676, 14.630035601024092 ], [ 121.015723197772701, 14.630392938526823 ], [ 121.016408512112946, 14.630948523643468 ], [ 121.016932289319243, 14.631320546853217 ], [ 121.017642081787059, 14.6317855771025 ], [ 121.02045188279817, 14.633547799691808 ], [ 121.021631609253362, 14.634218425769136 ], [ 121.022243499647146, 14.634605135620692 ], [ 121.022958188470298, 14.6350212171059 ], [ 121.023158887581445, 14.635187647786831 ], [ 121.023623923705316, 14.63550582591578 ], [ 121.024260289617146, 14.635912115866976 ], [ 121.025547706218049, 14.636758960311441 ], [ 121.026521836392945, 14.637346368684716 ], [ 121.027334426940712, 14.637855455230619 ], [ 121.030251922383144, 14.639612785353574 ], [ 121.033531654357645, 14.641707870847656 ], [ 121.035293900254601, 14.642755416343538 ], [ 121.036214184426314, 14.643293874633455 ], [ 121.037016985507165, 14.643763801860327 ], [ 121.037408595654696, 14.643998765253905 ], [ 121.038319089549105, 14.644532328436572 ], [ 121.040242873215092, 14.645736513960044 ], [ 121.040693225603405, 14.645976373560371 ], [ 121.041084835402728, 14.646226021616476 ], [ 121.041456864300343, 14.646480564120358 ], [ 121.041603719265169, 14.646519726518159 ], [ 121.042176448084845, 14.646906435491289 ], [ 121.042891134701435, 14.647415519839589 ], [ 121.042993930811164, 14.647542789222774 ], [ 121.043189736696405, 14.647626006707236 ], [ 121.043493235743142, 14.647758175485018 ], [ 121.043914217648364, 14.647968665100896 ], [ 121.045607929283861, 14.649079842596297 ], [ 121.046679961063347, 14.64976515091934 ], [ 121.046846397045485, 14.649794523981781 ], [ 121.047091157793602, 14.649755370378095 ], [ 121.047394660898576, 14.649716218093523 ], [ 121.047707962049699, 14.649354003454341 ], [ 121.048080003702339, 14.649070108334376 ], [ 121.048657644531701, 14.648747058731667 ], [ 121.048980728886022, 14.648688327337078 ], [ 121.049793336359684, 14.648482760310857 ], [ 121.05052761326921, 14.648590464324647 ], [ 121.051124820040883, 14.648893960759642 ], [ 121.051653487569084, 14.649471569354725 ], [ 121.052015716796191, 14.650117702637418 ], [ 121.052054858886336, 14.650940044615288 ], [ 121.051927568241496, 14.651595956681776 ], [ 121.051741534080335, 14.652300816304917 ], [ 121.051800269943541, 14.652574931324231 ], [ 121.051937327325817, 14.652917576527461 ], [ 121.052133130775545, 14.653103586649559 ], [ 121.0542086669154, 14.654249036932526 ], [ 121.057331749340833, 14.656481175766613 ], [ 121.060356935257431, 14.65840003960234 ], [ 121.063147151281683, 14.660338477713564 ], [ 121.065134570634783, 14.661620982870838 ], [ 121.068022691511402, 14.663520264081663 ], [ 121.068942975212437, 14.664078301923876 ], [ 121.069432486038167, 14.664450324367939 ], [ 121.070568152582112, 14.665253111423661 ], [ 121.071273050424892, 14.665693667129206 ], [ 121.072212913983194, 14.666290864511787 ], [ 121.073123407058745, 14.666858691909706 ], [ 121.073931099966842, 14.667470570988016 ], [ 121.074640893701158, 14.667881757478288 ], [ 121.075580755171742, 14.66856706283748 ], [ 121.076119217148886, 14.668973350594079 ], [ 121.077338096116378, 14.670025778785584 ], [ 121.078028304195087, 14.670642550114973 ], [ 121.078919209411609, 14.67150896521678 ], [ 121.079447876937735, 14.672086573819778 ], [ 121.079932487812528, 14.67265928654647 ], [ 121.080270244651544, 14.673153677775382 ], [ 121.080407303077322, 14.673452268995437 ], [ 121.081259040693965, 14.67457321737521 ], [ 121.081963926825466, 14.675508156730542 ], [ 121.082521958457505, 14.676384354138932 ], [ 121.083241520207622, 14.677740254160636 ], [ 121.084137294418952, 14.679712913981088 ], [ 121.08523375788532, 14.682268069940223 ], [ 121.086173587357791, 14.684304364298658 ], [ 121.086760974170403, 14.685856056872096 ], [ 121.087084033248374, 14.686864410983608 ], [ 121.087387502730607, 14.68824477612093 ], [ 121.08738748302315, 14.689076907028049 ], [ 121.087514656115218, 14.693384411066052 ], [ 121.087495042871836, 14.694754979190051 ], [ 121.087499921259763, 14.695464738021268 ], [ 121.08750479559059, 14.696345817924147 ], [ 121.087509668646462, 14.697280741593364 ], [ 121.087509653229361, 14.697931761664236 ], [ 121.087455805142142, 14.697970919558054 ], [ 121.087211045788322, 14.697951334515176 ], [ 121.087206154417302, 14.697789803109487 ], [ 121.087264921232233, 14.696756983112476 ], [ 121.087235570919603, 14.695875902659791 ], [ 121.087220897386203, 14.695366834005547 ] ] ] } },
{ "type": "Feature", "properties": { "fid": 25, "route_long_name": "Philcoa - Pier", "Notes": null, "route_id": null, "trip_id": null, "last_updated": null }, "geometry": { "type": "MultiLineString", "coordinates": [ [ [ 120.971190093661178, 14.590474131710456 ], [ 120.971121557429697, 14.590620976786854 ], [ 120.971209666326686, 14.590816774256618 ], [ 120.971150919328181, 14.591012568425478 ], [ 120.97096489768424, 14.591188780184664 ], [ 120.970759300358566, 14.591149616465493 ], [ 120.970514543780865, 14.591012554121408 ], [ 120.970465597616112, 14.590767808659495 ], [ 120.970563507114832, 14.59053285627307 ], [ 120.970818059189924, 14.59045454379908 ], [ 120.97095512446036, 14.590464336654447 ], [ 120.972081061654592, 14.588692412788246 ], [ 120.973177628946218, 14.586866644508607 ], [ 120.973706330819951, 14.585995366472119 ], [ 120.974176287667333, 14.585236669521821 ], [ 120.974298672336701, 14.585035981898281 ], [ 120.974406374896972, 14.584688447329237 ], [ 120.974607088279271, 14.584252806882002 ], [ 120.974939977304118, 14.583592004596332 ], [ 120.975282655561941, 14.582980151403218 ], [ 120.975370771767516, 14.582867570979204 ], [ 120.975610634540359, 14.582945894566182 ], [ 120.976819731836343, 14.58363120595123 ], [ 120.978102255223391, 14.584394837181749 ], [ 120.978670090013267, 14.584732597161825 ], [ 120.979654011111492, 14.585297978749235 ], [ 120.979952612007622, 14.5855549670386 ], [ 120.980175337763981, 14.585794821517228 ], [ 120.980371137735261, 14.586127678247099 ], [ 120.98048861804287, 14.586313686600967 ], [ 120.980909567934305, 14.587875165076856 ], [ 120.98100746269948, 14.588261863365839 ], [ 120.981144515092382, 14.588814988699994 ], [ 120.981090659810135, 14.589157629593513 ], [ 120.980982955858195, 14.589563902810475 ], [ 120.980836091378364, 14.589926121162572 ], [ 120.980503190869925, 14.591071517287494 ], [ 120.980385693740942, 14.59159526757889 ], [ 120.980229038520179, 14.591972170373829 ], [ 120.980155599667896, 14.59243228812233 ], [ 120.980155593983525, 14.592672137596368 ], [ 120.980033199802122, 14.593274205974749 ], [ 120.979886334510454, 14.593670688539724 ], [ 120.979847167022086, 14.593920326908473 ], [ 120.979969538814316, 14.594262971765669 ], [ 120.980875138335051, 14.594762270618673 ], [ 120.981511504368015, 14.595163665675544 ], [ 120.981795419964925, 14.59540841641901 ], [ 120.982461155784733, 14.595868550783017 ], [ 120.983352068323384, 14.596426587953024 ], [ 120.983694726742229, 14.596651760467882 ], [ 120.98385136792605, 14.596867139027458 ], [ 120.983949258863689, 14.597415368599863 ], [ 120.98471282042847, 14.601174659181236 ], [ 120.985270808334164, 14.603896229053014 ], [ 120.985393173051008, 14.604537462038994 ], [ 120.985437226919572, 14.60465983521153 ], [ 120.985647718280973, 14.604747947913182 ], [ 120.985995274448257, 14.604865433018817 ], [ 120.986724655130175, 14.605017190916 ], [ 120.987527462947384, 14.605203214674304 ], [ 120.987928867435897, 14.605271752116943 ], [ 120.988056142312701, 14.605281544751687 ], [ 120.988256841193063, 14.605457765204669 ], [ 120.988472225662917, 14.60563398598768 ], [ 120.989744948563782, 14.606823472203283 ], [ 120.990954037041945, 14.60788079503234 ], [ 120.992970813685375, 14.609750687306498 ], [ 120.993553328496063, 14.610323402212744 ], [ 120.995795280813184, 14.612335251281953 ], [ 120.996265210164225, 14.612736642602565 ], [ 120.997187933996727, 14.613610400725499 ], [ 120.998690727070894, 14.614971213173284 ], [ 121.000374638122778, 14.616513140523633 ], [ 121.00141239681011, 14.617482351536635 ], [ 121.001578831634447, 14.617560673473795 ], [ 121.001784428146536, 14.617634101403459 ], [ 121.001911698963383, 14.617815215095282 ], [ 121.002048759593237, 14.618020803443896 ], [ 121.002146660739029, 14.618138282940192 ], [ 121.002288618653097, 14.618255763426342 ], [ 121.002543164230261, 14.618451564639861 ], [ 121.002983724141743, 14.618779531991507 ], [ 121.003365540651686, 14.619151552009702 ], [ 121.004109594393356, 14.619831958070655 ], [ 121.005651547645883, 14.621251510051627 ], [ 121.00712986519973, 14.622592742406022 ], [ 121.007942450995643, 14.623302519332281 ], [ 121.008133359250465, 14.623488529341886 ], [ 121.008211681466037, 14.623527690200536 ], [ 121.008441750132747, 14.623762649963819 ], [ 121.009215174008858, 14.62448711067295 ], [ 121.00935223591442, 14.624638855261271 ], [ 121.009631257473586, 14.624834657025286 ], [ 121.009934753043368, 14.625113672424851 ], [ 121.010722861232892, 14.625891977225844 ], [ 121.011305376506073, 14.626445112588151 ], [ 121.011843836054865, 14.626954192974333 ], [ 121.013997678424744, 14.628814298573726 ], [ 121.014643830091757, 14.629416384240647 ], [ 121.014942430000971, 14.629714979080676 ], [ 121.015192079801267, 14.629935254622463 ], [ 121.015329141242816, 14.630106578761009 ], [ 121.015916554147523, 14.630556921598835 ], [ 121.016562708017887, 14.63106600440533 ], [ 121.017497675463432, 14.631702360772524 ], [ 121.017962712863607, 14.631966695139489 ], [ 121.01855991801645, 14.632338719998698 ], [ 121.019000478738434, 14.632632423140489 ], [ 121.020728457338421, 14.633719126964385 ], [ 121.022010981759124, 14.634438704225108 ], [ 121.022407486060715, 14.634717721715161 ], [ 121.022764829950418, 14.634947789451237 ], [ 121.023083013544252, 14.635124012545889 ], [ 121.023347349281366, 14.635329603755709 ], [ 121.025070432103291, 14.636440781907512 ], [ 121.026563444518999, 14.637390423606313 ], [ 121.029392827237885, 14.639113487537943 ], [ 121.030699825202902, 14.639935857985559 ], [ 121.031913816406771, 14.64067501325761 ], [ 121.033764172361131, 14.641869407356147 ], [ 121.034532708111172, 14.642295279826145 ], [ 121.035340403577024, 14.642799471375167 ], [ 121.036632716414815, 14.64360226194375 ], [ 121.037347405003686, 14.644028133204554 ], [ 121.038439020006038, 14.644610649329582 ], [ 121.040446020271673, 14.645888260034134 ], [ 121.040700568050212, 14.645991058387709 ], [ 121.041209660824094, 14.646314132394416 ], [ 121.041459311898649, 14.646480564175331 ], [ 121.041664908640655, 14.646544202329723 ], [ 121.042198476584758, 14.646901541098503 ], [ 121.042501973312326, 14.64713160762598 ], [ 121.04292295243458, 14.647459574541521 ], [ 121.043025749008166, 14.647567264374759 ], [ 121.043755125388472, 14.647900133103372 ], [ 121.044347435341436, 14.648272157853894 ], [ 121.045801287223014, 14.649177744688272 ], [ 121.046520870195039, 14.649637880271882 ], [ 121.046775416813603, 14.64978962750037 ], [ 121.046936957715289, 14.649814105565394 ], [ 121.047118079982411, 14.649814109632633 ], [ 121.047372631703112, 14.649750481811322 ], [ 121.047632083722434, 14.649471479050289 ], [ 121.047876849340796, 14.649226740172065 ], [ 121.048121612639946, 14.649079899043729 ], [ 121.048738415272481, 14.64874706054548 ], [ 121.049374795211762, 14.648561069111715 ], [ 121.049991591698202, 14.64848765965043 ], [ 121.050471318510674, 14.648590463060483 ], [ 121.051048946352083, 14.648815640856077 ], [ 121.051357336883839, 14.649104446142918 ], [ 121.05178320586738, 14.649657577992206 ], [ 121.051993687020953, 14.650176440792622 ], [ 121.052027941104143, 14.65069529963607 ], [ 121.052003451902863, 14.65125331626078 ], [ 121.051866372256754, 14.651850489457736 ], [ 121.051709715419761, 14.652295920702935 ], [ 121.051768450703193, 14.652594510159773 ], [ 121.051900613352899, 14.652917575703071 ], [ 121.052120892436761, 14.653118271037298 ], [ 121.052561454778868, 14.653343445755466 ], [ 121.053956567663661, 14.654107079533915 ], [ 121.055219508042114, 14.654963713207446 ], [ 121.055953774514663, 14.655511957096708 ], [ 121.057931402782458, 14.656823831357588 ], [ 121.058102731525466, 14.656955997167678 ], [ 121.058092939277401, 14.657034315148245 ], [ 121.058009716764431, 14.657210529230651 ], [ 121.057916706641521, 14.65726926579263 ], [ 121.057848173892012, 14.657269264253861 ], [ 121.054450959656776, 14.655071383475981 ], [ 121.053780328186079, 14.654630828540904 ], [ 121.053662847299051, 14.654469294614879 ], [ 121.053369140733068, 14.654249018081678 ], [ 121.052018089021956, 14.653299379566841 ], [ 121.051868787387008, 14.653221058014143 ], [ 121.051592211167389, 14.653120706609744 ], [ 121.051335213704149, 14.653106016176444 ], [ 121.051151642853426, 14.653147618598299 ], [ 121.050975411434564, 14.653331172922886 ], [ 121.050642529788291, 14.653681149905664 ], [ 121.050378183326714, 14.653928335789665 ], [ 121.049805438853952, 14.654202436630374 ], [ 121.049252277485806, 14.654378640160523 ], [ 121.048963459390464, 14.654442267213225 ], [ 121.048390721526886, 14.654437359465433 ], [ 121.047862042286212, 14.654354134506486 ], [ 121.047563439015946, 14.65419749140074 ], [ 121.047186515733912, 14.653908684573171 ], [ 121.046990713095553, 14.653688410237917 ], [ 121.046697013138512, 14.653189125115658 ], [ 121.046569744641388, 14.652910113669199 ], [ 121.046486546246982, 14.652068191147979 ], [ 121.046540407786182, 14.651461226305882 ], [ 121.046662801147534, 14.650893422103293 ], [ 121.046819453926261, 14.650619311920709 ], [ 121.046858619903972, 14.650433307075071 ], [ 121.046785196016373, 14.65026198436372 ], [ 121.046618766411996, 14.649963392488884 ], [ 121.04528239738913, 14.649136126492357 ], [ 121.043490781593263, 14.648034736573175 ], [ 121.042805464067911, 14.647613760859066 ], [ 121.04233553332935, 14.647271108181707 ], [ 121.040749511955042, 14.646331254167031 ], [ 121.040181676592127, 14.646017968616036 ], [ 121.03988796782204, 14.645890694945582 ], [ 121.037753694188581, 14.644539658070315 ], [ 121.037303344699055, 14.644177426283088 ], [ 121.036559283656004, 14.643805398124815 ], [ 121.034679557451938, 14.642571844266236 ], [ 121.02884456889025, 14.638959286269321 ], [ 121.027444564047912, 14.638058595533598 ], [ 121.026436166106492, 14.637529925039953 ], [ 121.023136854036778, 14.63540546978313 ], [ 121.022040345805536, 14.634739740462198 ], [ 121.021031950414226, 14.634103382445131 ], [ 121.020659919891287, 14.633917368366122 ], [ 121.01756620142929, 14.631988713226374 ], [ 121.01612703559158, 14.631063547175287 ], [ 121.015622840794634, 14.63062299598144 ], [ 121.015089277950253, 14.630050282167613 ], [ 121.014643825278768, 14.629619522068408 ], [ 121.011324951782925, 14.626677620179608 ], [ 121.01006201869906, 14.625512608606785 ], [ 121.009670410868708, 14.62517974746633 ], [ 121.009012021557965, 14.624562976863745 ], [ 121.007979158532152, 14.623574186407021 ], [ 121.007005034384363, 14.622732243892084 ], [ 121.005477766605509, 14.621317587127036 ], [ 121.003647002560314, 14.619653284288656 ], [ 121.002932318373595, 14.619041407310702 ], [ 121.002271481347975, 14.618429531542739 ], [ 121.001860294007074, 14.618042826202689 ], [ 121.001708545352088, 14.617940030158669 ], [ 121.001605747733947, 14.617876394313353 ], [ 121.001473580908751, 14.617729544723025 ], [ 121.00138547119974, 14.617568011460492 ], [ 121.000460298667747, 14.616740754710307 ], [ 120.99876170283828, 14.615164562818279 ], [ 120.998477787010003, 14.614929601846375 ], [ 120.995751221493066, 14.612442937813345 ], [ 120.995056118787303, 14.611801691953843 ], [ 120.99025403438344, 14.607440239444264 ], [ 120.989637253313035, 14.606862628881675 ], [ 120.988863827810746, 14.606206696602316 ], [ 120.988031662038395, 14.605462655031715 ], [ 120.987835856730541, 14.605354963110917 ], [ 120.987307178293165, 14.605237473935141 ], [ 120.985608554389074, 14.604845844779122 ], [ 120.985344215866178, 14.60475773086738 ], [ 120.985260999033684, 14.604694095462383 ], [ 120.984972218051453, 14.603191358572438 ], [ 120.984791115616687, 14.602354328775982 ], [ 120.983635980324124, 14.59682308020129 ], [ 120.983312904315355, 14.596529379705016 ], [ 120.981217794085936, 14.595100025539958 ], [ 120.980581429212961, 14.594649681610667 ], [ 120.979788416427638, 14.594267862581951 ], [ 120.979494706261391, 14.594199327559069 ], [ 120.97905414344811, 14.593993732392741 ], [ 120.978936662676205, 14.593827303586052 ], [ 120.97890729938554, 14.5934944505939 ], [ 120.979220601706501, 14.593083287108135 ], [ 120.979411519706545, 14.592858126586661 ], [ 120.979480056285851, 14.592696596848526 ], [ 120.979646498767394, 14.592451856228188 ], [ 120.979945113178687, 14.59213859015763 ], [ 120.980140934495765, 14.591570787641245 ], [ 120.980317173518785, 14.591066618219063 ], [ 120.980400394411532, 14.590958932570896 ], [ 120.980522787085164, 14.590420497728408 ], [ 120.980664760776804, 14.589872273552105 ], [ 120.980821424002443, 14.589157623541555 ], [ 120.980909551228763, 14.588580028832778 ], [ 120.980904661252737, 14.588359758798942 ], [ 120.980787183845365, 14.588051378264831 ], [ 120.980728447635911, 14.587791947923186 ], [ 120.980307496236279, 14.586294102980707 ], [ 120.980131276702977, 14.585975931352486 ], [ 120.979862049016134, 14.585633283197657 ], [ 120.979578131795236, 14.585457060876806 ], [ 120.975691400410199, 14.583151481643002 ], [ 120.975500489254415, 14.583087843817994 ], [ 120.974834715149228, 14.584243022224701 ], [ 120.974682956748453, 14.584551396705622 ], [ 120.974447974786301, 14.585080039239243 ], [ 120.974115088197891, 14.58563804889565 ], [ 120.973361198351569, 14.586886228183879 ], [ 120.971221914526893, 14.590386024455563 ], [ 120.971186421944964, 14.590487592567804 ] ] ] } },
{ "type": "Feature", "properties": { "fid": 26, "route_long_name": "MCU - Pasay Rotonda", "Notes": null, "route_id": null, "trip_id": null, "last_updated": null }, "geometry": { "type": "MultiLineString", "coordinates": [ [ [ 120.985381656468235, 14.657288041567092 ], [ 120.984182952842232, 14.657275056509919 ], [ 120.984095477665491, 14.657367381321148 ], [ 120.983982085064696, 14.657438648566686 ], [ 120.983902710965452, 14.657458084000428 ], [ 120.983795799571936, 14.657456461832076 ], [ 120.983716426048218, 14.657451600746029 ], [ 120.983572260633281, 14.657323635838262 ], [ 120.983523666676462, 14.657232927739969 ], [ 120.983510711053071, 14.65709200763426 ], [ 120.983539870749851, 14.657006160585684 ], [ 120.98360466793585, 14.656905736425376 ], [ 120.983708341277264, 14.656836088729676 ], [ 120.983747218737108, 14.656811793082776 ], [ 120.983743986478572, 14.656495938253078 ], [ 120.983747255801219, 14.655247097211241 ], [ 120.983705172404129, 14.653844377195288 ], [ 120.983682512562197, 14.653070127593043 ], [ 120.983643663764497, 14.651884456562513 ], [ 120.983627469974024, 14.651677125898207 ], [ 120.983608035445599, 14.6515119091285 ], [ 120.983591841655155, 14.651304578464304 ], [ 120.983582129647644, 14.65100006186735 ], [ 120.983549760714808, 14.64979819330603 ], [ 120.98353358910272, 14.648654636757257 ], [ 120.983501222165742, 14.647368540265784 ], [ 120.983475319130932, 14.646740069714319 ], [ 120.983433225145475, 14.645784405671719 ], [ 120.98340731681553, 14.6453794630999 ], [ 120.983374939633975, 14.644525844658622 ], [ 120.983387904044264, 14.64429583789982 ], [ 120.983387910490791, 14.644023716883218 ], [ 120.983362006151722, 14.643450318445121 ], [ 120.983323156818912, 14.642287324181781 ], [ 120.983313452333022, 14.641665333070332 ], [ 120.983274585579153, 14.641237713458494 ], [ 120.983238964398467, 14.640563889191554 ], [ 120.983229254463708, 14.640171905130019 ], [ 120.98322926681999, 14.639650339851315 ], [ 120.983213084542129, 14.63895707880709 ], [ 120.983170971601311, 14.638801580138578 ], [ 120.983051118092504, 14.638088879551455 ], [ 120.982915056902343, 14.637755204299392 ], [ 120.982801673434281, 14.637440966772088 ], [ 120.982179670991002, 14.63627148034889 ], [ 120.981939943174808, 14.63572399340122 ], [ 120.981722893310945, 14.63518622557085 ], [ 120.981087935744029, 14.633854762065901 ], [ 120.980900041317796, 14.633410941431629 ], [ 120.98083849085593, 14.633216567897112 ], [ 120.980702432122044, 14.632779227499192 ], [ 120.980576089001971, 14.632494145505298 ], [ 120.98057609422105, 14.632273857066725 ], [ 120.980572862309344, 14.631943424336235 ], [ 120.980602026880319, 14.631651866763885 ], [ 120.980731623249042, 14.63136679051928 ], [ 120.980984331593689, 14.631003968179607 ], [ 120.981324512774705, 14.63064762687674 ], [ 120.981567499825942, 14.630372271787243 ], [ 120.982662559085767, 14.629231979766139 ], [ 120.98270467793634, 14.629138034172723 ], [ 120.982801873524366, 14.628995496778828 ], [ 120.982869912485342, 14.628809224996132 ], [ 120.982997889943391, 14.628483654518673 ], [ 120.982997893819473, 14.628320057958746 ], [ 120.982994664057188, 14.627898918226943 ], [ 120.982981720523426, 14.627247771232755 ], [ 120.98291697672019, 14.625095098218248 ], [ 120.982823094866092, 14.622114723154837 ], [ 120.982823115744296, 14.62123356941467 ], [ 120.982793974507402, 14.620540308097155 ], [ 120.98276644692325, 14.620109449216653 ], [ 120.982734069707305, 14.619257450573286 ], [ 120.982704941673475, 14.618006989101106 ], [ 120.982691995070482, 14.617485423547512 ], [ 120.982672582112968, 14.616409897229182 ], [ 120.982662865655286, 14.616293273722546 ], [ 120.982611071030689, 14.614553641843473 ], [ 120.982578704025158, 14.613270784948993 ], [ 120.982572231913736, 14.612959789369434 ], [ 120.982552801762026, 14.612609919069616 ], [ 120.982437820917085, 14.611346497536875 ], [ 120.982347133135477, 14.610293646376492 ], [ 120.9823374180597, 14.610118711227203 ], [ 120.982282346311763, 14.609956733201804 ], [ 120.982217556954808, 14.609726724707182 ], [ 120.982178687593475, 14.609409249329628 ], [ 120.982172214714609, 14.609130649109241 ], [ 120.981971412455621, 14.606529297390829 ], [ 120.981874247574012, 14.605376020483837 ], [ 120.981757654691009, 14.603782166282551 ], [ 120.981744714154217, 14.603004677416845 ], [ 120.981744720602862, 14.602732556415981 ], [ 120.981722044723398, 14.602635369834612 ], [ 120.981699375446141, 14.602259583181127 ], [ 120.981527692161123, 14.601290958142089 ], [ 120.981414318368209, 14.600568539129087 ], [ 120.981310648135207, 14.600506985620616 ], [ 120.980928361228735, 14.600403311886218 ], [ 120.980565514683718, 14.600218650195821 ], [ 120.980361414188252, 14.600085824644527 ], [ 120.979645440165669, 14.599722980553583 ], [ 120.979707000146021, 14.599515651651398 ], [ 120.980011547102706, 14.599036207210473 ], [ 120.980471605205267, 14.598404508086769 ], [ 120.980500767014291, 14.598229573813994 ], [ 120.980361475759466, 14.597487717006985 ], [ 120.980193035593643, 14.596376552475805 ], [ 120.980056987649419, 14.595484057333627 ], [ 120.980024596080597, 14.595237851892845 ], [ 120.979857762848866, 14.594672549164784 ], [ 120.979767056529241, 14.594402045895885 ], [ 120.979718463149254, 14.594287041286705 ], [ 120.979616412440933, 14.594240065725481 ], [ 120.979378293443304, 14.59415907198121 ], [ 120.97915151349855, 14.594079698259648 ], [ 120.979052702876047, 14.59401814486065 ], [ 120.978952273458219, 14.593911237925623 ], [ 120.978924737738055, 14.593823769843125 ], [ 120.978923120900461, 14.593695808147098 ], [ 120.978926362828929, 14.593603481452874 ], [ 120.97899440229024, 14.59339615269821 ], [ 120.979201752046151, 14.593127275896821 ], [ 120.979509538513526, 14.592657550140743 ], [ 120.979587294892738, 14.592547407675278 ], [ 120.979856200022695, 14.592265574115203 ], [ 120.979963115447177, 14.592097120663011 ], [ 120.980070033098173, 14.591834720676252 ], [ 120.980180191641153, 14.591523727727305 ], [ 120.980280631807616, 14.591177099667661 ], [ 120.980403747085603, 14.59096005354483 ], [ 120.980481506996554, 14.590700892438853 ], [ 120.980604629107717, 14.590195527641685 ], [ 120.980766629331782, 14.58963833114816 ], [ 120.980844386171682, 14.589508751469317 ], [ 120.980844389857012, 14.589353253757439 ], [ 120.981077668054567, 14.588640561155103 ], [ 120.981356297703499, 14.58813519985522 ], [ 120.981835798779443, 14.587312368576915 ], [ 120.982094989832731, 14.586813485912618 ], [ 120.982231066913144, 14.58647657726376 ], [ 120.982555055691392, 14.58585459370223 ], [ 120.98322246984749, 14.584688375873595 ], [ 120.983423341735289, 14.584351468682613 ], [ 120.983708449176063, 14.583917377316356 ], [ 120.983928759659648, 14.583573991491583 ], [ 120.984032437493809, 14.583314830971549 ], [ 120.984324026411642, 14.582796511825446 ], [ 120.984997921891633, 14.581552545294155 ], [ 120.986021722384223, 14.579757865577383 ], [ 120.986472062112085, 14.579090531365601 ], [ 120.986718291670513, 14.578698553092535 ], [ 120.986805768883443, 14.578520380600736 ], [ 120.988302589283634, 14.575974139270665 ], [ 120.990065083598068, 14.572786475881459 ], [ 120.991516548402814, 14.57020783820308 ], [ 120.992093250061401, 14.569031899761914 ], [ 120.992669952641677, 14.567817086896616 ], [ 120.99326609512336, 14.566540723295718 ], [ 120.993888156756782, 14.565212527711948 ], [ 120.994432461780562, 14.564004193197405 ], [ 120.994623615292852, 14.563631650909965 ], [ 120.994895766460985, 14.563084175525772 ], [ 120.995116079863578, 14.562617687364471 ], [ 120.995271599380658, 14.562112323320145 ], [ 120.995517845450934, 14.561023844923168 ], [ 120.995900174209311, 14.559361971803114 ], [ 120.996476906435475, 14.556896698255821 ], [ 120.996600031160682, 14.556281189280762 ], [ 120.996891638512253, 14.554985381642815 ], [ 120.997144365831119, 14.553822394087826 ], [ 120.997286928537989, 14.553226322765818 ], [ 120.997474849222698, 14.552562222219585 ], [ 120.997614170806912, 14.552024462464423 ], [ 120.997685451930039, 14.55173614541062 ], [ 120.997884716736678, 14.550859855547959 ], [ 120.997904156906856, 14.550786966437199 ], [ 120.998341567014663, 14.548882129423735 ], [ 120.998477650164546, 14.548289297496135 ], [ 120.998636414415543, 14.547573363732086 ], [ 120.999158067527915, 14.545257107622268 ], [ 120.999274709855115, 14.544764700859334 ], [ 120.999349234405656, 14.544320886180859 ], [ 120.999475597182865, 14.54377664707037 ], [ 120.999799605550919, 14.542328582021968 ], [ 120.999900049330236, 14.541829695826054 ], [ 121.000126851816219, 14.5409582658998 ], [ 121.000330977809739, 14.540015565685442 ], [ 121.00046705888677, 14.539510201222274 ], [ 121.000577222962676, 14.538965961751524 ], [ 121.000635545355536, 14.538667925805944 ], [ 121.000680910630408, 14.538292140719205 ], [ 121.000667961039881, 14.537896917108274 ], [ 121.000629088994714, 14.537692825503182 ], [ 121.000633949834224, 14.53764099304607 ], [ 121.000708464092696, 14.537631276116317 ], [ 121.000791077471646, 14.537631277974995 ], [ 121.000802414181749, 14.537731703827587 ], [ 121.000791059690059, 14.538381230421088 ], [ 121.000758657140253, 14.538598278564445 ], [ 121.00062742949055, 14.539364425736702 ], [ 121.000322866246236, 14.54053065163427 ], [ 120.999823893234506, 14.542765919851183 ], [ 120.999464244496892, 14.544350044587116 ], [ 120.999354081803958, 14.544835972424599 ], [ 120.999179117852421, 14.545594019781845 ], [ 120.998835669660679, 14.547100396038513 ], [ 120.99850517797303, 14.548710437724855 ], [ 120.998330214406025, 14.54945228740946 ], [ 120.998061289843761, 14.550553723418142 ], [ 120.997866882535519, 14.551519100615069 ], [ 120.997675720881489, 14.552235033654839 ], [ 120.997529919125355, 14.552801949083717 ], [ 120.997167031955925, 14.554331001668775 ], [ 120.997008268934607, 14.554995102872684 ], [ 120.996638898598675, 14.556679653021096 ], [ 120.996282494059713, 14.55807588480573 ], [ 120.995903403428514, 14.559805788240931 ], [ 120.995809442971364, 14.560142697821082 ], [ 120.995485434147312, 14.561610200123468 ], [ 120.995300747060455, 14.562533463594013 ], [ 120.995167910487169, 14.562837976946106 ], [ 120.994805041674297, 14.563592780563853 ], [ 120.994500490030944, 14.564269836641238 ], [ 120.993982105694641, 14.565361548459732 ], [ 120.993810391546063, 14.565695216758959 ], [ 120.991655855395237, 14.570285590189409 ], [ 120.990632053364962, 14.572145060585925 ], [ 120.989734607736082, 14.573729173305216 ], [ 120.98698395537113, 14.578487989251157 ], [ 120.986177228385884, 14.579822659786208 ], [ 120.985896979672532, 14.580294005917919 ], [ 120.985218225311215, 14.581507196748586 ], [ 120.984800280683672, 14.582271717760511 ], [ 120.984521651495115, 14.582757641841116 ], [ 120.984366135588445, 14.58311074772887 ], [ 120.984093986034168, 14.583590192884621 ], [ 120.983355297052555, 14.584779085858015 ], [ 120.982879034411454, 14.585656989311207 ], [ 120.98259392366927, 14.586230380711692 ], [ 120.982315295555836, 14.586670951296764 ], [ 120.981618722354725, 14.587895480115984 ], [ 120.981226695190045, 14.588679438933488 ], [ 120.981132735809425, 14.588970995031081 ], [ 120.980967495077167, 14.589560586807792 ], [ 120.980549537244727, 14.590882307966247 ], [ 120.980463675218914, 14.591258092174449 ], [ 120.980329214592359, 14.591739160200019 ], [ 120.980244976505944, 14.591943249054276 ], [ 120.980018178672438, 14.5926186871458 ], [ 120.979729822355566, 14.593438283192459 ], [ 120.979716858250143, 14.59365533179205 ], [ 120.979758971727151, 14.593788153701777 ], [ 120.979904743383528, 14.594491136222663 ], [ 120.980108830520081, 14.595187640983479 ], [ 120.980105585635826, 14.595404689802022 ], [ 120.980248112024327, 14.596340918821634 ], [ 120.980507255093485, 14.597866745961413 ], [ 120.980601196892735, 14.598317043535872 ], [ 120.980578515869581, 14.598436905847288 ], [ 120.980377645364484, 14.598715501403717 ], [ 120.979995344255158, 14.59921114177541 ], [ 120.979797709958873, 14.599638756047817 ], [ 120.979784749538766, 14.599700306935109 ], [ 120.979953215961061, 14.599703550256971 ], [ 120.980131400376095, 14.599758626368661 ], [ 120.980416495916131, 14.599826663025929 ], [ 120.981407856314505, 14.599833164377328 ], [ 120.981492088182108, 14.599891477913204 ], [ 120.981511515646005, 14.600354731956928 ], [ 120.981731786130936, 14.601699144230235 ], [ 120.981884018997732, 14.60317313640595 ], [ 120.981916406421348, 14.603594276778491 ], [ 120.981939075928992, 14.603960344825461 ], [ 120.981987647161375, 14.605009955494628 ], [ 120.982062127411922, 14.606435352893541 ], [ 120.982159294673522, 14.607488204194041 ], [ 120.98224350082441, 14.608631762205832 ], [ 120.982308276900824, 14.609422210385349 ], [ 120.982343905140041, 14.60979799733369 ], [ 120.982450810814626, 14.610040964917726 ], [ 120.982473483163005, 14.610287170144861 ], [ 120.98256092767312, 14.611489039877471 ], [ 120.982638659257034, 14.612425267460708 ], [ 120.982690477907767, 14.613150924637649 ], [ 120.982748753317594, 14.614835484550607 ], [ 120.982764937127556, 14.615463954855814 ], [ 120.982849102136356, 14.618343904063524 ], [ 120.982868525687138, 14.618972374444589 ], [ 120.982891169711735, 14.620413968385225 ], [ 120.982926791350451, 14.62106835541848 ], [ 120.982926783828134, 14.621385829927593 ], [ 120.982952673657607, 14.622571500616576 ], [ 120.982975334185952, 14.623316594363514 ], [ 120.983053028084669, 14.625843434051815 ], [ 120.983095115081866, 14.627093895828731 ], [ 120.983121008903851, 14.628111110663534 ], [ 120.983108043878786, 14.628367033703723 ], [ 120.983075643328249, 14.628499853945428 ], [ 120.982920123586993, 14.629014936651096 ], [ 120.982840745458034, 14.629204447714972 ], [ 120.98264473533284, 14.62945064803637 ], [ 120.982309414798607, 14.629763255713511 ], [ 120.981515658415475, 14.630607136973108 ], [ 120.981123638625576, 14.63108010040234 ], [ 120.980945447072401, 14.631326301124941 ], [ 120.980903327300823, 14.631459121149035 ], [ 120.980796410112404, 14.631702083936901 ], [ 120.980751051828506, 14.631783071314571 ], [ 120.98065709505984, 14.631964483212332 ], [ 120.980657087921941, 14.632265760047318 ], [ 120.980679759196846, 14.632557318784231 ], [ 120.980770465556688, 14.632826202298373 ], [ 120.981191609699749, 14.633759198087404 ], [ 120.981687264877976, 14.63481853744997 ], [ 120.982322223135739, 14.636120845133332 ], [ 120.982720691322285, 14.636959893875762 ], [ 120.982953939120634, 14.637530057429784 ], [ 120.983174228418008, 14.638080783477799 ], [ 120.98325521555698, 14.638349666775298 ], [ 120.983268170604291, 14.638514883396519 ], [ 120.983332952441117, 14.63906236641672 ], [ 120.983342656389482, 14.639707034277123 ], [ 120.983349110543728, 14.640776081267655 ], [ 120.983410648572942, 14.64149525961944 ], [ 120.983443033466969, 14.642023304698849 ], [ 120.983475404930616, 14.643118268562148 ], [ 120.983504541565793, 14.644005902056021 ], [ 120.983530446902606, 14.644537186527678 ], [ 120.983533683036001, 14.644689444788378 ], [ 120.983553105899119, 14.645347071015777 ], [ 120.983595216077362, 14.645619192978657 ], [ 120.983575764627219, 14.646168293880523 ], [ 120.983646993023086, 14.648105537964367 ], [ 120.983685843968701, 14.649200501982435 ], [ 120.983711735032216, 14.650334340142466 ], [ 120.983760317324368, 14.65091745770307 ], [ 120.983792702142566, 14.651448742325295 ], [ 120.983812138052329, 14.651555647447962 ], [ 120.983870446088503, 14.65186340467225 ], [ 120.983850998744543, 14.652239190405687 ], [ 120.983867186933111, 14.652683007194481 ], [ 120.98389957067711, 14.653259645321327 ], [ 120.983931954114297, 14.653849241592461 ], [ 120.98397728991344, 14.654717438247509 ], [ 120.984009657082453, 14.655993816144163 ], [ 120.984035565259717, 14.656405237793811 ], [ 120.983986963168817, 14.65665792050822 ], [ 120.983970761320833, 14.65679074111925 ], [ 120.984135984702746, 14.656933284411597 ], [ 120.984165140370862, 14.65701751300146 ], [ 120.984858444731088, 14.657020768103569 ], [ 120.985600344966301, 14.657033742904664 ], [ 120.98605390846302, 14.657040232160059 ], [ 120.989656497897869, 14.657118061909049 ], [ 120.989812005281394, 14.657124544472454 ], [ 120.989821721893435, 14.657234688913439 ], [ 120.989802281072471, 14.657335114091888 ], [ 120.98535087897325, 14.65728642110936 ] ] ] } },
{ "type": "Feature", "properties": { "fid": 27, "route_long_name": "Karuhatan - Sta. Cruz", "Notes": null, "route_id": null, "trip_id": null, "last_updated": null }, "geometry": { "type": "MultiLineString", "coordinates": [ [ [ 120.973978616054069, 14.689976324169738 ], [ 120.974833944795208, 14.688401928802838 ], [ 120.975076935372641, 14.687977555022954 ], [ 120.975468961295093, 14.687245428656174 ], [ 120.975663352544956, 14.686957114303629 ], [ 120.976463601327538, 14.685567371267867 ], [ 120.977493884334976, 14.683643109940926 ], [ 120.978226095424816, 14.682386186366729 ], [ 120.978877313159259, 14.681122781905612 ], [ 120.979045787023438, 14.680811790222156 ], [ 120.979262861980004, 14.680290229784083 ], [ 120.97937301952031, 14.680021350761372 ], [ 120.979603056890895, 14.679354011491327 ], [ 120.979732656479371, 14.678932874709714 ], [ 120.979985372032658, 14.678265535949874 ], [ 120.980296408743541, 14.677351993758396 ], [ 120.980549123222843, 14.676730008505267 ], [ 120.98068519784222, 14.676496764962616 ], [ 120.981190628182119, 14.675194482809861 ], [ 120.981968212364819, 14.673231341414365 ], [ 120.982026530453453, 14.673114719425605 ], [ 120.982052522034877, 14.670004765409498 ], [ 120.982000687646917, 14.669943213061327 ], [ 120.981987759070165, 14.668660356502897 ], [ 120.982007203957622, 14.668388235913095 ], [ 120.982067145983251, 14.66809991855235 ], [ 120.982159483839538, 14.667878012407442 ], [ 120.982376553771374, 14.667568641589988 ], [ 120.983691921428601, 14.666172431093797 ], [ 120.984126060141506, 14.665602282501382 ], [ 120.984161698743335, 14.665540732117222 ], [ 120.98419086377281, 14.665229737314968 ], [ 120.984184393423178, 14.664844232384697 ], [ 120.984126126284679, 14.662809802466755 ], [ 120.984074336862804, 14.660849882027778 ], [ 120.984022521735369, 14.659975206147871 ], [ 120.983905918016447, 14.658838126399987 ], [ 120.983886485329435, 14.658595160765206 ], [ 120.983850870745883, 14.657642736388325 ], [ 120.983769880766729, 14.657493715915116 ], [ 120.983646772704915, 14.657406245679798 ], [ 120.983549583026431, 14.657299338810564 ], [ 120.983510710592796, 14.657111444851346 ], [ 120.983552830593894, 14.656968906214225 ], [ 120.983646785519937, 14.656865243172616 ], [ 120.983708341430884, 14.656829609658995 ], [ 120.983763417630897, 14.656803694607799 ], [ 120.983740751879751, 14.656278889271761 ], [ 120.983672812103976, 14.652278060836093 ], [ 120.983627468477664, 14.651740296850353 ], [ 120.983598315802524, 14.651529726359151 ], [ 120.9835886133108, 14.650823507305153 ], [ 120.983523876289624, 14.648384135289863 ], [ 120.983452666772521, 14.645649965368722 ], [ 120.983387898979146, 14.644509647271182 ], [ 120.983365247810681, 14.643369330121258 ], [ 120.98328754346619, 14.641283067253193 ], [ 120.983251920827286, 14.640670794168225 ], [ 120.983232499806647, 14.639935419083647 ], [ 120.983232505562668, 14.639692453891735 ], [ 120.983216324896489, 14.638931162593806 ], [ 120.983177452003019, 14.638762705854507 ], [ 120.983158017014517, 14.638616926303019 ], [ 120.983064076900405, 14.638095358915331 ], [ 120.982885900850803, 14.637687173392033 ], [ 120.982328692907757, 14.636530646567309 ], [ 120.982215306906994, 14.636323313724372 ], [ 120.981450769242386, 14.634590144859091 ], [ 120.981113851517904, 14.633945469653337 ], [ 120.980857927302537, 14.633300796267209 ], [ 120.980806097059556, 14.633064308984791 ], [ 120.980734827530114, 14.632863456160319 ], [ 120.980640880278628, 14.632643165611331 ], [ 120.980569611439947, 14.6324131569642 ], [ 120.980576095295518, 14.63222850356566 ], [ 120.980589064695224, 14.631787926979829 ], [ 120.980624706828081, 14.631577357949523 ], [ 120.980793180848721, 14.631259887219644 ], [ 120.981211118561575, 14.630786924372371 ], [ 120.981975717166364, 14.629947901761225 ], [ 120.982387174170384, 14.629526771343254 ], [ 120.982694958024467, 14.629167189777945 ], [ 120.982792153382221, 14.629034370991567 ], [ 120.982889350658851, 14.628820563809175 ], [ 120.982954150915646, 14.628590558219909 ], [ 120.983009231414044, 14.62838322916328 ], [ 120.983005996048689, 14.628198575547653 ], [ 120.9829574321802, 14.626837969404868 ], [ 120.982944499238812, 14.625739766467229 ], [ 120.982886217608225, 14.624317608930161 ], [ 120.982795594147305, 14.620550026741821 ], [ 120.982682284446568, 14.617122595321517 ], [ 120.982675813870131, 14.616746809024548 ], [ 120.982659638503819, 14.615761989782005 ], [ 120.982581940387917, 14.613413324596499 ], [ 120.982575466357389, 14.613183317411142 ], [ 120.982559281549769, 14.612596961072892 ], [ 120.982530129797297, 14.612347516163634 ], [ 120.982510694195383, 14.612227652903492 ], [ 120.982403815772088, 14.610834650122953 ], [ 120.982329318478492, 14.610128429653214 ], [ 120.98228396625872, 14.609953493703173 ], [ 120.982212697574568, 14.609717005991438 ], [ 120.982170592771737, 14.609218116538898 ], [ 120.981953593960355, 14.606526057455373 ], [ 120.981869384508869, 14.605521799483444 ], [ 120.981794910169825, 14.603846957835056 ], [ 120.981759283005815, 14.603425817389539 ], [ 120.981756050174681, 14.603134259101342 ], [ 120.981723664132915, 14.602654807086017 ], [ 120.981717194094898, 14.602256344046504 ], [ 120.981607056280495, 14.601692662355639 ], [ 120.98154550927444, 14.601352509721814 ], [ 120.981409458450528, 14.600581497163354 ], [ 120.981153522262844, 14.600442191375686 ], [ 120.980972097877157, 14.600396833798344 ], [ 120.98043106691712, 14.60015709599627 ], [ 120.980414869290115, 14.600111742132222 ], [ 120.980084418997123, 14.599975674205627 ], [ 120.979750730652725, 14.599768336420519 ], [ 120.979708615102766, 14.599722981973997 ], [ 120.979792849273565, 14.599684109438522 ], [ 120.979983993724858, 14.599693832341481 ], [ 120.980178376381133, 14.599768346031494 ], [ 120.980444034016344, 14.599813705501916 ], [ 120.980515307459925, 14.599849341996581 ], [ 120.980414868906252, 14.600127939810791 ] ] ] } },
{ "type": "Feature", "properties": { "fid": 28, "route_long_name": "Malanday - Sta. Cruz", "Notes": null, "route_id": null, "trip_id": null, "last_updated": null }, "geometry": { "type": "MultiLineString", "coordinates": [ [ [ 120.957174848398253, 14.717836971977892 ], [ 120.957174854740032, 14.717569111645744 ], [ 120.958246442210978, 14.714247667569117 ], [ 120.964094251346324, 14.695987377599257 ], [ 120.96421672082495, 14.695509058341351 ], [ 120.964109601566108, 14.694173580899648 ], [ 120.964040723839389, 14.693963117672189 ], [ 120.964013948985894, 14.693419743274475 ], [ 120.964019695509464, 14.693153796369149 ], [ 120.964052226582311, 14.693021780225989 ], [ 120.964168950443749, 14.692771142115044 ], [ 120.964287584632913, 14.692650607632039 ], [ 120.964536331242897, 14.692503290036347 ], [ 120.964888400015667, 14.69243633285563 ], [ 120.965288300334137, 14.69252435307725 ], [ 120.966256478936288, 14.692784581971095 ], [ 120.966775012582815, 14.692788420181984 ], [ 120.966857288156902, 14.692830514364369 ], [ 120.967140472225452, 14.692847740310574 ], [ 120.967808252333469, 14.692826709126088 ], [ 120.968598490004226, 14.692830553433488 ], [ 120.96894481846013, 14.692767422700038 ], [ 120.969509278126836, 14.69259332615645 ], [ 120.969884308708771, 14.692488103730893 ], [ 120.972040738711215, 14.691707530610373 ], [ 120.972496133950159, 14.691539171484283 ], [ 120.973116087676857, 14.691145048066282 ], [ 120.973514086094056, 14.690747093092254 ], [ 120.973734138755603, 14.690296518705622 ], [ 120.973978106011899, 14.689973178507961 ], [ 120.97486118228565, 14.688360296541955 ], [ 120.975121416913467, 14.687893460111017 ], [ 120.976420674786581, 14.685637722726902 ], [ 120.976701958268706, 14.685113488131149 ], [ 120.978554216834354, 14.681776755462892 ], [ 120.97895987831123, 14.680980836770201 ], [ 120.97920480983926, 14.680337977508959 ], [ 120.97953393678408, 14.679465525581941 ], [ 120.979687017267295, 14.679136443487305 ], [ 120.980490702718853, 14.676863475425243 ], [ 120.980708840092106, 14.676492302457175 ], [ 120.981355613621844, 14.674743571782392 ], [ 120.982021519335021, 14.673075199636074 ], [ 120.982031098024137, 14.672583484848584 ], [ 120.982036841965865, 14.6724265953659 ], [ 120.982054120557152, 14.66998141376261 ], [ 120.981989065933007, 14.669927840240018 ], [ 120.982000579556498, 14.6685273137281 ], [ 120.982168976282054, 14.667819400972382 ], [ 120.982666476117473, 14.667245425760431 ], [ 120.983990588233439, 14.665837275568601 ], [ 120.984151321445466, 14.665546459412024 ], [ 120.984189597231236, 14.665225027899766 ], [ 120.984174307998984, 14.664463538962725 ], [ 120.984132246907791, 14.663032398653419 ], [ 120.984113123698194, 14.66257320912363 ], [ 120.984067241636467, 14.660895254591434 ], [ 120.984067247981244, 14.660627394283733 ], [ 120.984028037754257, 14.660008923085895 ], [ 120.984009863692094, 14.659868774338387 ], [ 120.9839567752025, 14.659505726765524 ], [ 120.983904646782278, 14.659000617587145 ], [ 120.983900343437014, 14.658923607652222 ], [ 120.983862088067767, 14.658383102959444 ], [ 120.983859220390841, 14.658280263670086 ], [ 120.983855403940709, 14.657842598975899 ], [ 120.983851582312738, 14.657623527424969 ], [ 120.983740608329342, 14.657466635325216 ], [ 120.983660246073867, 14.657428367762844 ], [ 120.983568405360828, 14.657305915274966 ], [ 120.983499526185696, 14.657156677271979 ], [ 120.983547365751946, 14.656973002707337 ], [ 120.983641125040151, 14.65687734041728 ], [ 120.983746364326905, 14.656800811264016 ], [ 120.983738734758063, 14.65578485521714 ], [ 120.983719620160201, 14.654962140991479 ], [ 120.983645070419811, 14.651872179369558 ], [ 120.983620200730698, 14.651677023446446 ], [ 120.983604896589085, 14.65154500623848 ], [ 120.983593419309997, 14.651411075828593 ], [ 120.983555196007913, 14.649516919963581 ], [ 120.983543736133242, 14.648648287007882 ], [ 120.983520780215514, 14.648437824825555 ], [ 120.983505491076272, 14.64767250933059 ], [ 120.983478723207767, 14.646834488639396 ], [ 120.983455780796945, 14.6460538666713 ], [ 120.983417520873772, 14.645705647419183 ], [ 120.983344864467895, 14.643463272404162 ], [ 120.983375494960555, 14.642789795763271 ], [ 120.983291326919357, 14.641863762547008 ], [ 120.983268382333534, 14.641174978401557 ], [ 120.983222475937893, 14.640524459498259 ], [ 120.983245450076794, 14.639965779959653 ], [ 120.983199547670125, 14.639146891726257 ], [ 120.983199553472048, 14.638901990880967 ], [ 120.98306563290933, 14.638140499307507 ], [ 120.982851343926711, 14.637600947320454 ], [ 120.98232326853217, 14.636529494264003 ], [ 120.981684222055975, 14.635178698690789 ], [ 120.981473759074845, 14.634673585972596 ], [ 120.981366613450433, 14.634451642176119 ], [ 120.98111405557043, 14.633942701937155 ], [ 120.980922722777279, 14.633602132403711 ], [ 120.980585989242272, 14.632488591317085 ], [ 120.980608969728266, 14.631662051487277 ], [ 120.980777359931309, 14.631229652218673 ], [ 120.981707300544898, 14.630215630555281 ], [ 120.982583662997271, 14.629316404960294 ], [ 120.982775010296024, 14.629044722386839 ], [ 120.982897474703236, 14.628780691417528 ], [ 120.983008462013288, 14.628375076891372 ], [ 120.982939622096168, 14.626568931639396 ], [ 120.982909058511964, 14.624418395444932 ], [ 120.982855513897121, 14.623117358528708 ], [ 120.9828325598844, 14.622826538265674 ], [ 120.98278668069122, 14.621028046694665 ], [ 120.982733143874782, 14.619397924282699 ], [ 120.982725517259865, 14.618257604582263 ], [ 120.982671974278631, 14.616887689316556 ], [ 120.982649047286401, 14.615456549532007 ], [ 120.982549619856613, 14.61251008410528 ], [ 120.982442497264501, 14.611316190122357 ], [ 120.98233537430994, 14.610137602443558 ], [ 120.982258844312511, 14.609869740435144 ], [ 120.982224407219164, 14.609689890610355 ], [ 120.98220145030551, 14.609521520770226 ], [ 120.982151711746525, 14.60909676976649 ], [ 120.982128757462533, 14.608817429235659 ], [ 120.982090501531573, 14.608300840677257 ], [ 120.98207137950547, 14.607791905700276 ], [ 120.982002512391816, 14.607133733159783 ], [ 120.981964255282222, 14.606666890084512 ], [ 120.981918347621232, 14.606069943269482 ], [ 120.981849484679046, 14.605235748256252 ], [ 120.981826544087866, 14.60437859482281 ], [ 120.981750025335103, 14.603636237451935 ], [ 120.981750037123618, 14.603138782634751 ], [ 120.981750042020394, 14.602932147556947 ], [ 120.981696482538936, 14.602258669062724 ], [ 120.981420992504837, 14.600536703892706 ], [ 120.980892894809216, 14.60040658845716 ], [ 120.980437509814934, 14.600142544513105 ], [ 120.979660675981179, 14.599717777173669 ], [ 120.979886459649279, 14.599656557039944 ], [ 120.980288272829583, 14.599767536759902 ], [ 120.9808010646166, 14.599840253218991 ], [ 120.981218187695561, 14.599840262593476 ], [ 120.981436316640838, 14.599824961193731 ], [ 120.98149371645097, 14.599928280022249 ], [ 120.981531972562479, 14.600437215423767 ], [ 120.98171945804215, 14.601642590921761 ], [ 120.981830411620734, 14.602660462501483 ], [ 120.981952848552993, 14.603555883924006 ], [ 120.981952829691494, 14.604351811632091 ], [ 120.98202169081992, 14.605262538154786 ], [ 120.982075237425349, 14.606479390377208 ], [ 120.982343036830727, 14.609762598211505 ], [ 120.982473140818584, 14.610091686632559 ], [ 120.982580259239413, 14.611461603089163 ], [ 120.982672070210242, 14.612839172355498 ], [ 120.982710328771176, 14.613244790225524 ], [ 120.982763843824401, 14.615793290762639 ], [ 120.982817392245622, 14.616933611490841 ], [ 120.982878575986206, 14.618846900663334 ], [ 120.982909152080396, 14.620469369406885 ], [ 120.982939745401922, 14.62136478878741 ], [ 120.98297797168604, 14.62313266758224 ], [ 120.983031497805158, 14.62521432592715 ], [ 120.983100329018072, 14.627387822437436 ], [ 120.983130918895569, 14.628428651701276 ], [ 120.982817100117956, 14.629262838144738 ], [ 120.982204793766542, 14.629920995404158 ], [ 120.981699641924152, 14.630426092044814 ], [ 120.981125604107746, 14.631068943862802 ], [ 120.980911293457737, 14.631443943464696 ], [ 120.980758213334127, 14.631757719231409 ], [ 120.980658711281038, 14.631960525507171 ], [ 120.980693138674553, 14.632549818934683 ], [ 120.980872986483021, 14.633081716993781 ], [ 120.981125544090972, 14.633602136959302 ], [ 120.982483996034773, 14.636479752389889 ], [ 120.983153651791028, 14.638052490043158 ], [ 120.983234008244381, 14.638335658450092 ], [ 120.983329659909586, 14.639127761769901 ], [ 120.983367893814545, 14.640574208248463 ], [ 120.983390835136746, 14.641400749119216 ], [ 120.983536183482812, 14.644385481453002 ], [ 120.98355912226738, 14.645319166448875 ], [ 120.98358972991582, 14.645609986892769 ], [ 120.983578236047933, 14.64617631984512 ], [ 120.983608827470121, 14.647152097348471 ], [ 120.983627950769034, 14.647607460292665 ], [ 120.983704434537827, 14.64982687595184 ], [ 120.983708251927752, 14.650224839917486 ], [ 120.983784761350321, 14.651361334639963 ], [ 120.983819198354396, 14.651545011050475 ], [ 120.983884246905035, 14.651854965149058 ], [ 120.983853622305503, 14.652279714372927 ], [ 120.983956892346527, 14.654560355860578 ], [ 120.984041038544916, 14.656408593860212 ], [ 120.983979800223679, 14.65679890321727 ], [ 120.984125216604554, 14.656911790468433 ], [ 120.984173049282006, 14.657018935664931 ], [ 120.984201746740197, 14.6571739126294 ], [ 120.984190263886489, 14.65727531663047 ], [ 120.984090764599003, 14.657361412352186 ], [ 120.983998919353922, 14.657430288654629 ], [ 120.983974042277353, 14.657546998658248 ], [ 120.983937684749051, 14.657663708404153 ], [ 120.98394916130313, 14.657828251421659 ], [ 120.983945328503566, 14.658080805339143 ], [ 120.983949149610396, 14.658321879701123 ], [ 120.983991237167388, 14.658635659862808 ], [ 120.984010359560884, 14.659129288572425 ], [ 120.984056272212953, 14.659515773760887 ], [ 120.984113657703048, 14.660223691576221 ], [ 120.984109818196259, 14.66075941210549 ], [ 120.984113639575128, 14.660989006740889 ], [ 120.984151902762264, 14.661199469270459 ], [ 120.984159547695398, 14.661566820721733 ], [ 120.984197784960017, 14.662871683939562 ], [ 120.984216906266241, 14.663411231562137 ], [ 120.98424176952048, 14.663878074372997 ], [ 120.984261841322521, 14.664679742463152 ], [ 120.984280965166761, 14.665112145963343 ], [ 120.984269480364532, 14.665295821346323 ], [ 120.98421589857881, 14.665563680453065 ], [ 120.984124050161554, 14.665766486911382 ], [ 120.984013067658154, 14.665969292940243 ], [ 120.983844683983918, 14.666126178770321 ], [ 120.983645683415318, 14.666382554885441 ], [ 120.983381626681862, 14.666650409267884 ], [ 120.982937705006748, 14.667109588405914 ], [ 120.982543532680765, 14.667538156054254 ], [ 120.982271821678395, 14.667832796296608 ], [ 120.982130220377385, 14.668215450704826 ], [ 120.982076637413542, 14.668533055299271 ], [ 120.982053664637135, 14.669034336222921 ], [ 120.982095742859585, 14.669742253704538 ], [ 120.9820880834246, 14.66998715438884 ], [ 120.982078513481298, 14.670109604602169 ], [ 120.982076585798097, 14.670712290260251 ], [ 120.982082323123691, 14.670834740817309 ], [ 120.982101416969485, 14.672533740940404 ], [ 120.982059308566605, 14.673100073227653 ], [ 120.98196363301517, 14.673316272618322 ], [ 120.981860303512065, 14.673545864852912 ], [ 120.981789503269582, 14.673719972467181 ], [ 120.980721755464842, 14.676498042610993 ], [ 120.980637561679316, 14.676658756909825 ], [ 120.980515098362048, 14.676876868988552 ], [ 120.980404113593309, 14.677175339419337 ], [ 120.980197451959214, 14.677745494593456 ], [ 120.980045325234855, 14.678198940426311 ], [ 120.979808047499716, 14.678835103349089 ], [ 120.979744422471697, 14.679012081057927 ], [ 120.979710456806615, 14.679124485963625 ], [ 120.979689885500264, 14.679215845002322 ], [ 120.979417686721192, 14.67990844913753 ], [ 120.979358366522789, 14.680099776603084 ], [ 120.979092388542142, 14.680698629768374 ], [ 120.979012019127083, 14.68096266170471 ], [ 120.978826410266976, 14.681309919306115 ], [ 120.978566174981808, 14.681804498406944 ], [ 120.978492505600812, 14.681937470267858 ], [ 120.978176779585269, 14.682511449574951 ], [ 120.977889755695927, 14.683043337191259 ], [ 120.976720613504867, 14.685134534717694 ], [ 120.976568490926965, 14.685412914705752 ], [ 120.975310372834301, 14.687605514508332 ], [ 120.975021435989731, 14.688118269206786 ], [ 120.974770768405023, 14.688585105852589 ], [ 120.974721017742027, 14.688671202696003 ], [ 120.974034073871564, 14.689945437087903 ], [ 120.973938400268921, 14.690079365101075 ], [ 120.973794890091511, 14.690270690680881 ], [ 120.973714523078229, 14.690433318357618 ], [ 120.973637983697714, 14.690561506936264 ], [ 120.973567183591612, 14.690729874691757 ], [ 120.973467683851368, 14.690835103299229 ], [ 120.973117522008934, 14.691175660706604 ], [ 120.972520529820031, 14.691542998607778 ], [ 120.971829782602128, 14.691826149733313 ], [ 120.971244274444174, 14.692042338140233 ], [ 120.970976395062351, 14.692134169953839 ], [ 120.969700141271787, 14.692566544407011 ], [ 120.968951992610286, 14.692815255061378 ], [ 120.968588443748644, 14.692866905680381 ], [ 120.96692377774788, 14.692887914496744 ], [ 120.966851067948298, 14.692899392593359 ], [ 120.966206249513846, 14.692887898396865 ], [ 120.965502119534875, 14.692702293660279 ], [ 120.96495106152085, 14.692547304966507 ], [ 120.964736759890783, 14.692541560293954 ], [ 120.964535849991591, 14.692625740458537 ], [ 120.964380860857332, 14.692753927277852 ], [ 120.964267967165924, 14.692862982161582 ], [ 120.964170381423088, 14.6929433380686 ], [ 120.964126369264193, 14.693102139986348 ], [ 120.9640804427452, 14.693301120909522 ], [ 120.964103399571044, 14.693473317346109 ], [ 120.964156959472234, 14.694129576337913 ], [ 120.964135910074475, 14.694209933962396 ], [ 120.964151213537647, 14.69437065049936 ], [ 120.964244942832579, 14.695541584871055 ], [ 120.964243027158616, 14.695637249229186 ], [ 120.964216237852099, 14.695704213708908 ], [ 120.964044018480664, 14.696236103915414 ], [ 120.963831615217487, 14.696865570910122 ], [ 120.96372254286139, 14.697206133731683 ], [ 120.963680444700202, 14.697340062949079 ], [ 120.96353501461266, 14.697805945321072 ], [ 120.963445077384876, 14.698102502947801 ], [ 120.963399152044033, 14.698251738383769 ], [ 120.963276685374581, 14.698611433785922 ], [ 120.963173353788093, 14.698929037280895 ], [ 120.963073848837652, 14.699254294014009 ], [ 120.962943727990108, 14.699636948701452 ], [ 120.962661479513443, 14.700511315001471 ], [ 120.962574412398737, 14.700807872693925 ], [ 120.962144819769534, 14.702175864004678 ], [ 120.961699919984866, 14.70353907175504 ], [ 120.961355481152779, 14.704606678758534 ], [ 120.961301901815204, 14.704771220328809 ], [ 120.961209094180347, 14.705080214266905 ], [ 120.960611110539247, 14.706915044095433 ], [ 120.960574752151118, 14.707068106324309 ], [ 120.960416884342052, 14.707557904525578 ], [ 120.960353737191213, 14.707754971779025 ], [ 120.96008584032235, 14.708585332787433 ], [ 120.959625631616731, 14.710018375223381 ], [ 120.957887171520269, 14.715439637984435 ], [ 120.957198293724673, 14.717580591900081 ], [ 120.957173413319893, 14.717837928589869 ] ] ] } },
{ "type": "Feature", "properties": { "fid": 29, "route_long_name": "Malinta - Sta. Cruz", "Notes": null, "route_id": null, "trip_id": null, "last_updated": null }, "geometry": { "type": "MultiLineString", "coordinates": [ [ [ 120.964124463014343, 14.692799840437184 ], [ 120.964331115586077, 14.692612342848623 ], [ 120.964578905287837, 14.692473635027538 ], [ 120.964774073873755, 14.692435373646477 ], [ 120.96516632126, 14.692493737732176 ], [ 120.96621199259431, 14.692767361380916 ], [ 120.966772620550941, 14.692799899856517 ], [ 120.966883597390307, 14.692836254818861 ], [ 120.967694882646768, 14.692836273022476 ], [ 120.968602795310346, 14.692824813666181 ], [ 120.968934773088307, 14.692766465830758 ], [ 120.969965151628386, 14.692428793616683 ], [ 120.970571706964279, 14.692225998697763 ], [ 120.971268193456709, 14.691983026748744 ], [ 120.971595389004179, 14.691870150098083 ], [ 120.972417205664073, 14.691546822865387 ], [ 120.972821897341561, 14.691303844369498 ], [ 120.973106043233813, 14.691104868792948 ], [ 120.973314608941863, 14.690928850976601 ], [ 120.973412195364062, 14.690819795750167 ], [ 120.973496387971281, 14.690708826935213 ], [ 120.973555706628858, 14.690582551258125 ], [ 120.973723137540304, 14.690259209342871 ], [ 120.973936489375149, 14.689973177574236 ], [ 120.974372765253236, 14.689182999420515 ], [ 120.975008043919431, 14.688042694030559 ], [ 120.975995403364763, 14.68632841014707 ], [ 120.976378100584768, 14.685674074243357 ], [ 120.978459978742038, 14.681891550626554 ], [ 120.97892208788015, 14.681006665309827 ], [ 120.979063688092793, 14.680669929804758 ], [ 120.979431085249018, 14.679711380777574 ], [ 120.979524847708788, 14.679481788325795 ], [ 120.979647312815914, 14.679188101371411 ], [ 120.979665494479875, 14.679007296066658 ], [ 120.979746819761019, 14.678778659980006 ], [ 120.979857804031241, 14.678501235716 ], [ 120.979922864750094, 14.678297472008031 ], [ 120.979995578559695, 14.678116667927455 ], [ 120.980240510269255, 14.677466155517518 ], [ 120.980489269453187, 14.676787900518804 ], [ 120.980606948455943, 14.676603270871993 ], [ 120.980689227813315, 14.676485605509271 ], [ 120.980804996692711, 14.676162262442775 ], [ 120.981177178050871, 14.675175014211085 ], [ 120.981285292163008, 14.674899503172343 ], [ 120.98200382044223, 14.673069459375096 ], [ 120.982055496250709, 14.672487820999038 ], [ 120.982044041583606, 14.67139915990122 ], [ 120.982044073259601, 14.670061771630685 ], [ 120.981998153537347, 14.669973759354693 ], [ 120.981986707480928, 14.668521573553035 ], [ 120.982105350778852, 14.668016468201458 ], [ 120.982365585226816, 14.66755728493912 ], [ 120.982775064277959, 14.667151677089521 ], [ 120.98333762118456, 14.666527957852644 ], [ 120.983716485244699, 14.666141482195972 ], [ 120.984011158147453, 14.665804750135742 ], [ 120.984183373533284, 14.665441229295759 ], [ 120.984171912930933, 14.664603208927497 ], [ 120.984137500398447, 14.663386357036645 ], [ 120.984080151525959, 14.661132502582719 ], [ 120.98404190782631, 14.660099326251231 ], [ 120.983904169960667, 14.658936044109673 ], [ 120.983842963182667, 14.657994705085216 ], [ 120.983881239694014, 14.657642660970012 ], [ 120.983728171174235, 14.657466635046109 ], [ 120.983624849284368, 14.657374794906918 ], [ 120.98351387656993, 14.657164330745918 ], [ 120.983582765715681, 14.656892645410336 ], [ 120.983754974303963, 14.65681611776067 ], [ 120.983743502553949, 14.656448766225891 ], [ 120.983640287443038, 14.651849219807628 ], [ 120.983605852795733, 14.651566052426862 ], [ 120.983602033592788, 14.6512446199759 ], [ 120.983559980028872, 14.649495873904419 ], [ 120.983445257186432, 14.646048126571479 ], [ 120.983429960251627, 14.645611896592888 ], [ 120.98337641209622, 14.644460096092038 ], [ 120.983387901703708, 14.644073612200541 ], [ 120.983353475396783, 14.643438399855389 ], [ 120.983338189884407, 14.642520021336702 ], [ 120.983294199344812, 14.641766184930658 ], [ 120.983288471629137, 14.64123811735225 ], [ 120.983232997918464, 14.640599077961191 ], [ 120.983225355978377, 14.640105449522094 ], [ 120.983210073186214, 14.639072273736423 ], [ 120.983198596723341, 14.638903904147455 ], [ 120.983110592528064, 14.638372008147584 ], [ 120.983057024339246, 14.638065880888037 ], [ 120.982819774362554, 14.637530154961045 ], [ 120.982203685797913, 14.63630563690003 ], [ 120.980937074022705, 14.633573433408555 ], [ 120.98060799285301, 14.632513464553359 ], [ 120.980581219365916, 14.631912691570749 ], [ 120.980619495335091, 14.631583606922531 ], [ 120.980774488958005, 14.6312660046232 ], [ 120.981227978677055, 14.630764733396807 ], [ 120.981566661703198, 14.63035529740808 ], [ 120.982638197364892, 14.629222655081806 ], [ 120.982781708088297, 14.629008370068684 ], [ 120.982921394034349, 14.628707987017526 ], [ 120.983022809858852, 14.628489874483382 ], [ 120.982980742793544, 14.6273112882383 ], [ 120.982965444953621, 14.626913324027523 ], [ 120.982843086715306, 14.622696434931138 ], [ 120.982797210967618, 14.620752533487309 ], [ 120.982621290893704, 14.615961656885622 ], [ 120.982541009700114, 14.61250243076082 ], [ 120.982506575780278, 14.61218865079068 ], [ 120.982430064461795, 14.611132514216237 ], [ 120.982353550060623, 14.610206481212089 ], [ 120.982200488977696, 14.609716676101895 ], [ 120.981909743721587, 14.605798256213458 ], [ 120.98183322079737, 14.605231921315372 ], [ 120.981798805467378, 14.604133693366078 ], [ 120.981760544186685, 14.603842872766572 ], [ 120.981760544186685, 14.603842872766572 ], [ 120.981772033253051, 14.60347934835033 ], [ 120.98174717254318, 14.602905361463961 ], [ 120.981687872790573, 14.602233796128525 ], [ 120.981408555667201, 14.600523310599071 ], [ 120.980352364175246, 14.600098536981374 ], [ 120.979659719685969, 14.599700557562553 ], [ 120.979862541634432, 14.599673776092294 ], [ 120.98050161721153, 14.599796240871026 ], [ 120.981037371352841, 14.599807732638146 ], [ 120.981423879259111, 14.599834527353087 ], [ 120.981531016720666, 14.600400862935132 ], [ 120.981668759289207, 14.601365163058121 ], [ 120.981860064603893, 14.602865184958072 ], [ 120.981898321169083, 14.603354987484007 ], [ 120.981955706651746, 14.604062905244881 ], [ 120.982043679649905, 14.605911143201434 ], [ 120.982185227001878, 14.607805301273086 ], [ 120.982330600174393, 14.609741551766632 ], [ 120.982468357615375, 14.610078293510769 ], [ 120.982537216749961, 14.611073204702759 ], [ 120.982789669356023, 14.616024799165908 ], [ 120.982835556707826, 14.617478898920945 ], [ 120.982858493311596, 14.61850442169607 ], [ 120.982969375356234, 14.622541461455594 ], [ 120.983114654787229, 14.628434391199537 ], [ 120.982885028708637, 14.629153782264506 ], [ 120.982816143459885, 14.629260924835549 ], [ 120.981805838596543, 14.630320863599591 ], [ 120.981400185090209, 14.630780043567622 ], [ 120.981059589108796, 14.631170346635361 ], [ 120.980914163798246, 14.631434377090121 ], [ 120.980787871576595, 14.63174050030719 ], [ 120.980657753806966, 14.631993051379036 ], [ 120.980696008833661, 14.632547905711446 ], [ 120.981181986518394, 14.633734155088282 ], [ 120.982406505661075, 14.636366866666528 ], [ 120.982892487063182, 14.637396226444601 ], [ 120.983148869856876, 14.637985524861062 ], [ 120.983263666033551, 14.638337572404176 ], [ 120.983332530975304, 14.639087582789559 ], [ 120.983355472659881, 14.639898817355752 ], [ 120.9834013582051, 14.641429448673591 ], [ 120.983439609697257, 14.642133539465922 ], [ 120.98376086001457, 14.650674463752001 ], [ 120.983791458598645, 14.651347941775269 ], [ 120.983867984790933, 14.651776519980597 ], [ 120.983867962673401, 14.652710204470512 ], [ 120.984066870151324, 14.65638372169761 ], [ 120.983969276885077, 14.656781683390005 ], [ 120.984107039314239, 14.656907963484638 ], [ 120.984179745941077, 14.657030415542831 ], [ 120.984196963174199, 14.657175825810036 ], [ 120.984175913096138, 14.65728488274792 ], [ 120.984108942299002, 14.65734801974512 ], [ 120.98399222256063, 14.657424548640693 ], [ 120.983936728181604, 14.657657968519091 ], [ 120.983957758862445, 14.658367798804314 ], [ 120.983988365967704, 14.658681578708268 ], [ 120.984007490038081, 14.659104415765322 ], [ 120.984061052517703, 14.659651617309951 ], [ 120.984105050265697, 14.660101240956774 ], [ 120.984120354860764, 14.660214125287158 ], [ 120.984112691346539, 14.660631221879965 ], [ 120.984122249756226, 14.660995703442033 ], [ 120.984155729535175, 14.661201382644425 ], [ 120.984165280807062, 14.661867207053335 ], [ 120.984241772784387, 14.663740317642883 ], [ 120.984283833513231, 14.665186764256935 ], [ 120.984253211724521, 14.665492889637584 ], [ 120.984165189580665, 14.665718655636885 ], [ 120.984038899808354, 14.665921461322091 ], [ 120.983859035047985, 14.666105132925415 ], [ 120.983591150137784, 14.666430385859615 ], [ 120.982890825182409, 14.667165072703687 ], [ 120.982527268209964, 14.667559201856545 ], [ 120.982312961188143, 14.667781138446038 ], [ 120.982125435451948, 14.668274762523524 ], [ 120.982075678852141, 14.668611500083244 ], [ 120.982079493705754, 14.669116608184149 ], [ 120.982098608940248, 14.669912536395595 ], [ 120.982094779494687, 14.670023507010134 ], [ 120.982077555305096, 14.67017178643885 ], [ 120.982087105128116, 14.670898836070846 ], [ 120.98210623264346, 14.67117626325185 ], [ 120.982098545475367, 14.672592096158452 ], [ 120.982069836053427, 14.672942227208383 ], [ 120.982044958342797, 14.673085723246075 ], [ 120.98161633016133, 14.674126542269855 ], [ 120.980732279099911, 14.676502826067201 ], [ 120.980554325301441, 14.676789815266945 ], [ 120.980345750893079, 14.677333184366301 ], [ 120.979731507259046, 14.678999644396409 ], [ 120.979700889730466, 14.679125920715 ], [ 120.979710454915761, 14.679204365736304 ], [ 120.979540152667482, 14.679579366355679 ], [ 120.979276085512566, 14.680287276977573 ], [ 120.979157447245456, 14.680580007374415 ], [ 120.979027327439169, 14.68091865642505 ], [ 120.978853199461255, 14.681247738048343 ], [ 120.978554693942016, 14.681829370893068 ], [ 120.977928982091527, 14.682979242924429 ], [ 120.977098527680155, 14.684460109184421 ], [ 120.976562750384957, 14.685426307592943 ], [ 120.975358210021824, 14.687522287554264 ], [ 120.975236703409152, 14.687740399658795 ], [ 120.974160364754326, 14.689695755837979 ], [ 120.973995804182337, 14.690009531377287 ], [ 120.973823592331939, 14.690223815769043 ], [ 120.973525087719466, 14.690767182863343 ], [ 120.973125175712354, 14.691172790946464 ], [ 120.972509049301323, 14.691545868282301 ], [ 120.971484409243388, 14.691957202212267 ], [ 120.971128512226798, 14.692084427879012 ], [ 120.969777635001705, 14.69253784682579 ], [ 120.969002698075855, 14.692809516335197 ], [ 120.968606620905135, 14.692876472528406 ], [ 120.967707318897524, 14.692874539061869 ], [ 120.966964916079675, 14.692886002131916 ], [ 120.966848197927078, 14.692895565953059 ], [ 120.966189985405663, 14.692893637896097 ], [ 120.965156751408628, 14.692612361374374 ], [ 120.965061081928894, 14.692572180179457 ], [ 120.964762590998902, 14.692537734297641 ], [ 120.964555941009777, 14.692616174469391 ], [ 120.964337808076976, 14.692799845224304 ], [ 120.964267010507982, 14.692861068852229 ], [ 120.964188562793197, 14.692774969131348 ], [ 120.964123506220318, 14.69280366699183 ] ] ] } },
{ "type": "Feature", "properties": { "fid": 30, "route_long_name": "Cubao - Roces", "Notes": null, "route_id": null, "trip_id": null, "last_updated": null }, "geometry": { "type": "MultiLineString", "coordinates": [ [ [ 121.049604607420036, 14.621405346175992 ], [ 121.04912618323084, 14.621315636157821 ], [ 121.048667690637444, 14.62134552561346 ], [ 121.048607887348112, 14.621345524269874 ], [ 121.047760664635931, 14.621744168655859 ], [ 121.045028368996995, 14.623130708482595 ], [ 121.04272591336624, 14.624354055132946 ], [ 121.042175219606307, 14.624570815997487 ], [ 121.041320527680767, 14.624707837348138 ], [ 121.040837117639484, 14.624712809780926 ], [ 121.040433446262085, 14.624677917662757 ], [ 121.039984921354858, 14.624687874172054 ], [ 121.039613626363789, 14.625373068590054 ], [ 121.039454142128491, 14.625744320320738 ], [ 121.039410532670374, 14.62586641001467 ], [ 121.039228617567133, 14.626433255484351 ], [ 121.03901679683419, 14.627168286415108 ], [ 121.038912132517197, 14.627529572792797 ], [ 121.038797500926293, 14.627893350593199 ], [ 121.038563252720152, 14.628680705596537 ], [ 121.036731790438935, 14.628112569072963 ], [ 121.0339908242223, 14.627357538636952 ], [ 121.033821380978111, 14.627382451294642 ], [ 121.03373167403646, 14.627467165257439 ], [ 121.03364819716505, 14.627528208719294 ], [ 121.033703011622421, 14.627748720658143 ], [ 121.033837555799835, 14.628306852477186 ], [ 121.033906074557848, 14.628553527011469 ], [ 121.03392725294141, 14.628635751818921 ], [ 121.033874922908197, 14.628726695737571 ], [ 121.033693020202577, 14.628770295463635 ], [ 121.031852813552121, 14.629175146668825 ], [ 121.029739753122513, 14.629633562143757 ], [ 121.027676529002605, 14.63008201215357 ], [ 121.025533566925802, 14.630540426959016 ], [ 121.021846923162201, 14.63138999558082 ], [ 121.021642593986172, 14.631443561389467 ], [ 121.021598984262383, 14.631576863494294 ], [ 121.021424554576484, 14.631721375069596 ], [ 121.021257602958372, 14.631753762723161 ], [ 121.021115571384883, 14.631701434957577 ], [ 121.021029606015361, 14.631622946163777 ], [ 121.020958592176711, 14.631514557948551 ], [ 121.020944889233775, 14.631431087485074 ], [ 121.020963580506972, 14.631315226345579 ], [ 121.021044566962232, 14.63119562913575 ], [ 121.021195322800551, 14.63112337477545 ], [ 121.021318667794176, 14.631093477788871 ], [ 121.021448240998367, 14.631118397163789 ], [ 121.021546665770273, 14.631180690535572 ], [ 121.021763450895179, 14.631256690621449 ], [ 121.022012631741561, 14.631236763047209 ], [ 121.022603192711117, 14.631089769173057 ], [ 121.024237824524462, 14.630728517158484 ], [ 121.0276952197149, 14.629989821655636 ], [ 121.032265211615794, 14.628983299158493 ], [ 121.032519377131536, 14.628918522061099 ], [ 121.033227052579718, 14.628783989051552 ], [ 121.033605808695327, 14.628701773228087 ], [ 121.033727907904733, 14.628666892921073 ], [ 121.033772762202048, 14.628589652889778 ], [ 121.033820109188611, 14.628475038218268 ], [ 121.033823848222539, 14.628418976257921 ], [ 121.033788966217287, 14.628281934921526 ], [ 121.033574693116947, 14.627352545996049 ], [ 121.033592136982833, 14.627300221813272 ], [ 121.033841316942855, 14.627317668935799 ], [ 121.033985841382247, 14.627325147121669 ], [ 121.034227545222592, 14.627372493833185 ], [ 121.034678558451077, 14.62750954451745 ], [ 121.035112129348619, 14.627634136577822 ], [ 121.037343524476299, 14.628272048185247 ], [ 121.038201943983509, 14.628562344275608 ], [ 121.038426204990856, 14.62861841135763 ], [ 121.038539581174973, 14.628655788600659 ], [ 121.038570731171603, 14.628552385974356 ], [ 121.038656706075031, 14.628228473872358 ], [ 121.03872897428684, 14.627979310854888 ], [ 121.038788782299278, 14.62777998048576 ], [ 121.038883477216956, 14.627510884801014 ], [ 121.038980666004704, 14.627154581548202 ], [ 121.039102773951456, 14.626750937573723 ], [ 121.039235472728237, 14.626319262815409 ], [ 121.039264131275402, 14.626200910255118 ], [ 121.039333906148542, 14.626016529988883 ], [ 121.039453521051882, 14.625665210533557 ], [ 121.03951581939215, 14.625528171381118 ], [ 121.040407878514685, 14.625807255817955 ], [ 121.040746761460213, 14.62590692928692 ], [ 121.041377180305489, 14.626223382541953 ], [ 121.041940322398318, 14.626457609954414 ], [ 121.042048714738741, 14.626504953671025 ], [ 121.042474816364077, 14.6263704143377 ], [ 121.042808720100211, 14.62628446003801 ], [ 121.043749383976888, 14.62594810890622 ], [ 121.044025977260432, 14.625818549507285 ], [ 121.044698772118323, 14.625487175651131 ], [ 121.047003719964465, 14.624246387530071 ], [ 121.048085175532734, 14.623708216206413 ], [ 121.04893738279678, 14.623269705588601 ], [ 121.048558637486863, 14.622895950122397 ], [ 121.048593523919763, 14.622846117978542 ], [ 121.049002184453414, 14.622646795449167 ], [ 121.049253870326581, 14.622068739143767 ], [ 121.049600246748568, 14.621405968989576 ] ] ] } },
{ "type": "Feature", "properties": { "fid": 31, "route_long_name": "Cubao - Proj. 4", "Notes": null, "route_id": null, "trip_id": null, "last_updated": null }, "geometry": { "type": "MultiLineString", "coordinates": [ [ [ 121.069404916554063, 14.629261329120505 ], [ 121.069548205628294, 14.628824048399187 ], [ 121.06956689713752, 14.628698220676792 ], [ 121.069654116082489, 14.628452795467576 ], [ 121.069794911552393, 14.628091509905383 ], [ 121.070081487693798, 14.627301664441513 ], [ 121.07056243810338, 14.625938744679816 ], [ 121.071118145989644, 14.624433802757927 ], [ 121.071187922043165, 14.624199589567247 ], [ 121.071282619676126, 14.623815878154783 ], [ 121.071312523800302, 14.623711229679381 ], [ 121.071412203623751, 14.623387317891812 ], [ 121.071491946183642, 14.623183004681762 ], [ 121.071210373427533, 14.623138148721351 ], [ 121.070660933898324, 14.623003587473933 ], [ 121.070484017193039, 14.622946275632955 ], [ 121.070152609071172, 14.622871518796556 ], [ 121.069377662427996, 14.622689611201876 ], [ 121.068817009722835, 14.622557541348803 ], [ 121.067429074230418, 14.622592393215673 ], [ 121.066614254299239, 14.622597358202167 ], [ 121.066412418789142, 14.62257243720399 ], [ 121.065380821381382, 14.622178733902139 ], [ 121.064025292797126, 14.621645491126216 ], [ 121.063688902779404, 14.621498476433215 ], [ 121.063295201394354, 14.621346477159872 ], [ 121.062953826706462, 14.621244311989367 ], [ 121.06269717281333, 14.621164573539545 ], [ 121.062425568275074, 14.621077359814723 ], [ 121.062049309043573, 14.620945294104111 ], [ 121.06167554132054, 14.620825686681259 ], [ 121.061301773538403, 14.62070857090476 ], [ 121.061236987232249, 14.620683652985576 ], [ 121.061045119822296, 14.620621357515809 ], [ 121.060733646365449, 14.620536634541573 ], [ 121.05972447400876, 14.620192764670314 ], [ 121.05946782052871, 14.620095584695896 ], [ 121.058593204391514, 14.619801550774891 ], [ 121.058299174268939, 14.619686928436161 ], [ 121.057840688053147, 14.619447720084468 ], [ 121.057631379965372, 14.61930319989292 ], [ 121.057227714375969, 14.619024126431183 ], [ 121.057103126197532, 14.61893940765574 ], [ 121.056978536956365, 14.618899538514739 ], [ 121.056814080582683, 14.618786787822021 ], [ 121.055548265076951, 14.617909699863612 ], [ 121.05513463280387, 14.617608201360852 ], [ 121.055037453934943, 14.61754590801849 ], [ 121.054987620104171, 14.617451224337282 ], [ 121.054531627758266, 14.617124808419263 ], [ 121.054342254513401, 14.61696284715125 ], [ 121.053888752908364, 14.616681280923631 ], [ 121.053637085279021, 14.616489418499723 ], [ 121.053447708786763, 14.616464497781131 ], [ 121.05292941426255, 14.616437078025799 ], [ 121.052695184712874, 14.616437072762951 ], [ 121.052553147354615, 14.616628926340889 ], [ 121.052271557769899, 14.617294189591195 ], [ 121.052084663103187, 14.617690357163019 ], [ 121.051043038254136, 14.619838132925556 ], [ 121.050763942067618, 14.62043612178365 ], [ 121.052179271230344, 14.621083981638384 ], [ 121.053694271124371, 14.621791643245253 ], [ 121.053995776599464, 14.621908757398584 ], [ 121.054349607827206, 14.622115571996918 ], [ 121.054723374488333, 14.622280029054792 ], [ 121.055303960798938, 14.622446982405535 ], [ 121.055588022880315, 14.622596487569798 ], [ 121.055742512880585, 14.622673732078207 ], [ 121.055817266224622, 14.622706125160505 ], [ 121.055859626651653, 14.622716092697685 ], [ 121.055966781414327, 14.622412114247565 ], [ 121.056136234162963, 14.621986046525043 ], [ 121.05631066939732, 14.621607320195787 ], [ 121.056527468364948, 14.621099029207468 ], [ 121.05665206528144, 14.620814984320988 ], [ 121.056806563311156, 14.620553364923738 ], [ 121.057058243516138, 14.620214506672752 ], [ 121.057324877141212, 14.619766016318046 ], [ 121.057382189984637, 14.619708709739403 ], [ 121.057454453827475, 14.619643928557601 ], [ 121.057519241963988, 14.61959160543965 ], [ 121.057584030749922, 14.619511874211755 ], [ 121.05765878781348, 14.619387293573348 ], [ 121.057706133914394, 14.619310053599946 ], [ 121.058030063556075, 14.619514375879419 ], [ 121.058286716032512, 14.619653913841971 ], [ 121.058568287490729, 14.619753586022611 ], [ 121.058991890757014, 14.61989561938249 ], [ 121.059482772369321, 14.620052604132093 ], [ 121.060611549828337, 14.620458767849589 ], [ 121.060830826961038, 14.620526047227907 ], [ 121.061087480736205, 14.620610768970495 ], [ 121.061411413034492, 14.620702967163725 ], [ 121.061496133416057, 14.620742835408935 ], [ 121.062256128116886, 14.620972083949107 ], [ 121.062654813168479, 14.621121591688089 ], [ 121.063143203744133, 14.621246184978865 ], [ 121.063626609059142, 14.621440544255732 ], [ 121.064090080062442, 14.621629919792007 ], [ 121.064391585654704, 14.621742050652186 ], [ 121.0650294809694, 14.622013654437138 ], [ 121.065507903030962, 14.622193063723817 ], [ 121.066001275560495, 14.622387423224543 ], [ 121.066233010884886, 14.622489585931726 ], [ 121.066519567130769, 14.622539425296926 ], [ 121.066738845798199, 14.622541921869733 ], [ 121.067401665378327, 14.622550657523298 ], [ 121.067705665578458, 14.62254443523725 ], [ 121.068640092323506, 14.622529506352492 ], [ 121.068849404425421, 14.622504594591426 ], [ 121.069390122169608, 14.622659088813862 ], [ 121.069988152166445, 14.622781192921202 ], [ 121.070578706279818, 14.622923230031425 ], [ 121.07125398083349, 14.623102643740397 ], [ 121.071552995802293, 14.623164941617199 ], [ 121.071488204891168, 14.62333437211409 ], [ 121.071353639815854, 14.623658283117882 ], [ 121.071298815470115, 14.623855121948823 ], [ 121.071229036051335, 14.624231358982032 ], [ 121.071068303701395, 14.62469604741811 ], [ 121.070948689507375, 14.62501746711218 ], [ 121.070882652340259, 14.625201847459806 ], [ 121.070761791624491, 14.625549429413018 ], [ 121.070606044239966, 14.625956810095596 ], [ 121.070536268954029, 14.62615863188414 ], [ 121.070419145796293, 14.626512443037816 ], [ 121.070338158072616, 14.626685610641356 ], [ 121.070268382343883, 14.626906119777944 ], [ 121.070120110104895, 14.627324713038091 ], [ 121.070067778478119, 14.627482931407375 ], [ 121.06996685455367, 14.627730847954687 ], [ 121.06985222396726, 14.628052267762365 ], [ 121.069612995343434, 14.628705073739853 ], [ 121.069595549293297, 14.628849588838081 ], [ 121.069513314044343, 14.629091276689838 ], [ 121.069460982092892, 14.629263199114696 ], [ 121.069406162470386, 14.629260706236849 ] ] ] } },
{ "type": "Feature", "properties": { "fid": 32, "route_long_name": "UP - TOKI", "Notes": null, "route_id": null, "trip_id": null, "last_updated": "2026-03-15" }, "geometry": { "type": "MultiLineString", "coordinates": [ [ [ 121.072695691320092, 14.656158721561779 ], [ 121.068596358381129, 14.656139549261963 ], [ 121.068621854113672, 14.65386899952038 ], [ 121.068647329054869, 14.652476141500017 ], [ 121.070685863845426, 14.652520707869668 ], [ 121.071697180707758, 14.652539810833511 ], [ 121.071671705841837, 14.653929488809917 ], [ 121.072695743977732, 14.65393587188912 ], [ 121.072752989559334, 14.653884992495399 ], [ 121.072791154962857, 14.65378005195166 ], [ 121.072819806229859, 14.652552556211923 ], [ 121.072822994006458, 14.652234552039527 ], [ 121.072821405881228, 14.652150280879235 ], [ 121.07274428799883, 14.652023077450007 ], [ 121.072148798962104, 14.651538107606365 ], [ 121.071860992646975, 14.65129800793958 ], [ 121.071519121256969, 14.651097657589204 ], [ 121.071321948744512, 14.650989531718764 ], [ 121.071250394592525, 14.650933879369353 ], [ 121.07124245641505, 14.650409172189502 ], [ 121.072048647934636, 14.650413960356905 ], [ 121.072276034075088, 14.650466436163191 ], [ 121.072609957569256, 14.650552304807382 ], [ 121.072789640778495, 14.650574569139343 ], [ 121.073079042601577, 14.650587295807833 ], [ 121.073748483289691, 14.650607981116494 ], [ 121.073770745292919, 14.650595261446684 ], [ 121.073785080946465, 14.64955856793704 ], [ 121.073804191221413, 14.648342202139387 ], [ 121.073214257440114, 14.648286538149037 ], [ 121.072905774233661, 14.648270631009405 ], [ 121.072727680806963, 14.648262676903954 ], [ 121.072404887862433, 14.648189528679382 ], [ 121.072264958144288, 14.648148184985535 ], [ 121.071391993912016, 14.647620278339662 ], [ 121.071121677276736, 14.647450139999702 ], [ 121.070997649000176, 14.647399256535685 ], [ 121.070503123717657, 14.647292714009041 ], [ 121.069833684686301, 14.647202067766418 ], [ 121.068982969574051, 14.647205228704241 ], [ 121.068109992420645, 14.647222699333028 ], [ 121.067846031487477, 14.647254493829461 ], [ 121.066768711922435, 14.647769636508915 ], [ 121.066768711922435, 14.647769636508915 ], [ 121.066252712935309, 14.647961222477457 ], [ 121.065996702591008, 14.647993812163183 ], [ 121.065985570948982, 14.648027202358698 ], [ 121.06598397668391, 14.64820210465648 ], [ 121.065985566278115, 14.648224364989185 ], [ 121.06597602084021, 14.64842311742669 ], [ 121.065933084318445, 14.648559858286999 ], [ 121.065933084318445, 14.648559858286999 ], [ 121.065972833364768, 14.64872840142848 ], [ 121.065972833289422, 14.648731581470912 ], [ 121.065993502798023, 14.648819033101951 ], [ 121.066049149481572, 14.649138628616061 ], [ 121.066045959520096, 14.649548854018448 ], [ 121.066098430593655, 14.649672876851731 ], [ 121.06670743653099, 14.65012127651111 ], [ 121.066780580239623, 14.650200779214552 ], [ 121.066801250313262, 14.650264380527467 ], [ 121.066815559561633, 14.650342291888515 ], [ 121.066820329097638, 14.650377272462437 ], [ 121.065851925062688, 14.651221551984227 ], [ 121.065661107122395, 14.651363059588054 ], [ 121.065226994781739, 14.651749424996979 ], [ 121.065045715574456, 14.651975203940028 ], [ 121.06512679633083, 14.652627114462707 ], [ 121.065172904130876, 14.652868798724313 ], [ 121.0651808523657, 14.652968970240009 ], [ 121.065168129886501, 14.653032570803369 ], [ 121.062337714853712, 14.652975266482844 ], [ 121.062367417840179, 14.657694450169547 ], [ 121.063715841418727, 14.657673810169563 ], [ 121.064564967992538, 14.657603868300567 ], [ 121.064778044809756, 14.657581612787471 ], [ 121.065930883095803, 14.657575278587251 ], [ 121.068570485496679, 14.657549897514677 ], [ 121.068540228967933, 14.659416581766822 ], [ 121.071607572975068, 14.659437320912122 ], [ 121.07271270708469, 14.659453245937415 ], [ 121.072741374245254, 14.657554761227855 ], [ 121.072760488774634, 14.656158723017004 ], [ 121.072698474071345, 14.656157131603321 ] ] ] } },
{ "type": "Feature", "properties": { "fid": 33, "route_long_name": "LAGRO-ANONAS", "Notes": null, "route_id": "LTFRB_PUJ1738", "trip_id": 725504, "last_updated": "2026-03-15" }, "geometry": { "type": "MultiLineString", "coordinates": [ [ [ 121.063033176446112, 14.628558916554876 ], [ 121.063211268328686, 14.628632061529501 ], [ 121.064715516625398, 14.62891511908982 ], [ 121.064702787213889, 14.629271283546508 ], [ 121.064702779905161, 14.629579747653951 ], [ 121.063313010038641, 14.629732358467159 ], [ 121.063220782912381, 14.629735536437732 ], [ 121.06311583624516, 14.629678293317939 ], [ 121.062444815492185, 14.629233072315353 ], [ 121.062253997664058, 14.629369809849845 ], [ 121.061964591243822, 14.629551065762598 ], [ 121.061859641110615, 14.629640104590839 ], [ 121.061726066528735, 14.629824544046638 ], [ 121.061633835258306, 14.63000262434652 ], [ 121.061458914727794, 14.630304724440778 ], [ 121.061283993067093, 14.630654525170524 ], [ 121.060848280543894, 14.631465426184386 ], [ 121.060673359712055, 14.631780246448901 ], [ 121.060581128517043, 14.631955146707059 ], [ 121.060492079072063, 14.632066446189471 ], [ 121.060383948469664, 14.632165025073833 ], [ 121.060056375063056, 14.63251800241818 ], [ 121.059585688530234, 14.632963197776792 ], [ 121.059394869722595, 14.633141275863219 ], [ 121.05932172217139, 14.633223955321766 ], [ 121.059223130490125, 14.633398855437553 ], [ 121.059143619815572, 14.633592836236229 ], [ 121.05900685971649, 14.633999878588067 ], [ 121.058866916963254, 14.63450868222473 ], [ 121.058768321891492, 14.634826684247844 ], [ 121.058771500175681, 14.634909365421066 ], [ 121.058765135620789, 14.635081087566572 ], [ 121.05871742858325, 14.635224188402082 ], [ 121.058657003511513, 14.635243267299117 ], [ 121.058583852720602, 14.635462688580306 ], [ 121.058513883604348, 14.635621689127776 ], [ 121.057982786691895, 14.635465855121854 ], [ 121.057912822472986, 14.635418152914621 ], [ 121.057588439707004, 14.635332284484184 ], [ 121.057397626324075, 14.635281399520116 ], [ 121.057238614769815, 14.635255955609418 ], [ 121.056996916592539, 14.635243230010975 ], [ 121.056774298819235, 14.635275025434449 ], [ 121.05658666266568, 14.635351342237051 ], [ 121.056421288515466, 14.63541493937017 ], [ 121.056224110125569, 14.635554856806158 ], [ 121.056080996697872, 14.63565979499033 ], [ 121.055956965030376, 14.63575201343359 ], [ 121.055772507989772, 14.635876030943502 ], [ 121.055495824500781, 14.635974606042833 ], [ 121.055292287131451, 14.636050922488437 ], [ 121.055069669132038, 14.636092258039207 ], [ 121.054748463143156, 14.636152671629933 ], [ 121.054678497341939, 14.636171750312755 ], [ 121.054735734334855, 14.636483395752569 ], [ 121.054808871413385, 14.636842742185513 ], [ 121.054878823351515, 14.63740879130269 ], [ 121.054910619529508, 14.63767273553565 ], [ 121.054939238026037, 14.637828558255839 ], [ 121.054974201337686, 14.63864582993746 ], [ 121.054983729485059, 14.639176897232456 ], [ 121.054974180016032, 14.639545781936752 ], [ 121.054932825327995, 14.640032327495922 ], [ 121.054878747181178, 14.640623814169171 ], [ 121.054729255486933, 14.641479242220264 ], [ 121.054605211087065, 14.642108887832432 ], [ 121.054360313078192, 14.642922973191357 ], [ 121.054109057069326, 14.643632117008595 ], [ 121.053781474396388, 14.644376239579247 ], [ 121.053571567349564, 14.644840521059733 ], [ 121.053399826460023, 14.645168061573161 ], [ 121.053145396084602, 14.645629162011977 ], [ 121.052983198636653, 14.645842221212535 ], [ 121.052216731034193, 14.64706652033852 ], [ 121.052070434802019, 14.647279579896766 ], [ 121.051990924881238, 14.647441760275816 ], [ 121.051660168369096, 14.647915579172359 ], [ 121.05116721184767, 14.648710578714299 ], [ 121.05113222631033, 14.648831419541768 ], [ 121.051256250670178, 14.649047665213551 ], [ 121.051507483701158, 14.649308434336316 ], [ 121.051723733304129, 14.649601003098068 ], [ 121.051904999705201, 14.649915831371507 ], [ 121.05198449772297, 14.650256097699403 ], [ 121.052054450265302, 14.650796706487945 ], [ 121.052028999506035, 14.651168770884162 ], [ 121.051962204832606, 14.65157263477681 ], [ 121.051771376081206, 14.652170478474863 ], [ 121.05179999216746, 14.652428062557133 ], [ 121.05181588660318, 14.652714266736034 ], [ 121.051949452144598, 14.652911432368205 ], [ 121.052140262966574, 14.653070438776197 ], [ 121.052897150890871, 14.653490221377652 ], [ 121.054194672314622, 14.65424074053559 ], [ 121.055829291299744, 14.65533789189236 ], [ 121.056621159261283, 14.655868976766012 ], [ 121.058561076690339, 14.657172837739346 ], [ 121.059006304552526, 14.657433611219375 ], [ 121.059448351192231, 14.657735725180238 ], [ 121.0617253687427, 14.659278096909299 ], [ 121.063124654027064, 14.660193980562219 ], [ 121.063811575470481, 14.660661462230616 ], [ 121.066257144172283, 14.662276978722554 ], [ 121.066877282468084, 14.662661777787047 ], [ 121.068216144411934, 14.663523599361834 ], [ 121.068747236653152, 14.663876596002332 ], [ 121.069141580096982, 14.664159628637837 ], [ 121.06948504040399, 14.664410859706029 ], [ 121.070439098050912, 14.665056429752276 ], [ 121.070839801378241, 14.665364902870685 ], [ 121.071230964804755, 14.665638395307438 ], [ 121.072388554998327, 14.666411171623356 ], [ 121.073196323871372, 14.666954977025727 ], [ 121.073695614358698, 14.667279352570107 ], [ 121.074538365077302, 14.667858139225528 ], [ 121.075047195766587, 14.668204775281717 ], [ 121.075648250869989, 14.668662714896124 ], [ 121.07608711643644, 14.668999809254251 ], [ 121.076637287800409, 14.669451387641528 ], [ 121.078179671441575, 14.670898341609618 ], [ 121.078783903398232, 14.671499383209269 ], [ 121.079365873502326, 14.672106784394478 ], [ 121.0799701035005, 14.672790507100173 ], [ 121.080323100920666, 14.673194380424558 ], [ 121.080863725077265, 14.673919442255894 ], [ 121.081401169442671, 14.674625423761142 ], [ 121.082065817507058, 14.675585811524682 ], [ 121.082317048051337, 14.675951522055261 ], [ 121.082701842102992, 14.676600259369689 ], [ 121.08299123119609, 14.677150413224362 ], [ 121.083321960587611, 14.677821409623832 ], [ 121.083487324793765, 14.678177578100261 ], [ 121.084132877992957, 14.679704013011948 ], [ 121.084330042295491, 14.68015876352192 ], [ 121.085048738375193, 14.681799681610604 ], [ 121.08538900593561, 14.682578799674513 ], [ 121.086088623042571, 14.68411477593459 ], [ 121.086279426708529, 14.684575886389132 ], [ 121.086613332427291, 14.685412245078897 ], [ 121.086823215895038, 14.68594331689892 ], [ 121.087109418419217, 14.686760594263943 ], [ 121.087230254703385, 14.687307564299275 ], [ 121.0873542680675, 14.687988096194754 ], [ 121.087392421947214, 14.688369702161017 ], [ 121.087427385717803, 14.689167893634805 ], [ 121.087433724739867, 14.690074205915232 ], [ 121.087427346781197, 14.690811975653856 ], [ 121.087481374764522, 14.692338397313716 ], [ 121.087494079243868, 14.693034826929047 ], [ 121.087500429487818, 14.693467312866005 ], [ 121.087516281450746, 14.695547061089988 ], [ 121.08753848757479, 14.69789393304332 ], [ 121.087516215480562, 14.698332778426286 ], [ 121.087490763670388, 14.698749363439784 ], [ 121.087414422548392, 14.69939491038134 ], [ 121.087188607590477, 14.700142215334195 ], [ 121.087016862187568, 14.700660558430965 ], [ 121.086845118817962, 14.701093040376872 ], [ 121.086638393753148, 14.701484180983861 ], [ 121.086339438324657, 14.702015241398303 ], [ 121.086011861687169, 14.702504960616675 ], [ 121.085639762248618, 14.702969238495392 ], [ 121.085388516792463, 14.70323317639874 ], [ 121.085038682293757, 14.703560712943457 ], [ 121.084733372704719, 14.703824649634202 ], [ 121.084310392990886, 14.704136284325019 ], [ 121.083833348767612, 14.704463818016444 ], [ 121.08347079728749, 14.704622812015655 ], [ 121.083012838062061, 14.704800884130449 ], [ 121.082475373587073, 14.704943973992336 ], [ 121.08185840265763, 14.705102962283934 ], [ 121.081473592412351, 14.70513793412009 ], [ 121.079625870709947, 14.705156972922691 ], [ 121.076610999857081, 14.705172805497909 ], [ 121.075586961497024, 14.705175962566479 ], [ 121.074642427332165, 14.705258622485641 ], [ 121.074171748789823, 14.705366733377106 ], [ 121.073570678622787, 14.705544802282285 ], [ 121.071627535089235, 14.706177587182497 ], [ 121.070498540346151, 14.706533726635135 ], [ 121.069439518632265, 14.706565503303716 ], [ 121.066605921629218, 14.706581339947817 ], [ 121.065655028933634, 14.706581318615372 ], [ 121.065079403421109, 14.706644906555621 ], [ 121.064685050336223, 14.706768919373783 ], [ 121.064290695218148, 14.706978793344781 ], [ 121.064036271475487, 14.707160050070817 ], [ 121.063622828874486, 14.707624327029848 ], [ 121.06277367993745, 14.708638741602901 ], [ 121.061711448686623, 14.709907554815057 ], [ 121.061228037799992, 14.710495851873139 ], [ 121.061218475459853, 14.711408523918891 ], [ 121.06121207039719, 14.713291109068425 ], [ 121.061224755076609, 14.714823889950138 ], [ 121.061224690849414, 14.717536466407902 ], [ 121.061234148077972, 14.721063134036912 ], [ 121.061230913699859, 14.723349584715709 ], [ 121.061234041766511, 14.725553354432227 ], [ 121.061237177664111, 14.727426399705262 ], [ 121.061233990494415, 14.727718963570821 ], [ 121.061262550344125, 14.730352039650088 ], [ 121.061259309645976, 14.732905613955623 ], [ 121.06126881235636, 14.734511535793629 ], [ 121.061224285338838, 14.734664176850822 ], [ 121.06122745060037, 14.735297005444448 ], [ 121.061189287833344, 14.735290644503069 ], [ 121.061189303567815, 14.734626015552507 ], [ 121.061144782874194, 14.73451153301248 ], [ 121.061145344249823, 14.710801134118983 ], [ 121.060925912368063, 14.710594426419929 ], [ 121.061075388463891, 14.710397267124609 ], [ 121.061628766431284, 14.709735830653756 ], [ 121.061876832398525, 14.709440092246391 ], [ 121.062678276408533, 14.708479737327373 ], [ 121.063139424463714, 14.707939140412803 ], [ 121.063530605136933, 14.707484403082105 ], [ 121.06388362198895, 14.707067825408052 ], [ 121.064160308337136, 14.706848408669114 ], [ 121.06465643274143, 14.706574936127371 ], [ 121.065406974111113, 14.706406410702346 ], [ 121.06589991157027, 14.706415961889077 ], [ 121.06731193944411, 14.706419173609472 ], [ 121.070352251797942, 14.706422421859211 ], [ 121.071070991488213, 14.706222095294391 ], [ 121.072489391216919, 14.705745120712907 ], [ 121.073818743158725, 14.705309484689328 ], [ 121.074152670795044, 14.70522045098595 ], [ 121.07489685122475, 14.705071005675702 ], [ 121.075723715264544, 14.705036043756847 ], [ 121.077453767446471, 14.705039262613012 ], [ 121.079581350996136, 14.705001149833086 ], [ 121.08157218868412, 14.704769051382765 ], [ 121.082904717703059, 14.704466977225106 ], [ 121.083772933184903, 14.704082211541717 ], [ 121.084351745338466, 14.703748320048426 ], [ 121.084736562285556, 14.703430324416328 ], [ 121.085121381341153, 14.703023287590209 ], [ 121.085448954288708, 14.702689390461071 ], [ 121.085922824594405, 14.702094733117299 ], [ 121.086282206374065, 14.701490533077598 ], [ 121.086542999563036, 14.700930851423587 ], [ 121.086727464658154, 14.700466569336774 ], [ 121.086886487959049, 14.699995926594214 ], [ 121.086994626014658, 14.699582523477753 ], [ 121.087125030516461, 14.69896877817528 ], [ 121.087144128994595, 14.698250088969191 ], [ 121.087179168752542, 14.695839617446461 ], [ 121.087163320329111, 14.693610407218815 ], [ 121.087166508555143, 14.693273322773944 ], [ 121.087166515333095, 14.692987118939532 ], [ 121.08710936359077, 14.689075665262965 ], [ 121.087058501541847, 14.688153451771621 ], [ 121.086963109687872, 14.687501540901467 ], [ 121.086810473382599, 14.686852808789759 ], [ 121.086734154552175, 14.686557063117275 ], [ 121.086581512749049, 14.686140474114165 ], [ 121.08640660992198, 14.685695264228501 ], [ 121.085500284845196, 14.683828558899453 ], [ 121.085118677061445, 14.682925418246583 ], [ 121.084759329322679, 14.682092239030519 ], [ 121.08450810435167, 14.681491205348539 ], [ 121.084263239565672, 14.680902891979942 ], [ 121.084110595653911, 14.68057534417089 ], [ 121.083872090224446, 14.680034731583874 ], [ 121.083156573333639, 14.678438334165058 ], [ 121.082825844393938, 14.677748257509794 ], [ 121.082377450827636, 14.676873735746696 ], [ 121.082208905775772, 14.676543007539598 ], [ 121.082097602087188, 14.676339482318905 ], [ 121.081079961347726, 14.674774878550014 ], [ 121.080968657734516, 14.67456817328714 ], [ 121.079744301117131, 14.673006744923139 ], [ 121.079407204611243, 14.672615592125783 ], [ 121.078440435333519, 14.671575696519616 ], [ 121.077451402621449, 14.670608941392329 ], [ 121.076707240946561, 14.669966556099036 ], [ 121.076185691619997, 14.669521338439107 ], [ 121.07542244735636, 14.668926653355484 ], [ 121.074894535961562, 14.66854821644568 ], [ 121.074430228450012, 14.6682111215164 ], [ 121.071339080265574, 14.666179004960103 ], [ 121.069847570268095, 14.66516453791739 ], [ 121.069030260740377, 14.664617552258465 ], [ 121.068594573533204, 14.664359959034652 ], [ 121.068133446942127, 14.663994243794775 ], [ 121.066820027018551, 14.663129242748333 ], [ 121.066498826605368, 14.662954333199821 ], [ 121.064921450719709, 14.66191124384785 ], [ 121.064349016748537, 14.661497825471917 ], [ 121.06328365194652, 14.660795012162323 ], [ 121.061680834416009, 14.659739202069833 ], [ 121.058201702812596, 14.657443133281097 ], [ 121.054872038264932, 14.655331510313479 ], [ 121.054216918573516, 14.654892649742015 ], [ 121.053781232645562, 14.654580995796708 ], [ 121.052655446762003, 14.653728719135595 ], [ 121.051962164378551, 14.65328031758003 ], [ 121.051634602724675, 14.653137208313655 ], [ 121.05124979368081, 14.653121299460592 ], [ 121.051154385256481, 14.653168997955289 ], [ 121.050635993419917, 14.653684153195485 ], [ 121.05020347349685, 14.653973527348704 ], [ 121.049360700475248, 14.654336033267244 ], [ 121.048835959226054, 14.654383722121853 ], [ 121.048266696757338, 14.654339188744906 ], [ 121.047662454777893, 14.654161092798386 ], [ 121.047233129486088, 14.653843078910402 ], [ 121.046772008090713, 14.653257940740465 ], [ 121.046609822620724, 14.652965373190941 ], [ 121.046555765417807, 14.652672808069481 ], [ 121.046501709495601, 14.652326182226144 ], [ 121.046492177730798, 14.651947756958032 ], [ 121.046543070811865, 14.651559792919567 ], [ 121.04664484876271, 14.6511304894719 ], [ 121.046787970025179, 14.650694826867973 ], [ 121.046991515078858, 14.650294146088306 ], [ 121.047436763131898, 14.649702668188983 ], [ 121.047885187962706, 14.649257472314675 ], [ 121.048314527869152, 14.648958557965141 ], [ 121.049166841846912, 14.648586512137854 ], [ 121.04954529266476, 14.648507019575174 ], [ 121.049961904667583, 14.648500668845843 ], [ 121.050426217906832, 14.648596080546126 ], [ 121.050753780841475, 14.64868512909058 ], [ 121.050855548622124, 14.648685131375904 ], [ 121.051017742152567, 14.648637434381419 ], [ 121.051109971840532, 14.648526134966819 ], [ 121.051364401236469, 14.648106375077237 ], [ 121.051736503320257, 14.647530795750749 ], [ 121.051933685401508, 14.647235056231606 ], [ 121.052076800034499, 14.647079237365862 ], [ 121.052324868793534, 14.646665837419476 ], [ 121.052563395391758, 14.646312858065437 ], [ 121.052960940776856, 14.645680038548523 ], [ 121.053088154796853, 14.645498778986711 ], [ 121.053574754297813, 14.644557497355121 ], [ 121.053797383371972, 14.644048695566601 ], [ 121.054004109497654, 14.643613034397115 ], [ 121.054287170800862, 14.642783049682215 ], [ 121.054471639745003, 14.642156585468809 ], [ 121.054621127747467, 14.641456979494919 ], [ 121.054719727037963, 14.640960895093126 ], [ 121.05478016265738, 14.640496610258667 ], [ 121.054840604153469, 14.639784282117008 ], [ 121.054862876930613, 14.639316816383836 ], [ 121.054859717331112, 14.638445484694946 ], [ 121.054815210125668, 14.637761774579788 ], [ 121.054719818502633, 14.637100323619112 ], [ 121.054688022023299, 14.636849099555908 ], [ 121.054649866489214, 14.636537454544527 ], [ 121.054579908674356, 14.636219448734172 ], [ 121.054586270968898, 14.636143127859736 ], [ 121.054796167769737, 14.636111332150373 ], [ 121.0552000605324, 14.636031840162586 ], [ 121.055518086956226, 14.635942806119001 ], [ 121.055769328424731, 14.635847410490598 ], [ 121.055988768667305, 14.635701133469768 ], [ 121.056195488464695, 14.635532595866581 ], [ 121.056367224382058, 14.635414938155808 ], [ 121.056637547987449, 14.635290922574738 ], [ 121.056895149490131, 14.635214607343684 ], [ 121.057159109670806, 14.635214613272645 ], [ 121.057572540073494, 14.63526550323704 ], [ 121.057935084551673, 14.635402253202749 ], [ 121.058227665564331, 14.635459500537431 ], [ 121.058513885337248, 14.635548548153031 ], [ 121.058609298809628, 14.635287786820918 ], [ 121.058622021665784, 14.635208286047185 ], [ 121.058590220891986, 14.63513832440054 ], [ 121.058688814984222, 14.63486166292814 ], [ 121.058736519535429, 14.634823503491134 ], [ 121.058898724292007, 14.634301980184743 ], [ 121.059175426315619, 14.633421114662609 ], [ 121.059242214359998, 14.633297094510352 ], [ 121.059347165924819, 14.63314763487641 ], [ 121.059576148855641, 14.632918676969345 ], [ 121.059789229892687, 14.632718339086503 ], [ 121.060005491323565, 14.632511641190456 ], [ 121.060123163182794, 14.632390802223782 ], [ 121.060488900034457, 14.632015565440245 ], [ 121.060676541537447, 14.631713465630776 ], [ 121.060870544958334, 14.631350945159552 ], [ 121.06167200096381, 14.629884963636821 ], [ 121.061815117329957, 14.62965600380242 ], [ 121.061891445124274, 14.629573324415913 ], [ 121.062075902240096, 14.62944612686552 ], [ 121.06226035860243, 14.629350729738638 ], [ 121.062489340478393, 14.629166292426254 ], [ 121.062489340478393, 14.629166292426254 ], [ 121.062794648792419, 14.628956416489778 ], [ 121.063023634059022, 14.628628877272106 ], [ 121.063055437997335, 14.628565277139657 ] ] ] } },
{ "type": "Feature", "properties": { "fid": 34, "route_long_name": "Cubao - Lagro via East Ave", "Notes": null, "route_id": "LTFRB_PUJ1734", "trip_id": 726390, "last_updated": "2026-03-15" }, "geometry": { "type": "MultiLineString", "coordinates": [ [ [ 121.049552295023332, 14.62141544360091 ], [ 121.049496639600278, 14.621464733006615 ], [ 121.048998907510452, 14.62247915532817 ], [ 121.048917807655656, 14.622633385559405 ], [ 121.048876463703508, 14.622666775075077 ], [ 121.048463027422414, 14.622863928411569 ], [ 121.048747653156155, 14.623118338192999 ], [ 121.048879630006738, 14.623255082978543 ], [ 121.046476927674178, 14.624463445089976 ], [ 121.045147568367568, 14.625209135156224 ], [ 121.043951782173892, 14.625832396594047 ], [ 121.043376152813437, 14.626058166669885 ], [ 121.042997700261452, 14.626210800201198 ], [ 121.042452284378712, 14.626387280299479 ], [ 121.041989556249575, 14.626503341450583 ], [ 121.041778072528615, 14.626399985322918 ], [ 121.040983020141255, 14.626045392738989 ], [ 121.040738143678723, 14.625949985967056 ], [ 121.039617117874599, 14.625531785212887 ], [ 121.039536017567599, 14.625705095699594 ], [ 121.039424700279, 14.626075568133988 ], [ 121.039307022391085, 14.626450810489267 ], [ 121.039206837234474, 14.626767222453967 ], [ 121.039101880771298, 14.62712338484125 ], [ 121.039009645808221, 14.627457287217938 ], [ 121.03878224169533, 14.628163251515838 ], [ 121.038627987959686, 14.628667284766967 ], [ 121.038575509652787, 14.628848546003516 ], [ 121.038523031835666, 14.629009136964674 ], [ 121.038507128208792, 14.629110897963486 ], [ 121.038488043622991, 14.629242869293448 ], [ 121.038508711737563, 14.629389151707128 ], [ 121.038592979629399, 14.62975008841013 ], [ 121.038680426445865, 14.630166675926382 ], [ 121.039368878716829, 14.63313685098135 ], [ 121.039457916483926, 14.633518458068737 ], [ 121.039537414048965, 14.633877804645236 ], [ 121.039559674131155, 14.633946176056789 ], [ 121.0402307089782, 14.633796729136801 ], [ 121.041509173206151, 14.633523274207619 ], [ 121.042242222832044, 14.633372238659751 ], [ 121.04251413505321, 14.633311823962028 ], [ 121.043306019968355, 14.633127399290808 ], [ 121.043569981468579, 14.633071754478147 ], [ 121.043878466071504, 14.633028830835149 ], [ 121.04407405177885, 14.632997034804561 ], [ 121.044323699962149, 14.633035200920865 ], [ 121.044481120528957, 14.633097215283449 ], [ 121.044605148165928, 14.633175129107885 ], [ 121.044842073681323, 14.633284845892131 ], [ 121.044950199876496, 14.63337229948656 ], [ 121.045059915025405, 14.633509043773705 ], [ 121.045120335652044, 14.633677587377514 ], [ 121.045193473597081, 14.634000363322956 ], [ 121.045247530233922, 14.634316778755148 ], [ 121.045444685644568, 14.635146774248458 ], [ 121.045584603045128, 14.635708054874279 ], [ 121.045727698993659, 14.6363408865259 ], [ 121.045837405741921, 14.636832205541124 ], [ 121.045918493014184, 14.637209042387251 ], [ 121.048413137988447, 14.648005342454567 ], [ 121.048459243114166, 14.648359918223216 ], [ 121.048392451905883, 14.648617500161976 ], [ 121.048293859320836, 14.648830560792344 ], [ 121.048225480401726, 14.648986381337082 ], [ 121.048128480725651, 14.649081780432507 ], [ 121.047832712462778, 14.649320276974944 ], [ 121.047546484213612, 14.649588984135097 ], [ 121.047344533311929, 14.649819532678404 ], [ 121.047096466511519, 14.650150251523783 ], [ 121.046924726224702, 14.650452351701174 ], [ 121.046837265319411, 14.650630432115154 ], [ 121.04670845816446, 14.650938893341822 ], [ 121.046616224107083, 14.651234635220046 ], [ 121.046551022606138, 14.651509707429387 ], [ 121.046541478034683, 14.651671889380964 ], [ 121.046503304155877, 14.652134584703177 ], [ 121.04652396601837, 14.652544810646035 ], [ 121.046587564440358, 14.652816705705602 ], [ 121.046649575151491, 14.652986839370421 ], [ 121.046873771784576, 14.653430460329998 ], [ 121.04712023415, 14.653703949517171 ], [ 121.04731899445018, 14.653910656741242 ], [ 121.047648144154408, 14.654141217211718 ], [ 121.04807429319564, 14.654290688777012 ], [ 121.048506804794684, 14.654352709316996 ], [ 121.048936137468885, 14.654359079042202 ], [ 121.04927006379026, 14.654325696094189 ], [ 121.049538796031115, 14.654254151172587 ], [ 121.04979162735755, 14.654169885724059 ], [ 121.050054000091407, 14.654057000107525 ], [ 121.050306832773785, 14.653915493894544 ], [ 121.050558076389265, 14.653729467051313 ], [ 121.050763206629739, 14.653537079087776 ], [ 121.051152795454954, 14.653155482739242 ], [ 121.051384953957836, 14.653123687527557 ], [ 121.051661635111429, 14.653123693740312 ], [ 121.05193990299658, 14.653266801899816 ], [ 121.052655446818406, 14.65372633410389 ], [ 121.05324060161287, 14.65414611284934 ], [ 121.053412331503324, 14.654282858531692 ], [ 121.05369218751359, 14.654510237852405 ], [ 121.053951372583796, 14.654710586347987 ], [ 121.054344126020268, 14.654988848883319 ], [ 121.054964264016462, 14.655386368117158 ], [ 121.055485816170119, 14.65571233418169 ], [ 121.05617273836809, 14.65614801542486 ], [ 121.056689520232226, 14.65647080133987 ], [ 121.05704252145793, 14.656714082515515 ], [ 121.057910714426001, 14.657280149570568 ], [ 121.058368663185504, 14.657544103378784 ], [ 121.059572366041522, 14.658353451216991 ], [ 121.060707695289452, 14.659094426606801 ], [ 121.06170945602031, 14.65976384804191 ], [ 121.063565098887523, 14.66098820606274 ], [ 121.064158205004105, 14.66137777458405 ], [ 121.06491191027267, 14.661899318474497 ], [ 121.065174275886704, 14.662086946872035 ], [ 121.066420911721977, 14.662909015845194 ], [ 121.066765963770294, 14.663091876035436 ], [ 121.067171438479576, 14.66335741868712 ], [ 121.067794755888514, 14.66378991846066 ], [ 121.068378321576446, 14.664166766598088 ], [ 121.068586623848049, 14.66432100333577 ], [ 121.06872496148641, 14.66444502809899 ], [ 121.069561353226192, 14.664960213761271 ], [ 121.069893682757566, 14.665208264537224 ], [ 121.070391382257498, 14.665569210534592 ], [ 121.07067919034354, 14.665734579206013 ], [ 121.071428126225598, 14.666214782437553 ], [ 121.073088187187395, 14.667310344348392 ], [ 121.07377510870478, 14.667774645975413 ], [ 121.074493832351976, 14.668251668486464 ], [ 121.074784819550985, 14.668464737866996 ], [ 121.07519506394631, 14.668758901008761 ], [ 121.075748416382126, 14.669175498999856 ], [ 121.076125268224573, 14.669469661392087 ], [ 121.076950524667993, 14.670172469313428 ], [ 121.077330556075594, 14.670495252159823 ], [ 121.07759769043416, 14.670751251579086 ], [ 121.078216233484923, 14.671352293500034 ], [ 121.078707569560152, 14.671837261013708 ], [ 121.079119400724849, 14.672272936083754 ], [ 121.079321340626706, 14.672506673742193 ], [ 121.079807904228161, 14.673080682339808 ], [ 121.080129099292549, 14.673481374907936 ], [ 121.080388281499154, 14.673802565021012 ], [ 121.080900284710523, 14.674475155508654 ], [ 121.081113353429572, 14.674794754565628 ], [ 121.081704857559416, 14.675685179751909 ], [ 121.082247067280804, 14.676602634194017 ], [ 121.08240766210146, 14.676917462009998 ], [ 121.082633448930849, 14.6773579029697 ], [ 121.08271931172898, 14.67751690702398 ], [ 121.082967357925298, 14.678055929802417 ], [ 121.083191554670876, 14.678494780705668 ], [ 121.083625634431868, 14.679483783680732 ], [ 121.084643257773507, 14.681782977286881 ], [ 121.084687778917598, 14.681878379562853 ], [ 121.085487564493974, 14.683802323263107 ], [ 121.085803984448972, 14.684403358409776 ], [ 121.086250785860955, 14.685363741293505 ], [ 121.086338238027651, 14.685554545810515 ], [ 121.086716664024564, 14.686522877267379 ], [ 121.086808883731649, 14.686832933488287 ], [ 121.086951980851495, 14.687416474513007 ], [ 121.087007626972024, 14.687759920360604 ], [ 121.087047370069527, 14.688179686873463 ], [ 121.087104599495802, 14.688810926610985 ], [ 121.087128427595545, 14.68981264056127 ], [ 121.087169709000264, 14.692420276417332 ], [ 121.087180772448491, 14.695266414801072 ], [ 121.087177577294142, 14.695896063167607 ], [ 121.087158455018255, 14.697619645840019 ], [ 121.087158443496151, 14.698106192361795 ], [ 121.087121849501358, 14.699001373541284 ], [ 121.08700734790952, 14.69954356824131 ], [ 121.086907161628929, 14.699907680875285 ], [ 121.086722693182566, 14.700513474859054 ], [ 121.086538228727548, 14.700950726583466 ], [ 121.086363306507991, 14.70132437766941 ], [ 121.08618520483607, 14.701664638236485 ], [ 121.085898971660214, 14.702141638211604 ], [ 121.085501429900148, 14.702621815732478 ], [ 121.084696808813518, 14.703448608770119 ], [ 121.084393089835501, 14.703691875219254 ], [ 121.084116403714532, 14.703901751827107 ], [ 121.083481937645359, 14.70422133187995 ], [ 121.082973093438213, 14.704445513471571 ], [ 121.082088980430498, 14.704674456708158 ], [ 121.08126052389855, 14.704809589934969 ], [ 121.080462280956169, 14.704890663114407 ], [ 121.079431879362417, 14.705009891597468 ], [ 121.078264729385168, 14.705041665839273 ], [ 121.077496700671972, 14.705041648608638 ], [ 121.075828663268595, 14.705036841122437 ], [ 121.075421591998506, 14.705043192075198 ], [ 121.074973177003073, 14.705073392420491 ], [ 121.073920511597436, 14.705281661599471 ], [ 121.073429160495778, 14.705431112582025 ], [ 121.071978958110279, 14.705917626577511 ], [ 121.071476475856258, 14.70607979748147 ], [ 121.07053829701843, 14.706380290467827 ], [ 121.070341120965708, 14.706421626599251 ], [ 121.069226445863023, 14.70641683152834 ], [ 121.067213351925858, 14.706418376387507 ], [ 121.065756800798766, 14.70640880358288 ], [ 121.065403793510185, 14.706421515834219 ], [ 121.064839297794364, 14.706529624621822 ], [ 121.064303421254536, 14.706764935759365 ], [ 121.064039456857813, 14.706943012228603 ], [ 121.063742097385628, 14.707227619379138 ], [ 121.063541736571366, 14.707459758001335 ], [ 121.06283729310185, 14.708288143322111 ], [ 121.062352292432521, 14.708862130150424 ], [ 121.061962701843228, 14.709318457539467 ], [ 121.061320274131404, 14.710103913677985 ], [ 121.06105789699474, 14.710402831807437 ], [ 121.060921142172688, 14.710587271217262 ], [ 121.061151704830095, 14.710797159208724 ], [ 121.06115289551785, 14.727667286057324 ], [ 121.061138457000155, 14.733049508183745 ], [ 121.061149552768256, 14.73453140838768 ], [ 121.061195662303589, 14.734699951691368 ], [ 121.061186107646563, 14.735288259400223 ], [ 121.061238581507666, 14.735294620662501 ], [ 121.061227466202979, 14.734637941569408 ], [ 121.061273583040915, 14.734498020719176 ], [ 121.061260957154516, 14.730481626359289 ], [ 121.061210541361149, 14.710711299375181 ], [ 121.061143758702556, 14.710607946488768 ], [ 121.061315496989749, 14.710390117415201 ], [ 121.061816399815953, 14.709776380407943 ], [ 121.062399990921449, 14.709079964145975 ], [ 121.062889762294304, 14.708491667232297 ], [ 121.06347971354721, 14.707809561307037 ], [ 121.063934501078464, 14.707270554271926 ], [ 121.064120549480847, 14.707094066075951 ], [ 121.064429037544954, 14.706904860456079 ], [ 121.064726394005064, 14.706747455013526 ], [ 121.065092124600611, 14.706636161724031 ], [ 121.06563912784965, 14.706575753184373 ], [ 121.065995315080144, 14.706575761175122 ], [ 121.067280133530019, 14.70656624987083 ], [ 121.069808426740622, 14.70656948663366 ], [ 121.07040313246867, 14.706558369825984 ], [ 121.071021693898089, 14.706383481355166 ], [ 121.073316257760936, 14.705604422375115 ], [ 121.07399047431052, 14.70539296466279 ], [ 121.074373695715209, 14.705303932065284 ], [ 121.074707622937296, 14.705232388596631 ], [ 121.07526257652917, 14.705183110385418 ], [ 121.077124609327839, 14.705164071903717 ], [ 121.080684892100663, 14.705138711436783 ], [ 121.081435429400713, 14.705141908317675 ], [ 121.082003104491079, 14.705070370093393 ], [ 121.082472193325003, 14.704944768932078 ], [ 121.083175031872699, 14.704741261969749 ], [ 121.083669564533977, 14.704536160312893 ], [ 121.08404324814515, 14.704323105838249 ], [ 121.084434424674839, 14.704043270860348 ], [ 121.084777896654117, 14.70380159532426 ], [ 121.085151583390356, 14.703456569079897 ], [ 121.085409189069154, 14.703203761468401 ], [ 121.085655663859384, 14.702952543628644 ], [ 121.086011862044771, 14.702489855414509 ], [ 121.086339438305728, 14.702016036409374 ], [ 121.086604999826022, 14.701542216013294 ], [ 121.086811725192078, 14.701138355235701 ], [ 121.087090012316196, 14.700468962503555 ], [ 121.08717906605149, 14.700176400578872 ], [ 121.087371487553071, 14.699467255388322 ], [ 121.087449410851704, 14.69915720297991 ], [ 121.087503487598553, 14.698624547052397 ], [ 121.087532122701759, 14.69807917038395 ], [ 121.087527393794318, 14.696328556813212 ], [ 121.087422610740091, 14.689362671136527 ], [ 121.087390831166559, 14.688397527498276 ], [ 121.087308161339379, 14.68770109631734 ], [ 121.087203224613788, 14.687224087575284 ], [ 121.087028328828595, 14.686481543708311 ], [ 121.086872506857674, 14.686061774591343 ], [ 121.086691243356142, 14.685624514669453 ], [ 121.085910538259, 14.683741911947253 ], [ 121.085732454435785, 14.683328502417069 ], [ 121.085061458801519, 14.681822737204946 ], [ 121.084423854289113, 14.680377393553202 ], [ 121.083779890608852, 14.678876399016426 ], [ 121.083531845240998, 14.678302395769654 ], [ 121.082964200541781, 14.677090786820306 ], [ 121.08246174352044, 14.676187643461617 ], [ 121.082191433287491, 14.675747201503128 ], [ 121.081854338325712, 14.675290857833096 ], [ 121.081259653199609, 14.674432233001161 ], [ 121.080474157064273, 14.673422551866761 ], [ 121.080167272755062, 14.673036169811308 ], [ 121.079489899462487, 14.672255454166685 ], [ 121.079202094992539, 14.671937443454066 ], [ 121.078693268710055, 14.67140477491003 ], [ 121.078146279623112, 14.670867335445733 ], [ 121.077769429098964, 14.670517522309357 ], [ 121.076694531216091, 14.66949193446883 ], [ 121.075921746524486, 14.668884529001119 ], [ 121.074840483447247, 14.668057693675429 ], [ 121.074102678868641, 14.667558410438614 ], [ 121.073169292200163, 14.666938281195945 ], [ 121.071936967724525, 14.666105082394578 ], [ 121.071625308681377, 14.665903142698953 ], [ 121.070979729759401, 14.665462692319201 ], [ 121.069391225058226, 14.664333741569452 ], [ 121.068303599497156, 14.663591177228517 ], [ 121.067831340586238, 14.66328747256758 ], [ 121.066603785645256, 14.662489254341674 ], [ 121.066284175993928, 14.662287314467752 ], [ 121.064818106734705, 14.661323728677532 ], [ 121.064188428537832, 14.660903948931583 ], [ 121.063795674650194, 14.660644766650737 ], [ 121.062844797019011, 14.66000873680419 ], [ 121.061906639757595, 14.659398147583232 ], [ 121.060488273993357, 14.658440922949826 ], [ 121.05952467553962, 14.657798532733104 ], [ 121.058780510246351, 14.657308789482453 ], [ 121.058230336620497, 14.656952612371699 ], [ 121.056778578678831, 14.655979486776831 ], [ 121.055454028692026, 14.655081095036682 ], [ 121.054716223809066, 14.654594531971693 ], [ 121.054094496331643, 14.654169982341397 ], [ 121.053560222263613, 14.653883766522304 ], [ 121.052971885041444, 14.653556208937156 ], [ 121.052105280913395, 14.653044202640478 ], [ 121.051900158921896, 14.652888375953591 ], [ 121.051804757051542, 14.652659410753712 ], [ 121.051780908956971, 14.652501998116113 ], [ 121.051768195593041, 14.652180813541596 ], [ 121.051849296765255, 14.65197093256007 ], [ 121.051973337208963, 14.651508239167081 ], [ 121.052019457891305, 14.651206136168947 ], [ 121.052033780285555, 14.650729130121688 ], [ 121.051995627123659, 14.650317313766731 ], [ 121.051873197443143, 14.649908675561962 ], [ 121.051728504101874, 14.649582717961222 ], [ 121.051491583332776, 14.649272658501788 ], [ 121.05112109295429, 14.64893715570337 ], [ 121.050758550358466, 14.648720904675374 ], [ 121.050443708999168, 14.648606416076994 ], [ 121.050036640136511, 14.648511005662215 ], [ 121.049435574031179, 14.648517352249382 ], [ 121.049289282545075, 14.648530069134026 ], [ 121.049012603726695, 14.648431481604838 ], [ 121.048793169661664, 14.648316995148898 ], [ 121.048616669406385, 14.648180249359942 ], [ 121.048559427327476, 14.648083256779751 ], [ 121.04524754349444, 14.633757091294596 ], [ 121.045187124751408, 14.633509046631103 ], [ 121.045110802494662, 14.633357992903283 ], [ 121.044954974272116, 14.633202167326035 ], [ 121.044504975969076, 14.632944573784695 ], [ 121.044366636258431, 14.63290800018981 ], [ 121.044175822083716, 14.632890505670561 ], [ 121.043860976655424, 14.632947739361402 ], [ 121.043601785557641, 14.633001794259984 ], [ 121.043525458704806, 14.633044723117765 ], [ 121.043288529384398, 14.633095598474032 ], [ 121.042315369818382, 14.633313409518534 ], [ 121.039572396007827, 14.633908015833772 ], [ 121.03944996862603, 14.633402386342773 ], [ 121.038585031809291, 14.629632426663543 ], [ 121.038526203489269, 14.629371661866966 ], [ 121.038518256008288, 14.629239689929754 ], [ 121.03852302829435, 14.629158598956323 ], [ 121.038543703340835, 14.629012317471412 ], [ 121.038661380701143, 14.628659335411159 ], [ 121.038691595233885, 14.628565524839837 ], [ 121.039397664256285, 14.626242519750674 ], [ 121.039564639153156, 14.625730536681464 ], [ 121.039655281282208, 14.625511115794884 ], [ 121.039827022211298, 14.625181985268931 ], [ 121.04000830386984, 14.624852854957506 ], [ 121.040081451986637, 14.62474632518188 ], [ 121.040098945509115, 14.624654104346568 ], [ 121.040507605737446, 14.624697044099081 ], [ 121.0409162661918, 14.624730443724514 ], [ 121.041286764820782, 14.624717731878494 ], [ 121.041614330619211, 14.624685938813853 ], [ 121.041808326393536, 14.624646192642631 ], [ 121.042011862859638, 14.624608036706933 ], [ 121.042237661705954, 14.624541260890208 ], [ 121.042479362333125, 14.624450635113105 ], [ 121.042690850650345, 14.624360008657296 ], [ 121.043144040649565, 14.62413423583163 ], [ 121.043619492802947, 14.623889383252179 ], [ 121.044974293038351, 14.623186624330708 ], [ 121.045359106980754, 14.622995830435446 ], [ 121.046643940924412, 14.622332820473156 ], [ 121.048170476022079, 14.621556924439622 ], [ 121.048455110571965, 14.621439269268183 ], [ 121.048672959789599, 14.621331152723334 ], [ 121.048852644544738, 14.621288226188831 ], [ 121.049072081321995, 14.621288231118877 ], [ 121.049386923924288, 14.621350249017802 ], [ 121.049558655547244, 14.621413853722649 ] ] ] } },
{ "type": "Feature", "properties": { "fid": 35, "route_long_name": "Philcoa - Quiapo", "Notes": null, "route_id": null, "trip_id": null, "last_updated": null }, "geometry": { "type": "MultiLineString", "coordinates": [ [ [ 120.983912630615762, 14.598002497086568 ], [ 120.984120142464761, 14.597961161200423 ], [ 120.984213153424861, 14.598431809551949 ], [ 120.9842274593193, 14.598651232792626 ], [ 120.984209965419339, 14.598759353837906 ], [ 120.984359419139977, 14.599506667139424 ], [ 120.984492972925835, 14.600199919364988 ], [ 120.984629705673825, 14.600947232381985 ], [ 120.984720329190964, 14.601513281951231 ], [ 120.984885684504789, 14.602244695401104 ], [ 120.985066939678248, 14.603033349970831 ], [ 120.98515756523031, 14.60351353839877 ], [ 120.985307020910867, 14.604178170604214 ], [ 120.985391287634528, 14.604588397958645 ], [ 120.985523264901616, 14.60470765251195 ], [ 120.985825385670026, 14.604806240613605 ], [ 120.98682079606597, 14.605047946199992 ], [ 120.987078394710508, 14.605092472581461 ], [ 120.987318502055103, 14.605135408548684 ], [ 120.987739882018872, 14.605230819287975 ], [ 120.987975218847879, 14.605280115232652 ], [ 120.988102426880445, 14.60535166904376 ], [ 120.988490408600939, 14.605687172228622 ], [ 120.989088281022319, 14.606248463135936 ], [ 120.989649582304722, 14.606739792290217 ], [ 120.990325369026579, 14.607371045880175 ], [ 120.990660877600732, 14.607669977399375 ], [ 120.991182426558865, 14.608131095258528 ], [ 120.991850262785633, 14.608757578606845 ], [ 120.992408383221743, 14.609274348029103 ], [ 120.992845657166725, 14.609675043190427 ], [ 120.993621619740495, 14.610382620048814 ], [ 120.995144924017666, 14.611742122382207 ], [ 120.996253215185533, 14.612737500541815 ], [ 120.996719110829261, 14.61315886662236 ], [ 120.998759192681163, 14.615022417283548 ], [ 120.999539925581317, 14.615731584272501 ], [ 121.000320658481428, 14.616440751261743 ], [ 121.00157364822698, 14.617541074073312 ], [ 121.001758101164086, 14.617590368874266 ], [ 121.00182965512883, 14.617653971329323 ], [ 121.001894847326241, 14.617771634361763 ], [ 121.001913926939267, 14.617849545828532 ], [ 121.002042723020878, 14.618008550840846 ], [ 121.002389363086053, 14.618280452251787 ], [ 121.003271861658021, 14.619078662714957 ], [ 121.004623435551053, 14.620322089650054 ], [ 121.005730136256659, 14.621331777969568 ], [ 121.006952913992265, 14.622419379935899 ], [ 121.008080285336334, 14.623468819250879 ], [ 121.008705189634668, 14.624038060877382 ], [ 121.00902479691662, 14.624340172084596 ], [ 121.009582917275921, 14.624860121553997 ], [ 121.009967718375165, 14.625211524883051 ], [ 121.010435204101782, 14.625634481023557 ], [ 121.011036257103498, 14.6261814618182 ], [ 121.01117777453446, 14.626324566905215 ], [ 121.012130236797617, 14.627192739876616 ], [ 121.012511857728867, 14.627540963092306 ], [ 121.013165383612673, 14.628135645702354 ], [ 121.013688522200823, 14.628617433878244 ], [ 121.014365899682318, 14.629221657151668 ], [ 121.015001934341484, 14.629811569305776 ], [ 121.01525157921165, 14.629989657288492 ], [ 121.01558231768341, 14.630277458555973 ], [ 121.016005280833951, 14.630665433231094 ], [ 121.016496620003906, 14.631020018996875 ], [ 121.016854390843974, 14.631295100702072 ], [ 121.017492019693066, 14.631713290602239 ], [ 121.018077175622125, 14.632085368708772 ], [ 121.01876727844575, 14.632505149808912 ], [ 121.019288830490652, 14.632835885935407 ], [ 121.02027469125791, 14.63345283630883 ], [ 121.02097274453844, 14.6338789776725 ], [ 121.021895001609707, 14.634446635959891 ], [ 121.023632978773279, 14.635532659484369 ], [ 121.025149932916037, 14.636454905859795 ], [ 121.025849576317356, 14.63688104725944 ], [ 121.026286853311277, 14.637152950708474 ], [ 121.029285778844255, 14.63900062271677 ], [ 121.031137448210103, 14.640149454633832 ], [ 121.034661105762282, 14.6423389929904 ], [ 121.034769231694227, 14.642437576734446 ], [ 121.035473645345732, 14.642868488305385 ], [ 121.03666939955869, 14.643595154858259 ], [ 121.037299078324452, 14.643991084284 ], [ 121.038121158862936, 14.644511039686121 ], [ 121.03944253083408, 14.645315620100282 ], [ 121.040337756022993, 14.645875327675801 ], [ 121.041217080485666, 14.646414364618368 ], [ 121.041752943584456, 14.646746691088481 ], [ 121.04250824086165, 14.647188733951063 ], [ 121.04250824086165, 14.647188733951063 ], [ 121.042794458187558, 14.647381132947025 ], [ 121.042932797597004, 14.647430426711709 ], [ 121.043102938119574, 14.647535371933492 ], [ 121.043435268067114, 14.647765932474465 ], [ 121.044484732901012, 14.648416274723942 ], [ 121.045340205614565, 14.648952131088697 ], [ 121.046569352001242, 14.649694698604577 ], [ 121.046691789516771, 14.649772612394285 ], [ 121.046898504643451, 14.649801237418377 ], [ 121.047164055925734, 14.64975990282956 ], [ 121.047385084444272, 14.649691536880056 ], [ 121.047513885873784, 14.649624758880767 ], [ 121.04783986836766, 14.649305171934007 ], [ 121.048234225561856, 14.649007846820085 ], [ 121.048471156614411, 14.648883830484916 ], [ 121.048844839365358, 14.64870734652024 ], [ 121.049336190886692, 14.648540405325425 ], [ 121.049821178945905, 14.648499075664606 ], [ 121.050342737465812, 14.648556328140998 ], [ 121.050686200862813, 14.648677177467027 ], [ 121.050981959557916, 14.648842546316091 ], [ 121.051171180672625, 14.64898406245435 ], [ 121.05134609042949, 14.649136708419814 ], [ 121.051503508773735, 14.649292534034954 ], [ 121.051700677671221, 14.649553301943703 ], [ 121.051837422174984, 14.649804528368263 ], [ 121.051940772732038, 14.650114584828421 ], [ 121.052018680778914, 14.650448491035791 ], [ 121.052044114926943, 14.650777626001284 ], [ 121.052028204934771, 14.651148100590506 ], [ 121.05197731215506, 14.651523344458075 ], [ 121.051873945024496, 14.651912897338628 ], [ 121.051768990634997, 14.652181608570112 ], [ 121.051799197558537, 14.652408982284687 ], [ 121.051805551566162, 14.652682466079481 ], [ 121.051962967537477, 14.652938463032854 ], [ 121.052117206542647, 14.653056128067556 ], [ 121.052589466359223, 14.653321672218079 ], [ 121.052964729287211, 14.653564953893316 ], [ 121.053190523499396, 14.653693750683413 ], [ 121.053506953774814, 14.653859119997099 ], [ 121.054133453989991, 14.654183498396703 ], [ 121.054523026768976, 14.65447925109407 ], [ 121.055186097068159, 14.654918111843866 ], [ 121.055915951267906, 14.655407854772841 ], [ 121.056860469016854, 14.656018444135935 ], [ 121.057343857649926, 14.656369849683326 ], [ 121.057690499368562, 14.6565717901639 ], [ 121.057746150986901, 14.656683092900181 ], [ 121.058041906932033, 14.656964533300187 ], [ 121.058041904408427, 14.657071064723182 ], [ 121.057975117193266, 14.657160104413029 ], [ 121.057870168190377, 14.657201442608836 ], [ 121.057769991096464, 14.657177590040948 ], [ 121.057652323569314, 14.657115576570593 ], [ 121.053941036642854, 14.654716946200899 ], [ 121.053632559348216, 14.654451405727826 ], [ 121.05267055274723, 14.653735874570561 ], [ 121.051916846949339, 14.653236590978707 ], [ 121.05160359541027, 14.653134822585759 ], [ 121.051287161518715, 14.653122095310492 ], [ 121.051142459325646, 14.65316979269832 ], [ 121.050729018187155, 14.653572058787343 ], [ 121.050449151178071, 14.653808965667368 ], [ 121.050188366908515, 14.653991812253942 ], [ 121.049639768901585, 14.654247793354941 ], [ 121.049087993890723, 14.654367032558259 ], [ 121.048680922617237, 14.654373383502817 ], [ 121.048256361174069, 14.654330443396224 ], [ 121.047920847292303, 14.654255704864314 ], [ 121.047648939591738, 14.654125317017241 ], [ 121.047189402027712, 14.653805712429634 ], [ 121.047000183360979, 14.653560844910096 ], [ 121.046760082988499, 14.653223755016285 ], [ 121.046601079042333, 14.652877126816149 ], [ 121.046601079042333, 14.652877126816149 ], [ 121.046543842763967, 14.652535270965002 ], [ 121.046504097973553, 14.65218705542183 ], [ 121.046523188811463, 14.651791140562938 ], [ 121.046580442454172, 14.651399996624935 ], [ 121.046753780584268, 14.6507719421302 ], [ 121.046814208970815, 14.650612941363923 ], [ 121.046807855528272, 14.650315607250937 ], [ 121.046710863611636, 14.650083461973187 ], [ 121.046580477936601, 14.649902196624991 ], [ 121.046462811237774, 14.649805202687631 ], [ 121.042900990438056, 14.647629973661484 ], [ 121.042721309562694, 14.647509128013175 ], [ 121.042031206818152, 14.647086166869309 ], [ 121.041377675400739, 14.646725217374588 ], [ 121.041242517025452, 14.646642533235573 ], [ 121.040542873551203, 14.646219571877509 ], [ 121.040084924865184, 14.645952438027368 ], [ 121.039924324130254, 14.645887243550487 ], [ 121.039366199178488, 14.645561276665326 ], [ 121.037728397684035, 14.644559526512952 ], [ 121.037559847433499, 14.644448221242024 ], [ 121.036817271015082, 14.644010948728933 ], [ 121.036246426333349, 14.643632510857861 ], [ 121.0357105630832, 14.643306544472784 ], [ 121.034823288388182, 14.642751607139692 ], [ 121.034743784644675, 14.642653024038431 ], [ 121.034691312289965, 14.642583061926254 ], [ 121.034622938380451, 14.642527409647931 ], [ 121.034510041933089, 14.642435185881631 ], [ 121.033167998530573, 14.641624244918704 ], [ 121.032172596885985, 14.641013654414749 ], [ 121.030281970276363, 14.639833816208627 ], [ 121.028564663641177, 14.638792313741368 ], [ 121.02753428007415, 14.638149922027734 ], [ 121.0254019583721, 14.636826976484455 ], [ 121.023601966165998, 14.635753671736348 ], [ 121.020529896354589, 14.633850347343667 ], [ 121.018410295395825, 14.632536942214522 ], [ 121.017197050217078, 14.631794375058142 ], [ 121.016921963401614, 14.631616286503784 ], [ 121.016483097302299, 14.631301452446722 ], [ 121.015945646904285, 14.630849874351487 ], [ 121.015626038982262, 14.630574793503548 ], [ 121.015126751916711, 14.630105726032479 ], [ 121.015013855619543, 14.630007142181769 ], [ 121.014932760058954, 14.629980109999639 ], [ 121.014595661364467, 14.629681178440867 ], [ 121.013841960533057, 14.628972012053307 ], [ 121.013107340294212, 14.628299416582333 ], [ 121.012973773094501, 14.628172211885738 ], [ 121.012375900825887, 14.627604560886247 ], [ 121.011865482456869, 14.627154573420361 ], [ 121.011318492346021, 14.626660064539442 ], [ 121.010885988314968, 14.626278449735659 ], [ 121.010739701159636, 14.626108314181105 ], [ 121.01052026961672, 14.625887296305066 ], [ 121.00921480721658, 14.624729731546314 ], [ 121.008141498311502, 14.623751844398761 ], [ 121.007026846772277, 14.622751696026274 ], [ 121.005740466960773, 14.621546431062526 ], [ 121.00513305358524, 14.620994680062864 ], [ 121.004427054592213, 14.620361835767808 ], [ 121.003283781466436, 14.619336246415228 ], [ 121.001782738592055, 14.61798946474544 ], [ 121.001631677944715, 14.617951300843025 ], [ 121.001509240164282, 14.617884517202341 ], [ 121.001491750785831, 14.617801835707731 ], [ 121.00145677104949, 14.617677813269328 ], [ 121.001377268699628, 14.617520399385738 ], [ 121.000509080581239, 14.616749219604891 ], [ 120.99941191977544, 14.615774511968377 ], [ 120.997988791502067, 14.614484972814523 ], [ 120.99639393435335, 14.613015757409851 ], [ 120.993482483949748, 14.610388977007112 ], [ 120.99184310365888, 14.608908630457297 ], [ 120.98972192673348, 14.606997377345238 ], [ 120.989103383183448, 14.606417005719099 ], [ 120.988324240403614, 14.605707838769666 ], [ 120.988065055556206, 14.605497950151253 ], [ 120.987351096872587, 14.605248300783977 ], [ 120.986117169555186, 14.604950939096803 ], [ 120.985554269446808, 14.60482690479618 ], [ 120.98534119616636, 14.604699698314619 ], [ 120.985269643821624, 14.604567724949865 ], [ 120.985266466215975, 14.604456423396838 ], [ 120.985059775012417, 14.603418134931335 ], [ 120.984816512971506, 14.602297164544931 ], [ 120.984689317486357, 14.601696133687676 ], [ 120.984523964131981, 14.60088203913809 ], [ 120.984366560368358, 14.60011087533921 ], [ 120.984233005791225, 14.599451013557951 ], [ 120.984070825332566, 14.59894697320698 ], [ 120.983907065227712, 14.598000906940333 ], [ 120.983912829382021, 14.598002447402878 ] ] ] } },
{ "type": "Feature", "properties": { "fid": 36, "route_long_name": "Blumentritt - Sta. Quiteria", "Notes": null, "route_id": "LTFRB_PUJ1184", "trip_id": 725643, "last_updated": "2026-03-15" }, "geometry": { "type": "MultiLineString", "coordinates": [ [ [ 121.009751225659755, 14.68114281729282 ], [ 121.009543316183596, 14.680865608718792 ], [ 121.009490457591852, 14.680805703298159 ], [ 121.009396487633694, 14.680662400863953 ], [ 121.009253182945386, 14.680465066052383 ], [ 121.009014732074192, 14.680190205978727 ], [ 121.008803299710081, 14.679866013612724 ], [ 121.008643552689605, 14.679541822406829 ], [ 121.008385130645053, 14.679344485011786 ], [ 121.007840090989546, 14.679100157470831 ], [ 121.007135295856514, 14.678888714943492 ], [ 121.00693795404267, 14.678794743088147 ], [ 121.006740614009232, 14.678625597291896 ], [ 121.006609056101169, 14.678423564372922 ], [ 121.006519784421172, 14.678296706343984 ], [ 121.006355333280524, 14.678202735226867 ], [ 121.005988843104987, 14.677953713322012 ], [ 121.005866679638956, 14.677873838267939 ], [ 121.005805598406695, 14.677812758070033 ], [ 121.005735120506827, 14.677723487433411 ], [ 121.005584766370504, 14.677587231290955 ], [ 121.005486096131193, 14.67751205513548 ], [ 121.00543441312432, 14.677413388178104 ], [ 121.005119614078794, 14.676920052125844 ], [ 121.005035040843808, 14.67680259094511 ], [ 121.004847096253798, 14.676713317672032 ], [ 121.004635660885157, 14.676515981331832 ], [ 121.004424225850315, 14.676304549877766 ], [ 121.00435844695194, 14.67620118423282 ], [ 121.00431146339163, 14.676069628781958 ], [ 121.004212794821441, 14.675923977057151 ], [ 121.00418930393154, 14.675820612361395 ], [ 121.004212800719188, 14.675674963378649 ], [ 121.004283289190425, 14.675317888742523 ], [ 121.004457153912966, 14.674725897862524 ], [ 121.004734391882323, 14.674025846763897 ], [ 121.005674186830333, 14.67143236691633 ], [ 121.006176976090799, 14.670088644022641 ], [ 121.006576389100104, 14.668979837373682 ], [ 121.006910017313288, 14.668016678758427 ], [ 121.007375213561247, 14.6668280012792 ], [ 121.007238955984462, 14.666668253598614 ], [ 121.006877167036677, 14.666311169263592 ], [ 121.006698620895037, 14.666174912489861 ], [ 121.006294541490462, 14.665921191372526 ], [ 121.006273397653175, 14.665914143341027 ], [ 121.004847371342976, 14.665098943920654 ], [ 121.004671173589102, 14.665002623355072 ], [ 121.004494974889255, 14.66494623894487 ], [ 121.003766685360716, 14.664779430416859 ], [ 121.003456576581499, 14.664640821504049 ], [ 121.003268632381108, 14.664535103932321 ], [ 121.003094784684308, 14.664408244006552 ], [ 121.002197360259899, 14.663517882513688 ], [ 121.001786236526016, 14.663109114988226 ], [ 121.001500799257244, 14.662822507936092 ], [ 121.001261171215447, 14.66265336119274 ], [ 121.000687939442471, 14.662413731391739 ], [ 121.000011337538396, 14.662150607413968 ], [ 120.999889173404597, 14.662098922588015 ], [ 120.999767013388535, 14.661873398027357 ], [ 120.999729426941144, 14.661751239532071 ], [ 120.999724731612233, 14.66161028829039 ], [ 120.999738831955383, 14.661427052129836 ], [ 120.999762329299898, 14.661257911293934 ], [ 120.99998787168893, 14.660990109198842 ], [ 121.000086549495919, 14.660745796111685 ], [ 121.000100648837474, 14.660604845292179 ], [ 121.000086562183085, 14.660210181795138 ], [ 121.000086614267786, 14.658011344078835 ], [ 121.000096023733988, 14.657499221831246 ], [ 121.000063146193355, 14.656944813293999 ], [ 121.000016166751337, 14.656639418112766 ], [ 120.999823530394025, 14.656258845722521 ], [ 120.999767149610193, 14.656122591692627 ], [ 120.998836842915622, 14.654877502444878 ], [ 120.998695884890466, 14.654792928598958 ], [ 120.998150859257734, 14.653956606294374 ], [ 120.997746792429211, 14.653171969238207 ], [ 120.997338027267091, 14.652373236963721 ], [ 120.997182981586434, 14.65193628496535 ], [ 120.996233902592834, 14.649746822701831 ], [ 120.995562029073312, 14.648229233739244 ], [ 120.9947632995421, 14.646373359209987 ], [ 120.994495489511863, 14.645781358435528 ], [ 120.993931680005801, 14.644489293719239 ], [ 120.993828315328543, 14.644235579358352 ], [ 120.99369675975862, 14.64393488065341 ], [ 120.993424252507879, 14.643281800950732 ], [ 120.993100061249038, 14.64257233963469 ], [ 120.992174475484816, 14.64038757629209 ], [ 120.992094602253573, 14.640213734768283 ], [ 120.992094606371978, 14.640039895038434 ], [ 120.992136902283519, 14.639706311641845 ], [ 120.992799442468623, 14.638522337011816 ], [ 120.993081374213688, 14.63802901438198 ], [ 120.993222341366263, 14.637728321800063 ], [ 120.993241140155263, 14.63755448249303 ], [ 120.993271683887997, 14.637453468201249 ], [ 120.993283437235718, 14.637171566201726 ], [ 120.99328578829487, 14.637098741503145 ], [ 120.993278744467588, 14.63692255243032 ], [ 120.9931143038459, 14.636384585251269 ], [ 120.992907578777618, 14.635696269249268 ], [ 120.992122957274802, 14.633332970992255 ], [ 120.991667219519925, 14.631939893745301 ], [ 120.991220877876117, 14.630598498792867 ], [ 120.990948374578551, 14.629778626929632 ], [ 120.990581904997228, 14.628660406397483 ], [ 120.990344638979764, 14.627955645417162 ], [ 120.990236577806272, 14.627610312721202 ], [ 120.990107372795435, 14.62725793199392 ], [ 120.989879503111524, 14.62659545656477 ], [ 120.989736203099739, 14.626200790182342 ], [ 120.989710361986241, 14.626135012407971 ], [ 120.989696268209784, 14.626041044671561 ], [ 120.989085440972559, 14.62605982443382 ], [ 120.988866953873952, 14.626019883372278 ], [ 120.988514557753504, 14.62585308328581 ], [ 120.987405686831011, 14.625235222590636 ], [ 120.987295269811469, 14.625164744545357 ], [ 120.985794067878018, 14.624220338253108 ], [ 120.985514500159397, 14.624093475956085 ], [ 120.98466874883502, 14.623719936463134 ], [ 120.983090013095804, 14.623019843720279 ], [ 120.983064171425724, 14.622977557800903 ], [ 120.983078268597495, 14.622928225222298 ], [ 120.985199694826932, 14.623865597891296 ], [ 120.985890391566414, 14.624178055078136 ], [ 120.986536448068904, 14.624612668907757 ], [ 120.987328162099033, 14.625096618904932 ], [ 120.987405688055546, 14.625183540509784 ], [ 120.987471469903369, 14.625162399318095 ], [ 120.988862304299118, 14.623947901663703 ], [ 120.988977420654194, 14.623990189588582 ], [ 120.989073742839665, 14.624011334421848 ], [ 120.98913952106949, 14.624142890286937 ], [ 120.989170023168242, 14.625799066743937 ], [ 120.98917471665942, 14.626017541100403 ], [ 120.989289833905048, 14.626022242057408 ], [ 120.989574103463667, 14.626015200886791 ], [ 120.989710364657952, 14.626022251504265 ], [ 120.989837225789614, 14.626144411999837 ], [ 120.989945288410226, 14.626428665872325 ], [ 120.990410422775611, 14.627852282732869 ], [ 120.990816829584489, 14.629031582984144 ], [ 120.991143363162649, 14.630037041715324 ], [ 120.991533324579564, 14.631218690785676 ], [ 120.991909190717351, 14.632369800129364 ], [ 120.99224512107466, 14.633398750930692 ], [ 120.992581052990573, 14.634361924538725 ], [ 120.992933426736926, 14.635473097205066 ], [ 120.99325761203967, 14.636433921366049 ], [ 120.993452594501818, 14.63695074656132 ], [ 120.993492529725955, 14.637096396961008 ], [ 120.993523070175058, 14.637133984615396 ], [ 120.993617042136151, 14.637192716364206 ], [ 120.993548908116267, 14.637333665965658 ], [ 120.99322233468763, 14.638010224063642 ], [ 120.992822931465682, 14.638705574011013 ], [ 120.992374188783103, 14.639546572354483 ], [ 120.992247318301324, 14.639819075027512 ], [ 120.992221469841311, 14.640063389743027 ], [ 120.992230864560838, 14.640173801674381 ], [ 120.99231543517962, 14.640401674571114 ], [ 120.992653720827207, 14.641179262582725 ], [ 120.993097720151923, 14.642224660121272 ], [ 120.993466545636593, 14.643065676830084 ], [ 120.993767243612979, 14.643772788433317 ], [ 120.993985719469578, 14.644287264975361 ], [ 120.994403877903608, 14.645257487999398 ], [ 120.99469987954997, 14.645865933705485 ], [ 120.994880767790903, 14.646307584652314 ], [ 120.995268386109942, 14.647226124910334 ], [ 120.995618417314219, 14.648050696902715 ], [ 120.995905020902072, 14.648689681811909 ], [ 120.996388956064379, 14.649854888719734 ], [ 120.996776574550822, 14.650766381424607 ], [ 120.997251114492812, 14.651842319072305 ], [ 120.997497781298307, 14.652401430777809 ], [ 120.997636385593395, 14.65267159023127 ], [ 120.997920642574584, 14.653195464997641 ], [ 120.998172011497957, 14.653608927303598 ], [ 120.998273028065952, 14.653810959531596 ], [ 120.998606621279748, 14.654325438663994 ], [ 120.998834498200637, 14.654682519988969 ], [ 120.998994247279086, 14.654919791319649 ], [ 120.999529877079127, 14.655692685403162 ], [ 120.999851728186997, 14.656014531054769 ], [ 120.999999731486838, 14.656214215152625 ], [ 121.000197065231902, 14.656648818916807 ], [ 121.000279278504195, 14.657214974489442 ], [ 121.000307459881355, 14.657663669569834 ], [ 121.000314502651989, 14.657884493173507 ], [ 121.000309786177496, 14.65863623245723 ], [ 121.000276870463466, 14.659693365236242 ], [ 121.000232210640334, 14.660642435215552 ], [ 121.000260389903247, 14.661180399350933 ], [ 121.000305022849602, 14.661365986015582 ], [ 121.00037549985899, 14.661492843620403 ], [ 121.000464771705722, 14.661612654090384 ], [ 121.0007537325301, 14.661918054706211 ], [ 121.001167205208304, 14.662343266583305 ], [ 121.001453816810098, 14.662643968775331 ], [ 121.001902528493758, 14.663111466784677 ], [ 121.00213980553238, 14.663351089043513 ], [ 121.002405274521024, 14.663593061120892 ], [ 121.002771760801295, 14.664006526015582 ], [ 121.003006688951231, 14.664227354736946 ], [ 121.003222822875898, 14.664429389551536 ], [ 121.003298000055281, 14.664492819250709 ], [ 121.003344985451562, 14.664546851574546 ], [ 121.003558771989915, 14.664666664840091 ], [ 121.003803100424193, 14.664762986935164 ], [ 121.004141403100903, 14.664821724170132 ], [ 121.004446814603511, 14.66490160333719 ], [ 121.004709937819442, 14.664993227482958 ], [ 121.004916676745836, 14.665096596290981 ], [ 121.005579179697165, 14.665484226789543 ], [ 121.006401435176926, 14.665963479113298 ], [ 121.006716241454981, 14.666151421029394 ], [ 121.006911232488122, 14.666306471657185 ], [ 121.007023997895402, 14.666416885912476 ], [ 121.007428073293582, 14.666839748393995 ], [ 121.007089750307571, 14.667638463908654 ], [ 121.006673889847065, 14.6688365392395 ], [ 121.006307370126137, 14.669834934902131 ], [ 121.005868015382134, 14.671072945865767 ], [ 121.00548974910383, 14.672066642897262 ], [ 121.005019851407269, 14.67337277956354 ], [ 121.004646283685688, 14.674371175075684 ], [ 121.004427781787768, 14.674956117396494 ], [ 121.004286810019735, 14.6754517924035 ], [ 121.004221019882266, 14.675822962259035 ], [ 121.004258606274249, 14.675947469942002 ], [ 121.004371370012663, 14.676128359767894 ], [ 121.004441847244834, 14.676245820632186 ], [ 121.004606296382534, 14.676424362432556 ], [ 121.004742554349178, 14.67656766581546 ], [ 121.004958689331275, 14.676725066105092 ], [ 121.005069106517794, 14.676788496595933 ], [ 121.005200665316067, 14.676952942544252 ], [ 121.005398001287944, 14.677293578892762 ], [ 121.005510765415806, 14.677458024419312 ], [ 121.005595339262811, 14.677549644557958 ], [ 121.005752740899837, 14.677707043529448 ], [ 121.005912492204502, 14.677850347439771 ], [ 121.006072244343713, 14.677958413565335 ], [ 121.006260187876535, 14.678092321365828 ], [ 121.006513911921246, 14.67826146842752 ], [ 121.006610232715417, 14.678341342901584 ], [ 121.006767633184026, 14.678548074771859 ], [ 121.006925034153369, 14.678733663971288 ], [ 121.00702840333841, 14.678797094303988 ], [ 121.007392547017588, 14.678926307687847 ], [ 121.007817773041722, 14.679069617556559 ], [ 121.007961081123923, 14.679123652043018 ], [ 121.008125533154697, 14.679180036189679 ], [ 121.008346367527551, 14.679306897171443 ], [ 121.008567202289854, 14.679417313853621 ], [ 121.008663523250945, 14.679490140770758 ], [ 121.008766888875172, 14.679703918985355 ], [ 121.008926637119643, 14.679976428106878 ], [ 121.009037051524217, 14.680157317880582 ], [ 121.009140419151393, 14.680286525411693 ], [ 121.009262580836975, 14.680441574406862 ], [ 121.009368297631013, 14.680577829547699 ], [ 121.009448172699123, 14.68067414795237 ], [ 121.009546841491755, 14.680810402935061 ], [ 121.009610271835285, 14.680880879928422 ], [ 121.009701893071636, 14.680998341267683 ], [ 121.009760624580608, 14.681075865712579 ], [ 121.009788815139657, 14.681136945172433 ], [ 121.009744177574902, 14.68114634091326 ] ] ] } },
{ "type": "Feature", "properties": { "fid": 37, "route_long_name": "Proj. 6 - T.M. Kalaw via Quezon Ave.", "Notes": null, "route_id": "LTFRB_PUJ1557", "trip_id": 725319, "last_updated": "2026-03-15" }, "geometry": { "type": "MultiLineString", "coordinates": [ [ [ 121.029789315756005, 14.654875848246306 ], [ 121.029084591080661, 14.651690336817106 ], [ 121.02845973195771, 14.649002854527525 ], [ 121.0282248229543, 14.647973905988261 ], [ 121.028004009174708, 14.646977846364273 ], [ 121.027839574397419, 14.646193214705042 ], [ 121.027740909835785, 14.64587842162873 ], [ 121.027736213950831, 14.645760962246964 ], [ 121.027717423510154, 14.645582423725031 ], [ 121.027599969843536, 14.645032711674588 ], [ 121.027355664507439, 14.643961477590029 ], [ 121.027261700283091, 14.643576209054553 ], [ 121.027073772947546, 14.642758688273835 ], [ 121.026946922168634, 14.642199579272217 ], [ 121.026890543945754, 14.641955262712544 ], [ 121.026538180943433, 14.640390697248094 ], [ 121.026317366052012, 14.639441621343604 ], [ 121.026176419604596, 14.638868416914688 ], [ 121.025979096381604, 14.637989817104661 ], [ 121.025894527377844, 14.637693817832069 ], [ 121.025871039605605, 14.637458898754481 ], [ 121.025809959932488, 14.637332041365614 ], [ 121.025687799473147, 14.6371253102979 ], [ 121.025687799473147, 14.6371253102979 ], [ 121.025457571551783, 14.636838704496029 ], [ 121.02443797468402, 14.636247861442564 ], [ 121.023016648249481, 14.63538215466286 ], [ 121.021717484527969, 14.634628036938219 ], [ 121.02036663841244, 14.633749411221658 ], [ 121.018604663501975, 14.632675793874789 ], [ 121.017251467216838, 14.631832405888188 ], [ 121.016889675600652, 14.631588082470637 ], [ 121.016342290287966, 14.631188708642004 ], [ 121.015787858420978, 14.630728255832485 ], [ 121.015144155431813, 14.630117453146708 ], [ 121.014993800796034, 14.630002339680516 ], [ 121.014911574836674, 14.629971798422172 ], [ 121.014112819211931, 14.629217691939177 ], [ 121.013574833571894, 14.628719652531867 ], [ 121.013440923938731, 14.628618634548056 ], [ 121.013003957703887, 14.628202818902015 ], [ 121.012181708852282, 14.627444013521117 ], [ 121.011984368931934, 14.627270169362639 ], [ 121.011190311417863, 14.626539554841191 ], [ 121.010915445263208, 14.626290535005966 ], [ 121.010772140020279, 14.626116692061451 ], [ 121.010567751987182, 14.62594754611573 ], [ 121.009165229597741, 14.624686002008803 ], [ 121.007915411177763, 14.62353957142137 ], [ 121.006604511024918, 14.622353203309514 ], [ 121.005791659674728, 14.621587350585965 ], [ 121.0048942334207, 14.620774512253425 ], [ 121.004241132816972, 14.620175455287477 ], [ 121.003292021664336, 14.619343822310709 ], [ 121.002458025697123, 14.61860381015353 ], [ 121.001790828923347, 14.618011800428008 ], [ 121.001663966011009, 14.617964813868578 ], [ 121.001539452488188, 14.617915478176473 ], [ 121.001506562761165, 14.617875541284757 ], [ 121.001485421595802, 14.617755732351466 ], [ 121.001436088591745, 14.617628875228419 ], [ 121.001386755086642, 14.617523160774484 ], [ 121.00127868795812, 14.617429190928233 ], [ 121.000047662759854, 14.616343839589755 ], [ 120.999145537614766, 14.615540397895916 ], [ 120.997935656865693, 14.614436253550073 ], [ 120.997026484498221, 14.613599923102514 ], [ 120.996208934089566, 14.612850514575509 ], [ 120.994512750871237, 14.611339950222787 ], [ 120.992807170985202, 14.609801195434946 ], [ 120.992339663576487, 14.609378331551017 ], [ 120.991301280520503, 14.608429237301552 ], [ 120.990363916870038, 14.607562366812804 ], [ 120.989572208130511, 14.606855244206912 ], [ 120.989280897584621, 14.60656628785269 ], [ 120.988223719412289, 14.605635986665858 ], [ 120.987923009972349, 14.605412807292621 ], [ 120.987662235922755, 14.605328230757074 ], [ 120.986304328658676, 14.605004012652888 ], [ 120.985467970662611, 14.604799614725785 ], [ 120.985366951423885, 14.604710343409387 ], [ 120.985296474081451, 14.604597580925054 ], [ 120.985221299908517, 14.604407295216086 ], [ 120.98515317501743, 14.604162978400771 ], [ 120.985066266478512, 14.603453522449284 ], [ 120.985061569035622, 14.603401840264391 ], [ 120.98477967848271, 14.602156765655787 ], [ 120.984643433822484, 14.601452006968209 ], [ 120.984422621940936, 14.600376075085135 ], [ 120.984222951169059, 14.599422301320029 ], [ 120.98408435823309, 14.598672908059338 ], [ 120.983924623074373, 14.597848340391177 ], [ 120.983858849354633, 14.59752650051229 ], [ 120.983793076859669, 14.597152978554655 ], [ 120.98369676324775, 14.596770059169168 ], [ 120.983598094679039, 14.596624407456568 ], [ 120.981619985944036, 14.595344056953449 ], [ 120.981161873643146, 14.595015160700944 ], [ 120.980727253956687, 14.594716804386694 ], [ 120.980151675632726, 14.594359715269283 ], [ 120.979874456691334, 14.594256344880916 ], [ 120.979418688435047, 14.594150621294013 ], [ 120.97919315450369, 14.594061347179707 ], [ 120.979068642205036, 14.593960329409001 ], [ 120.979019308700131, 14.593854614957252 ], [ 120.979045158331445, 14.593560967363612 ], [ 120.979110943575719, 14.593396525864488 ], [ 120.979251907279604, 14.593241482796756 ], [ 120.97928714917991, 14.593161611285426 ], [ 120.979498595626552, 14.592891459717679 ], [ 120.979566729369509, 14.592762256052447 ], [ 120.979648959783532, 14.592604862479378 ], [ 120.979869803676806, 14.592330012752356 ], [ 120.980095348075039, 14.591977640013262 ], [ 120.98025981196524, 14.591533647671303 ], [ 120.980537054345959, 14.590648011012011 ], [ 120.980616938432689, 14.590363761376008 ], [ 120.980692126190206, 14.589980845848476 ], [ 120.980804900449414, 14.589717739620536 ], [ 120.980908282161465, 14.589252603238812 ], [ 120.980945879408694, 14.588919019759956 ], [ 120.981077448115798, 14.588665310696467 ], [ 120.98134997952468, 14.588298843903617 ], [ 120.981758783207994, 14.587471939840803 ], [ 120.982515300100573, 14.586147016297154 ], [ 120.982966391347432, 14.585338906671115 ], [ 120.983708813351015, 14.583966999108648 ], [ 120.984028334443167, 14.583473677366078 ], [ 120.983549072905078, 14.583365604065522 ], [ 120.9821911765534, 14.582580945629468 ], [ 120.978657824921044, 14.580621645608842 ], [ 120.978770597287664, 14.580438411686547 ], [ 120.981058816470977, 14.581786895522377 ], [ 120.981660237911527, 14.582125191734251 ], [ 120.982957053031669, 14.582848769977737 ], [ 120.983459803676467, 14.583135381893571 ], [ 120.983666541155117, 14.583299829516234 ], [ 120.983929660752395, 14.583544150708608 ], [ 120.984089412779554, 14.583656915197148 ], [ 120.983431571915929, 14.584812699606605 ], [ 120.98283481595891, 14.585874517976988 ], [ 120.982308543134565, 14.58680478355304 ], [ 120.981533228899067, 14.588242467573764 ], [ 120.981321774379154, 14.588853251018834 ], [ 120.980997543929846, 14.589797616253783 ], [ 120.980584029664627, 14.591127245886739 ], [ 120.980452456503571, 14.591568889782261 ], [ 120.980250397203648, 14.592268942486784 ], [ 120.980175212285729, 14.59253204956074 ], [ 120.980217493390896, 14.592823349499781 ], [ 120.979977844081859, 14.59355159158557 ], [ 120.979973137508438, 14.593885175806069 ], [ 120.98003891195188, 14.594176476273717 ], [ 120.980391306791873, 14.594397307621655 ], [ 120.981133685033441, 14.594871859758001 ], [ 120.982148580653487, 14.595571939817887 ], [ 120.983013122694615, 14.596112271891323 ], [ 120.983750801600081, 14.596615014147085 ], [ 120.983877655493842, 14.597042568741566 ], [ 120.984027998940064, 14.597629868471756 ], [ 120.984093769820547, 14.598071516806359 ], [ 120.984333369802926, 14.599424652986993 ], [ 120.984502505025034, 14.600134110782749 ], [ 120.984784383329824, 14.601896006179899 ], [ 120.985113259779709, 14.603173970439894 ], [ 120.985207219103543, 14.603765967278292 ], [ 120.985376354548819, 14.604466028336171 ], [ 120.985583091359956, 14.604658666187088 ], [ 120.985860310523734, 14.604752639833951 ], [ 120.986419448632248, 14.604893603524724 ], [ 120.987969999487873, 14.605292999891708 ], [ 120.988280106986778, 14.60548564006554 ], [ 120.989017781661019, 14.606166920416854 ], [ 120.989990384706559, 14.607059632736453 ], [ 120.99171945709638, 14.608633625831168 ], [ 120.993039754086396, 14.609841136813566 ], [ 120.995811909089142, 14.612326637300374 ], [ 120.996995948057332, 14.613393194096995 ], [ 120.998861278911647, 14.615089347902416 ], [ 120.999589555581494, 14.615798818271834 ], [ 121.00097563347127, 14.617025124220893 ], [ 121.001661625917578, 14.617574849030104 ], [ 121.001821379837168, 14.617607741215773 ], [ 121.001905953404986, 14.617711107276005 ], [ 121.001905950399106, 14.617837963290576 ], [ 121.002418094036173, 14.618307811888544 ], [ 121.003456477646978, 14.619233414288813 ], [ 121.004955320218755, 14.620600673901428 ], [ 121.006285013984723, 14.621831676958012 ], [ 121.008061071933071, 14.623452654831191 ], [ 121.009259205677282, 14.624570894031686 ], [ 121.009870019663609, 14.625111220412338 ], [ 121.010588899553753, 14.625797198720242 ], [ 121.01267036666475, 14.627596721554307 ], [ 121.013356357996486, 14.628193430076152 ], [ 121.013741640167893, 14.628555213295053 ], [ 121.014526300290754, 14.629288176791668 ], [ 121.015029046369023, 14.629767421923622 ], [ 121.015282768296643, 14.630025838026297 ], [ 121.015902979283638, 14.630580259732621 ], [ 121.016302357902944, 14.630923249784789 ], [ 121.017044735917011, 14.631407198670921 ], [ 121.017495800547678, 14.63172199965835 ], [ 121.018581176175189, 14.632422081314106 ], [ 121.020014249753189, 14.633267820280372 ], [ 121.021353349756396, 14.634122953877926 ], [ 121.022372946263047, 14.634729066636822 ], [ 121.023026050593856, 14.635170728179295 ], [ 121.024257084358524, 14.635894304962184 ], [ 121.025732444384559, 14.636805822072665 ], [ 121.026225797356517, 14.63710652889738 ], [ 121.026061336978444, 14.637402522576441 ], [ 121.026004944062421, 14.637778390989908 ], [ 121.02609890483572, 14.638309309023693 ], [ 121.026244547390476, 14.638990576090896 ], [ 121.026390193284627, 14.639530892028342 ], [ 121.026512344950476, 14.640108794406618 ], [ 121.026996257621704, 14.642223072235193 ], [ 121.027362715291517, 14.643844018472189 ], [ 121.027804346300343, 14.64569048821107 ], [ 121.02787482431053, 14.645775060472735 ], [ 121.028278867203639, 14.647569847290178 ], [ 121.028786268206801, 14.649895552364203 ], [ 121.029039969988688, 14.651004373636299 ], [ 121.029448711217071, 14.652813255684213 ], [ 121.029862150779664, 14.654636232955021 ], [ 121.029890338778415, 14.654805374947827 ], [ 121.029801062758892, 14.654861753396563 ] ] ] } },
{ "type": "Feature", "properties": { "fid": 38, "route_long_name": "BLUMENTRITT - NOVALICHES", "Notes": null, "route_id": "LTFRB_PUJ2053", "trip_id": 726379, "last_updated": "2026-03-15" }, "geometry": { "type": "MultiLineString", "coordinates": [ [ [ 121.041428672949948, 14.722086311211301 ], [ 121.039586801386108, 14.721827859467584 ], [ 121.039511623038905, 14.721813762666876 ], [ 121.039741895682127, 14.720211623138871 ], [ 121.039906368180112, 14.719403506925616 ], [ 121.040094343471651, 14.718196029661826 ], [ 121.040310512326201, 14.716922775831605 ], [ 121.040409201254022, 14.716208625576956 ], [ 121.040437402158958, 14.715832756489695 ], [ 121.040465601840168, 14.715508569489034 ], [ 121.040423322286799, 14.715151492307212 ], [ 121.04026828572546, 14.714329273819022 ], [ 121.04007096805347, 14.713215755351474 ], [ 121.039662228920136, 14.711317604107458 ], [ 121.039309864564345, 14.709809418963543 ], [ 121.039192407887882, 14.709386562897556 ], [ 121.039103146109355, 14.708841549806523 ], [ 121.038957502211417, 14.70821666313641 ], [ 121.038835351873871, 14.707582380250942 ], [ 121.038774277984515, 14.707211207536842 ], [ 121.038595741856312, 14.706652097330259 ], [ 121.038445389723279, 14.706431270499717 ], [ 121.038243360702339, 14.70585336628085 ], [ 121.037956756110376, 14.705256666679269 ], [ 121.037717136080246, 14.70474923718924 ], [ 121.037204999450552, 14.70398339115736 ], [ 121.036894899629573, 14.703466563343937 ], [ 121.036453240676991, 14.702799384693884 ], [ 121.036082056953887, 14.702334237596162 ], [ 121.035729666899712, 14.701911376262965 ], [ 121.035245718603989, 14.701300577121945 ], [ 121.035057777798059, 14.701051559220723 ], [ 121.034822854766773, 14.700614605409235 ], [ 121.034545644506238, 14.700144762049351 ], [ 121.034310722253792, 14.699674919638479 ], [ 121.034019415434273, 14.699228567819748 ], [ 121.032990447513143, 14.697527734288915 ], [ 121.031984971483652, 14.695887980115881 ], [ 121.03168896666422, 14.695413437965062 ], [ 121.031407056734906, 14.694985879844452 ], [ 121.03091841233082, 14.694267018060275 ], [ 121.03041567036631, 14.693613933159348 ], [ 121.029955215631148, 14.692993737807202 ], [ 121.02938199198411, 14.69241112689584 ], [ 121.02877118222311, 14.691692262371935 ], [ 121.027704613835354, 14.69046126514405 ], [ 121.026882368261553, 14.689563857765444 ], [ 121.0265017875371, 14.689084615347998 ], [ 121.025825196318678, 14.688370447721107 ], [ 121.025421121032338, 14.68794288686159 ], [ 121.025143908212868, 14.687581106047793 ], [ 121.024537799010915, 14.686782369319401 ], [ 121.02433106531501, 14.686458177058245 ], [ 121.024199508408756, 14.68621385879683 ], [ 121.024129031733182, 14.686072906075399 ], [ 121.023950490821647, 14.685715825847883 ], [ 121.023757854018655, 14.685354046932828 ], [ 121.023659185337578, 14.685213093578845 ], [ 121.023499434589951, 14.685046297811819 ], [ 121.02326215616101, 14.684865405190981 ], [ 121.022825185806354, 14.684623429261515 ], [ 121.022564414373321, 14.684428440999516 ], [ 121.022322438500751, 14.684195866188798 ], [ 121.022099258522488, 14.683911609715439 ], [ 121.021772710583562, 14.683512240825126 ], [ 121.021594166000071, 14.683310206851647 ], [ 121.021469655203617, 14.683145761061361 ], [ 121.019073400998337, 14.680347827169685 ], [ 121.016226087779046, 14.676997824534427 ], [ 121.014882308128875, 14.675339269312389 ], [ 121.014778940335049, 14.675217109339165 ], [ 121.014595696972634, 14.675019773632769 ], [ 121.01445944006359, 14.674831835723587 ], [ 121.014384264943047, 14.674681486155611 ], [ 121.014064764448989, 14.674305609282728 ], [ 121.012453165975913, 14.672426224603564 ], [ 121.012298114507757, 14.672233587901653 ], [ 121.012039694800663, 14.671937584711875 ], [ 121.010550255564425, 14.670316613196817 ], [ 121.009436700054351, 14.669104408419305 ], [ 121.009046720102589, 14.6687050381097 ], [ 121.008713124607212, 14.66828687558098 ], [ 121.00779220934956, 14.667290800206375 ], [ 121.007608966654729, 14.66706527427376 ], [ 121.007374038838847, 14.666830350438465 ], [ 121.007167302472126, 14.666618919092206 ], [ 121.006991106665851, 14.66644037703017 ], [ 121.006868944535441, 14.666304121522188 ], [ 121.006664556334016, 14.666142023126589 ], [ 121.005022394485735, 14.665192915274263 ], [ 121.004672348033552, 14.665012020123907 ], [ 121.004113210371997, 14.664852262950085 ], [ 121.003779606863688, 14.664772383150124 ], [ 121.003603408275112, 14.664711300368687 ], [ 121.003328539836829, 14.664558597133327 ], [ 121.003201677202441, 14.664499864645062 ], [ 121.002994940223502, 14.664314274340699 ], [ 121.002229075765584, 14.663539025896187 ], [ 121.00190722471315, 14.663214831056759 ], [ 121.001728679572878, 14.663036288942266 ], [ 121.001554832655088, 14.662876540418115 ], [ 121.001399779739998, 14.662744982543188 ], [ 121.001230629653506, 14.662662757249523 ], [ 121.000041877987684, 14.662188195069316 ], [ 120.999896221628731, 14.66208952600384 ], [ 120.99982104522833, 14.661993207706276 ], [ 120.999757617055025, 14.661831112475529 ], [ 120.999708285162797, 14.661657271633254 ], [ 120.999724736342188, 14.661410607514172 ], [ 120.999774075523902, 14.661276705042482 ], [ 120.999917389838558, 14.661067630741352 ], [ 121.0000066670829, 14.660959570207995 ], [ 121.000060705099187, 14.660818620285108 ], [ 121.000095949669202, 14.660625987857099 ], [ 121.000117107696141, 14.660033993561001 ], [ 121.000086577652709, 14.659557108199202 ], [ 121.000095990568838, 14.658899336443659 ], [ 121.000088980128808, 14.657313636011496 ], [ 121.000049052583464, 14.656843797997263 ], [ 120.999985626580568, 14.656590084529723 ], [ 120.999877562678876, 14.656359861915892 ], [ 120.999644986812129, 14.656014526412784 ], [ 120.999165737795877, 14.65537788635881 ], [ 120.998886177033697, 14.654957375862393 ], [ 120.998754618514056, 14.654781183989794 ], [ 120.99870528255974, 14.65477883369646 ], [ 120.998578421706043, 14.654644927269834 ], [ 120.998437466518936, 14.654440544959318 ], [ 120.998113270250784, 14.653942510336872 ], [ 120.997544760851568, 14.65270212758635 ], [ 120.997321584657342, 14.652258126501291 ], [ 120.99713129696616, 14.651905744392321 ], [ 120.99702088400899, 14.651663775798957 ], [ 120.996717836475469, 14.650966060879142 ], [ 120.995914409722928, 14.649049107414161 ], [ 120.995554981405931, 14.648215138467558 ], [ 120.995270727485789, 14.647562058498059 ], [ 120.994796189380821, 14.646408597731904 ], [ 120.994471998121725, 14.64569913641348 ], [ 120.994326347606219, 14.645353802865992 ], [ 120.993955172843172, 14.644510436916748 ], [ 120.993522918907189, 14.643519070906956 ], [ 120.992973204625216, 14.642259895108033 ], [ 120.992533903021965, 14.641254433829115 ], [ 120.992165078205332, 14.640385226895438 ], [ 120.992068763533183, 14.640046942014584 ], [ 120.992122805779871, 14.639727453995038 ], [ 120.992656127429399, 14.63876195071747 ], [ 120.993229390147022, 14.637695433360868 ], [ 120.99326463566409, 14.637462864784991 ], [ 120.993283435510534, 14.637244390953008 ], [ 120.993290490357609, 14.636955441291452 ], [ 120.993180080462039, 14.636584267498304 ], [ 120.992900530164093, 14.635722110131644 ], [ 120.992327335124102, 14.633932017889828 ], [ 120.991918579759755, 14.632719828981859 ], [ 120.99131014632745, 14.630861609575 ], [ 120.990729903287317, 14.62907151718502 ], [ 120.990203688580166, 14.627549233159332 ], [ 120.989738552155373, 14.626212536162511 ], [ 120.989684521095569, 14.626059837891564 ], [ 120.989365011919332, 14.626050433972079 ], [ 120.989010262290577, 14.626059822744926 ], [ 120.988852857759838, 14.626024581426536 ], [ 120.987476166010708, 14.625270461956257 ], [ 120.987323461260758, 14.625188237033525 ], [ 120.987144914172774, 14.625091916417304 ], [ 120.98588569039417, 14.624283768319614 ], [ 120.985740033923932, 14.624189797627768 ], [ 120.9830547735896, 14.622998700259124 ], [ 120.983045377478874, 14.622947017967238 ], [ 120.983078268541988, 14.622930574407709 ], [ 120.98457242909862, 14.623595427468189 ], [ 120.985794070048911, 14.624128720018879 ], [ 120.98598201408258, 14.624241485144641 ], [ 120.986644516088759, 14.624669051787228 ], [ 120.987281175923769, 14.625075475179893 ], [ 120.987438578729098, 14.625183541248589 ], [ 120.988878749468981, 14.623954949589534 ], [ 120.989000914159448, 14.623983142559819 ], [ 120.989092537009384, 14.62403247751339 ], [ 120.989146567122944, 14.624225111937276 ], [ 120.989188812328479, 14.626031636529957 ], [ 120.989677474040334, 14.626019901579841 ], [ 120.989853671182104, 14.626142063183696 ], [ 120.990283568657148, 14.627434124864257 ], [ 120.990744005468343, 14.62881075791088 ], [ 120.991272567895464, 14.630401168371174 ], [ 120.991542720690461, 14.631270373077889 ], [ 120.992339087748462, 14.633680655303335 ], [ 120.993313993101538, 14.636558429465202 ], [ 120.993506625228065, 14.637117539947274 ], [ 120.993607644300127, 14.637213858822815 ], [ 120.993360951282128, 14.637761213510551 ], [ 120.992931005217912, 14.638519990781022 ], [ 120.992254366525486, 14.63980967844358 ], [ 120.992219121175467, 14.640035199463739 ], [ 120.992242609783005, 14.640234880762124 ], [ 120.992482227974037, 14.640819833343251 ], [ 120.992949719913327, 14.641895770821087 ], [ 120.99332089484308, 14.642732089211258 ], [ 120.993750799500788, 14.643721105981841 ], [ 120.994051498089433, 14.644402376544527 ], [ 120.994248831722615, 14.64484167867441 ], [ 120.994784450280378, 14.646089108232465 ], [ 120.994784450280378, 14.646089108232465 ], [ 120.995155625321871, 14.646920728255303 ], [ 120.995522100805374, 14.647789935142352 ], [ 120.995820449281425, 14.648504094253148 ], [ 120.995987242743965, 14.648894062802318 ], [ 120.996351368226101, 14.649791459865291 ], [ 120.996560446747807, 14.650305936199686 ], [ 120.996969209850732, 14.651191588338516 ], [ 120.997258161047498, 14.651903398055385 ], [ 120.997359177559858, 14.652107779468619 ], [ 120.997615242479625, 14.652634002787231 ], [ 120.997756196720673, 14.652878321252169 ], [ 120.997944134577224, 14.653251845978911 ], [ 120.99808273942881, 14.653498513576826 ], [ 120.99856668405198, 14.654264358942092 ], [ 120.998728781573902, 14.654539217294728 ], [ 120.999020089227685, 14.654950331312383 ], [ 120.999346635720002, 14.655410779018668 ], [ 120.999828235461209, 14.655988689485772 ], [ 121.000107797558911, 14.656352819528497 ], [ 121.000187669900086, 14.65656424802464 ], [ 121.000274583453788, 14.657062277320678 ], [ 121.000291021333723, 14.657377068558683 ], [ 121.0003144945277, 14.658227474269662 ], [ 121.00031917894988, 14.658828865886758 ], [ 121.000319167208545, 14.659324544047093 ], [ 121.000305056737773, 14.659935331985542 ], [ 121.000265088181479, 14.661196843755558 ], [ 121.000356705466885, 14.661481097270364 ], [ 121.000648015012928, 14.661812338980537 ], [ 121.001021550018024, 14.662195264620088 ], [ 121.00146321375594, 14.662660413285465 ], [ 121.001970657560577, 14.663179594696716 ], [ 121.002259618607454, 14.663475598570443 ], [ 121.002743569852967, 14.663961890856053 ], [ 121.003173488702387, 14.664351865318791 ], [ 121.003286253942804, 14.664469327130835 ], [ 121.00332854033762, 14.664537454462845 ], [ 121.003412527950005, 14.664582678171328 ], [ 121.003639235754747, 14.664705428208968 ], [ 121.003793703353423, 14.664751828092482 ], [ 121.004106750663894, 14.664811739353285 ], [ 121.004355778433435, 14.664879871326519 ], [ 121.004743415422837, 14.665010259830115 ], [ 121.005040602393052, 14.665168836530505 ], [ 121.005411792014783, 14.665384969939668 ], [ 121.005703105594762, 14.665545895693814 ], [ 121.006075469744246, 14.665767902093389 ], [ 121.006367957657247, 14.665942922987577 ], [ 121.006673366933953, 14.666116769579038 ], [ 121.006813149819052, 14.666221311476789 ], [ 121.006945884118522, 14.666350519665256 ], [ 121.007112682645229, 14.666526712330709 ], [ 121.007443931060379, 14.666849732788775 ], [ 121.007633048286039, 14.667024751362497 ], [ 121.007746987831609, 14.667157482907541 ], [ 121.007779876418198, 14.667245578106423 ], [ 121.007998359092227, 14.66747227942296 ], [ 121.008342527452214, 14.667854029811686 ], [ 121.008597423909848, 14.668118318915631 ], [ 121.008907527597387, 14.668471878312427 ], [ 121.009165947554933, 14.668757310166155 ], [ 121.009413795482544, 14.669043916375436 ], [ 121.009631103573099, 14.669267093887465 ], [ 121.010519128825138, 14.670234978297705 ], [ 121.011555158879204, 14.67133911879719 ], [ 121.012365657729262, 14.672238875085453 ], [ 121.012844907580117, 14.672840277363957 ], [ 121.013540291244041, 14.673648412829698 ], [ 121.014068876826386, 14.674261562144428 ], [ 121.014430663826502, 14.674700867978583 ], [ 121.014501142115591, 14.674773694315185 ], [ 121.014670290087238, 14.674945188663168 ], [ 121.014895818008355, 14.675288174828069 ], [ 121.015034424362497, 14.67547141441878 ], [ 121.015093156093855, 14.675539542120502 ], [ 121.015851968153626, 14.676500376078133 ], [ 121.016108038638123, 14.676791680844927 ], [ 121.016310075836344, 14.677024254758022 ], [ 121.016474524472741, 14.677223939228504 ], [ 121.017249783482569, 14.678116647172921 ], [ 121.017729034223507, 14.678680462483953 ], [ 121.018107266281945, 14.679131514616964 ], [ 121.018339843929226, 14.679401676186254 ], [ 121.018508991177555, 14.679603709948218 ], [ 121.018950653968759, 14.680108794775077 ], [ 121.019039925537214, 14.68024035117498 ], [ 121.019251359792349, 14.680484671227838 ], [ 121.019326535914445, 14.680592735454935 ], [ 121.019613146347297, 14.680942770549327 ], [ 121.01974705481274, 14.681093121436341 ], [ 121.019869217054307, 14.681224678574523 ], [ 121.019981981515599, 14.681375028987025 ], [ 121.020050110303956, 14.681454902828204 ], [ 121.020142906109555, 14.681576475268344 ], [ 121.020360213518344, 14.681828430306624 ], [ 121.020551678867406, 14.682054543722808 ], [ 121.0206996828488, 14.682225450300754 ], [ 121.020941070136132, 14.682510881775162 ], [ 121.021184219882812, 14.682776932507537 ], [ 121.021346906852656, 14.682962521825456 ], [ 121.021700471879825, 14.683372462657372 ], [ 121.022217310180991, 14.684011452755319 ], [ 121.022353567813298, 14.684168851252377 ], [ 121.022459285052108, 14.684286312907849 ], [ 121.022642529109888, 14.684454283794874 ], [ 121.022886856096591, 14.684611684717273 ], [ 121.023068926850527, 14.684722100529322 ], [ 121.023414274299981, 14.684917090689391 ], [ 121.023525865207077, 14.685020457362761 ], [ 121.023636281614174, 14.685116776452803 ], [ 121.02373847401779, 14.685269475814145 ], [ 121.023851237922699, 14.685443318083726 ], [ 121.024015683554737, 14.6857698585812 ], [ 121.024187176631798, 14.686119891093592 ], [ 121.024257653585551, 14.686249097886709 ], [ 121.024372768215159, 14.686364210567584 ], [ 121.024464387893445, 14.686547449105495 ], [ 121.024642931475469, 14.686791768421417 ], [ 121.025368853585164, 14.687722062235901 ], [ 121.025528603164517, 14.687938190902294 ], [ 121.025761181980002, 14.6881590195744 ], [ 121.02600785490668, 14.68845972087559 ], [ 121.026367294575607, 14.688814455977813 ], [ 121.026813656534856, 14.689298398242627 ], [ 121.027142554085657, 14.689686021259105 ], [ 121.027936607375835, 14.690595173933488 ], [ 121.028126898183089, 14.690816001657064 ], [ 121.02862729370672, 14.69134692884862 ], [ 121.029005525264211, 14.691819123657142 ], [ 121.029402552103974, 14.692265477845115 ], [ 121.029818372890801, 14.692742371868807 ], [ 121.030140222328882, 14.693134693099516 ], [ 121.030492612216108, 14.693564601986566 ], [ 121.031138658200859, 14.694443211928691 ], [ 121.031413519961887, 14.694877817447979 ], [ 121.031796447516641, 14.695462773276249 ], [ 121.03202667404976, 14.695808108738253 ], [ 121.032562301513593, 14.696679668647526 ], [ 121.032888845836425, 14.697231734611984 ], [ 121.033180152266439, 14.697694530729709 ], [ 121.033379837961135, 14.698018722835933 ], [ 121.0336359054414, 14.698436883635127 ], [ 121.033828543524152, 14.698744631283573 ], [ 121.034157436624511, 14.699320189158804 ], [ 121.034291343977287, 14.699517523761932 ], [ 121.034303089088553, 14.699583301225035 ], [ 121.034371216764271, 14.699710158781356 ], [ 121.034608489184933, 14.70014476345945 ], [ 121.034707156697849, 14.700335049714974 ], [ 121.034808173322048, 14.700534732766068 ], [ 121.034905666279315, 14.700720320623912 ], [ 121.03504779554936, 14.700949369418755 ], [ 121.035249831189745, 14.701247720535973 ], [ 121.035468312667319, 14.701524929350899 ], [ 121.035763146046477, 14.701863218707235 ], [ 121.035956960242501, 14.702109887554688 ], [ 121.036139027658336, 14.702361254510068 ], [ 121.03641271706131, 14.702698368799391 ], [ 121.036519607659685, 14.70287103634706 ], [ 121.036712246437858, 14.70314941917542 ], [ 121.036899011770274, 14.703432500243508 ], [ 121.037047014374792, 14.70366154917069 ], [ 121.037166826169937, 14.703840089972676 ], [ 121.037318351968509, 14.704103202171794 ], [ 121.037468703684283, 14.704341647894676 ], [ 121.037727121360703, 14.704723396370524 ], [ 121.037842233820754, 14.704930127295817 ], [ 121.037937377694675, 14.705105143766037 ], [ 121.038154679665794, 14.705586731712678 ], [ 121.038239250981391, 14.705785239802994 ], [ 121.038259219372918, 14.705825176408146 ], [ 121.038334395467203, 14.705934415230484 ], [ 121.038449506147245, 14.706216320098974 ], [ 121.038509411293873, 14.706337304507356 ], [ 121.038550521158356, 14.706484129537005 ], [ 121.03857988541084, 14.706586319774534 ], [ 121.038622171833538, 14.706653272516169 ], [ 121.038667980588087, 14.706790700908408 ], [ 121.038757248262826, 14.70708670031174 ], [ 121.038796008348555, 14.707252318774579 ], [ 121.038827721211689, 14.70738504847926 ], [ 121.038866478961125, 14.707649332742442 ], [ 121.038924031575476, 14.707905395277306 ], [ 121.039000375439102, 14.708305933155845 ], [ 121.039043833024309, 14.708520884624539 ], [ 121.039088465971673, 14.70870647129809 ], [ 121.039122526527692, 14.708908502034609 ], [ 121.039163635752573, 14.709082342700562 ], [ 121.039212964697512, 14.709380690394518 ], [ 121.039258773841524, 14.709501674487131 ], [ 121.039366833516581, 14.709910435227988 ], [ 121.039460796521524, 14.710347385881601 ], [ 121.039562981582861, 14.710810177762948 ], [ 121.039612313726323, 14.710973447277983 ], [ 121.039663992867332, 14.711235382646493 ], [ 121.039720372428079, 14.711423318769901 ], [ 121.039790843513742, 14.711800364661125 ], [ 121.039840173988509, 14.712034109748398 ], [ 121.039921217576833, 14.712390013205436 ], [ 121.040078604723249, 14.713159375065166 ], [ 121.040152599475945, 14.713550516150708 ], [ 121.040232467396251, 14.713948704925413 ], [ 121.040266528564331, 14.714124894620108 ], [ 121.040328777621596, 14.714474924692148 ], [ 121.040419215124402, 14.71497530328431 ], [ 121.040466195264287, 14.71525133366324 ], [ 121.040480286038445, 14.715472157439477 ], [ 121.040488504089979, 14.715667140040845 ], [ 121.040461479381563, 14.715978406546311 ], [ 121.040413309556698, 14.716336656292631 ], [ 121.04033224341336, 14.716933347655072 ], [ 121.040244131020842, 14.717456039508772 ], [ 121.040173640661848, 14.717892986478065 ], [ 121.040111374250429, 14.718275902359709 ], [ 121.040044408448381, 14.718689357551028 ], [ 121.039960994640126, 14.719215573290169 ], [ 121.039872883221193, 14.719697154394908 ], [ 121.039785946719448, 14.720168164190421 ], [ 121.039718978776193, 14.720672063034861 ], [ 121.039628516883369, 14.721201802396187 ], [ 121.039559199411784, 14.721713923338919 ], [ 121.039560372271012, 14.721790271902711 ], [ 121.039943312342047, 14.721846660949698 ], [ 121.041153215650297, 14.721998210567268 ], [ 121.041432785201792, 14.722047549738534 ], [ 121.041437482756962, 14.722094533559259 ], [ 121.04142867295171, 14.722086237799425 ] ] ] } },
{ "type": "Feature", "properties": { "fid": 39, "route_long_name": "CUBAO KALAYAAN - SM LAGRO", "Notes": null, "route_id": "LTFRB_PUJ1982", "trip_id": 725880, "last_updated": "2026-03-15" }, "geometry": { "type": "MultiLineString", "coordinates": [ [ [ 121.061192864736768, 14.735295859019114 ], [ 121.061194053029226, 14.734720308526351 ], [ 121.061150594803792, 14.734532372688498 ], [ 121.061140090235668, 14.731683984685942 ], [ 121.06114956404393, 14.728453854454949 ], [ 121.061151156928688, 14.710790326895722 ], [ 121.060931499172355, 14.710581244439869 ], [ 121.062187254393251, 14.709047254342044 ], [ 121.063822435305426, 14.707163244091912 ], [ 121.064188939048989, 14.706839064687797 ], [ 121.064678781118474, 14.706586538214617 ], [ 121.065106362894966, 14.706458517186661 ], [ 121.0659074869873, 14.706404503888258 ], [ 121.068543439133521, 14.706418658137906 ], [ 121.070249055331743, 14.706423394773473 ], [ 121.070662539630874, 14.70635762685038 ], [ 121.071949984766007, 14.705925405566832 ], [ 121.074111388622384, 14.705215999980394 ], [ 121.074914864216012, 14.705070368493958 ], [ 121.076869510568088, 14.705042222117992 ], [ 121.078476454522232, 14.705056353283652 ], [ 121.079637026953989, 14.704990602122027 ], [ 121.08070832603785, 14.704868468501436 ], [ 121.081648062208828, 14.704755728672065 ], [ 121.082310577441916, 14.704624189137936 ], [ 121.083095260477663, 14.704389288175218 ], [ 121.084161869904946, 14.703886586371567 ], [ 121.08459885543941, 14.703487234612034 ], [ 121.085082828316402, 14.703059693679073 ], [ 121.085585597198474, 14.702575772712336 ], [ 121.08596150428329, 14.7019978814734 ], [ 121.086175300775125, 14.701697190505682 ], [ 121.086410244775365, 14.701248501316172 ], [ 121.086539465196637, 14.700950157636958 ], [ 121.086727422410718, 14.700506165765137 ], [ 121.086842548109018, 14.700153790500034 ], [ 121.087016412714178, 14.69956649798786 ], [ 121.087122147252629, 14.698953362905455 ], [ 121.087150348158659, 14.698577493834396 ], [ 121.087159769248487, 14.697574391774717 ], [ 121.087169188335707, 14.69665586039952 ], [ 121.087164560544878, 14.693662997794421 ], [ 121.087157520443654, 14.693329413276805 ], [ 121.087173984806796, 14.692525992161027 ], [ 121.087157556550338, 14.691804791804953 ], [ 121.087136452103124, 14.690134520353542 ], [ 121.087094197810899, 14.688710912920996 ], [ 121.087040183608792, 14.687846411402923 ], [ 121.086990853831381, 14.687583301507326 ], [ 121.086920382386921, 14.687221525341711 ], [ 121.086807623825237, 14.686822161257499 ], [ 121.086788831881449, 14.686707050740928 ], [ 121.086593849754252, 14.686176130417662 ], [ 121.08631664433976, 14.685501907927486 ], [ 121.086069977370926, 14.684949843774566 ], [ 121.085943120358792, 14.684653843541524 ], [ 121.08571289588869, 14.684221588223807 ], [ 121.085522608645775, 14.6838504126282 ], [ 121.085442734747872, 14.683704761328356 ], [ 121.085092703492521, 14.682882538512851 ], [ 121.084855434137026, 14.682318728644409 ], [ 121.084676894731373, 14.681898220415723 ], [ 121.084550038665213, 14.681562284028583 ], [ 121.084301022863613, 14.680989077154956 ], [ 121.083922799269715, 14.680180948822681 ], [ 121.083730164418071, 14.679736948422713 ], [ 121.083568070070584, 14.679328186492254 ], [ 121.083161656085409, 14.678451931146711 ], [ 121.08292908339466, 14.677972692067407 ], [ 121.082717653539234, 14.677542786360137 ], [ 121.08231123794063, 14.676734657398026 ], [ 121.082233713487852, 14.67658430778083 ], [ 121.08213974419958, 14.676412815124333 ], [ 121.082071616302812, 14.676295354316199 ], [ 121.081667547144718, 14.675609383057756 ], [ 121.081453764505881, 14.675325126804402 ], [ 121.081061439457002, 14.674747218346619 ], [ 121.080391901093392, 14.67382867175858 ], [ 121.080032463935041, 14.673368223318326 ], [ 121.07919612404342, 14.672400340090173 ], [ 121.07904577113456, 14.67221240186969 ], [ 121.077988596262571, 14.671143498705799 ], [ 121.077424769293117, 14.67058907825578 ], [ 121.076771667974839, 14.670020560688535 ], [ 121.076149106993668, 14.66949432914714 ], [ 121.075383238322644, 14.668897618822019 ], [ 121.07399715438693, 14.667927374070016 ], [ 121.073489706530609, 14.667579683215687 ], [ 121.072672150958397, 14.667048748926257 ], [ 121.071593823679081, 14.666334572309367 ], [ 121.070522544066861, 14.665634490964152 ], [ 121.070057383550107, 14.665314991286053 ], [ 121.069326752380491, 14.664823995102809 ], [ 121.068668949277466, 14.664387031822331 ], [ 121.068434020352996, 14.664199091704003 ], [ 121.067693991681082, 14.663715142866593 ], [ 121.067346296127141, 14.663468470577891 ], [ 121.066827101434356, 14.663127827016959 ], [ 121.06648880199117, 14.662932837021312 ], [ 121.066054181588726, 14.662665020111186 ], [ 121.06529300958033, 14.662152880572712 ], [ 121.064856040511728, 14.661856873383359 ], [ 121.064329797984314, 14.661509182107691 ], [ 121.063634405985511, 14.661053424499341 ], [ 121.062910823150048, 14.660548333361698 ], [ 121.061834845257849, 14.659831807613335 ], [ 121.060855188269088, 14.659190457965064 ], [ 121.060415869198536, 14.65892264094969 ], [ 121.059560725285408, 14.658349420477842 ], [ 121.058275659803314, 14.657501335645197 ], [ 121.05690132047242, 14.656618011025227 ], [ 121.055174585360504, 14.655553791206769 ], [ 121.054098607856034, 14.654820821160673 ], [ 121.053821391813372, 14.654595293124995 ], [ 121.053539476491039, 14.654395606024655 ], [ 121.052639697405269, 14.65373076631564 ], [ 121.052068818146893, 14.653357232997671 ], [ 121.051833888498209, 14.653199832291994 ], [ 121.051540223668681, 14.653119953389897 ], [ 121.051237159500602, 14.653124644955783 ], [ 121.051107944417907, 14.653197466805729 ], [ 121.05071559566062, 14.653620311391238 ], [ 121.050316201962758, 14.653913950614628 ], [ 121.05005542229658, 14.654066641818678 ], [ 121.049515070297375, 14.654287453125743 ], [ 121.049096887382959, 14.65435087174528 ], [ 121.048612923901857, 14.654381400290303 ], [ 121.048166552042744, 14.654315613072438 ], [ 121.047811805369463, 14.654200495015672 ], [ 121.04748290231376, 14.65404544138508 ], [ 121.047290260672668, 14.653888041628589 ], [ 121.047045935970175, 14.653634324104667 ], [ 121.046860343777325, 14.65341584568262 ], [ 121.046735833761815, 14.65321851130197 ], [ 121.046616025585919, 14.652887273451565 ], [ 121.046540852470145, 14.65265235321035 ], [ 121.046536158699794, 14.652445624778172 ], [ 121.046517373378919, 14.652050961187209 ], [ 121.046531479064868, 14.651642203221868 ], [ 121.046592571092447, 14.651247541425015 ], [ 121.046698298792279, 14.650923356196488 ], [ 121.046942641470068, 14.650418286795421 ], [ 121.047158788747851, 14.650056517078541 ], [ 121.047424271645369, 14.649711192768423 ], [ 121.047722643713158, 14.649429297206138 ], [ 121.04799752210927, 14.64916149622958 ], [ 121.048345228461116, 14.648952426526563 ], [ 121.048664742028478, 14.648776244787802 ], [ 121.048963110979699, 14.648625903614974 ], [ 121.049282622599222, 14.648531943369383 ], [ 121.049590385601959, 14.648520204353023 ], [ 121.05000621818094, 14.648499071021456 ], [ 121.050624089791356, 14.648632988470922 ], [ 121.050783842818433, 14.648703467623825 ], [ 121.051030524923789, 14.648616553299346 ], [ 121.051375889287783, 14.648097391056526 ], [ 121.051939749484106, 14.647249347749597 ], [ 121.052036074840146, 14.647136589008333 ], [ 121.053048675151118, 14.645555609903314 ], [ 121.05333060744772, 14.645038795424531 ], [ 121.053767604956263, 14.644134368821577 ], [ 121.054014297635973, 14.643601109254259 ], [ 121.054256297213655, 14.642832931032771 ], [ 121.054477150616947, 14.642156370571451 ], [ 121.05464632201668, 14.64133885782093 ], [ 121.054784950908768, 14.640570677280664 ], [ 121.054846050172415, 14.639870621378986 ], [ 121.054860159087383, 14.63932561066429 ], [ 121.054850777447555, 14.638663140148539 ], [ 121.054846089410532, 14.63821444561712 ], [ 121.054806162925388, 14.637699973101224 ], [ 121.0547591873258, 14.637232484136819 ], [ 121.054651133222563, 14.636588804890463 ], [ 121.054599456005661, 14.636245822651043 ], [ 121.054528982003575, 14.635992109037401 ], [ 121.054432668669534, 14.635597443715355 ], [ 121.054317563448265, 14.635085318698072 ], [ 121.054211853558428, 14.634657764568887 ], [ 121.054190713060976, 14.634509765409753 ], [ 121.054108494839099, 14.634152687372447 ], [ 121.054117895124136, 14.634028180754047 ], [ 121.054131995468168, 14.63384494460467 ], [ 121.054197779318471, 14.63373923273652 ], [ 121.054366944930933, 14.63316603528386 ], [ 121.054505567478998, 14.632665661894885 ], [ 121.055177528089473, 14.630506775556615 ], [ 121.055292652513202, 14.630208431590576 ], [ 121.05562627132305, 14.629642285391839 ], [ 121.055858863492944, 14.629299309541555 ], [ 121.056079713335592, 14.628773096963085 ], [ 121.056105557843921, 14.62869557442402 ], [ 121.055461846513353, 14.628437149564842 ], [ 121.057129956539171, 14.624932202367217 ], [ 121.057219234450898, 14.624795951617964 ], [ 121.058384489083124, 14.625425559491212 ], [ 121.057407119700898, 14.627389456557676 ], [ 121.056650596265413, 14.628991584033685 ], [ 121.056100857061253, 14.628784843365272 ], [ 121.055903502114788, 14.629245279279063 ], [ 121.055863560935961, 14.629350991726884 ], [ 121.055614523095684, 14.629708062320454 ], [ 121.055313795849244, 14.630236622290928 ], [ 121.055189273366835, 14.630565505456715 ], [ 121.05499426430336, 14.631171590922712 ], [ 121.05439513743714, 14.633144893247993 ], [ 121.054376340707591, 14.633231812687796 ], [ 121.054207174928109, 14.633812057696881 ], [ 121.054221264752627, 14.634072817599726 ], [ 121.054254147299204, 14.634415799416026 ], [ 121.054350462080293, 14.63474938591542 ], [ 121.054571277080115, 14.635693763432879 ], [ 121.05469812858064, 14.636222333012636 ], [ 121.054810882241938, 14.636828425396665 ], [ 121.054925978725109, 14.637709372534246 ], [ 121.05495886060406, 14.638080544577868 ], [ 121.054991738030452, 14.63863965145976 ], [ 121.054970570539282, 14.639631007256584 ], [ 121.054914174785239, 14.640126684126601 ], [ 121.054871875033868, 14.640622361313579 ], [ 121.054796684275814, 14.641132132875136 ], [ 121.054615763257431, 14.642074152192391 ], [ 121.054387859070047, 14.642868171769845 ], [ 121.054183453841674, 14.643424924141113 ], [ 121.054028388462726, 14.643819583821779 ], [ 121.053805190345159, 14.644301161835969 ], [ 121.053497411648209, 14.644975371162072 ], [ 121.053229575521243, 14.645485138400828 ], [ 121.052945295560491, 14.645931477262165 ], [ 121.052480110220884, 14.646659714321988 ], [ 121.052191131870956, 14.647094307151283 ], [ 121.052068961672902, 14.647298683546973 ], [ 121.051991429985279, 14.647453728049479 ], [ 121.051740042979262, 14.647803751045201 ], [ 121.051740042979262, 14.647803751045201 ], [ 121.051197326842612, 14.648649445642299 ], [ 121.051140939381611, 14.648795093877956 ], [ 121.051244304391076, 14.649034713121694 ], [ 121.051559107548016, 14.649354209421112 ], [ 121.051826922805134, 14.649725386746828 ], [ 121.051932635144965, 14.650049576722145 ], [ 121.052010154922996, 14.650397257919707 ], [ 121.052031286794886, 14.650909380837666 ], [ 121.052007781269495, 14.651423851939152 ], [ 121.051887954617698, 14.651872543683453 ], [ 121.051758732801233, 14.652229616981593 ], [ 121.051779868680129, 14.652572598543042 ], [ 121.051899677801885, 14.652863900238716 ], [ 121.052087620385549, 14.653037744187962 ], [ 121.052590370967906, 14.653326705296996 ], [ 121.05298035469778, 14.653566330977819 ], [ 121.053584126298347, 14.65386938946841 ], [ 121.054171451449363, 14.654219431300305 ], [ 121.054702392088956, 14.654590614535939 ], [ 121.055592775786963, 14.655173232540383 ], [ 121.05672748574483, 14.655943790873584 ], [ 121.057749429740582, 14.656627426810216 ], [ 121.058895886867631, 14.657376842737692 ], [ 121.05939158839054, 14.657710438213883 ], [ 121.060077582999213, 14.658168544796228 ], [ 121.060704844987058, 14.658596110647915 ], [ 121.061524749672515, 14.65913644173088 ], [ 121.062267127233952, 14.659639184104602 ], [ 121.063018902909405, 14.660109038091832 ], [ 121.063930429552329, 14.66073629109718 ], [ 121.064809066746619, 14.661311861282256 ], [ 121.06560312887126, 14.661847493414337 ], [ 121.066502909735235, 14.662437159187572 ], [ 121.067560093735239, 14.663120795916663 ], [ 121.068340061247994, 14.663597698093868 ], [ 121.069228094607922, 14.664222601386887 ], [ 121.070130223636383, 14.664861600109797 ], [ 121.070733991951343, 14.665303260548241 ], [ 121.071464623398981, 14.665782510803673 ], [ 121.072366753094755, 14.666393319300287 ], [ 121.072977570579283, 14.666785647000562 ], [ 121.073783378147141, 14.667372961479428 ], [ 121.074553947711721, 14.667875704487306 ], [ 121.075458426573704, 14.668493560593735 ], [ 121.076127974063098, 14.669026840746213 ], [ 121.076673008866493, 14.669475547423511 ], [ 121.077319061015004, 14.670093397729049 ], [ 121.078080228291711, 14.670805218041485 ], [ 121.078871934903987, 14.671601609720142 ], [ 121.07936293319456, 14.672127838308795 ], [ 121.080105303130154, 14.672952419107501 ], [ 121.080563409857888, 14.673516233927479 ], [ 121.081256441558907, 14.674434781042482 ], [ 121.08170749811535, 14.675090213942294 ], [ 121.081911883864294, 14.675355676500015 ], [ 121.082247826961776, 14.675846663826123 ], [ 121.082574372000934, 14.676368190353996 ], [ 121.082764659299158, 14.676737016761038 ], [ 121.083053615109591, 14.677253844074494 ], [ 121.0832532981849, 14.677688447889061 ], [ 121.083443584815484, 14.678085464523594 ], [ 121.083720790563177, 14.678745591894685 ], [ 121.084188282329563, 14.679828576942988 ], [ 121.084434949298071, 14.680380641092777 ], [ 121.084857806727896, 14.681336769119207 ], [ 121.085386377945056, 14.682556008305978 ], [ 121.085776346260545, 14.683446358399738 ], [ 121.08616631463174, 14.684334359308766 ], [ 121.086584472281785, 14.685337470945889 ], [ 121.086833486581483, 14.685974105833481 ], [ 121.087054310322785, 14.686549661263044 ], [ 121.087129480768468, 14.686897342420126 ], [ 121.087258682496554, 14.687388325112144 ], [ 121.087380826153279, 14.688304510242022 ], [ 121.087425442074604, 14.689208947705112 ], [ 121.08743011715265, 14.690205002512204 ], [ 121.087462972274309, 14.69170613286227 ], [ 121.087479393465159, 14.692725679792735 ], [ 121.087500513657531, 14.693731131716326 ], [ 121.087502839013197, 14.694743630776498 ], [ 121.087516887727702, 14.696740438884383 ], [ 121.087533309420195, 14.697738843151308 ], [ 121.087498043378289, 14.698838261242775 ], [ 121.08735941644278, 14.699524220342155 ], [ 121.087159706051068, 14.700243066670913 ], [ 121.086844875246101, 14.701091115628715 ], [ 121.086551195621283, 14.701636120112227 ], [ 121.085980285490848, 14.702566384824882 ], [ 121.085512755613735, 14.703092591924118 ], [ 121.08496064961038, 14.703623495497769 ], [ 121.084002104473541, 14.704339975621389 ], [ 121.083461750924229, 14.704626564150326 ], [ 121.082832124249947, 14.704847373477811 ], [ 121.081991057204164, 14.705082273175874 ], [ 121.081596368021323, 14.705129248034551 ], [ 121.080952649905768, 14.705157423820911 ], [ 121.079568892214255, 14.705162091147848 ], [ 121.077576657135523, 14.705164395638027 ], [ 121.075631408508286, 14.705176097925133 ], [ 121.074844380587507, 14.705223063981961 ], [ 121.074083193001513, 14.705368696417217 ], [ 121.073244474508684, 14.705636484768787 ], [ 121.07125927190755, 14.706294212224051 ], [ 121.070397060076544, 14.70656200004956 ], [ 121.068442414166029, 14.706571352941451 ], [ 121.066478371141926, 14.70657130887983 ], [ 121.065590322813065, 14.706578336514321 ], [ 121.065094612165396, 14.706630007478788 ], [ 121.064671728917389, 14.706763901576439 ], [ 121.064206554546473, 14.707029349124445 ], [ 121.063938725212878, 14.707252515757281 ], [ 121.063327881412562, 14.707971352877911 ], [ 121.062789868850246, 14.708610319319536 ], [ 121.062303543021386, 14.709190557278838 ], [ 121.061643361098277, 14.709998662352547 ], [ 121.061243963455667, 14.710459093792251 ], [ 121.061220464332962, 14.710703408579134 ], [ 121.061225159051077, 14.710870200870033 ], [ 121.061257509205646, 14.733699588723166 ], [ 121.061264537018687, 14.734552343322704 ], [ 121.061222246619465, 14.734653357363477 ], [ 121.061224581048492, 14.735282939208451 ], [ 121.061191690320186, 14.735285287656735 ] ] ] } },
{ "type": "Feature", "properties": { "fid": 40, "route_long_name": "PROJECT 2 and 3 - QUIAPO", "Notes": null, "route_id": "LTFRB_PUJ1857", "trip_id": 725394, "last_updated": "2026-03-15" }, "geometry": { "type": "MultiLineString", "coordinates": [ [ [ 121.063089542449106, 14.628584145005039 ], [ 121.063268090423833, 14.628642878651895 ], [ 121.063860120334269, 14.628735684776121 ], [ 121.066896621367704, 14.629278414824055 ], [ 121.06711745796224, 14.629311308381027 ], [ 121.06820753580368, 14.629861042260437 ], [ 121.069889640075459, 14.630650406353444 ], [ 121.069405655501399, 14.63157127617373 ], [ 121.069084957750292, 14.632149168588636 ], [ 121.068818300993257, 14.632460429670067 ], [ 121.068644447289145, 14.63258728177885 ], [ 121.068394239875971, 14.632729401877967 ], [ 121.068161654135807, 14.632801046809568 ], [ 121.067980755269076, 14.632808090302444 ], [ 121.067778713539468, 14.63276697501874 ], [ 121.067234847448702, 14.632569631224547 ], [ 121.066856606827841, 14.632480353681261 ], [ 121.06673209394728, 14.632404002357353 ], [ 121.06623403889067, 14.632247770337463 ], [ 121.066191749213118, 14.632318244950907 ], [ 121.065512770270388, 14.633225015282267 ], [ 121.0653036733314, 14.63348811935591 ], [ 121.065101627566335, 14.633617320017319 ], [ 121.064671698485455, 14.633659595698264 ], [ 121.064556582522414, 14.633600863476197 ], [ 121.064462611620826, 14.6334974972055 ], [ 121.064408579393245, 14.633394131831935 ], [ 121.064394484893498, 14.633330703508152 ], [ 121.064345152112679, 14.633194449643847 ], [ 121.064222992378532, 14.632957179169324 ], [ 121.063793072370075, 14.632616537621956 ], [ 121.063724059932355, 14.632648543723507 ], [ 121.063662388529494, 14.63270727197445 ], [ 121.062912345983065, 14.633456057989331 ], [ 121.06202897511352, 14.634358125361667 ], [ 121.061638977025339, 14.634724589532984 ], [ 121.061190243644916, 14.635173273876427 ], [ 121.061006996891209, 14.635119238494807 ], [ 121.060487797301064, 14.634985323261471 ], [ 121.060046125669572, 14.634853758954982 ], [ 121.059494035517844, 14.634715144611897 ], [ 121.059054713275643, 14.634581231172675 ], [ 121.058502623068122, 14.634444966015 ], [ 121.058002218815687, 14.634282860978191 ], [ 121.056611422852797, 14.633876420653493 ], [ 121.054417160027072, 14.63324678966222 ], [ 121.053428097188046, 14.632964865190354 ], [ 121.05205844506041, 14.632565472896392 ], [ 121.049859483787074, 14.631926445056839 ], [ 121.046020698779301, 14.630812844918566 ], [ 121.045569604652599, 14.631743112228412 ], [ 121.045233632500839, 14.632478399732022 ], [ 121.044951700480723, 14.632983468274549 ], [ 121.044794287826207, 14.633291208035091 ], [ 121.044510022613437, 14.633115012739706 ], [ 121.04429388624348, 14.633016342095122 ], [ 121.044009617134549, 14.633004589782457 ], [ 121.0435585431009, 14.633086801141765 ], [ 121.043494523811077, 14.633084450518277 ], [ 121.043267224571252, 14.633134952900244 ], [ 121.042662855102989, 14.633276477749412 ], [ 121.041771278564212, 14.633460868782286 ], [ 121.041652636540405, 14.633489056343015 ], [ 121.039554670648243, 14.633945925793441 ], [ 121.038802373801403, 14.630683477572305 ], [ 121.038510206317639, 14.629379085780489 ], [ 121.038525485920786, 14.629002041857223 ], [ 121.038627690150307, 14.62865553929778 ], [ 121.039151631854779, 14.626955915390152 ], [ 121.039478213936576, 14.625914058979097 ], [ 121.039616833647003, 14.625533494050506 ], [ 121.039729606511187, 14.625329117450022 ], [ 121.039926960345468, 14.624915665245057 ], [ 121.04004678087702, 14.624725383915793 ], [ 121.040049131825029, 14.624657257590705 ], [ 121.039240962451217, 14.624596160613294 ], [ 121.035087347724712, 14.624283625636103 ], [ 121.032944759208462, 14.624119134520395 ], [ 121.031417694863009, 14.62400868849797 ], [ 121.031218002381706, 14.623971097044558 ], [ 121.030987769396035, 14.623898267123296 ], [ 121.028979103813214, 14.623273338667508 ], [ 121.026507623257615, 14.622488655203183 ], [ 121.024783224333646, 14.621978843220031 ], [ 121.023545134498235, 14.62159589817648 ], [ 121.022415113460241, 14.62123644741521 ], [ 121.021649236209782, 14.621001511663692 ], [ 121.02111124277873, 14.620832358224488 ], [ 121.019353954403684, 14.620270863421705 ], [ 121.018759577295157, 14.620087613602928 ], [ 121.017963158982937, 14.619840931237757 ], [ 121.016574713285124, 14.619394554808293 ], [ 121.015468184135713, 14.619096183395778 ], [ 121.014986574046887, 14.618955221448429 ], [ 121.014622428644032, 14.618898832816321 ], [ 121.013917630118613, 14.618830690603406 ], [ 121.010565137242565, 14.618558109769719 ], [ 121.010299663747602, 14.618506421725312 ], [ 121.009766366087888, 14.618459426034493 ], [ 121.008589351968141, 14.618370130542917 ], [ 121.006618264803564, 14.618205643276008 ], [ 121.004806931891352, 14.618059953081865 ], [ 121.002593863732272, 14.617879016079776 ], [ 121.002175684318559, 14.617794436007909 ], [ 121.002088759134679, 14.617787386498547 ], [ 121.002039422011464, 14.617834369099187 ], [ 121.002013576333709, 14.617961224533166 ], [ 121.002182724526975, 14.618123322130034 ], [ 121.003120089010721, 14.618954954842232 ], [ 121.003103641948485, 14.619027779221957 ], [ 121.0030519556028, 14.619070063398988 ], [ 121.002960331806989, 14.619060664598642 ], [ 121.001797436176147, 14.618022298498941 ], [ 121.00168701871182, 14.617970613938082 ], [ 121.001604792529562, 14.617949469421555 ], [ 121.001524916571711, 14.617890737990512 ], [ 121.001477932344784, 14.617787372774796 ], [ 121.001442695900209, 14.617637024113895 ], [ 121.001402759396413, 14.617545404983826 ], [ 120.999854580980823, 14.616171096708699 ], [ 120.998992394009463, 14.61538879858135 ], [ 120.997965757011272, 14.614465545632426 ], [ 120.996354149253904, 14.612978475033097 ], [ 120.994399544604647, 14.611244732256598 ], [ 120.993579645418578, 14.610471831823444 ], [ 120.992731553502935, 14.609729470167856 ], [ 120.991538117254336, 14.608660563976796 ], [ 120.99038696856887, 14.607610452220106 ], [ 120.989292203115397, 14.606593230327125 ], [ 120.98833839401658, 14.605731057840616 ], [ 120.987929617392183, 14.605416257807176 ], [ 120.985608489275052, 14.604838306031057 ], [ 120.985394702347037, 14.60473493706793 ], [ 120.985307779222538, 14.604640967697447 ], [ 120.985195017489929, 14.604375507210124 ], [ 120.985063474503264, 14.603543892613301 ], [ 120.985032938786347, 14.603306624199249 ], [ 120.984953071345799, 14.602888467399103 ], [ 120.984725209569717, 14.601892407659907 ], [ 120.984596010238775, 14.601300410030928 ], [ 120.984398688800525, 14.600346636317513 ], [ 120.984307077975771, 14.599789877315638 ], [ 120.984133246981003, 14.598958261773289 ], [ 120.984020493989192, 14.598323979178769 ], [ 120.983938275211017, 14.597990393003053 ], [ 120.984088633020846, 14.597971602899072 ], [ 120.984450384165484, 14.599923784104854 ], [ 120.984577230265458, 14.600680224658953 ], [ 120.984760454364704, 14.601690378505957 ], [ 120.985025902085951, 14.602829739400274 ], [ 120.985220871295923, 14.603905670705871 ], [ 120.985382958572785, 14.604612779161778 ], [ 120.985530964098217, 14.604718495832049 ], [ 120.985730655969675, 14.60478192832614 ], [ 120.986898268252517, 14.605061507630932 ], [ 120.987208378646343, 14.605131990162622 ], [ 120.987584270943685, 14.605178982318298 ], [ 120.98805883331292, 14.60530819818125 ], [ 120.988286713905552, 14.605510233248987 ], [ 120.989090168757599, 14.606240847972535 ], [ 120.989759714421155, 14.606851651230254 ], [ 120.990697078238711, 14.607711474162292 ], [ 120.991841179200989, 14.608749839833406 ], [ 120.992797337911441, 14.60960026644698 ], [ 120.993628983265651, 14.610394309812571 ], [ 120.994345515493677, 14.611009812498445 ], [ 120.99518186051732, 14.611761570632343 ], [ 120.996036999432064, 14.612546217785077 ], [ 120.996570287129515, 14.613013717671235 ], [ 120.997239832569676, 14.613633917673145 ], [ 120.998496698770396, 14.614789745153979 ], [ 120.999189737158787, 14.615426389982543 ], [ 120.99957736922147, 14.615764681396994 ], [ 121.000162340536804, 14.616305007194287 ], [ 121.000989289170789, 14.617016828966641 ], [ 121.001515528810771, 14.617486677881084 ], [ 121.001656487057943, 14.617561854982668 ], [ 121.001783350471229, 14.617587698872997 ], [ 121.001882020041919, 14.61769106524992 ], [ 121.002159240818841, 14.617716912518404 ], [ 121.002448206706148, 14.617808537243537 ], [ 121.002690186974974, 14.617855526389356 ], [ 121.003187070156613, 14.617894299113093 ], [ 121.003958824864654, 14.617955395274317 ], [ 121.004755247187802, 14.618032936287911 ], [ 121.005443600740236, 14.618085808426184 ], [ 121.005956929118938, 14.618130454482976 ], [ 121.006915455613282, 14.618202126174944 ], [ 121.00787398210737, 14.618273797866864 ], [ 121.008799617788824, 14.618351341783415 ], [ 121.009758144338065, 14.61842066428982 ], [ 121.010344301841329, 14.618474708724612 ], [ 121.010543995520607, 14.618461792691233 ], [ 121.010983320023001, 14.618500564121632 ], [ 121.011990007524929, 14.618586332008167 ], [ 121.014193678704785, 14.61875199909294 ], [ 121.014793932766764, 14.618782551989863 ], [ 121.015051183815757, 14.61882484310766 ], [ 121.015291987635493, 14.618947006161166 ], [ 121.015589175633423, 14.619062122925111 ], [ 121.016013227350257, 14.619190163059301 ], [ 121.016517155887385, 14.619340522249825 ], [ 121.017507392735197, 14.619650636976727 ], [ 121.017810454457091, 14.619749309574456 ], [ 121.018102944260349, 14.619844458156475 ], [ 121.018524646559612, 14.619976022015949 ], [ 121.019028574845848, 14.620136952540877 ], [ 121.019532503215572, 14.620294359287614 ], [ 121.019842612966485, 14.620391857450903 ], [ 121.020260791348335, 14.620519897452969 ], [ 121.020676620229338, 14.62065498495857 ], [ 121.021165277956968, 14.620811216769431 ], [ 121.021400209805634, 14.620875824647399 ], [ 121.021859500944259, 14.621028532020285 ], [ 121.022135545661129, 14.62111310889822 ], [ 121.022547850457755, 14.621251720102759 ], [ 121.023710762113126, 14.621613520788397 ], [ 121.023956266325555, 14.621662859198411 ], [ 121.02462817055779, 14.621883697725851 ], [ 121.024863101905254, 14.621969448272777 ], [ 121.025798130408702, 14.622237276420538 ], [ 121.026265644521175, 14.622377063458007 ], [ 121.026614517889442, 14.622491006790131 ], [ 121.027299343512695, 14.622709496422242 ], [ 121.0280569981215, 14.62294325739591 ], [ 121.028791159475773, 14.623173494063568 ], [ 121.029774347957115, 14.623498878336468 ], [ 121.030677660341837, 14.623771404142193 ], [ 121.031236797803444, 14.623939383463231 ], [ 121.031451761093564, 14.62397110229608 ], [ 121.031794763186383, 14.623998125634481 ], [ 121.032734495059131, 14.624067447716817 ], [ 121.033655432205705, 14.624139118562347 ], [ 121.034127647517352, 14.624172017767178 ], [ 121.03491232344318, 14.624237812587866 ], [ 121.035466765381486, 14.624273062825386 ], [ 121.036479326322265, 14.62435413247098 ], [ 121.037502459376086, 14.624430503983149 ], [ 121.038329423281411, 14.624497474346468 ], [ 121.039172832634321, 14.624559746708329 ], [ 121.039889378129828, 14.624614968663767 ], [ 121.040105516448122, 14.624631417817524 ], [ 121.04008495725877, 14.624737717997016 ], [ 121.039888780248305, 14.625060139292241 ], [ 121.039646787569282, 14.625537018501594 ], [ 121.039617418726195, 14.625628636074293 ], [ 121.039438857502674, 14.6261290085636 ], [ 121.039313158933268, 14.626517795931926 ], [ 121.039129896648859, 14.627119183290885 ], [ 121.039038264393426, 14.627466860679663 ], [ 121.038921963882828, 14.627825108849036 ], [ 121.038786867282639, 14.628243260825558 ], [ 121.038642372150619, 14.62871192007861 ], [ 121.038554265037007, 14.629011439245538 ], [ 121.03854016469279, 14.629194675394736 ], [ 121.038542509601541, 14.629381435691595 ], [ 121.038607108989055, 14.629689180438268 ], [ 121.038682279571475, 14.630030988611761 ], [ 121.038745705488807, 14.630288225844836 ], [ 121.038866683237615, 14.630834414183076 ], [ 121.038980614571472, 14.631313650577578 ], [ 121.039102767349064, 14.631844569237364 ], [ 121.039233142433176, 14.63239075778775 ], [ 121.039324755624932, 14.632847676419862 ], [ 121.039396402986128, 14.633156595918923 ], [ 121.039523255043719, 14.633661673645253 ], [ 121.039772281919937, 14.63376739258525 ], [ 121.039850982597883, 14.633851965030118 ], [ 121.040385458899593, 14.633730993983502 ], [ 121.041299354332267, 14.63353720670978 ], [ 121.042392974912033, 14.633296439763834 ], [ 121.043512438302244, 14.633049800435002 ], [ 121.043787312803389, 14.632946442448652 ], [ 121.044304168127169, 14.632866581752474 ], [ 121.044543801953679, 14.632791413200227 ], [ 121.044743498163484, 14.632671609227035 ], [ 121.04486566697085, 14.632525962472307 ], [ 121.045077118532433, 14.632039685830673 ], [ 121.045406042348944, 14.631318493281976 ], [ 121.045678580485031, 14.630667775031389 ], [ 121.046148443622684, 14.630820482640857 ], [ 121.046543129136936, 14.630928554037856 ], [ 121.047045883058615, 14.631076564015196 ], [ 121.047649070275654, 14.631255115659519 ], [ 121.048537112376167, 14.631511196822645 ], [ 121.049843333216756, 14.631880048281221 ], [ 121.051889588629692, 14.63248383490871 ], [ 121.054330529888901, 14.633181597819798 ], [ 121.055253811549051, 14.63345647325761 ], [ 121.056456662313579, 14.63379948135343 ], [ 121.057112121927162, 14.633989780098677 ], [ 121.058829473224378, 14.634483147620392 ], [ 121.058848268200677, 14.634470227522538 ], [ 121.058908181694179, 14.63423883410052 ], [ 121.059024482398584, 14.633872363781309 ], [ 121.059207742872459, 14.633347324948076 ], [ 121.059403918559539, 14.633080696805436 ], [ 121.059630634194093, 14.632872798985288 ], [ 121.05990081386706, 14.632607347097952 ], [ 121.060136927226296, 14.632383005190963 ], [ 121.060435300073323, 14.632068221042745 ], [ 121.0605292755113, 14.631980128699308 ], [ 121.060622078341808, 14.631805116467891 ], [ 121.060955697791144, 14.63121195463623 ], [ 121.061082567798124, 14.630959420050587 ], [ 121.061198864940422, 14.630743297601962 ], [ 121.061379771934014, 14.630393273034445 ], [ 121.061563027927377, 14.630057343632568 ], [ 121.061732186749296, 14.629770746808511 ], [ 121.061881374146921, 14.629572243990001 ], [ 121.062143328563437, 14.629416029042694 ], [ 121.06235124796936, 14.629273907994252 ], [ 121.06273654569263, 14.628979093876971 ], [ 121.062882208477291, 14.62880643201945 ], [ 121.063036095405181, 14.628571516932668 ], [ 121.063093653692832, 14.62858796252373 ] ] ] } },
{ "type": "Feature", "properties": { "fid": 41, "route_long_name": "PIER SOUTH-FAIRVIEW DAHLIA-PHILCOA", "Notes": null, "route_id": "LTFRB_PUJ1680", "trip_id": 724967, "last_updated": null }, "geometry": { "type": "MultiLineString", "coordinates": [ [ [ 121.067703118766971, 14.699924315470195 ], [ 121.067768886983529, 14.700478724764226 ], [ 121.067891037430257, 14.701108309265239 ], [ 121.068060175887382, 14.701681514364761 ], [ 121.068266904129757, 14.702235926822613 ], [ 121.068609882381921, 14.703269576216361 ], [ 121.068905880857002, 14.704011925532621 ], [ 121.069126705102107, 14.704566338308178 ], [ 121.069244160330655, 14.705050273194443 ], [ 121.069328731005726, 14.705275796917661 ], [ 121.069408600120596, 14.705623478191212 ], [ 121.069417992782903, 14.705820809999736 ], [ 121.069441477998851, 14.706163791637215 ], [ 121.069441472324812, 14.706403408577469 ], [ 121.070268437474354, 14.706417522243939 ], [ 121.070583249199331, 14.706375243964096 ], [ 121.07147600314795, 14.706074568224324 ], [ 121.072049245146431, 14.705881947858355 ], [ 121.072500320676838, 14.705736308465493 ], [ 121.073181632250495, 14.705534293781545 ], [ 121.073975713846963, 14.705247710943155 ], [ 121.074342211915649, 14.705163148480901 ], [ 121.074948342361111, 14.7050644962807 ], [ 121.076047831448861, 14.705026933976685 ], [ 121.079473160618747, 14.705003518966794 ], [ 121.080671324281596, 14.704857896335637 ], [ 121.082264177571886, 14.704646505360714 ], [ 121.082898502023724, 14.704463283109435 ], [ 121.083415359676678, 14.704284756594239 ], [ 121.084176553825003, 14.703861920251356 ], [ 121.084599441799341, 14.703528345374227 ], [ 121.085219679482833, 14.702955157987226 ], [ 121.085595583452388, 14.702508821144871 ], [ 121.085929198524326, 14.702100070324695 ], [ 121.086225226815358, 14.701583256121241 ], [ 121.086544751114118, 14.700953681533917 ], [ 121.086779698619196, 14.70035699364885 ], [ 121.087014651909939, 14.699515990456732 ], [ 121.087136830727644, 14.69894749027068 ], [ 121.087160354885157, 14.697646041949913 ], [ 121.087160402172813, 14.695649234155491 ], [ 121.087160472604992, 14.692675165145124 ], [ 121.087113577950532, 14.688789611073954 ], [ 121.087090094627527, 14.688366757136285 ], [ 121.087010233192075, 14.687694888258719 ], [ 121.086878686414209, 14.68702301822184 ], [ 121.086789418185617, 14.686750510687789 ], [ 121.086554501613122, 14.686041051362125 ], [ 121.086141040683117, 14.685120161325649 ], [ 121.08555843417723, 14.683926761964193 ], [ 121.085276527814273, 14.683348855979718 ], [ 121.084646943090689, 14.681798379355664 ], [ 121.083773038228927, 14.679801551988641 ], [ 121.082715892011905, 14.677522818243121 ], [ 121.082429285646441, 14.67700129261101 ], [ 121.082241348850388, 14.676583133359388 ], [ 121.081964137371756, 14.676164972104088 ], [ 121.081607053664598, 14.675530683983057 ], [ 121.08061097054005, 14.674078864939421 ], [ 121.079826315991014, 14.673110982870924 ], [ 121.079271888137313, 14.672481388692974 ], [ 121.078538915814832, 14.671645062177552 ], [ 121.077632093128273, 14.670794636646651 ], [ 121.077011882593837, 14.67022142144655 ], [ 121.075762061630158, 14.669183053371688 ], [ 121.073934311127843, 14.667867468427508 ], [ 121.070443254581107, 14.66561217192136 ], [ 121.069395469641805, 14.664855710650489 ], [ 121.068897418229668, 14.664545606976262 ], [ 121.068263108909392, 14.664089850738856 ], [ 121.066801846235521, 14.663121953486101 ], [ 121.066538724526765, 14.662966901332586 ], [ 121.065927905204973, 14.662652096755641 ], [ 121.064344481181237, 14.661515055401239 ], [ 121.063400064143835, 14.660876055729403 ], [ 121.062967793742615, 14.660580048645652 ], [ 121.061154136121715, 14.659396018411996 ], [ 121.059180726808918, 14.658085128572765 ], [ 121.057113345257463, 14.656727252913329 ], [ 121.055788340043264, 14.655923801709438 ], [ 121.054059256765797, 14.654810248942228 ], [ 121.053410853110393, 14.65428401682385 ], [ 121.052400657285091, 14.653536953141987 ], [ 121.051865015751602, 14.653259737221978 ], [ 121.051597194929201, 14.653123478447505 ], [ 121.051390454224943, 14.653095283578885 ], [ 121.051141423620663, 14.653146960068653 ], [ 121.050746726308688, 14.653536916003947 ], [ 121.050478895691768, 14.653814113882721 ], [ 121.049957336470712, 14.654114797919732 ], [ 121.049421684029454, 14.654298022363795 ], [ 121.04887663714679, 14.654359088949191 ], [ 121.048355085716494, 14.654330887011819 ], [ 121.047777152390211, 14.654213414758066 ], [ 121.047415360331129, 14.653987884822909 ], [ 121.047006584935531, 14.653621402700683 ], [ 121.04677635857297, 14.653269019700955 ], [ 121.046635405001808, 14.652996511014047 ], [ 121.046560231997333, 14.652756892401742 ], [ 121.046513253669389, 14.652404513517105 ], [ 121.046513267804698, 14.651807820392774 ], [ 121.046630748183688, 14.651229923390893 ], [ 121.046823406909695, 14.650666123190854 ], [ 121.04680461847245, 14.650403013990196 ], [ 121.046696557021264, 14.650069427219247 ], [ 121.046574395671811, 14.649900283118374 ], [ 121.045225898118474, 14.649054546048758 ], [ 121.043261883685176, 14.647847020587053 ], [ 121.04279672249784, 14.647555711136837 ], [ 121.039690947206282, 14.645699784832495 ], [ 121.037834999230498, 14.644614419445142 ], [ 121.036542884794812, 14.643806270610861 ], [ 121.035631357311587, 14.643214255390962 ], [ 121.034879580741006, 14.642781988373534 ], [ 121.034649352152144, 14.642523572796948 ], [ 121.032022835159069, 14.640911972550626 ], [ 121.030307847095983, 14.639831308701071 ], [ 121.028780802284672, 14.638896298574059 ], [ 121.027366523379811, 14.638050560028988 ], [ 121.024660130703225, 14.636368482425079 ], [ 121.022259145073122, 14.634954218827978 ], [ 121.020915346625173, 14.634089688382616 ], [ 121.019425891151315, 14.63315467910097 ], [ 121.017678012410229, 14.632074014514394 ], [ 121.01694972939714, 14.631632351283521 ], [ 121.01639999586385, 14.631185993692375 ], [ 121.015558949948939, 14.630528202863857 ], [ 121.015009217751327, 14.630025464821328 ], [ 121.014934041964054, 14.629903305487428 ], [ 121.0135009785145, 14.628630014764155 ], [ 121.011339638062026, 14.626661348780173 ], [ 121.010761714971679, 14.626111626395973 ], [ 121.009460212098958, 14.624927607678938 ], [ 121.008013053647261, 14.623612031304187 ], [ 121.006086641675097, 14.621850098924906 ], [ 121.005184516753516, 14.621037260486672 ], [ 121.00366218028708, 14.619693492200355 ], [ 121.002966792843637, 14.619045101390071 ], [ 121.001801548435608, 14.617983243383049 ], [ 121.00157601350341, 14.61793625460672 ], [ 121.001510235051356, 14.617814095485079 ], [ 121.001467950271348, 14.617677841778557 ], [ 121.001411568931857, 14.617565079609903 ], [ 121.001002793421705, 14.617203295865496 ], [ 120.999616716311209, 14.615944101319919 ], [ 120.99810847584628, 14.614600333354234 ], [ 120.997281528380853, 14.613839178688421 ], [ 120.995994121731016, 14.612645763554813 ], [ 120.992841383334664, 14.609793781587125 ], [ 120.990759917441736, 14.607942576691364 ], [ 120.988279074708444, 14.605673207816404 ], [ 120.987973667658608, 14.605405393814461 ], [ 120.985586758639982, 14.60480864707668 ], [ 120.98540351204953, 14.604747564137572 ], [ 120.985295446702082, 14.604578420358292 ], [ 120.985037048373712, 14.603380329984276 ], [ 120.984741065380859, 14.601984907192131 ], [ 120.984454483620581, 14.600425041634663 ], [ 120.984243066402257, 14.599461870863871 ], [ 120.983942389419198, 14.597869116398908 ], [ 120.983716878647968, 14.596802581156689 ], [ 120.983627607414576, 14.596656929655298 ], [ 120.981113859309033, 14.595007745005367 ], [ 120.980540630875666, 14.594627164086759 ], [ 120.980221127599947, 14.594368746511694 ], [ 120.979770058846512, 14.594227785249457 ], [ 120.979286099196756, 14.59409621998952 ], [ 120.97910755149644, 14.594025740414475 ], [ 120.978980694150891, 14.593743835315443 ], [ 120.979041783622577, 14.593457236070105 ], [ 120.979347206372879, 14.593062579788523 ], [ 120.979558652875227, 14.592790079035419 ], [ 120.979831185731499, 14.59236253341963 ], [ 120.980061427906577, 14.592047747752348 ], [ 120.980451443822545, 14.590929544273834 ], [ 120.980653502120475, 14.590271776907692 ], [ 120.980738090498178, 14.589750259653941 ], [ 120.980860276345823, 14.588885762180224 ], [ 120.980902575267237, 14.588425322796803 ], [ 120.980803912600422, 14.58803065743561 ], [ 120.98028710225374, 14.586212376338727 ], [ 120.980127354346493, 14.585925772132441 ], [ 120.979845442194019, 14.585592181472647 ], [ 120.979309802656758, 14.585230394884775 ], [ 120.97868958643366, 14.584896796620095 ], [ 120.977200130503732, 14.583980580843757 ], [ 120.975734165684358, 14.583158333010271 ], [ 120.975508632532382, 14.583036170301183 ], [ 120.974479576655739, 14.585047049843554 ], [ 120.973741855990895, 14.586306196620979 ], [ 120.97275979558853, 14.587945905940982 ], [ 120.971956293465567, 14.589209749617387 ], [ 120.971406529083794, 14.59006484074191 ], [ 120.971223273807325, 14.590370230723799 ], [ 120.971185677896358, 14.590647433755189 ], [ 120.971223263228993, 14.59081657594842 ], [ 120.971133983866793, 14.591013905514837 ], [ 120.971025911058788, 14.591159552580169 ], [ 120.970758084886697, 14.591248815605212 ], [ 120.970574838963699, 14.591159542441272 ], [ 120.970494963840537, 14.591065573230036 ], [ 120.970452679060784, 14.590929319526619 ], [ 120.970485575301907, 14.590694401726505 ], [ 120.970574852325768, 14.590595737946659 ], [ 120.97069702024595, 14.590487678164546 ], [ 120.970842680056819, 14.590440697730751 ], [ 120.970955449528162, 14.59037962144531 ], [ 120.97103532810317, 14.59032794116214 ], [ 120.971176291807495, 14.590172898094744 ], [ 120.971914011135624, 14.588970131757348 ], [ 120.97269401858415, 14.587762668002494 ], [ 120.973323665215872, 14.586700850363952 ], [ 120.973699573327039, 14.586080673874291 ], [ 120.973939215733452, 14.58564373078139 ], [ 120.974131870238395, 14.585258468710801 ], [ 120.974329222742867, 14.584901396970537 ], [ 120.974629952171725, 14.584281218792945 ], [ 120.975015260625028, 14.583534186507565 ], [ 120.975193818124907, 14.583191209458109 ], [ 120.975362977064549, 14.5828999142756 ], [ 120.975424062305294, 14.582791853122076 ], [ 120.975917415727224, 14.583073766456696 ], [ 120.978844645249964, 14.5847793408374 ], [ 120.979596421939974, 14.585206909474225 ], [ 120.979812557422363, 14.585343167084273 ], [ 120.980141456808056, 14.585653266946551 ], [ 120.980320000388076, 14.585897586238589 ], [ 120.980484444179098, 14.586301649818965 ], [ 120.980761642742351, 14.587264822053005 ], [ 120.981250263421842, 14.588984436732439 ], [ 120.980709877112716, 14.590652346207236 ], [ 120.980474926359733, 14.591385286766826 ], [ 120.980437329669428, 14.591695378393061 ], [ 120.980254069382752, 14.592212195059744 ], [ 120.980197679469455, 14.592461207443773 ], [ 120.980192972116512, 14.592827680259218 ], [ 120.979967416694834, 14.593645191706836 ], [ 120.979943917677815, 14.593884808089117 ], [ 120.980042584019571, 14.594124427217304 ], [ 120.98018354059711, 14.594270079880152 ], [ 120.980639304343697, 14.594566087484194 ], [ 120.981395778031455, 14.595064131791359 ], [ 120.982279113295775, 14.595665543107543 ], [ 120.983604117082692, 14.596530073115602 ], [ 120.983759170442497, 14.596642837499816 ], [ 120.983824947001565, 14.596844868922831 ], [ 120.984092740436978, 14.598136926914423 ], [ 120.984590738746888, 14.600688153463324 ], [ 120.985093439065821, 14.603098429000735 ], [ 120.985295458615425, 14.604075694677233 ], [ 120.985450502511441, 14.604587820584468 ], [ 120.985718322335828, 14.604766364695521 ], [ 120.987033941702776, 14.605085883478617 ], [ 120.988015958339446, 14.605292633864295 ], [ 120.988824112471519, 14.60599740765363 ], [ 120.990280667371934, 14.60735057119288 ], [ 120.99089618036173, 14.607876802561206 ], [ 120.992493692284484, 14.609356825282939 ], [ 120.992878974791097, 14.60970451338518 ], [ 120.993607252797574, 14.610357603301768 ], [ 120.994795990656456, 14.611414763461005 ], [ 120.995684020021912, 14.612208808094383 ], [ 120.996717704520847, 14.613153203869391 ], [ 120.998056795623725, 14.614384207131742 ], [ 120.999099877346211, 14.615333301490008 ], [ 120.999997302933025, 14.616174330045341 ], [ 121.001181343459038, 14.61717510965164 ], [ 121.001397476491547, 14.617414731424102 ], [ 121.001594818193496, 14.61751340164704 ], [ 121.001735776774623, 14.617574483635893 ], [ 121.001872036242858, 14.617654359002811 ], [ 121.001890827907445, 14.617781215439647 ], [ 121.001890826348841, 14.6178469926324 ], [ 121.002139849831963, 14.618096011885752 ], [ 121.003699774526368, 14.619486764724435 ], [ 121.00472406213413, 14.62041236680863 ], [ 121.006702158337092, 14.622221284056764 ], [ 121.00771704894315, 14.623132790818518 ], [ 121.008182207350913, 14.623541559540183 ], [ 121.009117221164118, 14.624429572653471 ], [ 121.009427326101289, 14.624730275360431 ], [ 121.011198685269903, 14.626355951501772 ], [ 121.012161893203412, 14.627154696201753 ], [ 121.012965348553479, 14.627864168265177 ], [ 121.014309137652702, 14.629123361869462 ], [ 121.015371013709057, 14.630086551770946 ], [ 121.015934841686757, 14.630598686872021 ], [ 121.016728901816222, 14.631218889677267 ], [ 121.017903550680984, 14.631980052160927 ], [ 121.02025754841307, 14.63344599678244 ], [ 121.021920852472348, 14.634470279017661 ], [ 121.023518376186644, 14.635452274436675 ], [ 121.024467493346918, 14.636030195386732 ], [ 121.025919360702858, 14.636913521743603 ], [ 121.027728320115529, 14.638078758380953 ], [ 121.030162195413766, 14.639535308056363 ], [ 121.032511494249121, 14.641010649316661 ], [ 121.03486079408502, 14.642443705238307 ], [ 121.036923479539126, 14.643693518253711 ], [ 121.038436428233553, 14.644633226435934 ], [ 121.040189004854781, 14.645746779727805 ], [ 121.040672962716158, 14.645953518921454 ], [ 121.042059047607822, 14.646883827513058 ], [ 121.042754440055106, 14.647320791635511 ], [ 121.043736447327575, 14.647922205180681 ], [ 121.045686364533623, 14.649181412407154 ], [ 121.046663673026629, 14.649787524218089 ], [ 121.047067758213558, 14.649796930034231 ], [ 121.047514135526683, 14.649632497071494 ], [ 121.047758472027184, 14.649388187264167 ], [ 121.048139071667535, 14.649068706580302 ], [ 121.04858545120662, 14.648810306197294 ], [ 121.049233872448582, 14.648594195690867 ], [ 121.049605069077188, 14.648514331719038 ], [ 121.050154812735173, 14.648533137548375 ], [ 121.050812621517139, 14.64873048390357 ], [ 121.051282480146639, 14.649073475540055 ], [ 121.051630172529457, 14.649454051401461 ], [ 121.051879191335502, 14.649900402241691 ], [ 121.051991949227983, 14.650327956538131 ], [ 121.052057715325091, 14.650971634847494 ], [ 121.051968425727139, 14.65160121456247 ], [ 121.051785164002666, 14.652179110086355 ], [ 121.051822741990264, 14.65265834477754 ], [ 121.052048269462247, 14.653020124412945 ], [ 121.05312424930446, 14.65365442866629 ], [ 121.0541438473619, 14.654194764232471 ], [ 121.054923813485715, 14.654730396046896 ], [ 121.056488445290938, 14.655764072813009 ], [ 121.058255116015587, 14.656957498732266 ], [ 121.060364784795169, 14.658348263938386 ], [ 121.062032785058321, 14.659475910448045 ], [ 121.063409473053611, 14.660387425347665 ], [ 121.065086870650745, 14.661515072069005 ], [ 121.066613914336543, 14.662497065911218 ], [ 121.068422873844113, 14.663657604184582 ], [ 121.069104169394407, 14.664132154961042 ], [ 121.070043887429179, 14.664785249641129 ], [ 121.070603019849528, 14.665165830253111 ], [ 121.071209137386901, 14.665612189115441 ], [ 121.071848146375899, 14.666025660118496 ], [ 121.073525543413538, 14.667176798697266 ], [ 121.074874039845497, 14.668069519481588 ], [ 121.076574926658367, 14.669371006464258 ], [ 121.078177136222465, 14.670893314675519 ], [ 121.078966493222723, 14.671701452229298 ], [ 121.07976524644512, 14.672556573705799 ], [ 121.080272688513944, 14.673148579859873 ], [ 121.080845908589325, 14.673881538625015 ], [ 121.081583575350351, 14.674896403350731 ], [ 121.082213176097255, 14.675770314517061 ], [ 121.08292734362287, 14.677034192388435 ], [ 121.083768362262575, 14.678843084164196 ], [ 121.084487220555218, 14.680440546498481 ], [ 121.084853695699849, 14.681323848506132 ], [ 121.085666520109939, 14.683226707081339 ], [ 121.086319600285393, 14.684687915181998 ], [ 121.086648488427329, 14.68547255055479 ], [ 121.087099530463021, 14.686741120904912 ], [ 121.087207587241565, 14.687272039277685 ], [ 121.087409599789012, 14.688545302413122 ], [ 121.087418976649971, 14.689409802930209 ], [ 121.087447126483369, 14.691190486262105 ], [ 121.087517534282497, 14.69423973078761 ], [ 121.087517463851214, 14.697213799804182 ], [ 121.087484535015221, 14.698825340418514 ], [ 121.087348254743162, 14.699624060481787 ], [ 121.087160293022947, 14.700258336390714 ], [ 121.086850160829798, 14.701108734639616 ], [ 121.0864601557398, 14.701771196244916 ], [ 121.086197018677595, 14.702264519329823 ], [ 121.08580701748177, 14.702762537940194 ], [ 121.08522436847079, 14.703363916398175 ], [ 121.08474039526007, 14.703805552445347 ], [ 121.08435509684827, 14.704129731423288 ], [ 121.083908716982776, 14.704402226946351 ], [ 121.083405953663544, 14.70465122934792 ], [ 121.082635366185386, 14.704904924112398 ], [ 121.082057426522354, 14.70505525902948 ], [ 121.081827191035941, 14.705088142463602 ], [ 121.081385515178042, 14.705135116268142 ], [ 121.080676015828658, 14.705158592207367 ], [ 121.078350175301864, 14.705163238398814 ], [ 121.0763767345031, 14.70518198761045 ], [ 121.075465192783497, 14.705191363902909 ], [ 121.074953037134648, 14.70522893938371 ], [ 121.074389194919306, 14.705318195789967 ], [ 121.073454154855071, 14.705538998266857 ], [ 121.070503367846371, 14.706544383541676 ], [ 121.069958321857968, 14.706567863170912 ], [ 121.069347494857993, 14.706577246210271 ], [ 121.069347506428514, 14.706088615586957 ], [ 121.069295829096248, 14.70575033168841 ], [ 121.069225359318978, 14.705318079940916 ], [ 121.069126695645309, 14.704965699874455 ], [ 121.068779018391552, 14.703946145487322 ], [ 121.068454830581544, 14.703091034625974 ], [ 121.068177626554132, 14.70235808247484 ], [ 121.067999089649305, 14.701831860877498 ], [ 121.067881633530888, 14.701385512963858 ], [ 121.067745387304129, 14.700746531403651 ], [ 121.067684311079418, 14.700474024495296 ], [ 121.067609144192673, 14.699975995446465 ], [ 121.067609146306623, 14.699886726391037 ], [ 121.067703119211998, 14.69990552198484 ], [ 121.067707816544427, 14.699961902546326 ] ] ] } },
{ "type": "Feature", "properties": { "fid": 42, "route_long_name": "Fairview Dahlia - Quiapo", "Notes": null, "route_id": null, "trip_id": null, "last_updated": null }, "geometry": { "type": "MultiLineString", "coordinates": [ [ [ 120.983911845017531, 14.597998320909799 ], [ 120.984076299052973, 14.597970134381008 ], [ 120.984329994815567, 14.599332667619915 ], [ 120.984658859796525, 14.601094564071229 ], [ 120.984936048341311, 14.602480589697715 ], [ 120.985419961672832, 14.604566677229299 ], [ 120.985575013807974, 14.604731123693629 ], [ 120.986655701797318, 14.604966066521921 ], [ 120.988051197956992, 14.605309078954201 ], [ 120.988549246260263, 14.605750737006835 ], [ 120.990734080169631, 14.60771470512373 ], [ 120.992364482765794, 14.609194728584381 ], [ 120.993586109071586, 14.610345856899471 ], [ 120.995521919273259, 14.612070202510887 ], [ 120.996391154302131, 14.612850151609603 ], [ 120.997603383939932, 14.613973089490683 ], [ 120.99895187282317, 14.615185299481189 ], [ 120.999933873313793, 14.616073313645735 ], [ 121.001296457865422, 14.617299619067127 ], [ 121.001564276798305, 14.617515750146307 ], [ 121.001742824163742, 14.617600324834253 ], [ 121.001850892071616, 14.617661406084119 ], [ 121.001893175515661, 14.617854040241559 ], [ 121.002114008440373, 14.61804198003966 ], [ 121.003457798432407, 14.619263586669252 ], [ 121.004726410966995, 14.62043350953058 ], [ 121.006601139822266, 14.622101473328494 ], [ 121.007944929479407, 14.623337175073781 ], [ 121.009218240012842, 14.624535288269103 ], [ 121.009612920187593, 14.624868881472681 ], [ 121.010280116292648, 14.625489081426144 ], [ 121.012084366245531, 14.627110059936106 ], [ 121.013414060232748, 14.628331666255514 ], [ 121.014936395583632, 14.629722418257991 ], [ 121.015406252881149, 14.630121790344802 ], [ 121.015993574642067, 14.630615132489725 ], [ 121.016388255150375, 14.630934630581494 ], [ 121.016674868864314, 14.631146063713436 ], [ 121.01726689062852, 14.631583025512457 ], [ 121.018065651985651, 14.632095165891053 ], [ 121.019315479865512, 14.632842234950608 ], [ 121.020678073095524, 14.633702067446773 ], [ 121.022228610245705, 14.634679363439266 ], [ 121.023910709419866, 14.635684852612934 ], [ 121.025691478052323, 14.63679840653584 ], [ 121.027082261950113, 14.637714620117901 ], [ 121.028346185830117, 14.638461689494843 ], [ 121.03047465163155, 14.639753789325782 ], [ 121.031813752522083, 14.640571335956519 ], [ 121.033096469512671, 14.641384182950064 ], [ 121.034435570291095, 14.642206427952086 ], [ 121.034877238364047, 14.642488340132292 ], [ 121.036277421486403, 14.643324681619356 ], [ 121.037536646250899, 14.64409054437556 ], [ 121.038636120770221, 14.644668468703248 ], [ 121.039975220211261, 14.645547094158058 ], [ 121.041192157745826, 14.6462800673677 ], [ 121.041788878731055, 14.646693537419074 ], [ 121.042789679004372, 14.647365426951705 ], [ 121.044626830638194, 14.648521267482863 ], [ 121.045731002042345, 14.649174365852973 ], [ 121.046604941629994, 14.649705301405954 ], [ 121.046788187661122, 14.649789876199684 ], [ 121.047074807049626, 14.64976169240969 ], [ 121.047460099903702, 14.649672432011936 ], [ 121.047638652943732, 14.649517389777126 ], [ 121.04789708566949, 14.64926368354433 ], [ 121.048437441008332, 14.648901921108738 ], [ 121.049161043045899, 14.64859654324091 ], [ 121.049842352289289, 14.648493194377911 ], [ 121.05065051921197, 14.648657655512405 ], [ 121.051125078846425, 14.648901981462794 ], [ 121.051505661679471, 14.649291954804818 ], [ 121.051815763052318, 14.649743005387672 ], [ 121.052003697065544, 14.650278623906033 ], [ 121.052022477600218, 14.650875317449854 ], [ 121.05195668044955, 14.651542484660649 ], [ 121.051796911395002, 14.652148570938317 ], [ 121.051778112940539, 14.652308315131947 ], [ 121.051815691373335, 14.652768756339006 ], [ 121.051900264384045, 14.652895614256565 ], [ 121.052854079983135, 14.653482932056169 ], [ 121.053197077594035, 14.653699064826654 ], [ 121.054009936728164, 14.654136031587356 ], [ 121.054775807739802, 14.654634076116798 ], [ 121.056011537825697, 14.655456318799869 ], [ 121.056927764306181, 14.656034239013643 ], [ 121.058403121984043, 14.657044421920286 ], [ 121.059742220417533, 14.657965332717422 ], [ 121.060686638234642, 14.65857144379101 ], [ 121.062143202354122, 14.659534642565687 ], [ 121.062988949265588, 14.660093767713322 ], [ 121.063656149259231, 14.660549524688452 ], [ 121.064191789233078, 14.660892517803816 ], [ 121.064661648306611, 14.661216715957973 ], [ 121.065789311040078, 14.661954385536722 ], [ 121.066700839073633, 14.662522908903789 ], [ 121.068035239727578, 14.663406232628207 ], [ 121.068646057602209, 14.66378211602931 ], [ 121.070417425320386, 14.665046017623347 ], [ 121.071361841688542, 14.665713207522417 ], [ 121.07255058554, 14.666516655668891 ], [ 121.074242078468643, 14.667672492935402 ], [ 121.075045538817037, 14.668170538310569 ], [ 121.075717435362023, 14.668715564443499 ], [ 121.076624261721264, 14.669410943726293 ], [ 121.077173992688188, 14.669965363859363 ], [ 121.078113705268322, 14.670848678725905 ], [ 121.078771504141073, 14.671464180110089 ], [ 121.079241359318175, 14.671952821255008 ], [ 121.079805183505272, 14.672624700983766 ], [ 121.080340816577589, 14.67325899311094 ], [ 121.080843559199934, 14.673883887757851 ], [ 121.081604718074374, 14.674950435093521 ], [ 121.082201429595457, 14.675763266696674 ], [ 121.082971979795687, 14.677083526287511 ], [ 121.083319663830963, 14.677816479992872 ], [ 121.083855282659385, 14.679052163632258 ], [ 121.084484869941747, 14.680494577714299 ], [ 121.085043980105041, 14.681814832565921 ], [ 121.08545274203334, 14.6827498176071 ], [ 121.085894394745452, 14.683680105016215 ], [ 121.086444107908108, 14.684986264547888 ], [ 121.087059595294392, 14.686593121315351 ], [ 121.087144163520207, 14.686922009198467 ], [ 121.087224029740312, 14.68739184811283 ], [ 121.087350878629636, 14.688030829445948 ], [ 121.087411946507842, 14.688655714189675 ], [ 121.087444823827695, 14.689219519475266 ], [ 121.087444786329399, 14.690802870581855 ], [ 121.087463532931011, 14.692832567382847 ], [ 121.087515170205876, 14.694862264927686 ], [ 121.087505697210545, 14.698057157186625 ], [ 121.087453988168988, 14.699057909112378 ], [ 121.087261322996895, 14.699894214881283 ], [ 121.08705456616164, 14.700547283854023 ], [ 121.086894801230713, 14.700979530430075 ], [ 121.086673952954769, 14.701439965863853 ], [ 121.086274550196038, 14.702116522372689 ], [ 121.086030211141633, 14.702468894739905 ], [ 121.084944791802243, 14.70361527299203 ], [ 121.084531300829184, 14.703962943194009 ], [ 121.084037932731107, 14.704301214861518 ], [ 121.083521072185547, 14.704601899031516 ], [ 121.083074694878903, 14.704766332014049 ], [ 121.082336998629486, 14.704996535659804 ], [ 121.081843635982779, 14.70510458713227 ], [ 121.081575811378826, 14.705128072980395 ], [ 121.08069246110928, 14.705160941761989 ], [ 121.079733933049496, 14.705156221886186 ], [ 121.078296140347376, 14.70517498311494 ], [ 121.076191137192083, 14.705179634260928 ], [ 121.075688379434695, 14.705193718095746 ], [ 121.074955386635352, 14.705221891879379 ], [ 121.074166007044255, 14.705367523682147 ], [ 121.073301446213932, 14.705621216339843 ], [ 121.07045403178185, 14.706546731620552 ], [ 121.069509599054314, 14.706570202289868 ], [ 121.06933574835611, 14.706570198389672 ], [ 121.06934045892794, 14.706067472757647 ], [ 121.069284085042, 14.705639919697591 ], [ 121.069227709375951, 14.705287540579707 ], [ 121.069124346478461, 14.704958652264704 ], [ 121.068927017239758, 14.704333764445447 ], [ 121.068668606324692, 14.703666589914 ], [ 121.068410196522251, 14.702952431669475 ], [ 121.068250451394761, 14.702548368148664 ], [ 121.068123596606171, 14.702158400480027 ], [ 121.067959153478725, 14.70172614662606 ], [ 121.067855794698019, 14.701223418572573 ], [ 121.067714846577189, 14.700720689676023 ], [ 121.067653772688971, 14.700349516969503 ], [ 121.067616193807297, 14.699907869220191 ], [ 121.067700769822665, 14.699907871117802 ], [ 121.067865198041105, 14.700969706730746 ], [ 121.068024938050556, 14.701589895332805 ], [ 121.068259855961628, 14.702242974221505 ], [ 121.068574647326557, 14.703060497900294 ], [ 121.068795468011345, 14.703765258558816 ], [ 121.069030387368926, 14.7043572586214 ], [ 121.069171338048974, 14.704751924978629 ], [ 121.069288794946374, 14.705165384294443 ], [ 121.069382759173777, 14.705550652855168 ], [ 121.069429736058453, 14.705964110590205 ], [ 121.06943912304672, 14.706401059339075 ], [ 121.070266087973749, 14.706424569748302 ], [ 121.070627886373913, 14.706382292522566 ], [ 121.071478352203627, 14.706086314205463 ], [ 121.072488573952484, 14.705738657387645 ], [ 121.073357833784286, 14.705470869721102 ], [ 121.074123722930636, 14.705203079735744 ], [ 121.074659373029704, 14.705118521068394 ], [ 121.075119844003524, 14.705052754199913 ], [ 121.076623418052009, 14.705033994446932 ], [ 121.078629748744376, 14.705048134572793 ], [ 121.079635265037126, 14.704987078303857 ], [ 121.08122811743786, 14.704813274299482 ], [ 121.082214841952549, 14.704630059954157 ], [ 121.083008921099463, 14.704446841287004 ], [ 121.084103723421862, 14.703906553145087 ], [ 121.084559502291199, 14.703563582263179 ], [ 121.084963596263066, 14.703201816736643 ], [ 121.085386486907623, 14.702755480948239 ], [ 121.085922150244983, 14.70211181609487 ], [ 121.086227576093535, 14.701585605359609 ], [ 121.086514207939629, 14.701031203975315 ], [ 121.086791445121079, 14.700364041469367 ], [ 121.087021698965515, 14.699555926770923 ], [ 121.087134480893269, 14.698968632888803 ], [ 121.087143903151272, 14.697916197930017 ], [ 121.087176840888759, 14.69592878761539 ], [ 121.087148696172065, 14.693931979193234 ], [ 121.087148766605196, 14.690957910190104 ], [ 121.087120621556579, 14.688975196895678 ], [ 121.087021976689599, 14.687828792102168 ], [ 121.0869702984686, 14.687528095184083 ], [ 121.086862240466019, 14.687048858894466 ], [ 121.086810561132296, 14.686795145688844 ], [ 121.086603833671674, 14.68620784464736 ], [ 121.085607769351455, 14.68396200085545 ], [ 121.085457417444005, 14.683731777292225 ], [ 121.08511443452376, 14.682895459521301 ], [ 121.084409672900748, 14.681269807271782 ], [ 121.084090181203976, 14.680522759082811 ], [ 121.083639133716531, 14.679484408928786 ], [ 121.083244465342958, 14.678652788372862 ], [ 121.082939067868395, 14.677980914441024 ], [ 121.082281285020358, 14.676688847606867 ], [ 121.082173221565725, 14.676439831509887 ], [ 121.081665785283548, 14.675603510054236 ], [ 121.081468448147888, 14.675312206613306 ], [ 121.080961009194965, 14.674588646066031 ], [ 121.080331408225419, 14.673724131642746 ], [ 121.079913238835999, 14.67321669817275 ], [ 121.079565547456141, 14.672793836965504 ], [ 121.079161472511259, 14.672352181008172 ], [ 121.078668125665857, 14.671793063768703 ], [ 121.078137188256207, 14.671285627768066 ], [ 121.076887370631368, 14.670106308558891 ], [ 121.076356431552256, 14.669669348125602 ], [ 121.075515385870347, 14.669002160545983 ], [ 121.074603859730402, 14.668353764868836 ], [ 121.073372829429786, 14.667484538576826 ], [ 121.071300748772032, 14.666145456292758 ], [ 121.07029524961473, 14.665482963393211 ], [ 121.069223970670024, 14.664754691821562 ], [ 121.068124499608615, 14.664031117988246 ], [ 121.066949852203692, 14.663208876674265 ], [ 121.066498785908493, 14.662964551250376 ], [ 121.066198076195008, 14.662753117799829 ], [ 121.064732114964258, 14.661780522070829 ], [ 121.063736013697081, 14.661094537527655 ], [ 121.063115799488344, 14.660676368575938 ], [ 121.061128294285055, 14.659360780048674 ], [ 121.058445396302233, 14.657622322511505 ], [ 121.057289542340769, 14.656851763702937 ], [ 121.055132886661696, 14.655470394184077 ], [ 121.054329426421006, 14.654967650439277 ], [ 121.053897155462451, 14.654695135211345 ], [ 121.05375150066412, 14.654530688953582 ], [ 121.053422599278449, 14.654305159757387 ], [ 121.052854070745198, 14.653872896853871 ], [ 121.052421800899523, 14.65355339791547 ], [ 121.052078803511108, 14.653327868402831 ], [ 121.051853269694959, 14.653233895917413 ], [ 121.051693517001766, 14.653149321651194 ], [ 121.051477378962474, 14.653121126571564 ], [ 121.051209554467093, 14.653139914041919 ], [ 121.050969917191054, 14.653360732100776 ], [ 121.050706785575557, 14.653623834971764 ], [ 121.050283898039112, 14.653938616337426 ], [ 121.050119443228013, 14.65399969146857 ], [ 121.049550898333123, 14.654258089111098 ], [ 121.049085727685849, 14.654366141200729 ], [ 121.048573572922891, 14.654366129700776 ], [ 121.048178886072918, 14.654314438756675 ], [ 121.047854680571803, 14.654206368942287 ], [ 121.047577462302669, 14.654074808327591 ], [ 121.047215671579167, 14.653792897939619 ], [ 121.04700423721566, 14.65355327626747 ], [ 121.04683039196992, 14.653323052181531 ], [ 121.0466565482824, 14.653027050900739 ], [ 121.0465343904945, 14.652707558925311 ], [ 121.046515602836266, 14.652411561126449 ], [ 121.046520312633973, 14.651941724126136 ], [ 121.046553214993551, 14.651448395903929 ], [ 121.046722380604379, 14.650875198434035 ], [ 121.046821058299415, 14.650635583726297 ], [ 121.046825763311261, 14.650367776682156 ], [ 121.046670715741072, 14.650010697000891 ], [ 121.046271337012868, 14.64967240531727 ], [ 121.045590039455746, 14.6492824252215 ], [ 121.044382499591407, 14.64853535710923 ], [ 121.042991714585881, 14.647666127235055 ], [ 121.042592333074779, 14.647445294827582 ], [ 121.041276725080095, 14.646646542207346 ], [ 121.040299415250203, 14.646096810849079 ], [ 121.039744980046734, 14.645777309167926 ], [ 121.037593022470219, 14.644419431613338 ], [ 121.036493549731503, 14.643766333349205 ], [ 121.03479735578388, 14.642709161776107 ], [ 121.034524839075573, 14.642455443620824 ], [ 121.032772261450248, 14.641384175668728 ], [ 121.030319593598009, 14.639838356521397 ], [ 121.028632795758739, 14.638832867241323 ], [ 121.026870821686444, 14.637724012110922 ], [ 121.025818335620883, 14.637070914902944 ], [ 121.024779945335197, 14.636427214753635 ], [ 121.023656978921437, 14.635788211075761 ], [ 121.022228605459233, 14.634881393391682 ], [ 121.020372658143884, 14.63376783778045 ], [ 121.018643574630133, 14.632663681760997 ], [ 121.017078941141904, 14.631700480565106 ], [ 121.015932486286175, 14.630854748037164 ], [ 121.014706161205439, 14.629708317973311 ], [ 121.013658380706431, 14.628763921872439 ], [ 121.011797748189878, 14.627081863271762 ], [ 121.010397576080791, 14.625780383063715 ], [ 121.009185345443314, 14.62469973051321 ], [ 121.007771077219516, 14.623402948361267 ], [ 121.006577641251994, 14.622322296234467 ], [ 121.004970732219988, 14.62083287654835 ], [ 121.003142988370385, 14.619235389370912 ], [ 121.002085811424948, 14.61825340609731 ], [ 121.001709925029488, 14.617957400284487 ], [ 121.001550170887242, 14.617933904840642 ], [ 121.001507886107248, 14.617797651134106 ], [ 121.001423315433968, 14.617572127430188 ], [ 121.000253371690121, 14.616538459543973 ], [ 120.999149208736014, 14.615528284990846 ], [ 120.996466327306152, 14.613089770214108 ], [ 120.994046565695442, 14.610886179897191 ], [ 120.992467846996178, 14.60946723641773 ], [ 120.98879826606975, 14.60615480249659 ], [ 120.988037098168618, 14.605468823246444 ], [ 120.987905536810956, 14.605412439839704 ], [ 120.985443450112129, 14.604773406074788 ], [ 120.985316588201357, 14.604684134177651 ], [ 120.985246111972359, 14.604524387984792 ], [ 120.985072283203721, 14.603598805020553 ], [ 120.984776299542744, 14.602231572453057 ], [ 120.984301792677442, 14.59976021873104 ], [ 120.983913019684493, 14.597998320936204 ] ] ] } },
{ "type": "Feature", "properties": { "fid": 43, "route_long_name": "Commonwealth Market - Pier South", "Notes": null, "route_id": null, "trip_id": null, "last_updated": null }, "geometry": { "type": "MultiLineString", "coordinates": [ [ [ 121.087153299957748, 14.697938515404637 ], [ 121.087172197103513, 14.693611315881931 ], [ 121.087139355611797, 14.691534635049695 ], [ 121.08712062559016, 14.688804880938754 ], [ 121.087031369601434, 14.688015552569308 ], [ 121.087007885722159, 14.687616190488184 ], [ 121.086829353493343, 14.686892637313516 ], [ 121.08675888071366, 14.686587241602792 ], [ 121.086552150248622, 14.686126796584155 ], [ 121.086133991875144, 14.685154224358856 ], [ 121.085931962191907, 14.684604510393537 ], [ 121.08571113383276, 14.684223937369946 ], [ 121.085466812803844, 14.683815173592043 ], [ 121.085401036243695, 14.683613142154186 ], [ 121.085020465430091, 14.682715744714242 ], [ 121.084686879844909, 14.681879427155167 ], [ 121.084024403002545, 14.680390028620733 ], [ 121.083709609862083, 14.679647678909113 ], [ 121.083376021717811, 14.678919423889761 ], [ 121.083150496138046, 14.678477771937757 ], [ 121.082887384111615, 14.67791396149198 ], [ 121.082704145315319, 14.677523992572393 ], [ 121.082469222400604, 14.677082340410097 ], [ 121.082337667055114, 14.676772244960635 ], [ 121.081971184900056, 14.676184940339839 ], [ 121.08157651418982, 14.67545198558091 ], [ 121.08080595831413, 14.67437134292024 ], [ 121.080378393704137, 14.673774640187357 ], [ 121.079903841194934, 14.673229618482583 ], [ 121.079020516408789, 14.672186560261668 ], [ 121.07845199177352, 14.671589854365628 ], [ 121.076901466327854, 14.670119229396056 ], [ 121.076309445906503, 14.669625887138094 ], [ 121.075656343141318, 14.66911844839567 ], [ 121.074993842484588, 14.668634501297989 ], [ 121.073941358656171, 14.667887436663104 ], [ 121.070375125209765, 14.66555696453149 ], [ 121.069684432547135, 14.665073016801486 ], [ 121.069017232888186, 14.664603164712293 ], [ 121.068284253219304, 14.664076930693177 ], [ 121.067837885925613, 14.663818510261459 ], [ 121.066790098648553, 14.663160714784052 ], [ 121.066381320694944, 14.662902295196277 ], [ 121.064943551803296, 14.661915604986909 ], [ 121.063928655420852, 14.661248413506085 ], [ 121.063397714448385, 14.660891325382829 ], [ 121.062180779034506, 14.660069083120201 ], [ 121.061391415131581, 14.659552244578078 ], [ 121.058276247303752, 14.657494288101962 ], [ 121.05506240667637, 14.655469218008918 ], [ 121.053883060155414, 14.654665770075843 ], [ 121.053563556995243, 14.654402654122149 ], [ 121.05277419476036, 14.653815340014965 ], [ 121.05215398066143, 14.653392472693083 ], [ 121.051745201704776, 14.653176338445476 ], [ 121.051608941236324, 14.653138748417344 ], [ 121.051377532332722, 14.653118775144167 ], [ 121.051181362322652, 14.653145786372834 ], [ 121.05110148377787, 14.653196292068083 ], [ 121.050777267898212, 14.653526345354992 ], [ 121.050368475807929, 14.65386461889241 ], [ 121.049954987609965, 14.654094829790095 ], [ 121.04939584082922, 14.654320339046235 ], [ 121.048766217930705, 14.654381403732566 ], [ 121.048324543737436, 14.654357901959836 ], [ 121.047835886207665, 14.654193447999969 ], [ 121.047483489591556, 14.654047790583993 ], [ 121.047192177990937, 14.653803468747141 ], [ 121.04690086850502, 14.653469877860054 ], [ 121.046727024483644, 14.653187971692414 ], [ 121.046562581470255, 14.652751019490809 ], [ 121.046510907813783, 14.652257689368893 ], [ 121.046520315611261, 14.651816042700524 ], [ 121.046572011861954, 14.651355603497812 ], [ 121.046703582789817, 14.651007926994284 ], [ 121.046849252836836, 14.650528696418181 ], [ 121.046778776941764, 14.650354855106807 ], [ 121.046637825485519, 14.649993077371031 ], [ 121.046402898006974, 14.649744058430166 ], [ 121.043621326104613, 14.648085470989185 ], [ 121.04289774276512, 14.647601522523154 ], [ 121.041417682964209, 14.646736989015359 ], [ 121.040501455590061, 14.646196655770876 ], [ 121.040040992624768, 14.645924139910392 ], [ 121.037851445485259, 14.644575658253666 ], [ 121.036784861972635, 14.643983639551442 ], [ 121.036183443098338, 14.643537280797624 ], [ 121.034844341429917, 14.642752622763391 ], [ 121.034632906732142, 14.642527096206017 ], [ 121.032152046541583, 14.640995371538184 ], [ 121.030827041987791, 14.640163730110835 ], [ 121.029370476188475, 14.639271006905755 ], [ 121.027599104670017, 14.6381668499352 ], [ 121.026025073515882, 14.637217743640182 ], [ 121.02505246346324, 14.636621028678267 ], [ 121.023614692221059, 14.63573300426693 ], [ 121.021725855012434, 14.63458655931985 ], [ 121.020123633297757, 14.633576373569431 ], [ 121.017910593366992, 14.632204399533499 ], [ 121.016872202968116, 14.6315653977558 ], [ 121.016402344223621, 14.631227104491305 ], [ 121.015847912133964, 14.630776048423725 ], [ 121.015237098816115, 14.63020753181547 ], [ 121.01501156778086, 14.629996100055696 ], [ 121.013522121655953, 14.628666427614217 ], [ 121.012981786904703, 14.628158991412379 ], [ 121.011191633400074, 14.626519219734133 ], [ 121.009993497986343, 14.625471456096443 ], [ 121.008945718265835, 14.624494171401274 ], [ 121.007564339935939, 14.623230278584945 ], [ 121.00580707610122, 14.621632792988715 ], [ 121.003833678676912, 14.619819177475696 ], [ 121.001686430995576, 14.617986764574985 ], [ 121.001592457420628, 14.617996159205475 ], [ 121.001479694073694, 14.617798825093566 ], [ 121.001460902297765, 14.617676667027617 ], [ 121.001362234063052, 14.617516920199753 ], [ 120.9999150746076, 14.61624362916884 ], [ 120.998035648418664, 14.614519284820046 ], [ 120.996306575251097, 14.612978180316071 ], [ 120.995470230784235, 14.612202930327157 ], [ 120.993929100646966, 14.610816876287393 ], [ 120.992312794276657, 14.609327456400223 ], [ 120.991081769188, 14.608237406695862 ], [ 120.989554734941251, 14.606856051346865 ], [ 120.988314314298194, 14.605690827499162 ], [ 120.987994810911417, 14.605437108293016 ], [ 120.985560915773121, 14.604816868645072 ], [ 120.985415258523773, 14.604755786550692 ], [ 120.985236716167933, 14.604459785174535 ], [ 120.985086380403487, 14.603548297850875 ], [ 120.984499111081462, 14.600842023048971 ], [ 120.98418434009929, 14.599164697589675 ], [ 120.984001112326069, 14.598309589982707 ], [ 120.983874266783104, 14.597529657576827 ], [ 120.983676942116446, 14.596712136621228 ], [ 120.98351719075707, 14.596571181906581 ], [ 120.981755217114809, 14.595443533312338 ], [ 120.980585267912062, 14.594640085609868 ], [ 120.980289256081704, 14.59446154086635 ], [ 120.980124805943234, 14.594325284417019 ], [ 120.979753613648938, 14.59422191191647 ], [ 120.979321339120602, 14.594099744559834 ], [ 120.979039422513637, 14.593954088728685 ], [ 120.979011237745382, 14.593648693993517 ], [ 120.979133410898626, 14.59331981078404 ], [ 120.979546906122593, 14.59279360254963 ], [ 120.979647931485545, 14.59262446347204 ], [ 120.97990636678, 14.59226269473046 ], [ 120.980061427210629, 14.592077112569868 ], [ 120.980113116730351, 14.591900924827403 ], [ 120.980268182561474, 14.59148747168431 ], [ 120.980437347235025, 14.590954210403682 ], [ 120.980538375938579, 14.590644120203576 ], [ 120.980615910691469, 14.590359870514773 ], [ 120.98065115476318, 14.590188380773922 ], [ 120.980705199184399, 14.589777274546639 ], [ 120.980763939044039, 14.589502421177277 ], [ 120.980843826415736, 14.589079569604436 ], [ 120.980857925870623, 14.588933920427809 ], [ 120.980919015286872, 14.588649670370115 ], [ 120.980904926187847, 14.588358371066509 ], [ 120.980836800796297, 14.588135196924288 ], [ 120.980674710403449, 14.587559642863521 ], [ 120.980540809455348, 14.58709215196402 ], [ 120.980406909954866, 14.586563582245121 ], [ 120.980230720942387, 14.58609843958094 ], [ 120.980150847100091, 14.58595043910706 ], [ 120.979892427951782, 14.585630944087583 ], [ 120.979138303208572, 14.585149344134408 ], [ 120.97827376083336, 14.584623107177105 ], [ 120.977404519567671, 14.584106266855695 ], [ 120.976774907289609, 14.583718637116393 ], [ 120.975983191589947, 14.583305162693936 ], [ 120.975518029951203, 14.583032646734509 ], [ 120.975193808074877, 14.583615237416652 ], [ 120.974923622491303, 14.584129702938458 ], [ 120.974698074640145, 14.584627725166603 ], [ 120.974493672686535, 14.585045875567859 ], [ 120.974094270513262, 14.585696590938005 ], [ 120.973859327052949, 14.586121788209661 ], [ 120.973535106958508, 14.586629204963035 ], [ 120.9729829909042, 14.58758296181656 ], [ 120.972691662151576, 14.588062189086083 ], [ 120.972301658315956, 14.588670619334231 ], [ 120.97206906569285, 14.589032388655605 ], [ 120.971714302922578, 14.589596185174612 ], [ 120.971242069229561, 14.590338517143598 ], [ 120.971190376369165, 14.590655656009812 ], [ 120.971218562918907, 14.590885876812045 ], [ 120.971103439993811, 14.591120792763922 ], [ 120.970849709379237, 14.59122884958896 ], [ 120.970725195187413, 14.591207704121647 ], [ 120.970558394712583, 14.591113732956556 ], [ 120.97047851964507, 14.591017414559929 ], [ 120.970445632089294, 14.590885859438535 ], [ 120.970462081601738, 14.590709670903632 ], [ 120.970558407350865, 14.590580467872076 ], [ 120.970673526935499, 14.590486503043913 ], [ 120.970892016206449, 14.590434825876367 ], [ 120.971072918307428, 14.590291529633623 ], [ 120.971197436619249, 14.590138835381978 ], [ 120.974237594297264, 14.585088155147995 ], [ 120.974409104575074, 14.584712289343951 ], [ 120.974695736163596, 14.584169633966829 ], [ 120.975417014275962, 14.582793027556415 ], [ 120.976121804624171, 14.583206500024687 ], [ 120.976798403690168, 14.583589432449475 ], [ 120.977716980186813, 14.584139162474992 ], [ 120.978609714735015, 14.584658352509855 ], [ 120.979187642893606, 14.584994299009233 ], [ 120.979598771023262, 14.585217480861312 ], [ 120.979826652729315, 14.585372532218367 ], [ 120.980209584788525, 14.585767203968585 ], [ 120.98042571520422, 14.58611723744726 ], [ 120.980641836544478, 14.586850188141554 ], [ 120.980780435659085, 14.587338821814861 ], [ 120.980984809717924, 14.588097613285298 ], [ 120.981102267890478, 14.588457041288335 ], [ 120.981229120224768, 14.588950373069297 ], [ 120.981243214557381, 14.589020848947506 ], [ 120.981212669877124, 14.589161799383708 ], [ 120.981015311805649, 14.589753789663531 ], [ 120.980787409555077, 14.590465587712 ], [ 120.980590051428067, 14.591059927178502 ], [ 120.980493722004638, 14.591344176445153 ], [ 120.980474921822193, 14.591576745376029 ], [ 120.98027521486253, 14.59214994212231 ], [ 120.98017418504557, 14.592507016030977 ], [ 120.980204719425899, 14.592800664891373 ], [ 120.980035552915282, 14.593411449291583 ], [ 120.979953317991672, 14.593759126881819 ], [ 120.979993248872248, 14.594088013734909 ], [ 120.980108363501529, 14.594203126406763 ], [ 120.98028925942215, 14.594320589742521 ], [ 120.980869535578648, 14.594712916746468 ], [ 120.981405175450249, 14.595060608224635 ], [ 120.98229320938222, 14.595662019646419 ], [ 120.983207086487056, 14.59624228898053 ], [ 120.983667548232901, 14.596566486915135 ], [ 120.983824946862384, 14.596850741886483 ], [ 120.984064551910663, 14.597990102193117 ], [ 120.984160861180214, 14.598556258040912 ], [ 120.984283013567193, 14.599103620986655 ], [ 120.984426306562625, 14.599794284718033 ], [ 120.984513220278544, 14.600285266422731 ], [ 120.984595437164018, 14.600698724903461 ], [ 120.984764567598546, 14.601610212646165 ], [ 120.984961888424621, 14.602589827400681 ], [ 120.985076995093024, 14.603040873588508 ], [ 120.985175654476265, 14.603574140896816 ], [ 120.985356532025691, 14.604466835423406 ], [ 120.985434056311846, 14.604624232589202 ], [ 120.985614952009669, 14.604751092667454 ], [ 120.985896870119447, 14.604833320492775 ], [ 120.987165504201727, 14.605094108584305 ], [ 120.9877222931989, 14.60522567548051 ], [ 120.988055896429813, 14.605317301208965 ], [ 120.988420035655992, 14.605634449424693 ], [ 120.988946275185668, 14.606108996706936 ], [ 120.989864845000838, 14.606940628991097 ], [ 120.990247777895419, 14.607300062967212 ], [ 120.990886783054322, 14.607875627757519 ], [ 120.9916244576726, 14.608559257295227 ], [ 120.992305750171994, 14.609163013261425 ], [ 120.992806147085062, 14.609635210778496 ], [ 120.993452200189466, 14.610213124913404 ], [ 120.994027775060772, 14.610715863530736 ], [ 120.994622143600523, 14.611260887908468 ], [ 120.995268196315109, 14.611855246341996 ], [ 120.995982378485465, 14.612501288386333 ], [ 120.996445187337613, 14.612919453794529 ], [ 120.997058350491955, 14.6134668277807 ], [ 120.997549350459124, 14.613922580789707 ], [ 120.998317566193535, 14.614615607757861 ], [ 120.998789772659094, 14.615022027450468 ], [ 120.999240834285345, 14.615463684449839 ], [ 121.000091274977237, 14.616229538015089 ], [ 121.001063878689109, 14.617094060114507 ], [ 121.001571324493582, 14.617528670824891 ], [ 121.001782762699307, 14.617606198695437 ], [ 121.001876733713686, 14.61770486659589 ], [ 121.001907272158647, 14.617827024925742 ], [ 121.001942511052462, 14.617874009426616 ], [ 121.002264362436321, 14.618184109138111 ], [ 121.003030228892058, 14.618874786869728 ], [ 121.004160234461622, 14.619887311190812 ], [ 121.004799239062521, 14.620486367839918 ], [ 121.005750698713783, 14.621353238651871 ], [ 121.006335670529538, 14.621872421781758 ], [ 121.007275384179522, 14.622711102104924 ], [ 121.00795667606495, 14.623340699116129 ], [ 121.008459422088023, 14.623822293431845 ], [ 121.009911278539249, 14.625166060137884 ], [ 121.011053029941763, 14.626213822508666 ], [ 121.012025634097228, 14.627059551129227 ], [ 121.013176782834591, 14.628107313712251 ], [ 121.014370218466865, 14.629202060955489 ], [ 121.01521830998999, 14.629960866917607 ], [ 121.0159395402152, 14.630604559941553 ], [ 121.016409398124864, 14.630978090988222 ], [ 121.017182316198131, 14.631516071826583 ], [ 121.017565252375022, 14.631736903864144 ], [ 121.018234802321373, 14.632166819848246 ], [ 121.018948988719231, 14.63263432380286 ], [ 121.019256747160711, 14.632815217998491 ], [ 121.019940393165228, 14.63324278511384 ], [ 121.021023420181891, 14.633912327305676 ], [ 121.021763450419826, 14.634330498945616 ], [ 121.02212759086845, 14.634595965085492 ], [ 121.022996832071541, 14.635115154603966 ], [ 121.023851977160376, 14.635639042176878 ], [ 121.024732963974557, 14.636202866483705 ], [ 121.0258441827729, 14.636881806051148 ], [ 121.026346932746094, 14.63719660819992 ], [ 121.027152742436868, 14.63769465362447 ], [ 121.027606157235169, 14.637974216882718 ], [ 121.028935860902735, 14.638787064931112 ], [ 121.029863834169063, 14.639360287035645 ], [ 121.030751869373034, 14.639907667202722 ], [ 121.031517740722606, 14.64039161661753 ], [ 121.032398728314448, 14.640922552327899 ], [ 121.032986053412714, 14.641274943344508 ], [ 121.033859992557652, 14.64182467238072 ], [ 121.034609418514549, 14.642310970611897 ], [ 121.035504502275444, 14.642834859082503 ], [ 121.036923479232996, 14.643706438774339 ], [ 121.037407435202525, 14.643993050275357 ], [ 121.038074636813889, 14.644380680868677 ], [ 121.038915686008409, 14.644899869754951 ], [ 121.039944678732994, 14.645552966436293 ], [ 121.040976021959821, 14.646156730274692 ], [ 121.041673763407175, 14.646607789562921 ], [ 121.042611133505048, 14.64720215454903 ], [ 121.043170265372197, 14.647606227014307 ], [ 121.043905596159661, 14.648057287146834 ], [ 121.044920493603911, 14.648679844100366 ], [ 121.046400552290535, 14.64959136131875 ], [ 121.046757647017643, 14.649760510695186 ], [ 121.047030169179209, 14.649784008670123 ], [ 121.047363776690162, 14.649694747111718 ], [ 121.04753293117075, 14.6495913867473 ], [ 121.048007506610872, 14.649168544010763 ], [ 121.048524368500637, 14.64881147941872 ], [ 121.04901773271169, 14.648637650769569 ], [ 121.049689646067009, 14.648473222872161 ], [ 121.050535402775296, 14.648618891366661 ], [ 121.051118030539016, 14.648914901825201 ], [ 121.051578488828156, 14.649384749268465 ], [ 121.051968460759781, 14.650122402278125 ], [ 121.052038920627069, 14.65097280901856 ], [ 121.051907337010874, 14.651856099820414 ], [ 121.051789861084146, 14.652246061979655 ], [ 121.05181334462732, 14.652659519159634 ], [ 121.05188381952064, 14.652875645810667 ], [ 121.052132843892025, 14.653087078099936 ], [ 121.052997386922442, 14.653585124844902 ], [ 121.053749164491506, 14.653975106523459 ], [ 121.054270709242999, 14.654285210724304 ], [ 121.054468049829481, 14.654430864658305 ], [ 121.055426562982561, 14.65506516627419 ], [ 121.056253515447679, 14.655614894256972 ], [ 121.057851036700939, 14.656700253843603 ], [ 121.058640400715731, 14.657212394014103 ], [ 121.059100863345137, 14.657499004988319 ], [ 121.05973517311179, 14.657935967740318 ], [ 121.060383579103586, 14.658363534066721 ], [ 121.061248120351578, 14.658936754749384 ], [ 121.062079770815444, 14.659514673064756 ], [ 121.063414171693282, 14.660388600046282 ], [ 121.064762668350767, 14.66127192408667 ], [ 121.066139356456517, 14.662178740615655 ], [ 121.067516044339271, 14.663094953887056 ], [ 121.068784664649314, 14.663935990794938 ], [ 121.069395482523831, 14.664311874196091 ], [ 121.070593622486641, 14.665167004635267 ], [ 121.071279616815403, 14.665636857146351 ], [ 121.072872439173437, 14.666731613372987 ], [ 121.07440887874489, 14.667774686252015 ], [ 121.07440887874489, 14.667774686252015 ], [ 121.075235831429225, 14.668315017494614 ], [ 121.076386982267053, 14.669273511044752 ], [ 121.076748773322095, 14.66954132632037 ], [ 121.077542829323889, 14.67033536886554 ], [ 121.078764456612774, 14.671444211874928 ], [ 121.079116847884322, 14.671815391104722 ], [ 121.079863916097935, 14.672656416307674 ], [ 121.080441834952097, 14.673384676806858 ], [ 121.081099629818468, 14.674169319553176 ], [ 121.081888978027109, 14.675348628429457 ], [ 121.082405814648851, 14.676058094074584 ], [ 121.082748802909904, 14.676668890023654 ], [ 121.082969630489757, 14.677082351642337 ], [ 121.083307917968995, 14.67778241653863 ], [ 121.083777760014868, 14.678825465483589 ], [ 121.084397950629835, 14.680239689127283 ], [ 121.085051028022804, 14.681818356502834 ], [ 121.08574169564632, 14.683359437755197 ], [ 121.086155155463317, 14.684327311501802 ], [ 121.086798836078501, 14.685882486817475 ], [ 121.086991470318509, 14.686352328262013 ], [ 121.087165308108126, 14.686897343224441 ], [ 121.087245174662044, 14.687353087025123 ], [ 121.087409595421519, 14.688729713484129 ], [ 121.087456534361166, 14.6907453157981 ], [ 121.087498774188973, 14.692779711497352 ], [ 121.087522219125077, 14.694823503523219 ], [ 121.087522148694077, 14.697797572542255 ], [ 121.087489234878788, 14.698774833032859 ], [ 121.087132138263044, 14.698685555965875 ], [ 121.087150950957763, 14.697924420238257 ] ] ] } },
{ "type": "Feature", "properties": { "fid": 44, "route_long_name": "Proj 2 3 Welcome Rtda", "Notes": null, "route_id": "LTFRB_PUJ2259", "trip_id": 724807, "last_updated": null }, "geometry": { "type": "MultiLineString", "coordinates": [ [ [ 121.063042556218988, 14.62856535046623 ], [ 121.063366761940983, 14.628664023537596 ], [ 121.064879726596402, 14.628929515479381 ], [ 121.066841412274627, 14.629267842249567 ], [ 121.067113933933655, 14.629312482894777 ], [ 121.068408401474713, 14.629960887153873 ], [ 121.069164878652757, 14.630310932777226 ], [ 121.069876718767489, 14.630649231470661 ], [ 121.069519603559996, 14.631344582338539 ], [ 121.069216526257406, 14.631903681665479 ], [ 121.06882182527211, 14.632448683822222 ], [ 121.068633875398461, 14.632582583170688 ], [ 121.068373095454561, 14.632747020294048 ], [ 121.068119365849682, 14.632812791787092 ], [ 121.067919672702473, 14.632803390559671 ], [ 121.067050426223147, 14.632507373667812 ], [ 121.066615802816457, 14.632366412778191 ], [ 121.06622581641723, 14.632239548003902 ], [ 121.065542138083387, 14.633176857640416 ], [ 121.065293101357213, 14.633486944525922 ], [ 121.065123946543153, 14.63360439999887 ], [ 121.064677571791918, 14.633660770423123 ], [ 121.064571853275325, 14.633597340041236 ], [ 121.064459087703611, 14.633493973348376 ], [ 121.064407405199432, 14.633374163729423 ], [ 121.064374517643643, 14.633242608605418 ], [ 121.064261755522836, 14.632993592414717 ], [ 121.064219469073535, 14.63292781427225 ], [ 121.063958698034938, 14.632716381724157 ], [ 121.063782500507187, 14.632610664421062 ], [ 121.063690875377134, 14.632657646071918 ], [ 121.062645396637237, 14.633721803597691 ], [ 121.061973471483967, 14.634384258803363 ], [ 121.061195823194254, 14.63517826602105 ], [ 121.058855902067222, 14.634532187460723 ], [ 121.046054470167022, 14.63082488525286 ], [ 121.046026278718301, 14.630801392764996 ], [ 121.045126438240302, 14.632727704631998 ], [ 121.044806915599551, 14.633286803596176 ], [ 121.044283020567718, 14.633016635499434 ], [ 121.043552376092705, 14.633087094651618 ], [ 121.043357380888082, 14.633108232940824 ], [ 121.041588322978455, 14.633512253105142 ], [ 121.039553789905383, 14.633935060791028 ], [ 121.0373782954684, 14.634414245763185 ], [ 121.035884111222842, 14.634750145725294 ], [ 121.035747849139781, 14.634780682075913 ], [ 121.035635078613538, 14.634886392889646 ], [ 121.035538752811533, 14.635017945113086 ], [ 121.035414236896457, 14.635069624396914 ], [ 121.035324961322132, 14.635107209359409 ], [ 121.035212195025863, 14.635034382076546 ], [ 121.035134669237323, 14.634940412915871 ], [ 121.035146417965564, 14.634853493316891 ], [ 121.035167565364787, 14.634710193477435 ], [ 121.035235698938763, 14.634588037362745 ], [ 121.035226307503407, 14.634339023490741 ], [ 121.035155835337676, 14.63400778675504 ], [ 121.034023572614629, 14.629105011240192 ], [ 121.03399303311221, 14.629027487433834 ], [ 121.033689996327666, 14.627876379749626 ], [ 121.033584288664116, 14.627354858202798 ], [ 121.03344334489006, 14.626668892882725 ], [ 121.03341045750112, 14.626530290201954 ], [ 121.033408110894769, 14.626415180061862 ], [ 121.033351732784041, 14.626166165136999 ], [ 121.033147362842485, 14.625233533920495 ], [ 121.032989975179433, 14.624486489411112 ], [ 121.032973532681723, 14.62436668058376 ], [ 121.032950042516632, 14.624232776485401 ], [ 121.032945346687853, 14.624112967921986 ], [ 121.031608578100929, 14.624014272101892 ], [ 121.031404186117086, 14.624011918324671 ], [ 121.031230336307374, 14.623974327451837 ], [ 121.030988356764112, 14.623896798895778 ], [ 121.027539560533853, 14.622809048552583 ], [ 121.025537942616523, 14.622198215367213 ], [ 121.024570023773919, 14.621916291367812 ], [ 121.023630297159201, 14.621624971259898 ], [ 121.022385159544655, 14.621232629316085 ], [ 121.021217549443904, 14.620861431782961 ], [ 121.015536902684914, 14.619073574029942 ], [ 121.014907284622467, 14.618930259571817 ], [ 121.01457837878128, 14.61889266521503 ], [ 121.012651928739572, 14.618737575693295 ], [ 121.010537532438022, 14.618563688465146 ], [ 121.010302600449521, 14.618504953550573 ], [ 121.009741110839812, 14.618455608040911 ], [ 121.007835804410078, 14.618316963291996 ], [ 121.007452863946412, 14.618277018535624 ], [ 121.006400364239198, 14.618199471768728 ], [ 121.004690052791858, 14.618049085473354 ], [ 121.003057269192283, 14.617905748476074 ], [ 121.002239703198455, 14.617814111874642 ], [ 121.00207290099911, 14.617792965457905 ], [ 121.002032960821495, 14.61785639256788 ], [ 121.002030608147791, 14.61799734364242 ], [ 121.003066642814545, 14.618906501691551 ], [ 121.003099532207557, 14.618960533696036 ], [ 121.003106578650403, 14.619026311047213 ], [ 121.003059591139305, 14.619061547773439 ], [ 121.00297501506661, 14.619063895058728 ], [ 121.002770627422905, 14.618878304815434 ], [ 121.001809770268977, 14.618018481349875 ], [ 121.00169465397002, 14.617973844239826 ], [ 121.001565441389914, 14.61794095274035 ], [ 121.00149496388056, 14.617835237811329 ], [ 121.001485568716276, 14.617743619367419 ], [ 121.001544304900364, 14.617623812228802 ], [ 121.001661772815325, 14.617572132787982 ], [ 121.001828574179697, 14.617628516986553 ], [ 121.001995375822389, 14.617673155257842 ], [ 121.002366568003353, 14.61778122612859 ], [ 121.002573308432034, 14.617821166926284 ], [ 121.002756555801, 14.617849361268869 ], [ 121.005279735187315, 14.61806554302019 ], [ 121.008075436958976, 14.61829582600684 ], [ 121.010084113519241, 14.618457964932729 ], [ 121.010450609091308, 14.61847911583598 ], [ 121.010612713513282, 14.618462675179874 ], [ 121.01094396857728, 14.618504967960417 ], [ 121.014754581154108, 14.618794003384984 ], [ 121.01504119920952, 14.618822200049898 ], [ 121.015325465314959, 14.618960808378016 ], [ 121.015694307604065, 14.619092371049978 ], [ 121.01786977466908, 14.619768985335519 ], [ 121.019368638553857, 14.620236506914615 ], [ 121.020336556729873, 14.620546621139839 ], [ 121.021363207693852, 14.620880228538995 ], [ 121.023712524064621, 14.621615576365441 ], [ 121.023928661882906, 14.621653168188454 ], [ 121.024591169058297, 14.621862260577529 ], [ 121.02477676459101, 14.621939787866999 ], [ 121.026214546796325, 14.622365022734806 ], [ 121.027642931053634, 14.62281609843124 ], [ 121.029054870196532, 14.623257777016246 ], [ 121.031223289252296, 14.623934391140867 ], [ 121.031465269630473, 14.623976681915199 ], [ 121.032536564167529, 14.624047181545887 ], [ 121.032985285863191, 14.624091826150192 ], [ 121.032978234967374, 14.624213983635165 ], [ 121.032992328131314, 14.624333792409713 ], [ 121.033046356462862, 14.624601600764825 ], [ 121.033466842235583, 14.626499752057681 ], [ 121.033511476460461, 14.626631307445955 ], [ 121.03372054456888, 14.627585081438747 ], [ 121.034077609128502, 14.62902748933371 ], [ 121.034077605844516, 14.629166091276058 ], [ 121.034448761230891, 14.630826973739051 ], [ 121.03469306767694, 14.631851224092568 ], [ 121.035024290400841, 14.633258393632486 ], [ 121.035268595344533, 14.634346071997035 ], [ 121.035428343140268, 14.634637374584935 ], [ 121.035531712657971, 14.634686709801892 ], [ 121.035719658247544, 14.63473369773307 ], [ 121.035870015888051, 14.634721955182901 ], [ 121.036090854599564, 14.634665579691704 ], [ 121.037796479609085, 14.6342991450678 ], [ 121.038818445092076, 14.634075995402476 ], [ 121.039534995791712, 14.633911568514121 ], [ 121.043535931869428, 14.633040110572859 ], [ 121.043749722746128, 14.632976687367409 ], [ 121.044301818967114, 14.632859240495311 ], [ 121.044449828164034, 14.632809910925113 ], [ 121.044654221816884, 14.632741789137713 ], [ 121.044755245173079, 14.632657220730117 ], [ 121.044858618920628, 14.63252801785147 ], [ 121.044978441065851, 14.632269610141716 ], [ 121.04526272486892, 14.631661177492221 ], [ 121.045561106845398, 14.630961126927094 ], [ 121.045673881545966, 14.63067922720515 ], [ 121.046148443740776, 14.630815490621956 ], [ 121.046841492529637, 14.631012837768573 ], [ 121.047708390681976, 14.631266569271343 ], [ 121.048967625014356, 14.631628372118193 ], [ 121.055844077714056, 14.633622985035977 ], [ 121.057683593421686, 14.63415629145477 ], [ 121.059069690827968, 14.634558033302877 ], [ 121.058855903347407, 14.634478156195167 ], [ 121.058966330661718, 14.63411403492934 ], [ 121.059197756540968, 14.63341750663947 ], [ 121.059303481319461, 14.633216653657804 ], [ 121.059682908380069, 14.632809078504261 ], [ 121.06006820760625, 14.632450836377471 ], [ 121.06037597778834, 14.632136052440297 ], [ 121.060525164378845, 14.631971612809901 ], [ 121.060701371619416, 14.631667397252272 ], [ 121.060959809243357, 14.631206962709708 ], [ 121.061173608551698, 14.630787637910107 ], [ 121.061383883525366, 14.630382408144319 ], [ 121.061615302864809, 14.62996190914844 ], [ 121.061815003582325, 14.629651821156097 ], [ 121.06189488268376, 14.629577823609084 ], [ 121.062239065563261, 14.629346436574856 ], [ 121.062464605417716, 14.629185522438744 ], [ 121.062768849957166, 14.628940039394942 ], [ 121.062904527781129, 14.628779710536676 ], [ 121.063045492858407, 14.628566525124912 ] ] ] } },
{ "type": "Feature", "properties": { "fid": 45, "route_long_name": "DIVISORIA - SAN JUAN via CM RECTO", "Notes": null, "route_id": "LTFRB_PUJ1966", "trip_id": 725537, "last_updated": "2026-03-15" }, "geometry": { "type": "MultiLineString", "coordinates": [ [ [ 121.029644289815451, 14.609577308925626 ], [ 121.029477490122531, 14.609450449165649 ], [ 121.029282499481852, 14.609278954249527 ], [ 121.028928931565986, 14.608991171092548 ], [ 121.028012708367086, 14.608274648956129 ], [ 121.027944578522195, 14.608239409644124 ], [ 121.02703304658661, 14.607835329271563 ], [ 121.026950820738989, 14.607800089642792 ], [ 121.026899135952277, 14.607776596627348 ], [ 121.026755829207502, 14.607666181693171 ], [ 121.026342355256062, 14.607295001108479 ], [ 121.026288321580907, 14.607252714557053 ], [ 121.026206096178612, 14.607198681445109 ], [ 121.026025199981817, 14.607092964037053 ], [ 121.025919481297279, 14.607036581211766 ], [ 121.025684550089238, 14.606944957701829 ], [ 121.025567084457364, 14.606900320539552 ], [ 121.02546371477257, 14.606858032879455 ], [ 121.02507607725768, 14.606749961640087 ], [ 121.024258514943227, 14.606503278800838 ], [ 121.024061172630411, 14.60643044961877 ], [ 121.023884974767057, 14.606338827428669 ], [ 121.023675887399719, 14.606197871606099 ], [ 121.023558422547154, 14.606120345848261 ], [ 121.023450355864838, 14.606007582520645 ], [ 121.023349336627206, 14.605918311205391 ], [ 121.023245970115568, 14.605742119977696 ], [ 121.02294291496348, 14.605366243503827 ], [ 121.022559987027464, 14.604797732032734 ], [ 121.021657871187045, 14.603601976394428 ], [ 121.0215286620315, 14.603424609993644 ], [ 121.021224432602239, 14.603032289196374 ], [ 121.02076280387692, 14.602383903654534 ], [ 121.02053257640236, 14.602078504380048 ], [ 121.020457399864256, 14.60198805905314 ], [ 121.020334064794824, 14.601778978781887 ], [ 121.020107362323031, 14.60143129424983 ], [ 121.020038060650435, 14.601276246456903 ], [ 121.019945265027488, 14.601147039175231 ], [ 121.019491847112192, 14.600999030305777 ], [ 121.019034905224061, 14.600849846764413 ], [ 121.017505500223706, 14.60037292775892 ], [ 121.016877057858792, 14.600186153396946 ], [ 121.016428338582969, 14.600039319225663 ], [ 121.015983143085037, 14.599901881875089 ], [ 121.01571884509255, 14.599814956075873 ], [ 121.015389940782498, 14.59971275911964 ], [ 121.015130341735954, 14.5996140874991 ], [ 121.015037543384935, 14.599599990301183 ], [ 121.014869565266693, 14.599631700528608 ], [ 121.01470275995031, 14.599742108492787 ], [ 121.014392642405014, 14.599973496283479 ], [ 121.014008520037734, 14.600238945599193 ], [ 121.01356096426602, 14.600563123124175 ], [ 121.013358918246695, 14.600702895113974 ], [ 121.012904312357961, 14.601116341525747 ], [ 121.012546030686039, 14.601465187504401 ], [ 121.011931665895588, 14.6020559938238 ], [ 121.011774256049335, 14.602245099710556 ], [ 121.011680279217799, 14.602391921685816 ], [ 121.010194328594437, 14.602265032279709 ], [ 121.009771449679107, 14.602215689882737 ], [ 121.008002403719175, 14.602114635153699 ], [ 121.007335195535433, 14.602004208445342 ], [ 121.002176070411437, 14.601501366824763 ], [ 121.000066374886828, 14.601238210646716 ], [ 120.999417959312154, 14.601214704220276 ], [ 120.998746051067371, 14.601163007041002 ], [ 120.99774053975959, 14.601012636577364 ], [ 120.996453113181971, 14.600660229833089 ], [ 120.996077221553605, 14.600585047452329 ], [ 120.99488375095828, 14.600965588666023 ], [ 120.993939310971513, 14.601294453397939 ], [ 120.992961981424614, 14.601576333682907 ], [ 120.992675362699316, 14.601576327241538 ], [ 120.992421638210374, 14.601425973673125 ], [ 120.991895394005226, 14.601148757968023 ], [ 120.991542997830052, 14.600984307069618 ], [ 120.991214097887934, 14.600697699057971 ], [ 120.990955676178743, 14.600486266563381 ], [ 120.990889894943265, 14.600481566714192 ], [ 120.990264964243025, 14.600815136997713 ], [ 120.988338489358696, 14.601707784159608 ], [ 120.98600322682627, 14.602750770004189 ], [ 120.984950713250754, 14.603258170402281 ], [ 120.984720476532345, 14.603342735903464 ], [ 120.983931096472162, 14.603507161143606 ], [ 120.981835483356079, 14.603817206525882 ], [ 120.981064898967873, 14.603939346851162 ], [ 120.980529249965841, 14.603976921780642 ], [ 120.980143957771617, 14.604037991943342 ], [ 120.976911243144841, 14.605358161511058 ], [ 120.97496597759195, 14.606081666912962 ], [ 120.973626845398172, 14.60658436250551 ], [ 120.973406006905094, 14.606631341251857 ], [ 120.970934521079343, 14.606067481206985 ], [ 120.970304904846216, 14.605846643626609 ], [ 120.97000419579436, 14.605607019953753 ], [ 120.969313510798756, 14.604798884640045 ], [ 120.968082492048907, 14.603441027791229 ], [ 120.96773010099291, 14.603060451830958 ], [ 120.967490476179265, 14.602755052338971 ], [ 120.967504575745139, 14.602604704787833 ], [ 120.96763613788292, 14.602628199598779 ], [ 120.968091894951215, 14.603206109458631 ], [ 120.970121665046562, 14.605498960063036 ], [ 120.970441168657686, 14.605743282529092 ], [ 120.971183551689805, 14.606015804723299 ], [ 120.973330831117451, 14.606509181919405 ], [ 120.973631546626549, 14.606476300080695 ], [ 120.974059129168381, 14.606316565078924 ], [ 120.974918992696857, 14.60600649192299 ], [ 120.978490012843125, 14.604625251133326 ], [ 120.979453248617602, 14.60424940311022 ], [ 120.979913723057066, 14.604037986769393 ], [ 120.980252030244955, 14.603906439987911 ], [ 120.980524554081668, 14.603859462403628 ], [ 120.981177670999543, 14.603770208034554 ], [ 120.981905967156223, 14.603657463500738 ], [ 120.982451013827372, 14.603605793670004 ], [ 120.983230994882518, 14.603511843781245 ], [ 120.984260006992471, 14.603347423926254 ], [ 120.984668793192469, 14.603258164066727 ], [ 120.985091677510823, 14.603079635477993 ], [ 120.985505165495951, 14.602858821340613 ], [ 120.988521743408896, 14.601454076253175 ], [ 120.988958724286476, 14.601252056128155 ], [ 120.989250043461183, 14.601176888741964 ], [ 120.990687850899036, 14.600537942623271 ], [ 120.990819416932979, 14.600396994455545 ], [ 120.990960379188763, 14.600303030207208 ], [ 120.991077843318621, 14.60041109537589 ], [ 120.991458426266462, 14.600796370336186 ], [ 120.991885998117425, 14.601087678936189 ], [ 120.992398146765041, 14.601346100841223 ], [ 120.992675363812737, 14.601529343533343 ], [ 120.993060655894311, 14.601472971742417 ], [ 120.993624500017859, 14.601303843064596 ], [ 120.993878229739863, 14.601233373204586 ], [ 120.994268222827131, 14.601078335732275 ], [ 120.994963630980124, 14.600852829561724 ], [ 120.995405309299841, 14.600702491622002 ], [ 120.995790603273974, 14.60056624752761 ], [ 120.996086620781711, 14.600505175359816 ], [ 120.996518896866903, 14.60056156552454 ], [ 120.99679611513902, 14.600693126137386 ], [ 120.997251884116849, 14.600768310313283 ], [ 120.997594886073813, 14.60080120661757 ], [ 120.998332571657144, 14.601022046624264 ], [ 120.999107849698888, 14.601111333093138 ], [ 121.000136856348533, 14.601177133410236 ], [ 121.001020203967741, 14.601257025566181 ], [ 121.002157278858576, 14.601369812019939 ], [ 121.00295135257204, 14.60141681357387 ], [ 121.004126016246431, 14.601553092726308 ], [ 121.00534296848565, 14.601665880975046 ], [ 121.007903737544964, 14.601867968469469 ], [ 121.00900322364943, 14.601957262224149 ], [ 121.00998524239543, 14.602074743563612 ], [ 121.010210778663165, 14.602065351890658 ], [ 121.010718235098423, 14.602051268182707 ], [ 121.011700255736756, 14.602088877218693 ], [ 121.011887908899382, 14.602083595768805 ], [ 121.011926086596617, 14.60204043034517 ], [ 121.012311679621973, 14.60167690257116 ], [ 121.012513727116627, 14.601474877168158 ], [ 121.012816798219433, 14.601177712027296 ], [ 121.01310342326191, 14.600911085927097 ], [ 121.013324265510491, 14.600705537168752 ], [ 121.013415891755599, 14.60061157181241 ], [ 121.013523964896137, 14.600451829634862 ], [ 121.013775352353349, 14.600083013178809 ], [ 121.013991498244735, 14.599779973121775 ], [ 121.014274602153634, 14.599392363895946 ], [ 121.014589423405042, 14.598948374934089 ], [ 121.015607893484443, 14.597518918521038 ], [ 121.015946200780533, 14.597382673372858 ], [ 121.016289202735692, 14.59741556967729 ], [ 121.017531994914492, 14.597643468591151 ], [ 121.017604823872489, 14.59765991452565 ], [ 121.01749204694238, 14.598035781651101 ], [ 121.017313484379102, 14.598592534572367 ], [ 121.017071486128884, 14.599304332303594 ], [ 121.016824787429627, 14.600091303862314 ], [ 121.016815389147993, 14.60013123980262 ], [ 121.017907821291345, 14.600471896235193 ], [ 121.019918835989643, 14.601106221485207 ], [ 121.020001061503365, 14.601155556226246 ], [ 121.020057443398912, 14.601244826538005 ], [ 121.020353447042226, 14.601768701531427 ], [ 121.020705835587435, 14.602254990826101 ], [ 121.021276705160943, 14.603037282390087 ], [ 121.021798240673249, 14.603737351357188 ], [ 121.022397302029617, 14.60452904029729 ], [ 121.022573496719744, 14.60475456605473 ], [ 121.022681561898949, 14.60493075738785 ], [ 121.022994012716069, 14.605377109634601 ], [ 121.023381640600107, 14.605891589947463 ], [ 121.023611869856168, 14.606121815290232 ], [ 121.023981884584259, 14.606347345403538 ], [ 121.024132240304723, 14.606416649751615 ], [ 121.024463493725179, 14.606528243502044 ], [ 121.0248687506312, 14.60666215617676 ], [ 121.02529632662575, 14.606778450462528 ], [ 121.02555710086736, 14.606854804848126 ], [ 121.025708631477357, 14.606914712480997 ], [ 121.025962356966062, 14.607022780711068 ], [ 121.026197287032844, 14.607162562521644 ], [ 121.026339419862282, 14.607241263426529 ], [ 121.026445137544755, 14.607339931588973 ], [ 121.026714130641196, 14.607577205359116 ], [ 121.026910296255082, 14.607735779781825 ], [ 121.026987822961928, 14.607790987380895 ], [ 121.02714992571309, 14.60784502228783 ], [ 121.027814780161449, 14.608141034588694 ], [ 121.027990978080297, 14.608230307593383 ], [ 121.02817539788802, 14.608352469378435 ], [ 121.028385659198378, 14.60852396463763 ], [ 121.028611191233992, 14.60869311105459 ], [ 121.029055206997711, 14.609044324249869 ], [ 121.029431093111342, 14.609352075984294 ], [ 121.029662497980382, 14.609542365201918 ], [ 121.029644877169773, 14.609576427994314 ] ] ] } },
{ "type": "Feature", "properties": { "fid": 46, "route_long_name": "Pasig-Quiapo via Sta Mesa", "Notes": null, "route_id": "LTFRB_PUJ2581", "trip_id": 725748, "last_updated": "2026-03-15" }, "geometry": { "type": "MultiLineString", "coordinates": [ [ [ 121.084390462611026, 14.559387094657456 ], [ 121.082938562097681, 14.559903882744205 ], [ 121.081298712098686, 14.560538125864511 ], [ 121.08095570669694, 14.560650879039414 ], [ 121.080622121018678, 14.559819259978164 ], [ 121.077600850850189, 14.560956197662215 ], [ 121.077564435870599, 14.560969117361825 ], [ 121.077502181783984, 14.56083168862755 ], [ 121.077387066573948, 14.560741242408387 ], [ 121.077214390069201, 14.560761206598977 ], [ 121.076968883939472, 14.560792915077581 ], [ 121.076642324959622, 14.560859859511263 ], [ 121.076632923057815, 14.561052492486208 ], [ 121.076638791268536, 14.561268617656644 ], [ 121.076728059379747, 14.561545823518088 ], [ 121.076728049967798, 14.561942835817108 ], [ 121.076690452608005, 14.562281117640881 ], [ 121.076652855025458, 14.56262879620564 ], [ 121.07658941104026, 14.563133869598172 ], [ 121.076551804045977, 14.563878560463506 ], [ 121.076549445133381, 14.564282620266658 ], [ 121.076554139178569, 14.564477602744768 ], [ 121.076478956488501, 14.564646742389241 ], [ 121.076384979573902, 14.564797088129401 ], [ 121.076189980193789, 14.564994415301982 ], [ 121.076049016659695, 14.565142410800346 ], [ 121.076030220123982, 14.565221108082325 ], [ 121.076041379153025, 14.565234028851963 ], [ 121.076160019589011, 14.56527279307609 ], [ 121.07634620206187, 14.565366764671715 ], [ 121.076583482335209, 14.565469546861021 ], [ 121.076762028832874, 14.565590533914882 ], [ 121.077050991817501, 14.565804316267894 ], [ 121.077428055681267, 14.565981688231334 ], [ 121.077607777374837, 14.566080358052099 ], [ 121.077681780580775, 14.566114422901958 ], [ 121.077471513747497, 14.56617608428529 ], [ 121.07714495480954, 14.566241266831232 ], [ 121.076994010087645, 14.566242438029322 ], [ 121.076888290750674, 14.566213658132938 ], [ 121.07611595001984, 14.566097943392183 ], [ 121.075594103618002, 14.566124947286632 ], [ 121.074433530067012, 14.566237682077588 ], [ 121.073841497624997, 14.566251763875012 ], [ 121.072563458165021, 14.56633160743143 ], [ 121.07136059827603, 14.566373865715052 ], [ 121.070857842855489, 14.566289283740879 ], [ 121.070571227254973, 14.56615772292287 ], [ 121.070463158904246, 14.566115435158579 ], [ 121.07022822953752, 14.565946288539346 ], [ 121.070167152317268, 14.56571606701405 ], [ 121.070074360622726, 14.565421242182033 ], [ 121.070044997180702, 14.565284988778886 ], [ 121.069979806621532, 14.565139337829187 ], [ 121.069895823411045, 14.56490852849268 ], [ 121.069769552610467, 14.564660099316097 ], [ 121.069535804064444, 14.564231367757039 ], [ 121.06926329148348, 14.563803809918989 ], [ 121.069003699124394, 14.56342323607598 ], [ 121.06885217057723, 14.563276408592243 ], [ 121.06870416522321, 14.563163644373374 ], [ 121.068469234464203, 14.563053227384794 ], [ 121.068060453090055, 14.562939282708564 ], [ 121.067860760193341, 14.562919310143215 ], [ 121.067444928952156, 14.562884063013094 ], [ 121.066990332422904, 14.562902846271097 ], [ 121.066519289248447, 14.562976835011803 ], [ 121.066044720513958, 14.563116600859319 ], [ 121.065840326805514, 14.563187071819108 ], [ 121.065614787979328, 14.56330452600773 ], [ 121.06549849356314, 14.563405538356706 ], [ 121.065452677712045, 14.563567631106416 ], [ 121.065472642705146, 14.563750868002501 ], [ 121.06552197041637, 14.56410089770962 ], [ 121.065595965296751, 14.564486165749958 ], [ 121.065674656923406, 14.564952480786308 ], [ 121.065713414442683, 14.565226161736467 ], [ 121.065722808659118, 14.565357716320289 ], [ 121.065746297151748, 14.565562095963072 ], [ 121.065819115639002, 14.566020188719701 ], [ 121.066490348479547, 14.569786535038252 ], [ 121.066534395048919, 14.56993159821722 ], [ 121.066547312500404, 14.570095454178123 ], [ 121.066528514683881, 14.570228182721465 ], [ 121.066456857386683, 14.570338592816412 ], [ 121.066368754697422, 14.57045135172682 ], [ 121.066208996938471, 14.570580553322653 ], [ 121.062324295689322, 14.573865214245055 ], [ 121.061862053968326, 14.574299803123928 ], [ 121.059073338875095, 14.576658322424397 ], [ 121.057276062122284, 14.578194649182054 ], [ 121.056089623843576, 14.579237660769889 ], [ 121.055972153424165, 14.579395053542516 ], [ 121.055295531376643, 14.579982334650319 ], [ 121.053756686628063, 14.581295494627557 ], [ 121.053061269075002, 14.581918013094757 ], [ 121.052668922650454, 14.582242191844255 ], [ 121.052337660351782, 14.582505293149655 ], [ 121.051903024916967, 14.582871756284188 ], [ 121.051456643314367, 14.58321707648728 ], [ 121.051186465030213, 14.583423798719407 ], [ 121.051014961047514, 14.583534206572752 ], [ 121.050841106673104, 14.583689248893956 ], [ 121.049473767465514, 14.58482622384042 ], [ 121.049403286784013, 14.584854412479599 ], [ 121.04930637483082, 14.584936044490245 ], [ 121.048269124145776, 14.58577233114112 ], [ 121.04811523990189, 14.585893898021427 ], [ 121.047731116395852, 14.586207505624948 ], [ 121.04675612387706, 14.587009143194555 ], [ 121.046495342259647, 14.587244055863588 ], [ 121.046438956912638, 14.587300435043595 ], [ 121.046023120100983, 14.587500106447436 ], [ 121.044933016643711, 14.58803099782388 ], [ 121.044667539588062, 14.588129657639461 ], [ 121.044075502241583, 14.588350467750791 ], [ 121.044000322948165, 14.588376307099328 ], [ 121.043686096965899, 14.588485537153121 ], [ 121.042547834545871, 14.588915999776066 ], [ 121.042162540409265, 14.589059291419733 ], [ 121.041687971811669, 14.589193184315347 ], [ 121.040828110636298, 14.589404591665808 ], [ 121.040424022942844, 14.589500899180727 ], [ 121.040203184565058, 14.589543179552402 ], [ 121.040026984141591, 14.589559619888901 ], [ 121.039881325279978, 14.589566664170624 ], [ 121.035563253013237, 14.589430314355742 ], [ 121.035443437017989, 14.589429137069741 ], [ 121.03528485601305, 14.58947024424832 ], [ 121.035118049973548, 14.589611191618646 ], [ 121.034887809973043, 14.589834359049778 ], [ 121.034683413924782, 14.590003495799253 ], [ 121.034507210995542, 14.590125649475846 ], [ 121.034274623721316, 14.590261896997047 ], [ 121.034093723015346, 14.590346463602755 ], [ 121.033929267144757, 14.590452173246167 ], [ 121.033659090975334, 14.590569626439846 ], [ 121.03297777671618, 14.590884401960277 ], [ 121.031166421546502, 14.591678385889567 ], [ 121.030764681348472, 14.591852216574697 ], [ 121.030226677953308, 14.59210356731341 ], [ 121.029841383370098, 14.592265652441689 ], [ 121.029477231733125, 14.592472372566908 ], [ 121.029040248911301, 14.592756614171682 ], [ 121.028842902033432, 14.592876418188604 ], [ 121.028577424085867, 14.593012664971605 ], [ 121.028175683275165, 14.593212336696295 ], [ 121.028004179959751, 14.593294554328642 ], [ 121.027083232372462, 14.593663355728584 ], [ 121.027008052521936, 14.593712686931182 ], [ 121.026869440213645, 14.593780810190836 ], [ 121.025727654581488, 14.594177796851888 ], [ 121.025643078732017, 14.594170747394809 ], [ 121.025493894658197, 14.594228886379176 ], [ 121.020454527709916, 14.596168025628222 ], [ 121.020404016949755, 14.596171548270986 ], [ 121.020297123653918, 14.596112816234237 ], [ 121.019972919682189, 14.595940143822855 ], [ 121.019910662392249, 14.595937793238178 ], [ 121.019824910428156, 14.595991822574254 ], [ 121.017611799520552, 14.597615059924383 ], [ 121.01681296542877, 14.60017213025645 ], [ 121.015830951583922, 14.599847920603057 ], [ 121.015297656847849, 14.599677592677084 ], [ 121.015073297390785, 14.59959654073892 ], [ 121.014973450509459, 14.599604760643739 ], [ 121.01487712698858, 14.599639996259658 ], [ 121.014568184833948, 14.599840844666689 ], [ 121.013391148752888, 14.600678302804001 ], [ 121.013325365875488, 14.600742903923789 ], [ 121.012217629768983, 14.601807060010929 ], [ 121.011897525982221, 14.602104812065752 ], [ 121.011769483546118, 14.60226279190602 ], [ 121.011688428273146, 14.602400217430095 ], [ 121.01016018989192, 14.602262755739345 ], [ 121.008795228901008, 14.602180503574786 ], [ 121.008012902247572, 14.602117057987295 ], [ 121.006988596216331, 14.601969036287239 ], [ 121.003062868557123, 14.6015836816558 ], [ 121.00218422027406, 14.601475599380752 ], [ 121.001632128944777, 14.601386317927865 ], [ 121.000784021388512, 14.601304077378543 ], [ 121.000386985199611, 14.601252386376743 ], [ 120.999421410228834, 14.601200682597668 ], [ 120.998890461511607, 14.60117013125493 ], [ 120.998533363830276, 14.601125488706883 ], [ 120.998035307345063, 14.601029160912034 ], [ 120.997701703725454, 14.600953979481705 ], [ 120.997342257433942, 14.600878797470589 ], [ 120.997187201680774, 14.600867048058843 ], [ 120.996917029684269, 14.600808312351884 ], [ 120.996738481873479, 14.600742531147883 ], [ 120.996529392890096, 14.600669701701268 ], [ 120.996400180309863, 14.600636810201676 ], [ 120.996223981554451, 14.600582774977475 ], [ 120.995951457830216, 14.600625054190038 ], [ 120.993799451245181, 14.601334459818974 ], [ 120.993089947423101, 14.601545870560681 ], [ 120.992887903824382, 14.601583452986599 ], [ 120.992732847625675, 14.601590497058151 ], [ 120.992629477828586, 14.601552907768479 ], [ 120.991999863826379, 14.601238102773685 ], [ 120.991659215266679, 14.601033715987329 ], [ 120.991572291418692, 14.600970286027747 ], [ 120.991090687506528, 14.600568564499191 ], [ 120.990968525321421, 14.600434658185408 ], [ 120.990883951419619, 14.600345387239166 ], [ 120.990797028072649, 14.600260814610932 ], [ 120.990728900732307, 14.600119861955347 ], [ 120.990263754683042, 14.599189574080492 ], [ 120.990109880945226, 14.598867732221793 ], [ 120.989883181352582, 14.59839847734241 ], [ 120.989530798998061, 14.597650841168482 ], [ 120.989522577373577, 14.597606793757432 ], [ 120.989511419972587, 14.597525159314005 ], [ 120.989526701610018, 14.597062370133752 ], [ 120.989543154573965, 14.59674053210397 ], [ 120.989500870657267, 14.5965678660269 ], [ 120.98942334575905, 14.596436309902256 ], [ 120.989249501821035, 14.596150879969331 ], [ 120.989074483772754, 14.59584195815615 ], [ 120.988873624054676, 14.595490750425132 ], [ 120.988509491092415, 14.594909318855999 ], [ 120.98745115877098, 14.593113342837665 ], [ 120.987105820228805, 14.59254248302652 ], [ 120.987091724838308, 14.592516641670448 ], [ 120.986983653325282, 14.592607670175031 ], [ 120.986635359269798, 14.592832009550886 ], [ 120.985710882980698, 14.593398729746653 ], [ 120.985535854368138, 14.593535565861584 ], [ 120.985300915237843, 14.593778113972602 ], [ 120.985113550507094, 14.594004218855291 ], [ 120.984957902631947, 14.594194499373733 ], [ 120.984832209973916, 14.5943336857832 ], [ 120.98453148700527, 14.594681358462507 ], [ 120.984316516586091, 14.594950335358648 ], [ 120.984157932572558, 14.595118298550183 ], [ 120.983921817035551, 14.595434258679287 ], [ 120.983708020336863, 14.595743171754009 ], [ 120.983340337095314, 14.596270555612561 ], [ 120.983302746418047, 14.596326935217338 ], [ 120.983614028528322, 14.596521924601939 ], [ 120.983778477831564, 14.596693418832404 ], [ 120.983867746726688, 14.596937736120681 ], [ 120.983905328663326, 14.597250178624085 ], [ 120.984076811715838, 14.598023064476671 ], [ 120.984238895484609, 14.598878171608087 ], [ 120.984433867087759, 14.599853087935596 ], [ 120.984581854909564, 14.600705845566781 ], [ 120.984694609070743, 14.601290795269465 ], [ 120.984738070660768, 14.601336605361844 ], [ 120.984788579584247, 14.601410605837613 ], [ 120.984827340697365, 14.601532764350431 ], [ 120.984911909199269, 14.601849906282467 ], [ 120.984955367226391, 14.602046064241629 ], [ 120.985025838890351, 14.602398443638371 ], [ 120.985126850585715, 14.602806029579002 ], [ 120.98514094486282, 14.602878854643832 ], [ 120.985193803342824, 14.602943458430827 ], [ 120.985231392238575, 14.602962252758941 ], [ 120.985324190729528, 14.602970476993379 ], [ 120.985582620873345, 14.60282600789764 ], [ 120.986490647774588, 14.602430190560499 ], [ 120.987099132331394, 14.602130683094266 ], [ 120.987632436981201, 14.601882856017909 ], [ 120.988177488606254, 14.601622108685962 ], [ 120.988878772655781, 14.601288540117521 ], [ 120.989073769171895, 14.601212195973892 ], [ 120.989144248963697, 14.601221594299478 ], [ 120.989194759585061, 14.601223944620058 ], [ 120.989529543495166, 14.601061858350445 ], [ 120.989994716963011, 14.600835172412467 ], [ 120.990504527606276, 14.600615535034047 ], [ 120.990733590937879, 14.60047693824286 ], [ 120.990853409606871, 14.600365354628753 ], [ 120.990974401857173, 14.600299580156511 ], [ 120.991105961126962, 14.600444058015796 ], [ 120.991372604975638, 14.600677807956538 ], [ 120.991623977569901, 14.600936224000909 ], [ 120.991788428877086, 14.601023147556925 ], [ 120.992070345093495, 14.601185247685953 ], [ 120.992364007923229, 14.601349697264379 ], [ 120.992628304637023, 14.601490654328746 ], [ 120.992788058417801, 14.601529419478275 ], [ 120.993017119216205, 14.601497710623068 ], [ 120.993221512538412, 14.6014436839521 ], [ 120.993712526590045, 14.601305093047856 ], [ 120.993920444664482, 14.601219352453136 ], [ 120.994195906503606, 14.601115994485838 ], [ 120.994377981182396, 14.60106079272067 ], [ 120.994695731294556, 14.600946277073145 ], [ 120.994958271463616, 14.600857013928001 ], [ 120.995185571054847, 14.600791829141293 ], [ 120.995483939469167, 14.600664392538565 ], [ 120.995839279019648, 14.600545766661533 ], [ 120.996153503140732, 14.600515234313173 ], [ 120.996424262916094, 14.600555176550127 ], [ 120.996780184371943, 14.600665596263132 ], [ 120.997049180755084, 14.600764268095542 ], [ 120.997305256999212, 14.600812432151388 ], [ 120.997473233587257, 14.600845324522146 ], [ 120.997775121701494, 14.600899362571077 ], [ 120.997905509143408, 14.600924031948141 ], [ 120.998314291305732, 14.601005088031529 ], [ 120.998623227504808, 14.601055602460722 ], [ 120.998881653305304, 14.601094369827724 ], [ 120.999385584405388, 14.601136666490287 ], [ 120.999680425436608, 14.601151942821637 ], [ 121.000279505140384, 14.601169575175824 ], [ 121.000467451371875, 14.601189547475629 ], [ 121.001581032395904, 14.601324650662741 ], [ 121.002053247322181, 14.601373994168677 ], [ 121.002283481979646, 14.601376348528332 ], [ 121.002823827697597, 14.601420995194605 ], [ 121.003446399708977, 14.601482088006618 ], [ 121.004437816404106, 14.601573728518158 ], [ 121.005384595589618, 14.601672415582676 ], [ 121.006968043289518, 14.601811053107276 ], [ 121.007823200070519, 14.601841611736035 ], [ 121.008335353336577, 14.601905051251785 ], [ 121.009044850920375, 14.601956749275587 ], [ 121.009531161570123, 14.602017839025129 ], [ 121.01005036328273, 14.602062485216052 ], [ 121.010292345499451, 14.602027252873343 ], [ 121.011013590030259, 14.602067205234123 ], [ 121.011478757900278, 14.602076612429759 ], [ 121.011821760579608, 14.602078969323697 ], [ 121.011897526594723, 14.602078971026438 ], [ 121.011990915090678, 14.601974434375148 ], [ 121.012325115075157, 14.601668460488321 ], [ 121.012519527123601, 14.601471133284509 ], [ 121.013303047552441, 14.600728221013528 ], [ 121.013420517401883, 14.600594907382751 ], [ 121.015603121210916, 14.597526920326674 ], [ 121.015949064050631, 14.597381865904945 ], [ 121.016328480568347, 14.597419461398573 ], [ 121.017133711122753, 14.597571589249648 ], [ 121.01747260117304, 14.597628564611744 ], [ 121.017579495679882, 14.597636201866722 ], [ 121.017598290948769, 14.597610948546375 ], [ 121.017612387730992, 14.597578060267956 ], [ 121.017783891937597, 14.597458255668494 ], [ 121.01916179992682, 14.596457533669509 ], [ 121.019880708650973, 14.595926633934443 ], [ 121.019928870439173, 14.595907841534 ], [ 121.019988778367491, 14.595911366658555 ], [ 121.02007570243741, 14.595965399875734 ], [ 121.020412827717166, 14.596139247170221 ], [ 121.020480958480789, 14.596135724923482 ], [ 121.020613109662023, 14.596086982297351 ], [ 121.025619585811796, 14.594153127976595 ], [ 121.025687718050705, 14.594087352318031 ], [ 121.025996657908038, 14.593983407810079 ], [ 121.0269123186455, 14.593650431367509 ], [ 121.027056802729376, 14.593648085429749 ], [ 121.027386887272741, 14.593515363876687 ], [ 121.028037659024292, 14.593249920559519 ], [ 121.028284341995331, 14.593126593873373 ], [ 121.0289762295657, 14.592756612732705 ], [ 121.029181799111839, 14.59263680890065 ], [ 121.029349779150294, 14.592524051779746 ], [ 121.029490741543952, 14.592424214570988 ], [ 121.029811429921224, 14.592242159914965 ], [ 121.030034618858295, 14.592148197517917 ], [ 121.030330050519282, 14.592024284631613 ], [ 121.030908580298131, 14.591757077802846 ], [ 121.031273905404831, 14.591600865189305 ], [ 121.033899313584527, 14.590433379090179 ], [ 121.034064943955002, 14.590334717029187 ], [ 121.034299880006202, 14.590221961414104 ], [ 121.03465228550283, 14.589992923765555 ], [ 121.035079873383182, 14.589607666982511 ], [ 121.035244330033237, 14.589469068744691 ], [ 121.035321859161755, 14.58942208678083 ], [ 121.035431103934471, 14.58939037523456 ], [ 121.036202859442824, 14.589417408214135 ], [ 121.036982837674927, 14.589442092193208 ], [ 121.037263582783837, 14.589453844430711 ], [ 121.037996574228686, 14.589483225724234 ], [ 121.038372467689825, 14.589480884988596 ], [ 121.039043201705653, 14.589513788660609 ], [ 121.039917153427666, 14.589532601788775 ], [ 121.040156786058176, 14.58950794072952 ], [ 121.040390545660458, 14.589470359018966 ], [ 121.040738249009024, 14.589388145348547 ], [ 121.041739070823809, 14.589150900128177 ], [ 121.042158429966193, 14.589021704362169 ], [ 121.04265061954149, 14.588846701119582 ], [ 121.043194495350761, 14.58863411207383 ], [ 121.043283770702573, 14.58860592385682 ], [ 121.043704305040663, 14.588454410856947 ], [ 121.043914572557654, 14.588363971948795 ], [ 121.043993275935293, 14.588334608901496 ], [ 121.044032040750025, 14.588300546585769 ], [ 121.044269325104381, 14.588231250952864 ], [ 121.044854314532998, 14.588006916905201 ], [ 121.044963559806533, 14.587954062691329 ], [ 121.045720053719009, 14.587598178121532 ], [ 121.046353206299486, 14.587297496634317 ], [ 121.046407242117809, 14.587249339550082 ], [ 121.046601066135693, 14.587081377157276 ], [ 121.046739679417755, 14.58697214315622 ], [ 121.046798413597386, 14.58693690669687 ], [ 121.04693115382338, 14.586815926637261 ], [ 121.048758970358534, 14.58534537772363 ], [ 121.049368634083166, 14.584855586293255 ], [ 121.049427369292886, 14.584776889905998 ], [ 121.050381217876989, 14.583972315383665 ], [ 121.050777089165393, 14.58361172433993 ], [ 121.051009678164888, 14.583402652077327 ], [ 121.05109308260424, 14.58327227416838 ], [ 121.051180010849421, 14.583150118487229 ], [ 121.052664818276796, 14.58194854359054 ], [ 121.052986683212538, 14.581686616666826 ], [ 121.053283880032268, 14.581429387559259 ], [ 121.053480053773526, 14.58124498092454 ], [ 121.053596348106183, 14.581147492349658 ], [ 121.053810141711523, 14.580968959074415 ], [ 121.053935833323578, 14.580873819896153 ], [ 121.054175470630568, 14.580651827274281 ], [ 121.05462537690191, 14.58027831692908 ], [ 121.055015374772168, 14.579921249534275 ], [ 121.055454709152798, 14.579543040581472 ], [ 121.055771875782824, 14.579265843849292 ], [ 121.055936332543624, 14.57912254724477 ], [ 121.056128980641503, 14.57900744149746 ], [ 121.056301658678407, 14.578922874709814 ], [ 121.056724548251552, 14.578522348128043 ], [ 121.057168580882035, 14.578161758171676 ], [ 121.057438759472291, 14.577942115423138 ], [ 121.057780594858556, 14.577633205245478 ], [ 121.058136526358837, 14.577319597014428 ], [ 121.059334710999877, 14.576289506214234 ], [ 121.061023915781689, 14.574863588740529 ], [ 121.061458551717223, 14.574475982945511 ], [ 121.061732254976192, 14.574228150055049 ], [ 121.061982464284952, 14.574006157674269 ], [ 121.062394780742181, 14.573652614564354 ], [ 121.062713121927473, 14.573380116232897 ], [ 121.063040860392135, 14.573109967298171 ], [ 121.063713958104287, 14.572536781231939 ], [ 121.064449314219246, 14.571918962046739 ], [ 121.064564434692372, 14.571787410261525 ], [ 121.064890997264925, 14.571568943376768 ], [ 121.06523165778917, 14.57126825532559 ], [ 121.065475993401421, 14.571061532518343 ], [ 121.065746171295331, 14.57087125458901 ], [ 121.06596466401335, 14.570673927941801 ], [ 121.066338215600084, 14.570356796334179 ], [ 121.066406348061349, 14.570281623938564 ], [ 121.066448639076256, 14.570154768886592 ], [ 121.066460388807954, 14.570025563962643 ], [ 121.066450994758455, 14.569886961822293 ], [ 121.066458045599859, 14.569767153533668 ], [ 121.0663840513038, 14.569357219045767 ], [ 121.066339420087942, 14.569098807666093 ], [ 121.066278345457008, 14.568759349026116 ], [ 121.066182035636658, 14.568216685071196 ], [ 121.066123310785045, 14.567858433002588 ], [ 121.066031698267935, 14.567373324192085 ], [ 121.065940086419133, 14.566860025159141 ], [ 121.0658414274601, 14.566309139004417 ], [ 121.065728675171684, 14.565645491642309 ], [ 121.065684044317962, 14.56537181055991 ], [ 121.065655854317612, 14.565287239257872 ], [ 121.065612396404418, 14.565086382943905 ], [ 121.065575987829106, 14.564829146343165 ], [ 121.065455012343605, 14.564187816056979 ], [ 121.065408031794206, 14.563929404626178 ], [ 121.065375146551318, 14.563700358327694 ], [ 121.065364578280651, 14.563542962680344 ], [ 121.065395123072463, 14.563397313883723 ], [ 121.065460906812646, 14.563296300398786 ], [ 121.065654730412675, 14.563145956903858 ], [ 121.066025927347638, 14.563053172435849 ], [ 121.066447635599019, 14.562933373473864 ], [ 121.066906932466651, 14.562844114765099 ], [ 121.067188852435038, 14.562847644883213 ], [ 121.067475471794978, 14.562820635699223 ], [ 121.068032262783618, 14.562867631925556 ], [ 121.068365866730304, 14.562928718243755 ], [ 121.068560859650731, 14.563003896555935 ], [ 121.068755852905269, 14.563064979756824 ], [ 121.068960242659486, 14.563161300947245 ], [ 121.069148185852143, 14.563309303842514 ], [ 121.069415999765539, 14.563736861574663 ], [ 121.069681465180579, 14.564129181475909 ], [ 121.069883499419319, 14.564486262172519 ], [ 121.07020299121308, 14.565228611886727 ], [ 121.070442606549989, 14.565933372841673 ], [ 121.070452002158632, 14.566006197794852 ], [ 121.070675186805673, 14.566093122667169 ], [ 121.070924213400147, 14.566210587528515 ], [ 121.071210830782718, 14.56626697441942 ], [ 121.071424620099478, 14.566269328412432 ], [ 121.071819308227361, 14.566266988103111 ], [ 121.072716755284006, 14.566201231099088 ], [ 121.075585295816339, 14.566032154272474 ], [ 121.076059862238338, 14.565989879610882 ], [ 121.076156185256636, 14.565975786665749 ], [ 121.075987049598851, 14.565285122408595 ], [ 121.075921275604742, 14.564975028481104 ], [ 121.075836707218983, 14.564653188204996 ], [ 121.075796775617789, 14.564354840784983 ], [ 121.075834370916866, 14.564103478812829 ], [ 121.075956552088684, 14.563436312960983 ], [ 121.076029392629195, 14.562964128372323 ], [ 121.076083436717539, 14.562567117287863 ], [ 121.076191514312924, 14.562219440308153 ], [ 121.076370074649986, 14.561756654838863 ], [ 121.076440557447398, 14.561639197163894 ], [ 121.076527488087265, 14.561416026524801 ], [ 121.076522791814497, 14.561315011455518 ], [ 121.076543942891263, 14.561016665410714 ], [ 121.076562742406566, 14.560812286721132 ], [ 121.076579188633971, 14.560774700127826 ], [ 121.076748340998861, 14.560760608820967 ], [ 121.076962131596233, 14.560708931554872 ], [ 121.077272244933425, 14.560654907269951 ], [ 121.077471937857439, 14.560673705242767 ], [ 121.077561211092288, 14.560734786065733 ], [ 121.077601147984041, 14.560809960890291 ], [ 121.07809451219471, 14.560636132281715 ], [ 121.078484505330081, 14.560478745644721 ], [ 121.079217503310474, 14.560232097684846 ], [ 121.079677976904037, 14.560055919151692 ], [ 121.080274712969342, 14.559832759979475 ], [ 121.080566032582979, 14.559738799123849 ], [ 121.080615369148802, 14.559715308381559 ], [ 121.080566036815654, 14.55956026104935 ], [ 121.080497911594634, 14.559330039368373 ], [ 121.080467376270647, 14.559076326680991 ], [ 121.080488521276948, 14.55903404182315 ], [ 121.080551953845344, 14.559010551397936 ], [ 121.080718758101511, 14.558944777964271 ], [ 121.080878514133644, 14.558888401112855 ], [ 121.082666372104043, 14.558256510509086 ], [ 121.083695389311444, 14.557875965653594 ], [ 121.0839080058403, 14.557799034620974 ], [ 121.084243963853211, 14.557660440251533 ], [ 121.084584620032402, 14.557542988654456 ], [ 121.08464922703088, 14.557529482292813 ], [ 121.084667434061188, 14.557542403220813 ], [ 121.084709719646085, 14.557644593727295 ], [ 121.085260017285819, 14.559069974214681 ], [ 121.085269413966444, 14.559097577351956 ], [ 121.085004524594567, 14.559181554764651 ], [ 121.084386057582662, 14.559388269150993 ] ] ] } },
{ "type": "Feature", "properties": { "fid": 47, "route_long_name": "Divisoria - Punta via Sta. Mesa", "Notes": null, "route_id": "LTFRB_PUJ1278", "trip_id": 725242, "last_updated": "2026-03-15" }, "geometry": { "type": "MultiLineString", "coordinates": [ [ [ 121.023523505703167, 14.589386583787046 ], [ 121.02414372125034, 14.589748372271501 ], [ 121.024305821551707, 14.589905771333299 ], [ 121.024512555910121, 14.590201773333717 ], [ 121.024742783216752, 14.590514220159704 ], [ 121.024926025963296, 14.590737396886514 ], [ 121.025034092144139, 14.59087130288037 ], [ 121.025285464011688, 14.591160258328362 ], [ 121.025412324528816, 14.591308259856806 ], [ 121.025536836157613, 14.591437467849691 ], [ 121.025527436595354, 14.591531435052312 ], [ 121.025518038257999, 14.591573720177314 ], [ 121.025821096638197, 14.591813343894957 ], [ 121.025896273649209, 14.591883821145235 ], [ 121.026110055897703, 14.592184521675259 ], [ 121.026510600773321, 14.592882238727627 ], [ 121.02681012888921, 14.593386145718268 ], [ 121.02692171815211, 14.59355881334994 ], [ 121.026951083432593, 14.59361754364382 ], [ 121.026968702266828, 14.593666876932261 ], [ 121.026992193962329, 14.59373617842823 ], [ 121.026734940102642, 14.5938125211699 ], [ 121.02621808224221, 14.59399926978814 ], [ 121.025718844524334, 14.59418014583918 ], [ 121.025641316564844, 14.594177794911227 ], [ 121.025373490341153, 14.594269407120223 ], [ 121.024498355374675, 14.594612368512205 ], [ 121.023589155012345, 14.594957678324279 ], [ 121.0231322052189, 14.595142079104473 ], [ 121.020453940418435, 14.59616626372595 ], [ 121.020390508405939, 14.59616626230024 ], [ 121.019977031113982, 14.595936032840825 ], [ 121.019913599045807, 14.595938380600479 ], [ 121.018757706942111, 14.596777013797491 ], [ 121.017618259840702, 14.59762974247813 ], [ 121.01707082459113, 14.599337587944449 ], [ 121.016814727443261, 14.600171542999664 ], [ 121.01511852157951, 14.599617097127398 ], [ 121.015031596618655, 14.599600650876098 ], [ 121.014878889086617, 14.599635885224799 ], [ 121.014399617420011, 14.599955363665721 ], [ 121.013365893178147, 14.600688286274272 ], [ 121.01300526196367, 14.601045941644996 ], [ 121.011899287885313, 14.602108923179756 ], [ 121.01167374510409, 14.602393169543886 ], [ 121.010087948295165, 14.602245135225298 ], [ 121.008929728066548, 14.602188728746333 ], [ 121.008234326708219, 14.602127634297775 ], [ 121.007689282713201, 14.602066543228275 ], [ 121.006679072573334, 14.601923220215779 ], [ 121.006246796433715, 14.60186917923674 ], [ 121.005666512097307, 14.601822182487593 ], [ 121.004414319795416, 14.601711742632336 ], [ 121.002971832067118, 14.601575457460928 ], [ 121.002119025732199, 14.601497915176868 ], [ 121.001867648406588, 14.601439179892406 ], [ 121.000601361213924, 14.601281756012101 ], [ 121.000293599041697, 14.601258257241467 ], [ 120.999713314425932, 14.601223006419183 ], [ 120.999118933807239, 14.601187755280087 ], [ 120.998750089401213, 14.60114546165344 ], [ 120.998059387877618, 14.601035034416691 ], [ 120.997573078395405, 14.60092461177339 ], [ 120.997267665835068, 14.600889367128497 ], [ 120.997044480180804, 14.600844727589941 ], [ 120.99661220587717, 14.600713163492362 ], [ 120.996356130217578, 14.60064033298976 ], [ 120.996111800614614, 14.600593343790591 ], [ 120.995895660734803, 14.600642671826554 ], [ 120.99561138928371, 14.600729585297822 ], [ 120.994960618306237, 14.600962140027637 ], [ 120.994500145093326, 14.601121874286717 ], [ 120.994006781429633, 14.601272211065087 ], [ 120.993254989543303, 14.601485970041782 ], [ 120.993128124459588, 14.601530601713449 ], [ 120.992850902234565, 14.601565833264418 ], [ 120.992648859693546, 14.601558781167551 ], [ 120.992395134146875, 14.601453062121916 ], [ 120.991859493608558, 14.601133560868243 ], [ 120.99156348138925, 14.600971460422421 ], [ 120.99126747139681, 14.600715392560268 ], [ 120.990966763126394, 14.600442880294702 ], [ 120.990865739935174, 14.600520401142797 ], [ 120.990435807615924, 14.600698929571633 ], [ 120.989801480192781, 14.601006658604662 ], [ 120.988316685577246, 14.601666746337052 ], [ 120.987174896593501, 14.602204684137556 ], [ 120.986519425221161, 14.602510063511431 ], [ 120.985375286402089, 14.603069143929345 ], [ 120.984691623301984, 14.60336277674338 ], [ 120.984261693375942, 14.603440290200647 ], [ 120.983599178678034, 14.603548337841678 ], [ 120.98219897065519, 14.603762082249066 ], [ 120.981733800721557, 14.603839594914602 ], [ 120.980740029842991, 14.60395233348261 ], [ 120.980434614943064, 14.604015754625776 ], [ 120.980098658146744, 14.604102666936917 ], [ 120.979466681503254, 14.604349317205175 ], [ 120.978611515808353, 14.604694628246301 ], [ 120.978230920722822, 14.604821475706956 ], [ 120.97754255956626, 14.605089267377693 ], [ 120.976633358858976, 14.605448672318063 ], [ 120.975677171252343, 14.605817472944779 ], [ 120.975078085560057, 14.606052378026417 ], [ 120.973654376847563, 14.606576214387358 ], [ 120.973412394294442, 14.606625541844014 ], [ 120.973264386486036, 14.606616141776289 ], [ 120.971502395690692, 14.606212042285151 ], [ 120.970562668561413, 14.605941864841757 ], [ 120.970276052840461, 14.605815002386976 ], [ 120.970095157642788, 14.605666999638904 ], [ 120.969662890962368, 14.605213597134306 ], [ 120.968671498473597, 14.60410006095587 ], [ 120.968006654257252, 14.60337179852872 ], [ 120.967644867034991, 14.6029418894631 ], [ 120.967518006515348, 14.602793887929606 ], [ 120.967499214628191, 14.60267642823541 ], [ 120.967510963802496, 14.602570715154769 ], [ 120.967562649759117, 14.602544875276498 ], [ 120.967776431677919, 14.602859670929393 ], [ 120.968453021672659, 14.603625520587201 ], [ 120.969033290761729, 14.604316194146763 ], [ 120.969632355412159, 14.604969281161974 ], [ 120.970189134002027, 14.6055401457367 ], [ 120.970421713374876, 14.605737482540524 ], [ 120.970748267826579, 14.605861996707334 ], [ 120.971222829919725, 14.606002958498228 ], [ 120.972853258076526, 14.606404705847581 ], [ 120.973292581442394, 14.606491635581275 ], [ 120.973496973318262, 14.606498687730593 ], [ 120.973771846990346, 14.606430567529523 ], [ 120.974784418998908, 14.606045323870923 ], [ 120.975103931126938, 14.605930220964249 ], [ 120.976788419456255, 14.605256042596665 ], [ 120.977963096611305, 14.604823818873806 ], [ 120.979165966773934, 14.604349310447404 ], [ 120.979950651730377, 14.604034537233355 ], [ 120.980296006697031, 14.603912387351974 ], [ 120.980721238067218, 14.603830175417977 ], [ 120.981153516436805, 14.603790248980102 ], [ 120.981715009613865, 14.603689246624919 ], [ 120.982161383874882, 14.603654018874728 ], [ 120.982873234471953, 14.603550670713144 ], [ 120.983448823930047, 14.60343792274778 ], [ 120.983780080945053, 14.603397994039819 ], [ 120.984139529743118, 14.603367462707125 ], [ 120.984513075601825, 14.603292297168178 ], [ 120.984698674365305, 14.603233571703514 ], [ 120.98515209996765, 14.603057392986575 ], [ 120.985525648387139, 14.602874164918394 ], [ 120.98613413235951, 14.602599323898639 ], [ 120.986674485428424, 14.60233387808969 ], [ 120.987506158674194, 14.601950979557042 ], [ 120.98871372945014, 14.60139424975196 ], [ 120.989061435308656, 14.601206322733116 ], [ 120.989221189674112, 14.601220421435865 ], [ 120.989716905344508, 14.600957323810297 ], [ 120.990607312157735, 14.600565029857663 ], [ 120.99078586481231, 14.60042643193132 ], [ 120.990929176624633, 14.60032307099414 ], [ 120.990978513191465, 14.600299580248851 ], [ 120.991166455053218, 14.600503963603215 ], [ 120.991622216182051, 14.600910382921761 ], [ 120.991840700719507, 14.601058386512772 ], [ 120.992150809053001, 14.601215788904566 ], [ 120.992413930543179, 14.601380237796617 ], [ 120.992632416138363, 14.601483606864862 ], [ 120.992836807066709, 14.601530595166484 ], [ 120.992994212766277, 14.601516503591505 ], [ 120.993435890752181, 14.601380260763861 ], [ 120.993783594773063, 14.601269856863832 ], [ 120.993973892704773, 14.601189988836648 ], [ 120.994363885290994, 14.601056094033021 ], [ 120.99521904970203, 14.600764814261467 ], [ 120.995599644785869, 14.600637966803065 ], [ 120.99584397750651, 14.60055340161964 ], [ 120.996132947291173, 14.600480583366434 ], [ 120.996367880004257, 14.600508778871186 ], [ 120.996614557326538, 14.600623894499831 ], [ 120.996985749619128, 14.600727266999812 ], [ 120.99721598333052, 14.600769557511367 ], [ 120.997413325644814, 14.600842386693969 ], [ 120.997676449973838, 14.600887027130097 ], [ 120.997878493015548, 14.600872936558382 ], [ 120.997986560756345, 14.600941065363816 ], [ 120.998529254361287, 14.601046790903458 ], [ 120.998968578670315, 14.601093784484869 ], [ 120.999570006956446, 14.601143130894787 ], [ 121.000086860338783, 14.601145491695911 ], [ 121.000629554555786, 14.60122537619605 ], [ 121.001947530154112, 14.601253596040912 ], [ 121.002316372666996, 14.601375761971116 ], [ 121.002704011631764, 14.60142275439088 ], [ 121.003364172928414, 14.601486197233069 ], [ 121.004160595363004, 14.601559039879138 ], [ 121.005184902842558, 14.601645982759033 ], [ 121.006883467286585, 14.601810463910132 ], [ 121.007832596528985, 14.601878611617179 ], [ 121.008795821996642, 14.601937362899401 ], [ 121.00947242801638, 14.602026647150355 ], [ 121.009918800325451, 14.602073640889929 ], [ 121.010125542089781, 14.602057201238411 ], [ 121.010435654986765, 14.602021970426843 ], [ 121.011283762930404, 14.602087766678068 ], [ 121.011678451064739, 14.602085426362784 ], [ 121.011889891329531, 14.602076034373047 ], [ 121.012057872481975, 14.601916293541363 ], [ 121.012364467293239, 14.601631461702718 ], [ 121.013320667903997, 14.6007135390008 ], [ 121.013441661907223, 14.600573765189406 ], [ 121.013595548838367, 14.600338850109083 ], [ 121.015605470433428, 14.59753161875018 ], [ 121.015772275081744, 14.59744940101103 ], [ 121.015955524509891, 14.59739067549526 ], [ 121.016176362165325, 14.597378934531845 ], [ 121.016526411620802, 14.597432973663052 ], [ 121.01744734607135, 14.59761858000622 ], [ 121.017578908485675, 14.597630328890034 ], [ 121.01760122788049, 14.597599789981794 ], [ 121.017625896636972, 14.597568076533671 ], [ 121.017765684141381, 14.597477636038541 ], [ 121.017974778746535, 14.597313197761881 ], [ 121.018389443148862, 14.597018384317428 ], [ 121.018768867432854, 14.596728268451884 ], [ 121.019125971960079, 14.596483961199594 ], [ 121.019269283799204, 14.596379425671721 ], [ 121.019500697409427, 14.596200892784935 ], [ 121.019913012310823, 14.595913126844597 ], [ 121.019951776457631, 14.595907254752451 ], [ 121.020009334940767, 14.595915478194934 ], [ 121.020294775071932, 14.596081102178941 ], [ 121.020415764509721, 14.596133961569089 ], [ 121.020478021799633, 14.596136312153771 ], [ 121.020622507080745, 14.596083458730469 ], [ 121.02193344725292, 14.595580762527204 ], [ 121.025627808661056, 14.594145493308954 ], [ 121.025700639762391, 14.59407149560726 ], [ 121.026921128800367, 14.593643971305747 ], [ 121.026901160910711, 14.593582892037738 ], [ 121.026790746259024, 14.593412573617812 ], [ 121.026110641853123, 14.592242664025834 ], [ 121.026011973508503, 14.592087615574929 ], [ 121.025915654247157, 14.591943138510921 ], [ 121.025820508399974, 14.591851518143651 ], [ 121.02574063269347, 14.591782215380434 ], [ 121.025614946063769, 14.591667102473188 ], [ 121.025489258877258, 14.591575481419421 ], [ 121.025520974883463, 14.591575482132335 ] ] ] } },
{ "type": "Feature", "properties": { "fid": 48, "route_long_name": "Punta - Quiapo (Barbosa) via Sta. Mesa", "Notes": null, "route_id": "LTFRB_PUJ1562", "trip_id": 725861, "last_updated": null }, "geometry": { "type": "MultiLineString", "coordinates": [ [ [ 121.025523324356456, 14.591569609221784 ], [ 121.025908607693395, 14.591882059533473 ], [ 121.026139421665349, 14.592222696597275 ], [ 121.026238676758794, 14.592402411507559 ], [ 121.026410758248971, 14.592706634878423 ], [ 121.026766080926706, 14.593299812166473 ], [ 121.026935226222847, 14.593584067396105 ], [ 121.026982210894346, 14.593668639124912 ], [ 121.026998654560614, 14.593739115055131 ], [ 121.026596915420072, 14.593868311219666 ], [ 121.025722956067213, 14.5941713364865 ], [ 121.025633681271771, 14.594176032850585 ], [ 121.02047009218569, 14.596162153014584 ], [ 121.0204480670143, 14.596169200075645 ], [ 121.020391683017138, 14.596168611512013 ], [ 121.019969395667758, 14.595940731039951 ], [ 121.019906844683277, 14.595939555041355 ], [ 121.017639992020406, 14.59759421153778 ], [ 121.017607100484284, 14.59763062317184 ], [ 121.017528390675807, 14.5979313171309 ], [ 121.016810616283095, 14.600164201702945 ], [ 121.015046280017486, 14.599598008372546 ], [ 121.014895922014091, 14.599625020625215 ], [ 121.014630443286308, 14.599794156006364 ], [ 121.013364130934221, 14.600698563920743 ], [ 121.013260170380448, 14.600805449519523 ], [ 121.011899288059283, 14.602101581975404 ], [ 121.011752450855369, 14.602263672467727 ], [ 121.011672570193639, 14.602403447203596 ], [ 121.009311494426797, 14.602204887975619 ], [ 121.008529167411609, 14.602156712093226 ], [ 121.007946533936604, 14.602101493142454 ], [ 121.007224116324934, 14.601994588971431 ], [ 121.002695786047624, 14.601545792791425 ], [ 121.002040323529812, 14.601477651684037 ], [ 121.001725514024358, 14.601425962530211 ], [ 121.000480371002965, 14.601261491568877 ], [ 120.999902435609684, 14.601230939170195 ], [ 120.998680783921571, 14.601151039411217 ], [ 120.998434104762296, 14.601113446900913 ], [ 120.997938398334597, 14.600986579748614 ], [ 120.997452088184318, 14.600904347330159 ], [ 120.997198360967815, 14.600869103846827 ], [ 120.99670030542886, 14.600732839900065 ], [ 120.996432483712596, 14.60063416809405 ], [ 120.996199900667321, 14.600591877529681 ], [ 120.995946171947608, 14.600620062052222 ], [ 120.995563227362993, 14.600753957014014 ], [ 120.99443318917011, 14.60111805535567 ], [ 120.993803562586493, 14.601334166263156 ], [ 120.993552181975645, 14.601414032917615 ], [ 120.99316219005739, 14.60151973749651 ], [ 120.992931953784833, 14.601585509513754 ], [ 120.992682924623281, 14.601576107175521 ], [ 120.992372816234138, 14.601421053969132 ], [ 120.991924098931406, 14.601190823714548 ], [ 120.991623388211522, 14.601021675606894 ], [ 120.991409603065435, 14.600843132711171 ], [ 120.991073655567249, 14.600537731057885 ], [ 120.990932698767281, 14.600401475136305 ], [ 120.990794091635209, 14.600251124155088 ], [ 120.990697773346852, 14.600065536343189 ], [ 120.990446406486754, 14.599565154202205 ], [ 120.990281961693199, 14.5992033759539 ], [ 120.990164499845889, 14.598998994183761 ], [ 120.989525513616542, 14.597624706362073 ], [ 120.989490277228015, 14.597472008519096 ], [ 120.98954432944285, 14.596732016333258 ], [ 120.989494997942245, 14.596541731207315 ], [ 120.988000880927629, 14.594039815181272 ], [ 120.987094074207036, 14.592515173482335 ], [ 120.985693850094862, 14.593407832457142 ], [ 120.985186382409651, 14.593896451612373 ], [ 120.984253670159717, 14.59502403963787 ], [ 120.983290412339002, 14.596330165069999 ], [ 120.983682745241268, 14.596576838355109 ], [ 120.983830746646831, 14.596856394744449 ], [ 120.98394350225513, 14.59738026562378 ], [ 120.984079748974708, 14.597998104447685 ], [ 120.984265321850629, 14.599031750198131 ], [ 120.984380425623783, 14.59960495402531 ], [ 120.984596539783951, 14.600640949649655 ], [ 120.984699894048944, 14.601333961670228 ], [ 120.984777420617561, 14.601395042233385 ], [ 120.984805610507848, 14.601484311912776 ], [ 120.985071059565129, 14.602567292356694 ], [ 120.985127436896335, 14.602849195874255 ], [ 120.985155627733079, 14.602898529401658 ], [ 120.985195565572937, 14.602933768080513 ], [ 120.985240202080419, 14.602969006864967 ], [ 120.985296585980748, 14.602973706502926 ], [ 120.985543268481194, 14.602870347888048 ], [ 120.98687065700814, 14.602240796026084 ], [ 120.987770461881013, 14.601817962872623 ], [ 120.988806529785137, 14.601324657219642 ], [ 120.989067308566632, 14.601209552995048 ], [ 120.989201220148786, 14.601228349487837 ], [ 120.98983084884874, 14.600922969534405 ], [ 120.990032894062139, 14.600817260731635 ], [ 120.990364153693093, 14.600666920310076 ], [ 120.990577944740465, 14.600596449552516 ], [ 120.990676618096813, 14.600540071320271 ], [ 120.990815231798166, 14.600413218423393 ], [ 120.990958543888794, 14.600298111559184 ], [ 120.991045467402799, 14.600375636631181 ], [ 120.991214615707477, 14.600533035855014 ], [ 120.991442495464682, 14.600770308702691 ], [ 120.991649232720633, 14.600944153069191 ], [ 120.991891210763242, 14.601085109631969 ], [ 120.992346975455021, 14.601341181084434 ], [ 120.992621843948285, 14.601491535128019 ], [ 120.992793344258942, 14.601536173505059 ], [ 120.993138697610007, 14.601482150001985 ], [ 120.993542786143522, 14.6013506047004 ], [ 120.993756577023632, 14.601287181499028 ], [ 120.994334518263415, 14.601071069429997 ], [ 120.995175586170532, 14.600800932010289 ], [ 120.995675998893276, 14.600605960867908 ], [ 120.995983763348434, 14.600533143037083 ], [ 120.996157614774248, 14.600502607533979 ], [ 120.996333814587416, 14.600512008235524 ], [ 120.996601636359372, 14.600608330856142 ], [ 120.996857711128229, 14.60071874832518 ], [ 120.997231253422683, 14.600793930653115 ], [ 120.997419201185309, 14.600749300354376 ], [ 120.997557811657472, 14.600758700211133 ], [ 120.997708166460413, 14.60086676611879 ], [ 120.998048817691753, 14.600958392005332 ], [ 120.998828793232065, 14.601097011473277 ], [ 120.999383234953356, 14.601141658456413 ], [ 120.999893040055952, 14.601155765026144 ], [ 121.00021019939642, 14.601186311564192 ], [ 121.000687113602879, 14.601209814136334 ], [ 121.00128854099799, 14.601296747512627 ], [ 121.001908763564501, 14.601362538642681 ], [ 121.002160142059239, 14.601371941033731 ], [ 121.002435013669356, 14.60139074069437 ], [ 121.002951865826489, 14.601444783574252 ], [ 121.003694253527954, 14.601519974191376 ], [ 121.004373209550536, 14.601581068270518 ], [ 121.005366975857555, 14.601660962907825 ], [ 121.006527544029368, 14.601776099074737 ], [ 121.00751426239006, 14.601853644368166 ], [ 121.008381165450231, 14.601900647558679 ], [ 121.009027230965671, 14.601954693342332 ], [ 121.009814255507095, 14.602051027630978 ], [ 121.010039790828358, 14.602081572109746 ], [ 121.010258280041072, 14.602032244126672 ], [ 121.01081507153981, 14.60205809767921 ], [ 121.011143977715349, 14.602081596924913 ], [ 121.011475233781368, 14.602081604369467 ], [ 121.011827633740225, 14.602086310659994 ], [ 121.011888716808727, 14.602069867734988 ], [ 121.012340386044173, 14.601655833959979 ], [ 121.012585309757526, 14.601416809850656 ], [ 121.013335351692561, 14.600694452199519 ], [ 121.013425803298617, 14.600599312224103 ], [ 121.015608407580871, 14.597511357092332 ], [ 121.015932618400967, 14.597395079703015 ], [ 121.016317909255321, 14.597390389991913 ], [ 121.017568923601303, 14.597639431758951 ], [ 121.017620610364531, 14.597579528693572 ], [ 121.017673471237913, 14.597543117508334 ], [ 121.017913107488653, 14.597365759398532 ], [ 121.018054070328034, 14.597247128705382 ], [ 121.018824664841247, 14.596697436647988 ], [ 121.019171197533453, 14.596446081602004 ], [ 121.019737396860634, 14.596029113924965 ], [ 121.01989245539653, 14.595923404068538 ], [ 121.019937093156216, 14.595905786181572 ], [ 121.019997001001002, 14.595912835084183 ], [ 121.020088623627174, 14.59597156677769 ], [ 121.020412827765952, 14.596137191632968 ], [ 121.02049740381041, 14.59613601894123 ], [ 121.020823964353653, 14.596003297307805 ], [ 121.021100013552115, 14.595898764763533 ], [ 121.025636618697575, 14.594144025266139 ], [ 121.025701226963619, 14.594077074935681 ], [ 121.026921716140777, 14.593643677670773 ], [ 121.026800730795429, 14.593418153157456 ], [ 121.026108880138139, 14.592230624411323 ], [ 121.025910368392289, 14.591936971780575 ], [ 121.025617882821479, 14.591663285113016 ], [ 121.02551216458248, 14.591588108805544 ], [ 121.025527435641877, 14.591571664851376 ] ] ] } },
{ "type": "Feature", "properties": { "fid": 49, "route_long_name": "QUIAPO - BACOOD", "Notes": null, "route_id": "LTFRB_PUJ1851", "trip_id": 725862, "last_updated": "2026-03-22" }, "geometry": { "type": "MultiLineString", "coordinates": [ [ [ 121.020835914785124, 14.590503487593304 ], [ 121.020711396808991, 14.590642086729941 ], [ 121.019849171818905, 14.591464282221592 ], [ 121.019172548986873, 14.592084451946068 ], [ 121.018371408679727, 14.592822078140497 ], [ 121.018061290327083, 14.593087529115449 ], [ 121.017257800463355, 14.593834552000207 ], [ 121.015138656001739, 14.595749090443219 ], [ 121.01511046304968, 14.595789025960869 ], [ 121.015115160381072, 14.595845406515357 ], [ 121.015136303160432, 14.595897089068743 ], [ 121.015725970466463, 14.596550175855695 ], [ 121.015986735828662, 14.597001225308414 ], [ 121.016339126322507, 14.597405293113146 ], [ 121.017612459228204, 14.597659033752556 ], [ 121.016813626444801, 14.600160898228292 ], [ 121.015058687236035, 14.599606451036006 ], [ 121.014915377985645, 14.599601749444412 ], [ 121.014793210735206, 14.599681619001803 ], [ 121.013368903068496, 14.60069643507838 ], [ 121.01191287033447, 14.602093580367544 ], [ 121.011756635377807, 14.602273289539138 ], [ 121.011674405604978, 14.602403667480626 ], [ 121.008426458136753, 14.60212873979598 ], [ 121.007989482271981, 14.60211933323394 ], [ 121.005997252995726, 14.601874973179685 ], [ 121.00443729880044, 14.601729288626874 ], [ 121.002299410269359, 14.601508417152717 ], [ 121.001829545623352, 14.601419137547781 ], [ 121.000983788570039, 14.601287564157847 ], [ 121.000307181212591, 14.601254660356224 ], [ 120.999470819378615, 14.601212356222671 ], [ 120.998620362320992, 14.601137163176675 ], [ 120.997605455014053, 14.600930412052156 ], [ 120.997210768269994, 14.600874022732267 ], [ 120.996872466873427, 14.600761254229873 ], [ 120.996501274580837, 14.600657881729889 ], [ 120.996285137317628, 14.600596798051894 ], [ 120.996111287060927, 14.600578000661537 ], [ 120.995805871215865, 14.600681357955413 ], [ 120.99405325516463, 14.601231027952485 ], [ 120.993207488199943, 14.601517609564905 ], [ 120.992869182015255, 14.601606871007533 ], [ 120.992568469179943, 14.601526991945445 ], [ 120.992394620704559, 14.601433020622 ], [ 120.991901267061451, 14.601160504026884 ], [ 120.991553569999283, 14.600977259750811 ], [ 120.991304545959409, 14.600751732354938 ], [ 120.990825292550127, 14.600300677985668 ], [ 120.990656148198156, 14.599976486598003 ], [ 120.989505030969013, 14.597599085098112 ], [ 120.989500334751, 14.597495720834944 ], [ 120.989537943243647, 14.596687601902969 ], [ 120.989481563908626, 14.596490269062445 ], [ 120.987085337838906, 14.592505996780242 ], [ 120.985699209729617, 14.593398656071868 ], [ 120.985262223840564, 14.593812102878726 ], [ 120.984350656374488, 14.59490680278372 ], [ 120.983293422639974, 14.596320988631854 ], [ 120.983735089715239, 14.596645186144054 ], [ 120.983810264834418, 14.596795535699435 ], [ 120.984063964382415, 14.597998324328735 ], [ 120.98471230123981, 14.601343578926516 ], [ 120.984785128918048, 14.601414056125746 ], [ 120.984855603365546, 14.601648976251347 ], [ 120.985135145029844, 14.602875257322909 ], [ 120.985182130258792, 14.602936337199791 ], [ 120.985236164212907, 14.602966877824587 ], [ 120.985292548001851, 14.602976275833379 ], [ 120.985414714529512, 14.60292694568496 ], [ 120.988978693957989, 14.601237961464291 ], [ 120.989060921198259, 14.601214471458118 ], [ 120.989211278284145, 14.601226220764262 ], [ 120.990517522582991, 14.600606065172011 ], [ 120.990649086334372, 14.600561433605993 ], [ 120.99097330069182, 14.600295982941208 ], [ 120.991154194663451, 14.600495667766348 ], [ 120.991480744659384, 14.600808116764641 ], [ 120.991668687467538, 14.600972563967122 ], [ 120.992467450386812, 14.601418927146282 ], [ 120.99265539514343, 14.601501152859466 ], [ 120.992803402394287, 14.601534044781486 ], [ 120.992981952376525, 14.601508207754643 ], [ 120.993721997482524, 14.601299146884731 ], [ 120.994114339847926, 14.601146458650591 ], [ 120.995173897970872, 14.600784707910286 ], [ 120.995674310248219, 14.600608530251145 ], [ 120.995975027147352, 14.600516918778697 ], [ 120.996282790155036, 14.600505179768374 ], [ 120.996527119535287, 14.600561565709155 ], [ 120.996891262601679, 14.600716620129601 ], [ 120.997213119385279, 14.600798848852167 ], [ 120.997513832554276, 14.600864632801704 ], [ 120.997812196946114, 14.600906924844415 ], [ 120.998300855595062, 14.601024395096706 ], [ 120.99878951541308, 14.601092532455525 ], [ 120.999282875067706, 14.60111133702647 ], [ 121.000328326887001, 14.601184185269357 ], [ 121.000788795311408, 14.60122648095512 ], [ 121.001517086342417, 14.601329861480345 ], [ 121.002031589332887, 14.601376856751246 ], [ 121.002254776100287, 14.601374512581705 ], [ 121.002567236605913, 14.601412106570329 ], [ 121.003518715016327, 14.601487301886531 ], [ 121.008128098088193, 14.601903211292495 ], [ 121.010012260012559, 14.602062998243641 ], [ 121.010261290397693, 14.602020718503141 ], [ 121.010987233470843, 14.60206595663665 ], [ 121.011859423282772, 14.602081245943065 ], [ 121.011897012651431, 14.602080072195145 ], [ 121.013350108773849, 14.600680577654622 ], [ 121.013498121229247, 14.600493820742694 ], [ 121.01561259252091, 14.597503355273343 ], [ 121.015663104394562, 14.597452848923032 ], [ 121.015909793546172, 14.597068762658605 ], [ 121.015945035752281, 14.596975970628408 ], [ 121.015703064197496, 14.596561333971382 ], [ 121.015666650525787, 14.59651904781623 ], [ 121.015103999862475, 14.59589532645367 ], [ 121.015094603473756, 14.595855390091153 ], [ 121.015087556251785, 14.595822501337564 ], [ 121.015088731976491, 14.595777866841926 ], [ 121.01511810015225, 14.595714439496986 ], [ 121.01522499687222, 14.595628696633588 ], [ 121.020578069568913, 14.590749558962724 ], [ 121.020719033048636, 14.590603912639668 ], [ 121.020717860441806, 14.590516992755401 ], [ 121.020710813943694, 14.590453564592588 ], [ 121.020689671943913, 14.590368993444811 ], [ 121.020690847223264, 14.590343152432396 ], [ 121.020743706314974, 14.590381915178829 ], [ 121.020815359993549, 14.59042420212576 ], [ 121.020840027358162, 14.590451218311747 ], [ 121.020857646582101, 14.590484107302673 ], [ 121.020835327465633, 14.590502900283772 ] ] ] } },
{ "type": "Feature", "properties": { "fid": 50, "route_long_name": "Cubao - Stop n Shop", "Notes": null, "route_id": null, "trip_id": null, "last_updated": null }, "geometry": { "type": "MultiLineString", "coordinates": [ [ [ 121.055311592935041, 14.624057089944184 ], [ 121.053711714726816, 14.62329356873717 ], [ 121.049985712051551, 14.621576230480391 ], [ 121.04930441176937, 14.621301360479018 ], [ 121.048848644245368, 14.621165097484695 ], [ 121.048712384834616, 14.621082872933496 ], [ 121.048498599357501, 14.620918425150665 ], [ 121.047991147380941, 14.620744574028329 ], [ 121.046285544974836, 14.620157239352281 ], [ 121.045564304904474, 14.619929352161869 ], [ 121.044260434676971, 14.619506469491039 ], [ 121.044058394198544, 14.619412497534761 ], [ 121.043186803223008, 14.618912101457088 ], [ 121.04077172255343, 14.617457901419398 ], [ 121.039590023859915, 14.61677426191155 ], [ 121.038506996684006, 14.616111767289544 ], [ 121.034484992021206, 14.613800078469753 ], [ 121.033000233553892, 14.612935544875787 ], [ 121.030904644515729, 14.612230742164448 ], [ 121.028818453256861, 14.611507146180617 ], [ 121.022813602846838, 14.609533695502778 ], [ 121.022583371141124, 14.609406834317102 ], [ 121.02219808680087, 14.609136669337238 ], [ 121.020595877838986, 14.607588520149827 ], [ 121.018728199669127, 14.605807795643432 ], [ 121.016703121311764, 14.603808593359833 ], [ 121.01590906524919, 14.603016900036474 ], [ 121.015791600062428, 14.602953469390979 ], [ 121.016698506319145, 14.600277767613893 ], [ 121.016794832122571, 14.600146215397229 ], [ 121.015041654705357, 14.599600577689733 ], [ 121.014877200657452, 14.599629351514634 ], [ 121.014460187115958, 14.599915942759383 ], [ 121.01336420438713, 14.600697022269118 ], [ 121.011889963856888, 14.602113547928601 ], [ 121.011779541800081, 14.602255671163441 ], [ 121.012713400148783, 14.602333215268693 ], [ 121.013559158785938, 14.602397836874321 ], [ 121.014951135610545, 14.602543517651505 ], [ 121.01544919184289, 14.602650416780028 ], [ 121.015794541183382, 14.602765534625545 ], [ 121.015976611797043, 14.602881823394315 ], [ 121.016310209875556, 14.603190748770773 ], [ 121.016743651300246, 14.603640627514849 ], [ 121.017195887339597, 14.604092855866819 ], [ 121.01817788615314, 14.605051345577596 ], [ 121.01860545516179, 14.605462462631152 ], [ 121.018978990216823, 14.605843039060323 ], [ 121.019824730898833, 14.606665272956771 ], [ 121.020642279742248, 14.607480458663911 ], [ 121.021335317290237, 14.608152341263711 ], [ 121.022185755860235, 14.609007463862664 ], [ 121.022462972182026, 14.609221245964259 ], [ 121.022780127345371, 14.609427981407114 ], [ 121.023543655094343, 14.609669964661556 ], [ 121.024629038733678, 14.610031763604217 ], [ 121.025580511348565, 14.610351274200324 ], [ 121.026527285963653, 14.610642594465865 ], [ 121.028460772308819, 14.611291013085602 ], [ 121.030246252071663, 14.611878349558593 ], [ 121.030723163045295, 14.612038104882814 ], [ 121.030958094531456, 14.612117982465744 ], [ 121.031435005894664, 14.612261293492065 ], [ 121.03243111495911, 14.612618392057175 ], [ 121.032912724321704, 14.612789893413941 ], [ 121.033081874684342, 14.612860372777082 ], [ 121.03416725180773, 14.613497026411968 ], [ 121.035341902612714, 14.61417596739029 ], [ 121.036932380431494, 14.615068693584726 ], [ 121.038067093062409, 14.615726490997059 ], [ 121.039915992419267, 14.616837697241881 ], [ 121.042018616762036, 14.618078114385757 ], [ 121.043597346128138, 14.619046014250138 ], [ 121.044111843156344, 14.619344372358359 ], [ 121.04454646595326, 14.6195111742883 ], [ 121.045460350391693, 14.619781351144614 ], [ 121.04599834393035, 14.619945806211545 ], [ 121.048021103501881, 14.62065530565525 ], [ 121.048878603539194, 14.620941925542477 ], [ 121.04941894535348, 14.621151015185065 ], [ 121.049679717673058, 14.621308416467247 ], [ 121.050008620560774, 14.621470517650959 ], [ 121.050419749740968, 14.621649064980005 ], [ 121.051195021870967, 14.621987365099038 ], [ 121.052127697749413, 14.622393795131698 ], [ 121.053758116573746, 14.623187856435424 ], [ 121.054716633787152, 14.623650667498799 ], [ 121.055374439728681, 14.623967822309837 ], [ 121.055308656323533, 14.624054740692818 ] ] ] } },
{ "type": "Feature", "properties": { "fid": 51, "route_long_name": "Proj. 8 - T.M. Kalaw via Quezon Ave.", "Notes": null, "route_id": "LTFRB_PUJ1560", "trip_id": 726065, "last_updated": "2026-03-15" }, "geometry": { "type": "MultiLineString", "coordinates": [ [ [ 121.019627064354452, 14.657461559494271 ], [ 121.019517820353883, 14.657460676096891 ], [ 121.019499322689114, 14.657319724547238 ], [ 121.019343395821153, 14.656890701031301 ], [ 121.019203325433011, 14.656525986826573 ], [ 121.019142539175647, 14.656409700776063 ], [ 121.019165446265291, 14.65636389217179 ], [ 121.019127566304562, 14.656235273411372 ], [ 121.018837734672516, 14.655499678172912 ], [ 121.018776069418323, 14.655298821422408 ], [ 121.01870030949695, 14.655041583901925 ], [ 121.018624551370252, 14.654708585147112 ], [ 121.018594600911982, 14.654558823894927 ], [ 121.018587554621803, 14.654486586280631 ], [ 121.018490660170542, 14.65382939944393 ], [ 121.018362052676466, 14.653047117764682 ], [ 121.018326818011872, 14.652821595159907 ], [ 121.018199973394744, 14.652002313848772 ], [ 121.018154168731542, 14.651692220326987 ], [ 121.018108364402266, 14.651368031692018 ], [ 121.018048464529315, 14.651024461959869 ], [ 121.018011468073155, 14.650790129870309 ], [ 121.017932190078056, 14.650282704011138 ], [ 121.017893432247661, 14.65002194354482 ], [ 121.017815916044285, 14.649523327171527 ], [ 121.017720783093111, 14.648887283048534 ], [ 121.017667930345212, 14.648580713148055 ], [ 121.017578083228216, 14.647951716701167 ], [ 121.017486474862224, 14.647291006210452 ], [ 121.017435383947799, 14.646991483906788 ], [ 121.017165838799258, 14.645264826484174 ], [ 121.017046041308078, 14.644482545011456 ], [ 121.016949145355341, 14.643888786192569 ], [ 121.01686458135984, 14.643381360219239 ], [ 121.016748304947782, 14.642722411067611 ], [ 121.016718356827297, 14.64247398402571 ], [ 121.01666198007905, 14.642167414048618 ], [ 121.016586225417583, 14.641688178500528 ], [ 121.016526324752121, 14.64137808466633 ], [ 121.016468187631489, 14.641002800973657 ], [ 121.016415331795159, 14.640826610872578 ], [ 121.016381857294817, 14.640678611433041 ], [ 121.01635014575487, 14.640490088582919 ], [ 121.016343100675371, 14.640366756184969 ], [ 121.016380108735135, 14.640111283091057 ], [ 121.016406543582363, 14.639906904544764 ], [ 121.016440024886535, 14.639767716054866 ], [ 121.016478792859601, 14.639600337457546 ], [ 121.016542228294924, 14.639455863973062 ], [ 121.016596853018925, 14.639341342406047 ], [ 121.017257623519114, 14.638481555348884 ], [ 121.017442639148996, 14.638245466360457 ], [ 121.017858483294376, 14.637736289741147 ], [ 121.018008257832008, 14.63754600907895 ], [ 121.018057596471508, 14.637435011171879 ], [ 121.018103410442393, 14.637352203411748 ], [ 121.018177418130264, 14.637197158830549 ], [ 121.018237331109432, 14.636987495369821 ], [ 121.018291958045808, 14.636779593679556 ], [ 121.01829725072561, 14.636497691537924 ], [ 121.018216211816849, 14.63594445653181 ], [ 121.018068225744472, 14.635017699527952 ], [ 121.018003040122011, 14.634663558349907 ], [ 121.01797661683743, 14.634379893607591 ], [ 121.017978387353438, 14.634020468266405 ], [ 121.018015394244685, 14.633814328070416 ], [ 121.018052399716709, 14.633668092104557 ], [ 121.018105262023013, 14.63357118939029 ], [ 121.018158125414644, 14.63342847755893 ], [ 121.018329044958449, 14.633195912034251 ], [ 121.018425959068381, 14.633023249077421 ], [ 121.01862859708136, 14.632686732807416 ], [ 121.018029525896594, 14.632309675079831 ], [ 121.01657061202549, 14.631363507853505 ], [ 121.016193550922338, 14.631069263901393 ], [ 121.015723106054892, 14.630679875839453 ], [ 121.015448240345734, 14.630412062519756 ], [ 121.014998939774614, 14.630010341709111 ], [ 121.014912602926387, 14.629961006874547 ], [ 121.013564702214751, 14.628713559104542 ], [ 121.013272216919447, 14.628428126498257 ], [ 121.012970921037962, 14.628167360141646 ], [ 121.012289041763893, 14.627540112300874 ], [ 121.011829169399178, 14.627129581807866 ], [ 121.011304104816546, 14.626643288618816 ], [ 121.010898853293753, 14.626282092248056 ], [ 121.010798422237727, 14.626156995865315 ], [ 121.010712086266082, 14.626070661359575 ], [ 121.010461887559728, 14.625845133933328 ], [ 121.009156273060569, 14.624673448347846 ], [ 121.008453249823631, 14.624044438144255 ], [ 121.007759037381561, 14.623381952245872 ], [ 121.006615523282335, 14.622363554655518 ], [ 121.005792687527872, 14.621586543076695 ], [ 121.004319686542658, 14.620265093160262 ], [ 121.003276604041659, 14.619348887395629 ], [ 121.002751539583642, 14.618857308541536 ], [ 121.001810651683527, 14.618001009302835 ], [ 121.001715504666294, 14.617958721826898 ], [ 121.001583354806627, 14.617951671301459 ], [ 121.0015023043767, 14.617884717694929 ], [ 121.001489972545144, 14.617793099185045 ], [ 121.001460022212939, 14.617638052272001 ], [ 121.001407164498431, 14.617541147184351 ], [ 121.001227444428238, 14.617373763682734 ], [ 121.000138550668964, 14.616425842886722 ], [ 120.999165947346626, 14.61554487648943 ], [ 120.988351021606064, 14.605734435078675 ], [ 120.988016247925259, 14.605464858527734 ], [ 120.987420696604147, 14.605262227901274 ], [ 120.986774045852812, 14.605119500354883 ], [ 120.98572037589831, 14.604855193315917 ], [ 120.985454315805711, 14.604772378550598 ], [ 120.985318644032319, 14.604677233491904 ], [ 120.985262264655177, 14.60448166253807 ], [ 120.985218222036252, 14.604169807182913 ], [ 120.984955712540796, 14.60296466916086 ], [ 120.984568117136504, 14.601079439151048 ], [ 120.984295038102957, 14.599770349441588 ], [ 120.984025484406587, 14.5984048793637 ], [ 120.983881018665159, 14.597633168710628 ], [ 120.98373302808794, 14.596896695760142 ], [ 120.983690743586607, 14.596748696129376 ], [ 120.983567406901429, 14.596607742233159 ], [ 120.981593996680971, 14.595333852095507 ], [ 120.980831063424773, 14.59478941123144 ], [ 120.980150941429869, 14.594361256905984 ], [ 120.979916597844664, 14.594257300184942 ], [ 120.979518387557206, 14.594181530005557 ], [ 120.979194182913616, 14.594037047816633 ], [ 120.979107846315287, 14.593977141648448 ], [ 120.979016225093815, 14.593859093022889 ], [ 120.97899684597094, 14.593737522242993 ], [ 120.979017994109142, 14.593563095702597 ], [ 120.979188913990612, 14.59331643507768 ], [ 120.97925939613485, 14.593226580320499 ], [ 120.979328117489629, 14.593085630741426 ], [ 120.979458509316629, 14.592925301769034 ], [ 120.979543088048374, 14.592810780882132 ], [ 120.979671719879292, 14.592565881196123 ], [ 120.97991664536292, 14.592252270451452 ], [ 120.980064658237453, 14.592047894649312 ], [ 120.980140429222217, 14.591838231556341 ], [ 120.980619727771227, 14.590384683871331 ], [ 120.980646164123783, 14.590116877331754 ], [ 120.980699028310497, 14.589940689616268 ], [ 120.98076422549758, 14.589806787514943 ], [ 120.980808278221005, 14.589692265717767 ], [ 120.980924581770168, 14.589205986958099 ], [ 120.980940446830431, 14.588908228067799 ], [ 120.981120178551208, 14.588584044525591 ], [ 120.981433826726132, 14.58807310375639 ], [ 120.981724568186451, 14.58759211458629 ], [ 120.981832055971381, 14.587348976316283 ], [ 120.982075222419638, 14.586910271414075 ], [ 120.982535123765715, 14.58609805091054 ], [ 120.982817055641874, 14.585599442653931 ], [ 120.983070794301227, 14.585151928545686 ], [ 120.983943021355287, 14.583596200147371 ], [ 120.983499003360095, 14.583338954368811 ], [ 120.981359082729625, 14.582123202839124 ], [ 120.981154689517837, 14.582172531136662 ], [ 120.981087731582974, 14.582253576526204 ], [ 120.979681595073373, 14.584794188884873 ], [ 120.979660448333803, 14.584909592140663 ], [ 120.979652516325501, 14.585036447972211 ], [ 120.979703611433933, 14.585158900408128 ], [ 120.979705370573839, 14.58527958984598 ], [ 120.979950283655626, 14.585489260145732 ], [ 120.980284173788831, 14.585866311903262 ], [ 120.98044803226469, 14.586185217500766 ], [ 120.980564314851549, 14.586583407035207 ], [ 120.98084973515067, 14.587585928309416 ], [ 120.981156297199391, 14.588683592067891 ], [ 120.981249675368431, 14.589014829305343 ], [ 120.980994166148704, 14.589823530629404 ], [ 120.980759802478502, 14.590567042535405 ], [ 120.980509581473214, 14.591282363861245 ], [ 120.980389752629051, 14.591823261103581 ], [ 120.980305170139204, 14.59209635200402 ], [ 120.98018005779933, 14.592531535785636 ], [ 120.980194147163076, 14.592811676460409 ], [ 120.980046126605473, 14.593340239847066 ], [ 120.979979162991953, 14.593660902148457 ], [ 120.97996153739301, 14.593896994884657 ], [ 120.979995011934236, 14.594043232428017 ], [ 120.980077822652788, 14.594182423524114 ], [ 120.980289259022314, 14.594337474512688 ], [ 120.980757943896108, 14.594642291852393 ], [ 120.981131482378544, 14.594878393380672 ], [ 120.98180984166315, 14.595336499780379 ], [ 120.982583347881715, 14.595840417433985 ], [ 120.983106653806246, 14.596185759449627 ], [ 120.983513669585562, 14.596451813844297 ], [ 120.983723344205117, 14.596596293459083 ], [ 120.98382905946697, 14.596797151187017 ], [ 120.983881913506963, 14.597049102509455 ], [ 120.984014047584054, 14.597722147097704 ], [ 120.98414970378299, 14.598474476773223 ], [ 120.984306503485357, 14.599247949593341 ], [ 120.984572533097676, 14.60061694337154 ], [ 120.985055264914166, 14.602991980678636 ], [ 120.985143354118421, 14.603448311926726 ], [ 120.98535829565823, 14.604397974965279 ], [ 120.98538648361405, 14.604568878838561 ], [ 120.985538012221667, 14.604713357147569 ], [ 120.985617301570016, 14.604741549154522 ], [ 120.985862217741726, 14.604820839666539 ], [ 120.987018083341496, 14.6051010060037 ], [ 120.987275334851716, 14.605123916342622 ], [ 120.987745786276463, 14.605236687815205 ], [ 120.988001275160002, 14.605286026450564 ], [ 120.988249712701901, 14.605476316053124 ], [ 120.988965069818278, 14.606110612194337 ], [ 121.000032836241928, 14.616189747373511 ], [ 121.001488218539592, 14.617455697384507 ], [ 121.001682035865045, 14.617570224530091 ], [ 121.00178775505141, 14.617605464687189 ], [ 121.001847661685801, 14.617663608373169 ], [ 121.001891708688802, 14.617790465377446 ], [ 121.001958661738172, 14.617915561007274 ], [ 121.007864760345853, 14.623257741439334 ], [ 121.01234719172038, 14.627373615086359 ], [ 121.012789446377511, 14.627687241282588 ], [ 121.013714476272824, 14.628543540169792 ], [ 121.014318829576851, 14.629084453702884 ], [ 121.015044757941013, 14.629750464094135 ], [ 121.015087044780529, 14.629799797939194 ], [ 121.015111711449592, 14.629856178944914 ], [ 121.016071981518522, 14.630705431068362 ], [ 121.016944156537548, 14.63134501640857 ], [ 121.017518559592304, 14.631727359249258 ], [ 121.019525448432603, 14.632974821823302 ], [ 121.020455771048617, 14.63354745668355 ], [ 121.021719106553519, 14.634338573274702 ], [ 121.021717343050398, 14.634402001243418 ], [ 121.021696197543477, 14.634465428776794 ], [ 121.021646860782468, 14.63449714167279 ], [ 121.021590476228738, 14.634520044964889 ], [ 121.02149004367007, 14.634458376589814 ], [ 121.018695552197016, 14.632724614927444 ], [ 121.018480581016533, 14.633025893138067 ], [ 121.01823565336727, 14.633431122134066 ], [ 121.018152836470662, 14.633552690623167 ], [ 121.018057683985361, 14.633741210621819 ], [ 121.018020675299141, 14.634023112049984 ], [ 121.017997763283574, 14.634276823568944 ], [ 121.018018902946451, 14.634460060512534 ], [ 121.018034754938569, 14.634713772902334 ], [ 121.018117558602583, 14.635150723264964 ], [ 121.01817393422337, 14.635504864245341 ], [ 121.01824087984258, 14.635943576141356 ], [ 121.018332490920372, 14.636489763828411 ], [ 121.018323673363255, 14.636808665562562 ], [ 121.018202085488113, 14.63722446866614 ], [ 121.018059356489076, 14.637518700945147 ], [ 121.017914868077696, 14.637703696058667 ], [ 121.016670858682303, 14.639271749447351 ], [ 121.016538701810589, 14.639560696297535 ], [ 121.01646469199396, 14.639805597225367 ], [ 121.016420627208845, 14.640429304990612 ], [ 121.016466432288851, 14.640721779616459 ], [ 121.016477000409012, 14.640885635543818 ], [ 121.01649990169679, 14.641084729530993 ], [ 121.016579182404215, 14.641477632589966 ], [ 121.016632034233425, 14.641822964048743 ], [ 121.01672893072859, 14.642393818307184 ], [ 121.016744785726402, 14.642520674681611 ], [ 121.016778259350232, 14.642705673793497 ], [ 121.016868108303214, 14.643257147113712 ], [ 121.016954434883417, 14.643739906678491 ], [ 121.01701961862824, 14.644173332872603 ], [ 121.017056615084101, 14.644407664960148 ], [ 121.017144701702989, 14.644973233355207 ], [ 121.017186984744285, 14.645182899113614 ], [ 121.017262738404341, 14.645704420003481 ], [ 121.017370204647989, 14.646370416516394 ], [ 121.017486478639597, 14.647131555242041 ], [ 121.017556948886565, 14.647543838886914 ], [ 121.017597466171139, 14.647912074630453 ], [ 121.017653840791041, 14.648308500956793 ], [ 121.017748974243034, 14.648923402409396 ], [ 121.017817681571543, 14.649374447577163 ], [ 121.017895197399241, 14.649888920952797 ], [ 121.018009710434413, 14.650606012413304 ], [ 121.018120700762836, 14.651268485231265 ], [ 121.01823697417079, 14.652054290410067 ], [ 121.018342677079289, 14.652776667342261 ], [ 121.018474808156654, 14.653576567992049 ], [ 121.018624555898654, 14.654517420172011 ], [ 121.018647458731166, 14.654651324263385 ], [ 121.018747881857706, 14.655111179592492 ], [ 121.019017449755353, 14.655877607436219 ], [ 121.019193638771625, 14.656342750134712 ], [ 121.019258831741027, 14.656386798827899 ], [ 121.019459685465051, 14.656991131325508 ], [ 121.019602399396334, 14.657332941030441 ], [ 121.019627064312729, 14.657463321383483 ] ] ] } },
{ "type": "Feature", "properties": { "fid": 52, "route_long_name": "Cubao - Remedios via Quiapo, L. Guinto", "Notes": "via E. Rodriguez Sr. Ave", "route_id": "LTFRB_PUJ1230", "trip_id": 725735, "last_updated": "2026-03-15" }, "geometry": { "type": "MultiLineString", "coordinates": [ [ [ 120.986729950165156, 14.572197315058506 ], [ 120.986846355762907, 14.57200408160009 ], [ 120.987487153412019, 14.570865020194683 ], [ 120.988297429551508, 14.571310272412354 ], [ 120.989196983230215, 14.571793947845457 ], [ 120.990268311185005, 14.572361249770088 ], [ 120.990412963028092, 14.572439225474128 ], [ 120.98990213295734, 14.573355672803643 ], [ 120.988378684110316, 14.576083544329595 ], [ 120.98487520799199, 14.582181137349151 ], [ 120.98390327539822, 14.583894249392278 ], [ 120.982623938176104, 14.586262775152258 ], [ 120.981878036189471, 14.587587160057238 ], [ 120.981511864606034, 14.588301334299052 ], [ 120.981299389819782, 14.588920589009584 ], [ 120.980774982264123, 14.590520707576996 ], [ 120.980475482198074, 14.591437159687107 ], [ 120.980452876309315, 14.591595364158033 ], [ 120.980178238757389, 14.592505036615217 ], [ 120.980198572889392, 14.592833877422141 ], [ 120.980009829600021, 14.593484773666635 ], [ 120.979958966243316, 14.593845253869683 ], [ 120.980048237757345, 14.594137935088485 ], [ 120.980201929144556, 14.594271282740047 ], [ 120.980774884270772, 14.594655507711476 ], [ 120.982716378043008, 14.595921191186779 ], [ 120.983656612147911, 14.596549512096521 ], [ 120.983745888428899, 14.59664104698432 ], [ 120.983830641845003, 14.596835415007479 ], [ 120.98399900777774, 14.597679555364023 ], [ 120.984083755302166, 14.598122531213418 ], [ 120.984594502163205, 14.600717104373565 ], [ 120.984724443334954, 14.601608705364997 ], [ 120.985022761955477, 14.602858531420448 ], [ 120.985147059100072, 14.603475533641099 ], [ 120.985382377879631, 14.604572520971015 ], [ 120.985393113279883, 14.604598512030675 ], [ 120.98547447905321, 14.604679876421166 ], [ 120.985585228250343, 14.604734120617962 ], [ 120.985720840068439, 14.604777065017643 ], [ 120.986430543117891, 14.604951106446135 ], [ 120.987086001461435, 14.605107066086248 ], [ 120.987291680125438, 14.605140971775798 ], [ 120.987714338576637, 14.605206523337683 ], [ 120.987987822694421, 14.605281111831962 ], [ 120.988123433709049, 14.605357957299093 ], [ 120.988740458400272, 14.605936549383713 ], [ 120.989142768445518, 14.606275569099616 ], [ 120.989664866186914, 14.606768276346928 ], [ 120.990528249429289, 14.607548020302302 ], [ 120.991992836025631, 14.608899575774625 ], [ 120.993109357657332, 14.609914372821466 ], [ 120.993981782504662, 14.610662475984926 ], [ 121.001555596921591, 14.617517442067719 ], [ 121.001696858604518, 14.617588637484136 ], [ 121.001826819806951, 14.617634971863529 ], [ 121.002047189164415, 14.617698258808122 ], [ 121.002600938173586, 14.617841785770299 ], [ 121.003735563337344, 14.617935604217012 ], [ 121.008706894150023, 14.618344788795758 ], [ 121.010374928804467, 14.618480430543496 ], [ 121.01049698078414, 14.618462352716174 ], [ 121.010854093725371, 14.618498521878582 ], [ 121.011308396079016, 14.618525652939821 ], [ 121.013494018807279, 14.618699727526412 ], [ 121.014673848486808, 14.618783376667936 ], [ 121.015035481801888, 14.618821806003023 ], [ 121.015471698320155, 14.619022962139207 ], [ 121.016023186550981, 14.619190219797403 ], [ 121.017655048943254, 14.619698772477586 ], [ 121.01944964529018, 14.620268350735687 ], [ 121.020861138337992, 14.620713051453373 ], [ 121.023690905047005, 14.62160358307616 ], [ 121.023916925178867, 14.621656699826907 ], [ 121.024588203647511, 14.621870291635281 ], [ 121.024724945169538, 14.621930186593818 ], [ 121.026225716892057, 14.622365284014043 ], [ 121.0268009369656, 14.622549492738779 ], [ 121.02904531266114, 14.623254685371375 ], [ 121.030848949965218, 14.623819743688404 ], [ 121.031334892579778, 14.623962139090255 ], [ 121.031549612418161, 14.62398248455475 ], [ 121.031875082523399, 14.62401187279206 ], [ 121.032987105994025, 14.624086480123445 ], [ 121.035249576088546, 14.624256036289976 ], [ 121.038746120504626, 14.624529583454819 ], [ 121.040253680654715, 14.624635840668404 ], [ 121.040866197173827, 14.624696876350766 ], [ 121.041311459257102, 14.624699146424945 ], [ 121.041650492304868, 14.624658472760185 ], [ 121.042032470434009, 14.624574858707785 ], [ 121.042559104662018, 14.62438954470208 ], [ 121.042950126110028, 14.624201967578697 ], [ 121.043524227507177, 14.623903651080742 ], [ 121.044916536239739, 14.623187239797447 ], [ 121.045784468655498, 14.622753325631297 ], [ 121.047389240009849, 14.621930695778859 ], [ 121.04749321108045, 14.621878716477871 ], [ 121.048458299329596, 14.622852828833679 ], [ 121.048901305803568, 14.622660732736978 ], [ 121.04916576314551, 14.622140922309748 ], [ 121.049342068022284, 14.621795135382248 ], [ 121.04948220824518, 14.621501329279251 ], [ 121.049531934584039, 14.621432398225917 ], [ 121.049516113943696, 14.621396236731849 ], [ 121.049264101567928, 14.621334079112914 ], [ 121.049040341544469, 14.621285482555701 ], [ 121.048721650770446, 14.621311466214131 ], [ 121.048504668014772, 14.621405254292572 ], [ 121.048274123252781, 14.621529553027084 ], [ 121.0480887844287, 14.621583790571114 ], [ 121.047530504502518, 14.621883237458063 ], [ 121.04725249492752, 14.622021095553396 ], [ 121.046670482675069, 14.622323932014302 ], [ 121.045694058359459, 14.622826775913227 ], [ 121.045083793567088, 14.623123961562191 ], [ 121.044848728189706, 14.623256170444884 ], [ 121.043937850853055, 14.623726244785702 ], [ 121.043448508654961, 14.623974841621759 ], [ 121.042909441188939, 14.624247168088278 ], [ 121.042531981077857, 14.624432485445165 ], [ 121.042192945914891, 14.624562431921454 ], [ 121.041832439844498, 14.624644916420626 ], [ 121.04160980778542, 14.624686722735973 ], [ 121.041338581502487, 14.624712707461359 ], [ 121.040970166156086, 14.624733039825401 ], [ 121.04073736463387, 14.624711563919192 ], [ 121.039936120201105, 14.624652784068163 ], [ 121.038778892883172, 14.62456009515205 ], [ 121.03803528385076, 14.624503576666958 ], [ 121.037488313052165, 14.624462883097699 ], [ 121.032978064254891, 14.62412377109492 ], [ 121.031484065599287, 14.624008473900878 ], [ 121.031287427552371, 14.623984738735821 ], [ 121.03106140763515, 14.623922581700475 ], [ 121.029822819682721, 14.623531561559217 ], [ 121.028976375896249, 14.623264854143013 ], [ 121.027544541073652, 14.622813937773572 ], [ 121.027019045384733, 14.622643290593111 ], [ 121.026250578120425, 14.622412746067527 ], [ 121.024540738271952, 14.62190758174351 ], [ 121.023640049618322, 14.62162957275229 ], [ 121.022396941342677, 14.621234032366289 ], [ 121.021437487635765, 14.620934551378346 ], [ 121.019396529848336, 14.620285865094056 ], [ 121.017607583821956, 14.619725327247634 ], [ 121.015515771433726, 14.619067599535335 ], [ 121.015012876543366, 14.618953454641753 ], [ 121.014749562747497, 14.618905987230896 ], [ 121.010516190366531, 14.618556711119913 ], [ 121.010274348790006, 14.618501333942229 ], [ 121.002598112035926, 14.617878511863703 ], [ 121.00211612345305, 14.617792618329247 ], [ 121.002064703372213, 14.617801657458747 ], [ 121.002034189051798, 14.617862113677621 ], [ 121.002026841442046, 14.617942911057741 ], [ 121.002069218592041, 14.618021449483878 ], [ 121.002503170506671, 14.618407931408047 ], [ 121.003096464101816, 14.618937931433246 ], [ 121.003103243592179, 14.618986523116295 ], [ 121.003089680996666, 14.619041894555924 ], [ 121.003046736423485, 14.619063364267456 ], [ 121.002957458455725, 14.619043021620868 ], [ 121.002636514612902, 14.618767285724138 ], [ 121.001779912013887, 14.617987541915978 ], [ 121.001683853618587, 14.617958158832256 ], [ 121.001603616533231, 14.61793668635319 ], [ 121.001527900330927, 14.617896003370522 ], [ 121.001483828649768, 14.617790909069774 ], [ 121.00146461857193, 14.617717456324344 ], [ 121.001422807586621, 14.617592021433671 ], [ 121.00123408441037, 14.617394260964032 ], [ 120.988684515454494, 14.606048421649389 ], [ 120.988003074880581, 14.605460787832456 ], [ 120.987530693865295, 14.605304832306539 ], [ 120.98724929867744, 14.605243804061486 ], [ 120.986184744558642, 14.604963531313899 ], [ 120.985495383514831, 14.604786100235774 ], [ 120.985419667124816, 14.60475332750233 ], [ 120.985359772526891, 14.604708124733019 ], [ 120.985290839322616, 14.604567998771582 ], [ 120.985268239914788, 14.604452734634226 ], [ 120.985209481529452, 14.604149883777556 ], [ 120.985035464819944, 14.603315913607366 ], [ 120.9848885660181, 14.602678570238451 ], [ 120.984829808382642, 14.602344078386228 ], [ 120.984617373874556, 14.601263759598423 ], [ 120.984459174485366, 14.600606075336783 ], [ 120.984328098573855, 14.599909970475641 ], [ 120.984142782937724, 14.598985597209955 ], [ 120.983959729176036, 14.597991161790619 ], [ 120.983846731976897, 14.597421621322223 ], [ 120.983724693600706, 14.596865641077901 ], [ 120.983659151735196, 14.596682573842227 ], [ 120.983399231578844, 14.596494982095564 ], [ 120.980610170919391, 14.594666521856281 ], [ 120.980131013332311, 14.594338800771521 ], [ 120.979975059963593, 14.594280035416674 ], [ 120.979669932636, 14.594214486495531 ], [ 120.9793941883038, 14.594139897950244 ], [ 120.979193031299147, 14.594054010725714 ], [ 120.979068722103833, 14.593945524517059 ], [ 120.979012220237038, 14.593798618623135 ], [ 120.979005442701862, 14.593667534344823 ], [ 120.979032568857747, 14.593516110188338 ], [ 120.979134281216389, 14.593400848846514 ], [ 120.979238253735431, 14.593287847626659 ], [ 120.979278940639304, 14.593159024486432 ], [ 120.979337707594212, 14.593100263957799 ], [ 120.979516269904693, 14.592872000786691 ], [ 120.979615723817005, 14.592682157046843 ], [ 120.97970839628411, 14.592526214221632 ], [ 120.980047438229562, 14.592110368753948 ], [ 120.980128810323308, 14.591925044750207 ], [ 120.980535679040884, 14.590650373779065 ], [ 120.98062609434723, 14.590365606849533 ], [ 120.980680348051806, 14.590003996689079 ], [ 120.980739117042148, 14.58985935345815 ], [ 120.980874739412499, 14.589457063846794 ], [ 120.980947078042476, 14.588959849826121 ], [ 120.981028451636121, 14.588711243832057 ], [ 120.981228487961033, 14.588399358514129 ], [ 120.981662465292843, 14.587713436685284 ], [ 120.981742706717313, 14.587551843404244 ], [ 120.981881716757201, 14.587261427390775 ], [ 120.982035417839512, 14.586985702169946 ], [ 120.98250443199592, 14.586151746472785 ], [ 120.983909214117787, 14.583655529515978 ], [ 120.98471501340795, 14.582262213798685 ], [ 120.986037294588755, 14.579898209163689 ], [ 120.986823881605829, 14.578524103628387 ], [ 120.987585604930658, 14.577206499314512 ], [ 120.988232052470494, 14.576094558879715 ], [ 120.989011859274953, 14.574702372633146 ], [ 120.989555463733168, 14.573731684332666 ], [ 120.988775699972905, 14.573307903475593 ], [ 120.98672797259168, 14.572192512363493 ] ] ] } },
{ "type": "Feature", "properties": { "fid": 53, "route_long_name": "Marikina - Pasig", "Notes": null, "route_id": "LTFRB_PUJ1448", "trip_id": 726125, "last_updated": "2026-03-15" }, "geometry": { "type": "MultiLineString", "coordinates": [ [ [ 121.094938765062338, 14.634144058506019 ], [ 121.094974941764278, 14.63358356166982 ], [ 121.095210028745385, 14.632539414073772 ], [ 121.095237152918159, 14.632471612548263 ], [ 121.09603274476892, 14.632616274973984 ], [ 121.09742503157824, 14.632824232795695 ], [ 121.097764063549633, 14.632828760553709 ], [ 121.097786676933637, 14.632354146118484 ], [ 121.098378851678746, 14.632408401128416 ], [ 121.099703332928328, 14.632580196288403 ], [ 121.101271917273692, 14.632751996931608 ], [ 121.101511499192483, 14.632783643309539 ], [ 121.101466296521906, 14.632715840159499 ], [ 121.101543159322446, 14.632060421251389 ], [ 121.101629066619921, 14.631251317708861 ], [ 121.101796357788643, 14.629759674509259 ], [ 121.101904860477518, 14.629235340441168 ], [ 121.101995291309109, 14.628295152877531 ], [ 121.102135453057741, 14.627092798180543 ], [ 121.102225883568408, 14.626166171046712 ], [ 121.102271100698132, 14.625623754990706 ], [ 121.102275642118684, 14.624737807209616 ], [ 121.102257570904342, 14.624294832862484 ], [ 121.102216898086994, 14.623829257296579 ], [ 121.102099389994734, 14.62285742407296 ], [ 121.102036122322417, 14.622084478327832 ], [ 121.101959286083598, 14.621618901950807 ], [ 121.101864370811725, 14.621040321611986 ], [ 121.101787528681967, 14.620823353058265 ], [ 121.100973857049851, 14.620597327665184 ], [ 121.097728207090597, 14.619874031984622 ], [ 121.092552341883078, 14.61883880312009 ], [ 121.092105951761098, 14.618749520281231 ], [ 121.091578193377757, 14.618683966360889 ], [ 121.091109198974848, 14.61868508585888 ], [ 121.091016530206559, 14.618685083776759 ], [ 121.090981500935158, 14.618514447620207 ], [ 121.0912877607702, 14.618478293363506 ], [ 121.091795178112505, 14.618506555653397 ], [ 121.092309374623539, 14.618596970051341 ], [ 121.09239865427601, 14.618546120457168 ], [ 121.092473243020393, 14.618474929892859 ], [ 121.092493586310809, 14.618417298536443 ], [ 121.092475514400647, 14.618003705116045 ], [ 121.092454049920363, 14.617685034606483 ], [ 121.092423552644846, 14.617026223191518 ], [ 121.092391919933618, 14.616592288827212 ], [ 121.092364804356436, 14.616297348937946 ], [ 121.092338818832616, 14.616004669145298 ], [ 121.092302665988299, 14.615558304288923 ], [ 121.09229249815904, 14.615426089900629 ], [ 121.092285721453891, 14.615259974521942 ], [ 121.092271033973461, 14.615094989001099 ], [ 121.092250697511531, 14.614864461291285 ], [ 121.092241660860338, 14.614687045506406 ], [ 121.092228102924508, 14.614545790757681 ], [ 121.092216808790866, 14.614253111295845 ], [ 121.092205511550944, 14.614091515958057 ], [ 121.092186307070506, 14.613781885785384 ], [ 121.092165972242199, 14.613482425907398 ], [ 121.0921591956442, 14.613311790386961 ], [ 121.092138860092859, 14.613042841469003 ], [ 121.092088026168668, 14.612161412598102 ], [ 121.092060911314775, 14.611835961750824 ], [ 121.09205413613617, 14.611605434346753 ], [ 121.092022512369709, 14.610794068113158 ], [ 121.092011217941717, 14.610513819043836 ], [ 121.091950208717236, 14.60981545570562 ], [ 121.091936650486957, 14.60968663134881 ], [ 121.091943437502138, 14.609417683041679 ], [ 121.091995428580276, 14.609157776034847 ], [ 121.092160436189502, 14.608651523819386 ], [ 121.092248591117922, 14.608373537056876 ], [ 121.092280237057793, 14.60824923385835 ], [ 121.092287021823481, 14.608075208537299 ], [ 121.092277990287499, 14.607681955965759 ], [ 121.092275733394374, 14.607541831507897 ], [ 121.092237319078251, 14.607148578276336 ], [ 121.092201164547546, 14.606773405664402 ], [ 121.092174047872888, 14.606524797236215 ], [ 121.092151452697181, 14.606230987488139 ], [ 121.092099484435863, 14.605528104215129 ], [ 121.092072374027964, 14.605015067471687 ], [ 121.092054297673201, 14.604789059957994 ], [ 121.092020400517754, 14.604533671164866 ], [ 121.092018144910185, 14.604339305001888 ], [ 121.092022670640517, 14.604115558067443 ], [ 121.092056581079291, 14.603810449234897 ], [ 121.092090489857625, 14.603575402605635 ], [ 121.09214248372129, 14.603197971905541 ], [ 121.092151527415538, 14.603078188342153 ], [ 121.092167351309485, 14.602977050517476 ], [ 121.092180916449109, 14.602814325705452 ], [ 121.092212562362292, 14.602691152543501 ], [ 121.092217085682378, 14.602569108807533 ], [ 121.092253258932899, 14.602154386579874 ], [ 121.092218232420521, 14.601867356767391 ], [ 121.09215721417182, 14.601549815411492 ], [ 121.092005797706463, 14.600796078309013 ], [ 121.091935738361357, 14.600488707070117 ], [ 121.091811434740634, 14.600145173475209 ], [ 121.091650966841129, 14.599837800204559 ], [ 121.091431736969994, 14.599379000852409 ], [ 121.091291609468698, 14.59913604006428 ], [ 121.091180863890571, 14.598929241073497 ], [ 121.091212512589195, 14.598688544217394 ], [ 121.091238514529465, 14.598288512225132 ], [ 121.091245296724395, 14.598222970317011 ], [ 121.091304064105984, 14.598146129222059 ], [ 121.091318757397644, 14.598065897029912 ], [ 121.091389967177236, 14.597515571329208 ], [ 121.091436306623265, 14.597301995656439 ], [ 121.091478126284343, 14.597061299029548 ], [ 121.091512034205977, 14.596862413539325 ], [ 121.091577586407212, 14.596609287055262 ], [ 121.091634099199283, 14.596295138449856 ], [ 121.091698520757987, 14.596064612651073 ], [ 121.091878225249062, 14.595326703494052 ], [ 121.091969771891712, 14.594989954966323 ], [ 121.092072620755346, 14.594604615165419 ], [ 121.092192421972939, 14.594187634751256 ], [ 121.092374384428325, 14.593544648630809 ], [ 121.092490795057316, 14.59313896849633 ], [ 121.092736048696921, 14.592276756909392 ], [ 121.09288975604197, 14.591736603387748 ], [ 121.093055895768558, 14.591145598547877 ], [ 121.093209603194069, 14.59060205492068 ], [ 121.09331923355667, 14.590180554138559 ], [ 121.093359919495327, 14.590092412283134 ], [ 121.093791658563575, 14.588479861313452 ], [ 121.094126195285043, 14.587422155597219 ], [ 121.09453305756459, 14.586418693213103 ], [ 121.095184027869564, 14.585207309785742 ], [ 121.095654167994795, 14.584547379621009 ], [ 121.097073630511815, 14.582513347631274 ], [ 121.100436940162012, 14.577812475591543 ], [ 121.100450503052357, 14.577744673767093 ], [ 121.100543175356307, 14.577595511166081 ], [ 121.10079858787951, 14.577242945836147 ], [ 121.100423398218894, 14.576996589663519 ], [ 121.098782512638593, 14.575744473447243 ], [ 121.09853841334575, 14.575584002919383 ], [ 121.097562001816257, 14.575547819828977 ], [ 121.097010510063328, 14.57552972686077 ], [ 121.096504222908962, 14.575498074483143 ], [ 121.09553911432333, 14.575382789162649 ], [ 121.093749030732013, 14.575138661246585 ], [ 121.093353493467077, 14.575131872139879 ], [ 121.092528513800488, 14.575199655719359 ], [ 121.089608311864836, 14.57543689751107 ], [ 121.088319982997845, 14.575730677770798 ], [ 121.087858899851724, 14.575710326764487 ], [ 121.087110770294672, 14.575658328310139 ], [ 121.086846325004572, 14.575669622719012 ], [ 121.086407840996742, 14.57577583619606 ], [ 121.085917371105609, 14.575922729782041 ], [ 121.085736551049806, 14.576047029620641 ], [ 121.085625798856, 14.57611934940202 ], [ 121.085117243932345, 14.576406366982875 ], [ 121.084843771233579, 14.575850383370664 ], [ 121.084728504505122, 14.575674095241853 ], [ 121.08463810146857, 14.575441305897449 ], [ 121.084461812608779, 14.575111331569563 ], [ 121.084403049994791, 14.574987026344051 ], [ 121.084140876918966, 14.5744920649033 ], [ 121.083828981816794, 14.573884098795626 ], [ 121.083688855146733, 14.573606106913971 ], [ 121.083544207245268, 14.573362015995441 ], [ 121.083354358441653, 14.572975539588819 ], [ 121.08309218633029, 14.572439896871476 ], [ 121.082945280036554, 14.572118963489196 ], [ 121.082635645844903, 14.571481616511154 ], [ 121.082472918214847, 14.571153902560507 ], [ 121.082321490529026, 14.570873650354526 ], [ 121.082241257008462, 14.570701883156296 ], [ 121.082171193914562, 14.570552716896533 ], [ 121.082003944999599, 14.570261163980089 ], [ 121.081903370143536, 14.570064535543857 ], [ 121.081672839070961, 14.569611386130074 ], [ 121.081460388477097, 14.569210218755392 ], [ 121.081177874307159, 14.568680225760101 ], [ 121.080907791233173, 14.568153623151094 ], [ 121.080808345707254, 14.567989765769696 ], [ 121.080697598897672, 14.567834948418042 ], [ 121.08064222620277, 14.567727593801942 ], [ 121.080184543180991, 14.567293649884206 ], [ 121.080029721611581, 14.567163692322085 ], [ 121.079850037180648, 14.567055204875013 ], [ 121.079208143111913, 14.566773811604889 ], [ 121.078815999862954, 14.566611077676829 ], [ 121.078217049000358, 14.56636584650782 ], [ 121.077623748511627, 14.566127395678729 ], [ 121.077059822632535, 14.566233606332165 ], [ 121.076824761220308, 14.566198569946044 ], [ 121.076133138106101, 14.566100241305511 ], [ 121.076090201463003, 14.565787220511394 ], [ 121.075973814164499, 14.56520863972754 ], [ 121.075850644938527, 14.564684300494624 ], [ 121.075803186180096, 14.56444247183461 ], [ 121.075793017575094, 14.564343028483716 ], [ 121.075858572457108, 14.563976898462702 ], [ 121.076012287949638, 14.563093214175691 ], [ 121.076083497384843, 14.562557578961037 ], [ 121.076185215045982, 14.562218570605761 ], [ 121.076372823861504, 14.561751870173664 ], [ 121.076458715310579, 14.561611747706477 ], [ 121.076526526441754, 14.561412862988002 ], [ 121.07656383457109, 14.56079699449368 ], [ 121.076594348262049, 14.560763094115746 ], [ 121.077337961170954, 14.5606557574701 ], [ 121.077437410366983, 14.560664799990567 ], [ 121.077561720602901, 14.560729214808349 ], [ 121.077608053138775, 14.560807188298046 ], [ 121.078006984155451, 14.560669332942554 ], [ 121.079213948971329, 14.560221866041125 ], [ 121.080610773198615, 14.559713381495159 ], [ 121.080497771747787, 14.559323516716539 ], [ 121.080457093738431, 14.559077168069315 ], [ 121.080498909195256, 14.559013887023525 ], [ 121.081286600185265, 14.558741566191845 ], [ 121.082546679999396, 14.558295230523266 ], [ 121.084653217622204, 14.557523463679852 ], [ 121.085267958689059, 14.559088576626799 ], [ 121.080947522266797, 14.560675049254613 ], [ 121.080629982605416, 14.559815085119515 ], [ 121.077570755966462, 14.56096087228357 ], [ 121.077487131910942, 14.560798145294656 ], [ 121.077362821433951, 14.560743900796128 ], [ 121.076642940690292, 14.560854628081975 ], [ 121.076629371611233, 14.561183468099722 ], [ 121.076719771593403, 14.561545081484685 ], [ 121.076728800393496, 14.562053597651555 ], [ 121.076655331039078, 14.562576802424614 ], [ 121.076599945485256, 14.563011864837566 ], [ 121.07657055032827, 14.563533940567114 ], [ 121.076553588892551, 14.563948663206206 ], [ 121.076554706435374, 14.564478649871024 ], [ 121.076495936561642, 14.564660584261571 ], [ 121.076365971102888, 14.5647939255254 ], [ 121.076046142669313, 14.56513857915431 ], [ 121.07602805897595, 14.56522220137321 ], [ 121.076135417902606, 14.565274185419721 ], [ 121.07668690381881, 14.565538626124541 ], [ 121.077066613400305, 14.56580645307278 ], [ 121.077537862741906, 14.566027950624898 ], [ 121.077762751155731, 14.566148869478845 ], [ 121.078514265249154, 14.566444955675461 ], [ 121.079312112789239, 14.566780594155876 ], [ 121.079527960883212, 14.56687891209687 ], [ 121.079784492532156, 14.566989661343062 ], [ 121.079950616108505, 14.567080067917454 ], [ 121.080181154092458, 14.567241668175795 ], [ 121.080356317533074, 14.567373886266333 ], [ 121.080565383003048, 14.567555826680497 ], [ 121.080695341576941, 14.567712904535117 ], [ 121.080851290520854, 14.567958125741898 ], [ 121.080897622413829, 14.568063220083749 ], [ 121.08100158748347, 14.568264368737747 ], [ 121.081188046608986, 14.56862372421465 ], [ 121.081287491813441, 14.568801142021945 ], [ 121.081470560511022, 14.569165017564734 ], [ 121.081620858223772, 14.569439619567401 ], [ 121.08184799910947, 14.569887118727424 ], [ 121.08203445810112, 14.570252124382337 ], [ 121.082297761310471, 14.570745955810889 ], [ 121.082491000675859, 14.571122261973459 ], [ 121.082695540012281, 14.571544899845293 ], [ 121.082962232712106, 14.572073762450851 ], [ 121.083127219457737, 14.572447807907666 ], [ 121.0833984326121, 14.572975540579874 ], [ 121.083643654137433, 14.573468241567712 ], [ 121.083887745930866, 14.573945122033514 ], [ 121.08427987538407, 14.574689824239895 ], [ 121.084642623316029, 14.575381414117995 ], [ 121.084755627205482, 14.575668445674255 ], [ 121.084875413691989, 14.575872984792035 ], [ 121.08500762990829, 14.576138546106037 ], [ 121.085087864259336, 14.57627528220492 ], [ 121.085665355598792, 14.575992786316133 ], [ 121.085755764367732, 14.575983748065012 ], [ 121.085982918432805, 14.575875269765143 ], [ 121.086264317014496, 14.575792783501353 ], [ 121.086676808482565, 14.575689959546331 ], [ 121.086873447972778, 14.575652672796503 ], [ 121.087102860001551, 14.575639117528917 ], [ 121.087502917266292, 14.57566398730504 ], [ 121.088312072677951, 14.575712597025072 ], [ 121.088673708690933, 14.575636892778492 ], [ 121.089615093068986, 14.575413166918246 ], [ 121.09054065276213, 14.575323914925811 ], [ 121.091253751682288, 14.57526290904349 ], [ 121.091932947099707, 14.575214332789276 ], [ 121.092918402111337, 14.575139772605175 ], [ 121.093370445660412, 14.575107011740315 ], [ 121.09375807217684, 14.575113800669138 ], [ 121.09440223087698, 14.5752087381343 ], [ 121.095919959662226, 14.575412178648762 ], [ 121.096533606171334, 14.575477734505062 ], [ 121.097969970658767, 14.575537658682855 ], [ 121.098452526103117, 14.575546709817109 ], [ 121.098522592491648, 14.57555688171195 ], [ 121.098643512165083, 14.575631466773041 ], [ 121.098832237316714, 14.575745604600803 ], [ 121.099492207896404, 14.576246225161443 ], [ 121.100874868931967, 14.577292104095097 ], [ 121.100534695389015, 14.577771231494134 ], [ 121.100458976590815, 14.577840161956557 ], [ 121.100099590346176, 14.578356580095354 ], [ 121.097486131273072, 14.582018401356891 ], [ 121.095172724228902, 14.585315792940078 ], [ 121.094955733841516, 14.58573164112769 ], [ 121.094667543074863, 14.586301172543804 ], [ 121.094421167282462, 14.586827763551263 ], [ 121.094229037238776, 14.587328364961996 ], [ 121.093919360914484, 14.588468563829142 ], [ 121.093320361065594, 14.590290167608728 ], [ 121.092768821530072, 14.592288058001282 ], [ 121.092140429045998, 14.594525514203166 ], [ 121.09197768097971, 14.595060017346446 ], [ 121.091852226870671, 14.595576440760116 ], [ 121.09159792854625, 14.596600247228322 ], [ 121.091518811499768, 14.597003668132276 ], [ 121.09133118760974, 14.598106578588283 ], [ 121.091314233166869, 14.598226361973055 ], [ 121.091335702466779, 14.59834162607935 ], [ 121.09128596177294, 14.599016256171375 ], [ 121.091282570086292, 14.599073887907076 ], [ 121.09136054451848, 14.599198193567752 ], [ 121.091803525786503, 14.600069460916988 ], [ 121.091918789971231, 14.600353102425604 ], [ 121.092018230194995, 14.600740706847459 ], [ 121.09210297918942, 14.601121530726132 ], [ 121.092202416842227, 14.601617618559365 ], [ 121.092271342705985, 14.602067374250314 ], [ 121.092273600429195, 14.6021724676056 ], [ 121.092241947445714, 14.602593970148062 ], [ 121.092224992360201, 14.602740874386379 ], [ 121.092230641020194, 14.602819977000685 ], [ 121.092244200642924, 14.602890039508535 ], [ 121.092213684140361, 14.603042593619792 ], [ 121.092169605203026, 14.603243738954264 ], [ 121.092131174497212, 14.603542067471739 ], [ 121.092056574076082, 14.604105953527373 ], [ 121.092053179497128, 14.604285629101327 ], [ 121.092048653713249, 14.604511636106899 ], [ 121.092072380602659, 14.604737643747495 ], [ 121.092124349854728, 14.605398715704869 ], [ 121.09216389248337, 14.605867681341955 ], [ 121.09220230334472, 14.60640670915735 ], [ 121.092265572996851, 14.607096032258681 ], [ 121.092315285490017, 14.607611329582578 ], [ 121.092322051884594, 14.608212508642952 ], [ 121.092263280968211, 14.608438514430743 ], [ 121.092028201159096, 14.60917981246447 ], [ 121.091980731312077, 14.60940581850657 ], [ 121.091976207402979, 14.609552723025717 ], [ 121.091973942957935, 14.609731268590911 ], [ 121.091998798187021, 14.610031858604483 ], [ 121.092037211807067, 14.610454492761825 ], [ 121.092068845428287, 14.610850005913935 ], [ 121.092095944803702, 14.611828617307042 ], [ 121.092123058532891, 14.61220152964734 ], [ 121.092147909049004, 14.612701005918536 ], [ 121.092177281920968, 14.613119119732056 ], [ 121.092193093242031, 14.613548533596596 ], [ 121.092231506005433, 14.614007328893589 ], [ 121.092263136895497, 14.614518105673904 ], [ 121.092299287999083, 14.615037922840559 ], [ 121.092337700334198, 14.615514798707339 ], [ 121.092369331277979, 14.616023315417586 ], [ 121.092410004576777, 14.616468550340247 ], [ 121.09245067648321, 14.616972547112075 ], [ 121.09247778721361, 14.617472023437308 ], [ 121.092507156604796, 14.618037041875997 ], [ 121.092522967122918, 14.618500356810179 ], [ 121.092518443696065, 14.618626920691142 ], [ 121.093567177357258, 14.618861991650798 ], [ 121.095499650780781, 14.619259807586944 ], [ 121.097025287262142, 14.619592072319493 ], [ 121.101832737872769, 14.620615992549105 ], [ 121.103152696283232, 14.620889490810681 ], [ 121.104142665345137, 14.621083879168983 ], [ 121.104590185010196, 14.621196892779485 ], [ 121.104741618160105, 14.621246617746372 ], [ 121.104764219120398, 14.621296339818709 ], [ 121.10473257457339, 14.621361881170095 ], [ 121.104637645163137, 14.621379959606188 ], [ 121.104072594484876, 14.621262423212812 ], [ 121.102079095827364, 14.620842005195859 ], [ 121.102042932137934, 14.620853304738933 ], [ 121.101995466147486, 14.620916585663748 ], [ 121.101979641597865, 14.621045409361885 ], [ 121.10201353366628, 14.621515504915939 ], [ 121.102047426377396, 14.621958479616858 ], [ 121.102070021821618, 14.622240989014609 ], [ 121.1021106964061, 14.622631982232512 ], [ 121.102133291930713, 14.622911101523833 ], [ 121.102177360129602, 14.6231631004442 ], [ 121.102202216109077, 14.623432049466446 ], [ 121.102270010823162, 14.62392587653051 ], [ 121.10229712377658, 14.624331559906953 ], [ 121.102302200702582, 14.624692606383748 ], [ 121.102304450821663, 14.625118629842206 ], [ 121.102307830190867, 14.625580814464398 ], [ 121.102293134436252, 14.625765009931495 ], [ 121.102250179528582, 14.626222673370915 ], [ 121.102185748840668, 14.626838541307679 ], [ 121.10214392465592, 14.62727021395515 ], [ 121.102098709373863, 14.627734657558227 ], [ 121.102039932648083, 14.628205881070398 ], [ 121.101993587205669, 14.62867258471988 ], [ 121.101917855555897, 14.629283932262737 ], [ 121.101831956745968, 14.629734814526419 ], [ 121.101789003579071, 14.630119025656331 ], [ 121.101742658083239, 14.630587989378302 ], [ 121.101680491304705, 14.6310479124606 ], [ 121.10161040874398, 14.631720282053648 ], [ 121.101498503873231, 14.632745221808053 ], [ 121.101486070929909, 14.632819803876899 ], [ 121.100820439877623, 14.63273842636314 ], [ 121.09783894381016, 14.632378160548672 ], [ 121.097815776772066, 14.632371662323683 ], [ 121.097765757839866, 14.632865486748155 ], [ 121.097658380920706, 14.633572886609274 ], [ 121.097520483992554, 14.634580875250427 ], [ 121.097407454450547, 14.635376417761947 ], [ 121.097391625349687, 14.63569734751222 ], [ 121.09649883921621, 14.635767389664757 ], [ 121.096184668834113, 14.635795068479721 ], [ 121.095194128397523, 14.635867368507785 ], [ 121.094439215255349, 14.635939673828531 ], [ 121.094407578312314, 14.635684285075556 ], [ 121.094389502759512, 14.635424376484941 ], [ 121.094382728061817, 14.635173508432937 ], [ 121.094518347533366, 14.634893262654321 ], [ 121.094694649140791, 14.634685340067012 ], [ 121.094841567271914, 14.634506797744933 ], [ 121.094882252781389, 14.634436736452654 ], [ 121.094945541500408, 14.634321474244798 ], [ 121.094945545088208, 14.634170049476769 ], [ 121.094939330222985, 14.634139538376429 ] ] ] } }
]
}
