{
  "type": "FeatureCollection",
  "features": [
    {
      "type": "Feature",
      "properties": {
        "id": "STOP_0001",
        "name": "UP - IKOT (Start)"
      },
      "geometry": {
        "type": "Point",
        "coordinates": [
          121.06229428743933,
          14.657684029950467
        ]
      }
    },
    {
      "type": "Feature",
      "properties": {
        "id": "STOP_0002",
        "name": "UP - IKOT (Stop)"
      },
      "geometry": {
        "type": "Point",
        "coordinates": [
          121.06234702410669,
          14.650482931694487
        ]
      }
    },
    {
      "type": "Feature",
      "properties": {
        "id": "STOP_0003",
        "name": "UP - IKOT (Stop)"
      },
      "geometry": {
        "type": "Point",
        "coordinates": [
          121.06234709943932,
          14.647302884156582
        ]
      }
    },
    {
      "type": "Feature",
      "properties": {
        "id": "STOP_0004",
        "name": "UP - IKOT (Stop)"
      },
      "geometry": {
        "type": "Point",
        "coordinates": [
          121.06481769679009,
          14.64767087902543
        ]
      }
    },
    {
      "type": "Feature",
      "properties": {
        "id": "STOP_0005",
        "name": "UP - IKOT (Stop)"
      },
      "geometry": {
        "type": "Point",
        "coordinates": [
          121.06791910647708,
          14.647224165140463
        ]
      }
    },
    {
      "type": "Feature",
      "properties": {
        "id": "STOP_0006",
        "name": "UP - IKOT (Stop)"
      },
      "geometry": {
        "type": "Point",
        "coordinates": [
          121.06852354487397,
          14.650246537939081
        ]
      }
    },
    {
      "type": "Feature",
      "properties": {
        "id": "STOP_0007",
        "name": "UP - IKOT (Stop)"
      },
      "geometry": {
        "type": "Point",
        "coordinates": [
          121.07173002260497,
          14.652506809024953
        ]
      }
    },
    {
      "type": "Feature",
      "properties": {
        "id": "STOP_0008",
        "name": "UP - IKOT (Stop)"
      },
      "geometry": {
        "type": "Point",
        "coordinates": [
          121.07312297595698,
          14.654530506926505
        ]
      }
    },
    {
      "type": "Feature",
      "properties": {
        "id": "STOP_0009",
        "name": "UP - IKOT (Stop)"
      },
      "geometry": {
        "type": "Point",
        "coordinates": [
          121.07275489818096,
          14.65939255485274
        ]
      }
    },
    {
      "type": "Feature",
      "properties": {
        "id": "STOP_0010",
        "name": "UP - IKOT (Stop)"
      },
      "geometry": {
        "type": "Point",
        "coordinates": [
          121.06854961251256,
          14.659339897658894
        ]
      }
    },
    {
      "type": "Feature",
      "properties": {
        "id": "STOP_0011",
        "name": "UP - IKOT (Stop)"
      },
      "geometry": {
        "type": "Point",
        "coordinates": [
          121.06226800439607,
          14.657684029360311
        ]
      }
    },
    {
      "type": "Feature",
      "properties": {
        "id": "STOP_0012",
        "name": "UP - Philcoa (Start)"
      },
      "geometry": {
        "type": "Point",
        "coordinates": [
          121.05410391624645,
          14.65421470322669
        ]
      }
    },
    {
      "type": "Feature",
      "properties": {
        "id": "STOP_0013",
        "name": "UP - Philcoa (Stop)"
      },
      "geometry": {
        "type": "Point",
        "coordinates": [
          121.05657451142423,
          14.654674682940508
        ]
      }
    },
    {
      "type": "Feature",
      "properties": {
        "id": "STOP_0014",
        "name": "UP - Philcoa (Stop)"
      },
      "geometry": {
        "type": "Point",
        "coordinates": [
          121.06233049494841,
          14.654799648770853
        ]
      }
    },
    {
      "type": "Feature",
      "properties": {
        "id": "STOP_0015",
        "name": "UP - Philcoa (Stop)"
      },
      "geometry": {
        "type": "Point",
        "coordinates": [
          121.0651099687961,
          14.653025717711905
        ]
      }
    },
    {
      "type": "Feature",
      "properties": {
        "id": "STOP_0016",
        "name": "UP - Philcoa (Stop)"
      },
      "geometry": {
        "type": "Point",
        "coordinates": [
          121.06709436844442,
          14.651764255807702
        ]
      }
    },
    {
      "type": "Feature",
      "properties": {
        "id": "STOP_0017",
        "name": "UP - Philcoa (Stop)"
      },
      "geometry": {
        "type": "Point",
        "coordinates": [
          121.07172016568556,
          14.65253966053444
        ]
      }
    },
    {
      "type": "Feature",
      "properties": {
        "id": "STOP_0018",
        "name": "UP - Philcoa (Stop)"
      },
      "geometry": {
        "type": "Point",
        "coordinates": [
          121.07315254484753,
          14.654510796551948
        ]
      }
    },
    {
      "type": "Feature",
      "properties": {
        "id": "STOP_0019",
        "name": "UP - Philcoa (Stop)"
      },
      "geometry": {
        "type": "Point",
        "coordinates": [
          121.07274504281794,
          14.659359702900314
        ]
      }
    },
    {
      "type": "Feature",
      "properties": {
        "id": "STOP_0020",
        "name": "UP - Philcoa (Stop)"
      },
      "geometry": {
        "type": "Point",
        "coordinates": [
          121.06853975590444,
          14.659359608476294
        ]
      }
    },
    {
      "type": "Feature",
      "properties": {
        "id": "STOP_0021",
        "name": "UP - Philcoa (Stop)"
      },
      "geometry": {
        "type": "Point",
        "coordinates": [
          121.06228443176501,
          14.657664318690463
        ]
      }
    },
    {
      "type": "Feature",
      "properties": {
        "id": "STOP_0022",
        "name": "UP - Philcoa (Stop)"
      },
      "geometry": {
        "type": "Point",
        "coordinates": [
          121.05633138876004,
          14.654865217521708
        ]
      }
    },
    {
      "type": "Feature",
      "properties": {
        "id": "STOP_0023",
        "name": "UP - Philcoa (Stop)"
      },
      "geometry": {
        "type": "Point",
        "coordinates": [
          121.05808573240847,
          14.656954627017706
        ]
      }
    },
    {
      "type": "Feature",
      "properties": {
        "id": "STOP_0024",
        "name": "UP - Philcoa (Stop)"
      },
      "geometry": {
        "type": "Point",
        "coordinates": [
          121.05389363991564,
          14.654720615164532
        ]
      }
    },
    {
      "type": "Feature",
      "properties": {
        "id": "STOP_0025",
        "name": "UP - Philcoa (Stop)"
      },
      "geometry": {
        "type": "Point",
        "coordinates": [
          121.05152163937748,
          14.652857868744839
        ]
      }
    },
    {
      "type": "Feature",
      "properties": {
        "id": "STOP_0026",
        "name": "UP - Philcoa (Stop)"
      },
      "geometry": {
        "type": "Point",
        "coordinates": [
          121.05410720162685,
          14.65421470330047
        ]
      }
    },
    {
      "type": "Feature",
      "properties": {
        "id": "STOP_0027",
        "name": "UP - Katipunan (Start)"
      },
      "geometry": {
        "type": "Point",
        "coordinates": [
          121.07420050843379,
          14.657582456929656
        ]
      }
    },
    {
      "type": "Feature",
      "properties": {
        "id": "STOP_0028",
        "name": "UP - Katipunan (Stop)"
      },
      "geometry": {
        "type": "Point",
        "coordinates": [
          121.07431889909108,
          14.652644844430972
        ]
      }
    },
    {
      "type": "Feature",
      "properties": {
        "id": "STOP_0029",
        "name": "UP - Katipunan (Stop)"
      },
      "geometry": {
        "type": "Point",
        "coordinates": [
          121.07433213586735,
          14.648623792889346
        ]
      }
    },
    {
      "type": "Feature",
      "properties": {
        "id": "STOP_0030",
        "name": "UP - Katipunan (Stop)"
      },
      "geometry": {
        "type": "Point",
        "coordinates": [
          121.07437163016303,
          14.645680278719281
        ]
      }
    },
    {
      "type": "Feature",
      "properties": {
        "id": "STOP_0031",
        "name": "UP - Katipunan (Stop)"
      },
      "geometry": {
        "type": "Point",
        "coordinates": [
          121.07455571606461,
          14.641265010291432
        ]
      }
    },
    {
      "type": "Feature",
      "properties": {
        "id": "STOP_0032",
        "name": "UP - Katipunan (Stop)"
      },
      "geometry": {
        "type": "Point",
        "coordinates": [
          121.07437183469548,
          14.637046844006864
        ]
      }
    },
    {
      "type": "Feature",
      "properties": {
        "id": "STOP_0033",
        "name": "UP - Katipunan (Stop)"
      },
      "geometry": {
        "type": "Point",
        "coordinates": [
          121.07415505500522,
          14.634707795959677
        ]
      }
    },
    {
      "type": "Feature",
      "properties": {
        "id": "STOP_0034",
        "name": "UP - Katipunan (Stop)"
      },
      "geometry": {
        "type": "Point",
        "coordinates": [
          121.07456239500866,
          14.636698619948572
        ]
      }
    },
    {
      "type": "Feature",
      "properties": {
        "id": "STOP_0035",
        "name": "UP - Katipunan (Stop)"
      },
      "geometry": {
        "type": "Point",
        "coordinates": [
          121.07471668538378,
          14.641869485744127
        ]
      }
    },
    {
      "type": "Feature",
      "properties": {
        "id": "STOP_0036",
        "name": "UP - Katipunan (Stop)"
      },
      "geometry": {
        "type": "Point",
        "coordinates": [
          121.07463775998384,
          14.645088953547962
        ]
      }
    },
    {
      "type": "Feature",
      "properties": {
        "id": "STOP_0037",
        "name": "UP - Katipunan (Stop)"
      },
      "geometry": {
        "type": "Point",
        "coordinates": [
          121.07442085405684,
          14.64807845615376
        ]
      }
    },
    {
      "type": "Feature",
      "properties": {
        "id": "STOP_0038",
        "name": "UP - Katipunan (Stop)"
      },
      "geometry": {
        "type": "Point",
        "coordinates": [
          121.07447331212545,
          14.652638277552366
        ]
      }
    },
    {
      "type": "Feature",
      "properties": {
        "id": "STOP_0039",
        "name": "UP - Katipunan (Stop)"
      },
      "geometry": {
        "type": "Point",
        "coordinates": [
          121.07446011706334,
          14.654898476338808
        ]
      }
    },
    {
      "type": "Feature",
      "properties": {
        "id": "STOP_0040",
        "name": "UP - Katipunan (Stop)"
      },
      "geometry": {
        "type": "Point",
        "coordinates": [
          121.0744337708311,
          14.657566036301901
        ]
      }
    },
    {
      "type": "Feature",
      "properties": {
        "id": "STOP_0041",
        "name": "UP - Katipunan (End)"
      },
      "geometry": {
        "type": "Point",
        "coordinates": [
          121.07419722414285,
          14.657536464432466
        ]
      }
    },
    {
      "type": "Feature",
      "properties": {
        "id": "STOP_0042",
        "name": "UP Loob - Katipunan (Start)"
      },
      "geometry": {
        "type": "Point",
        "coordinates": [
          121.07424706176778,
          14.6340277672164
        ]
      }
    },
    {
      "type": "Feature",
      "properties": {
        "id": "STOP_0043",
        "name": "UP Loob - Katipunan (Stop)"
      },
      "geometry": {
        "type": "Point",
        "coordinates": [
          121.07458863135356,
          14.638669724344147
        ]
      }
    },
    {
      "type": "Feature",
      "properties": {
        "id": "STOP_0044",
        "name": "UP Loob - Katipunan (Stop)"
      },
      "geometry": {
        "type": "Point",
        "coordinates": [
          121.07471996718407,
          14.642020603777217
        ]
      }
    },
    {
      "type": "Feature",
      "properties": {
        "id": "STOP_0045",
        "name": "UP Loob - Katipunan (Stop)"
      },
      "geometry": {
        "type": "Point",
        "coordinates": [
          121.07444388378329,
          14.646724965371995
        ]
      }
    },
    {
      "type": "Feature",
      "properties": {
        "id": "STOP_0046",
        "name": "UP Loob - Katipunan (Stop)"
      },
      "geometry": {
        "type": "Point",
        "coordinates": [
          121.07446999530544,
          14.653965487403523
        ]
      }
    },
    {
      "type": "Feature",
      "properties": {
        "id": "STOP_0047",
        "name": "UP Loob - Katipunan (Stop)"
      },
      "geometry": {
        "type": "Point",
        "coordinates": [
          121.07449620519834,
          14.657053550699954
        ]
      }
    },
    {
      "type": "Feature",
      "properties": {
        "id": "STOP_0048",
        "name": "UP Loob - Katipunan (Stop)"
      },
      "geometry": {
        "type": "Point",
        "coordinates": [
          121.07274175681498,
          14.659385984211472
        ]
      }
    },
    {
      "type": "Feature",
      "properties": {
        "id": "STOP_0049",
        "name": "UP Loob - Katipunan (Stop)"
      },
      "geometry": {
        "type": "Point",
        "coordinates": [
          121.06856603918108,
          14.65934975354711
        ]
      }
    },
    {
      "type": "Feature",
      "properties": {
        "id": "STOP_0050",
        "name": "UP Loob - Katipunan (Stop)"
      },
      "geometry": {
        "type": "Point",
        "coordinates": [
          121.06235670974485,
          14.657680746179018
        ]
      }
    },
    {
      "type": "Feature",
      "properties": {
        "id": "STOP_0051",
        "name": "UP Loob - Katipunan (Stop)"
      },
      "geometry": {
        "type": "Point",
        "coordinates": [
          121.06232725447003,
          14.652904103818724
        ]
      }
    },
    {
      "type": "Feature",
      "properties": {
        "id": "STOP_0052",
        "name": "UP Loob - Katipunan (Stop)"
      },
      "geometry": {
        "type": "Point",
        "coordinates": [
          121.06588861492506,
          14.65256252579129
        ]
      }
    },
    {
      "type": "Feature",
      "properties": {
        "id": "STOP_0053",
        "name": "UP Loob - Katipunan (Stop)"
      },
      "geometry": {
        "type": "Point",
        "coordinates": [
          121.06759702145169,
          14.652194624769823
        ]
      }
    },
    {
      "type": "Feature",
      "properties": {
        "id": "STOP_0054",
        "name": "UP Loob - Katipunan (Stop)"
      },
      "geometry": {
        "type": "Point",
        "coordinates": [
          121.07172016607463,
          14.65252323466905
        ]
      }
    },
    {
      "type": "Feature",
      "properties": {
        "id": "STOP_0055",
        "name": "UP Loob - Katipunan (Stop)"
      },
      "geometry": {
        "type": "Point",
        "coordinates": [
          121.07313940379287,
          14.654491085218334
        ]
      }
    },
    {
      "type": "Feature",
      "properties": {
        "id": "STOP_0056",
        "name": "UP Loob - Katipunan (Stop)"
      },
      "geometry": {
        "type": "Point",
        "coordinates": [
          121.07276808417532,
          14.657515078716829
        ]
      }
    },
    {
      "type": "Feature",
      "properties": {
        "id": "STOP_0057",
        "name": "UP Loob - Katipunan (Stop)"
      },
      "geometry": {
        "type": "Point",
        "coordinates": [
          121.07414595364261,
          14.654852887507527
        ]
      }
    },
    {
      "type": "Feature",
      "properties": {
        "id": "STOP_0058",
        "name": "UP Loob - Katipunan (Stop)"
      },
      "geometry": {
        "type": "Point",
        "coordinates": [
          121.07433007611344,
          14.648893587680854
        ]
      }
    },
    {
      "type": "Feature",
      "properties": {
        "id": "STOP_0059",
        "name": "UP Loob - Katipunan (Stop)"
      },
      "geometry": {
        "type": "Point",
        "coordinates": [
          121.07431700120958,
          14.646081479250968
        ]
      }
    },
    {
      "type": "Feature",
      "properties": {
        "id": "STOP_0060",
        "name": "UP Loob - Katipunan (Stop)"
      },
      "geometry": {
        "type": "Point",
        "coordinates": [
          121.07461931364182,
          14.64365702833424
        ]
      }
    },
    {
      "type": "Feature",
      "properties": {
        "id": "STOP_0061",
        "name": "UP Loob - Katipunan (Stop)"
      },
      "geometry": {
        "type": "Point",
        "coordinates": [
          121.07448797298491,
          14.640509829620685
        ]
      }
    },
    {
      "type": "Feature",
      "properties": {
        "id": "STOP_0062",
        "name": "UP Loob - Katipunan (Stop)"
      },
      "geometry": {
        "type": "Point",
        "coordinates": [
          121.07435665163189,
          14.63654790801545
        ]
      }
    },
    {
      "type": "Feature",
      "properties": {
        "id": "STOP_0063",
        "name": "UP Loob - Katipunan (Stop)"
      },
      "geometry": {
        "type": "Point",
        "coordinates": [
          121.07413986057833,
          14.634688495227026
        ]
      }
    },
    {
      "type": "Feature",
      "properties": {
        "id": "STOP_0064",
        "name": "UP Loob - Katipunan (End)"
      },
      "geometry": {
        "type": "Point",
        "coordinates": [
          121.07425814999488,
          14.634024892939134
        ]
      }
    },
    {
      "type": "Feature",
      "properties": {
        "id": "STOP_0065",
        "name": "UP - Philcoa (Start)"
      },
      "geometry": {
        "type": "Point",
        "coordinates": [
          121.05409200657724,
          14.654221683952155
        ]
      }
    },
    {
      "type": "Feature",
      "properties": {
        "id": "STOP_0066",
        "name": "UP - Philcoa (Stop)"
      },
      "geometry": {
        "type": "Point",
        "coordinates": [
          121.05657327937755,
          14.65467591485279
        ]
      }
    },
    {
      "type": "Feature",
      "properties": {
        "id": "STOP_0067",
        "name": "UP - Philcoa (Stop)"
      },
      "geometry": {
        "type": "Point",
        "coordinates": [
          121.06234240469568,
          14.654789382872352
        ]
      }
    },
    {
      "type": "Feature",
      "properties": {
        "id": "STOP_0068",
        "name": "UP - Philcoa (Stop)"
      },
      "geometry": {
        "type": "Point",
        "coordinates": [
          121.06515473184172,
          14.653036806176337
        ]
      }
    },
    {
      "type": "Feature",
      "properties": {
        "id": "STOP_0069",
        "name": "UP - Philcoa (Stop)"
      },
      "geometry": {
        "type": "Point",
        "coordinates": [
          121.06705206910378,
          14.651767129384295
        ]
      }
    },
    {
      "type": "Feature",
      "properties": {
        "id": "STOP_0070",
        "name": "UP - Philcoa (Stop)"
      },
      "geometry": {
        "type": "Point",
        "coordinates": [
          121.06901999492291,
          14.652486626482647
        ]
      }
    },
    {
      "type": "Feature",
      "properties": {
        "id": "STOP_0071",
        "name": "UP - Philcoa (Stop)"
      },
      "geometry": {
        "type": "Point",
        "coordinates": [
          121.07284089053962,
          14.652562271266744
        ]
      }
    },
    {
      "type": "Feature",
      "properties": {
        "id": "STOP_0072",
        "name": "UP - Philcoa (Stop)"
      },
      "geometry": {
        "type": "Point",
        "coordinates": [
          121.07311679089851,
          14.655584636703901
        ]
      }
    },
    {
      "type": "Feature",
      "properties": {
        "id": "STOP_0073",
        "name": "UP - Philcoa (Stop)"
      },
      "geometry": {
        "type": "Point",
        "coordinates": [
          121.07272902605365,
          14.659382288105887
        ]
      }
    },
    {
      "type": "Feature",
      "properties": {
        "id": "STOP_0074",
        "name": "UP - Philcoa (Stop)"
      },
      "geometry": {
        "type": "Point",
        "coordinates": [
          121.06850238377844,
          14.659398619067959
        ]
      }
    },
    {
      "type": "Feature",
      "properties": {
        "id": "STOP_0075",
        "name": "UP - Philcoa (Stop)"
      },
      "geometry": {
        "type": "Point",
        "coordinates": [
          121.06238340273141,
          14.657711545276383
        ]
      }
    },
    {
      "type": "Feature",
      "properties": {
        "id": "STOP_0076",
        "name": "UP - Philcoa (Stop)"
      },
      "geometry": {
        "type": "Point",
        "coordinates": [
          121.05633179955923,
          14.654859879124633
        ]
      }
    },
    {
      "type": "Feature",
      "properties": {
        "id": "STOP_0077",
        "name": "UP - Philcoa (Stop)"
      },
      "geometry": {
        "type": "Point",
        "coordinates": [
          121.0581025694872,
          14.656975570374433
        ]
      }
    },
    {
      "type": "Feature",
      "properties": {
        "id": "STOP_0078",
        "name": "UP - Philcoa (Stop)"
      },
      "geometry": {
        "type": "Point",
        "coordinates": [
          121.0538037040374,
          14.654661069382293
        ]
      }
    },
    {
      "type": "Feature",
      "properties": {
        "id": "STOP_0079",
        "name": "UP - Philcoa (Stop)"
      },
      "geometry": {
        "type": "Point",
        "coordinates": [
          121.05409939870269,
          14.654220862824852
        ]
      }
    },
    {
      "type": "Feature",
      "properties": {
        "id": "STOP_0080",
        "name": "UP Loob - Katipunan (Start)"
      },
      "geometry": {
        "type": "Point",
        "coordinates": [
          121.06235054947197,
          14.657688548326863
        ]
      }
    },
    {
      "type": "Feature",
      "properties": {
        "id": "STOP_0081",
        "name": "UP Loob - Katipunan (Stop)"
      },
      "geometry": {
        "type": "Point",
        "coordinates": [
          121.06233423564093,
          14.6529151914347
        ]
      }
    },
    {
      "type": "Feature",
      "properties": {
        "id": "STOP_0082",
        "name": "UP Loob - Katipunan (Stop)"
      },
      "geometry": {
        "type": "Point",
        "coordinates": [
          121.06583974346177,
          14.65262288974938
        ]
      }
    },
    {
      "type": "Feature",
      "properties": {
        "id": "STOP_0083",
        "name": "UP Loob - Katipunan (Stop)"
      },
      "geometry": {
        "type": "Point",
        "coordinates": [
          121.06758757610964,
          14.652189286151476
        ]
      }
    },
    {
      "type": "Feature",
      "properties": {
        "id": "STOP_0084",
        "name": "UP Loob - Katipunan (Stop)"
      },
      "geometry": {
        "type": "Point",
        "coordinates": [
          121.07286717377735,
          14.652554058924274
        ]
      }
    },
    {
      "type": "Feature",
      "properties": {
        "id": "STOP_0085",
        "name": "UP Loob - Katipunan (Stop)"
      },
      "geometry": {
        "type": "Point",
        "coordinates": [
          121.07432259472596,
          14.652662502319316
        ]
      }
    },
    {
      "type": "Feature",
      "properties": {
        "id": "STOP_0086",
        "name": "UP Loob - Katipunan (Stop)"
      },
      "geometry": {
        "type": "Point",
        "coordinates": [
          121.0743029785543,
          14.64860531313609
        ]
      }
    },
    {
      "type": "Feature",
      "properties": {
        "id": "STOP_0087",
        "name": "UP Loob - Katipunan (Stop)"
      },
      "geometry": {
        "type": "Point",
        "coordinates": [
          121.07432932385707,
          14.64597717528341
        ]
      }
    },
    {
      "type": "Feature",
      "properties": {
        "id": "STOP_0088",
        "name": "UP Loob - Katipunan (Stop)"
      },
      "geometry": {
        "type": "Point",
        "coordinates": [
          121.07459877952796,
          14.64367756020455
        ]
      }
    },
    {
      "type": "Feature",
      "properties": {
        "id": "STOP_0089",
        "name": "UP Loob - Katipunan (Stop)"
      },
      "geometry": {
        "type": "Point",
        "coordinates": [
          121.07445431509446,
          14.639781341747069
        ]
      }
    },
    {
      "type": "Feature",
      "properties": {
        "id": "STOP_0090",
        "name": "UP Loob - Katipunan (Stop)"
      },
      "geometry": {
        "type": "Point",
        "coordinates": [
          121.07422609486734,
          14.634981698854174
        ]
      }
    },
    {
      "type": "Feature",
      "properties": {
        "id": "STOP_0091",
        "name": "UP Loob - Katipunan (Stop)"
      },
      "geometry": {
        "type": "Point",
        "coordinates": [
          121.07456113735573,
          14.637780673779979
        ]
      }
    },
    {
      "type": "Feature",
      "properties": {
        "id": "STOP_0092",
        "name": "UP Loob - Katipunan (Stop)"
      },
      "geometry": {
        "type": "Point",
        "coordinates": [
          121.0747187345927,
          14.642044831900662
        ]
      }
    },
    {
      "type": "Feature",
      "properties": {
        "id": "STOP_0093",
        "name": "UP Loob - Katipunan (Stop)"
      },
      "geometry": {
        "type": "Point",
        "coordinates": [
          121.07448208805303,
          14.646230137039153
        ]
      }
    },
    {
      "type": "Feature",
      "properties": {
        "id": "STOP_0094",
        "name": "UP Loob - Katipunan (Stop)"
      },
      "geometry": {
        "type": "Point",
        "coordinates": [
          121.07452145526125,
          14.64865131046547
        ]
      }
    },
    {
      "type": "Feature",
      "properties": {
        "id": "STOP_0095",
        "name": "UP Loob - Katipunan (Stop)"
      },
      "geometry": {
        "type": "Point",
        "coordinates": [
          121.07445562648425,
          14.653766323462552
        ]
      }
    },
    {
      "type": "Feature",
      "properties": {
        "id": "STOP_0096",
        "name": "UP Loob - Katipunan (Stop)"
      },
      "geometry": {
        "type": "Point",
        "coordinates": [
          121.07445553644727,
          14.6575672687306
        ]
      }
    },
    {
      "type": "Feature",
      "properties": {
        "id": "STOP_0097",
        "name": "UP Loob - Katipunan (Stop)"
      },
      "geometry": {
        "type": "Point",
        "coordinates": [
          121.06856152198753,
          14.659341129866275
        ]
      }
    },
    {
      "type": "Feature",
      "properties": {
        "id": "STOP_0098",
        "name": "UP-SM North EDSA (Start)"
      },
      "geometry": {
        "type": "Point",
        "coordinates": [
          121.03069842320241,
          14.655573828686798
        ]
      }
    },
    {
      "type": "Feature",
      "properties": {
        "id": "STOP_0099",
        "name": "UP-SM North EDSA (Stop)"
      },
      "geometry": {
        "type": "Point",
        "coordinates": [
          121.03431893462144,
          14.654637635638185
        ]
      }
    },
    {
      "type": "Feature",
      "properties": {
        "id": "STOP_0100",
        "name": "UP-SM North EDSA (Stop)"
      },
      "geometry": {
        "type": "Point",
        "coordinates": [
          121.0383402604264,
          14.653786866095471
        ]
      }
    },
    {
      "type": "Feature",
      "properties": {
        "id": "STOP_0101",
        "name": "UP-SM North EDSA (Stop)"
      },
      "geometry": {
        "type": "Point",
        "coordinates": [
          121.0387329229199,
          14.651273717472218
        ]
      }
    },
    {
      "type": "Feature",
      "properties": {
        "id": "STOP_0102",
        "name": "UP-SM North EDSA (Stop)"
      },
      "geometry": {
        "type": "Point",
        "coordinates": [
          121.03921920716132,
          14.649250061754273
        ]
      }
    },
    {
      "type": "Feature",
      "properties": {
        "id": "STOP_0103",
        "name": "UP-SM North EDSA (Stop)"
      },
      "geometry": {
        "type": "Point",
        "coordinates": [
          121.04019830282606,
          14.647042447416903
        ]
      }
    },
    {
      "type": "Feature",
      "properties": {
        "id": "STOP_0104",
        "name": "UP-SM North EDSA (Stop)"
      },
      "geometry": {
        "type": "Point",
        "coordinates": [
          121.04150921389903,
          14.645173213368222
        ]
      }
    },
    {
      "type": "Feature",
      "properties": {
        "id": "STOP_0105",
        "name": "UP-SM North EDSA (Stop)"
      },
      "geometry": {
        "type": "Point",
        "coordinates": [
          121.04319136891355,
          14.643474816664323
        ]
      }
    },
    {
      "type": "Feature",
      "properties": {
        "id": "STOP_0106",
        "name": "UP-SM North EDSA (Stop)"
      },
      "geometry": {
        "type": "Point",
        "coordinates": [
          121.04549774550836,
          14.641806000544447
        ]
      }
    },
    {
      "type": "Feature",
      "properties": {
        "id": "STOP_0107",
        "name": "UP-SM North EDSA (Stop)"
      },
      "geometry": {
        "type": "Point",
        "coordinates": [
          121.04748864977843,
          14.643336935909792
        ]
      }
    },
    {
      "type": "Feature",
      "properties": {
        "id": "STOP_0108",
        "name": "UP-SM North EDSA (Stop)"
      },
      "geometry": {
        "type": "Point",
        "coordinates": [
          121.04828691558313,
          14.646783100397377
        ]
      }
    },
    {
      "type": "Feature",
      "properties": {
        "id": "STOP_0109",
        "name": "UP-SM North EDSA (Stop)"
      },
      "geometry": {
        "type": "Point",
        "coordinates": [
          121.04910493491803,
          14.648488123601837
        ]
      }
    },
    {
      "type": "Feature",
      "properties": {
        "id": "STOP_0110",
        "name": "UP-SM North EDSA (Stop)"
      },
      "geometry": {
        "type": "Point",
        "coordinates": [
          121.05044536791183,
          14.648581781137787
        ]
      }
    },
    {
      "type": "Feature",
      "properties": {
        "id": "STOP_0111",
        "name": "UP-SM North EDSA (Stop)"
      },
      "geometry": {
        "type": "Point",
        "coordinates": [
          121.05180056013609,
          14.649729979567956
        ]
      }
    },
    {
      "type": "Feature",
      "properties": {
        "id": "STOP_0112",
        "name": "UP-SM North EDSA (Stop)"
      },
      "geometry": {
        "type": "Point",
        "coordinates": [
          121.05190400421057,
          14.651646880394694
        ]
      }
    },
    {
      "type": "Feature",
      "properties": {
        "id": "STOP_0113",
        "name": "UP-SM North EDSA (Stop)"
      },
      "geometry": {
        "type": "Point",
        "coordinates": [
          121.0520222447542,
          14.65304636679364
        ]
      }
    },
    {
      "type": "Feature",
      "properties": {
        "id": "STOP_0114",
        "name": "UP-SM North EDSA (Stop)"
      },
      "geometry": {
        "type": "Point",
        "coordinates": [
          121.05410514807957,
          14.654222505540577
        ]
      }
    },
    {
      "type": "Feature",
      "properties": {
        "id": "STOP_0115",
        "name": "UP-SM North EDSA (Stop)"
      },
      "geometry": {
        "type": "Point",
        "coordinates": [
          121.05660202661188,
          14.654669345152161
        ]
      }
    },
    {
      "type": "Feature",
      "properties": {
        "id": "STOP_0116",
        "name": "UP-SM North EDSA (Stop)"
      },
      "geometry": {
        "type": "Point",
        "coordinates": [
          121.06152352397898,
          14.654774581205231
        ]
      }
    },
    {
      "type": "Feature",
      "properties": {
        "id": "STOP_0117",
        "name": "UP-SM North EDSA (Stop)"
      },
      "geometry": {
        "type": "Point",
        "coordinates": [
          121.06706931777897,
          14.651749061319723
        ]
      }
    },
    {
      "type": "Feature",
      "properties": {
        "id": "STOP_0118",
        "name": "UP-SM North EDSA (Stop)"
      },
      "geometry": {
        "type": "Point",
        "coordinates": [
          121.06873498844534,
          14.652475121976725
        ]
      }
    },
    {
      "type": "Feature",
      "properties": {
        "id": "STOP_0119",
        "name": "UP-SM North EDSA (Stop)"
      },
      "geometry": {
        "type": "Point",
        "coordinates": [
          121.07171318465126,
          14.652522823865697
        ]
      }
    },
    {
      "type": "Feature",
      "properties": {
        "id": "STOP_0120",
        "name": "UP-SM North EDSA (Stop)"
      },
      "geometry": {
        "type": "Point",
        "coordinates": [
          121.07281703806889,
          14.65397489515777
        ]
      }
    },
    {
      "type": "Feature",
      "properties": {
        "id": "STOP_0121",
        "name": "UP-SM North EDSA (Stop)"
      },
      "geometry": {
        "type": "Point",
        "coordinates": [
          121.07277920397736,
          14.656179245454021
        ]
      }
    },
    {
      "type": "Feature",
      "properties": {
        "id": "STOP_0122",
        "name": "UP-SM North EDSA (Stop)"
      },
      "geometry": {
        "type": "Point",
        "coordinates": [
          121.07256722017422,
          14.659420063963596
        ]
      }
    },
    {
      "type": "Feature",
      "properties": {
        "id": "STOP_0123",
        "name": "UP-SM North EDSA (Stop)"
      },
      "geometry": {
        "type": "Point",
        "coordinates": [
          121.06847692184701,
          14.659408474015667
        ]
      }
    },
    {
      "type": "Feature",
      "properties": {
        "id": "STOP_0124",
        "name": "UP-SM North EDSA (Stop)"
      },
      "geometry": {
        "type": "Point",
        "coordinates": [
          121.06626918979299,
          14.65756872749821
        ]
      }
    },
    {
      "type": "Feature",
      "properties": {
        "id": "STOP_0125",
        "name": "UP-SM North EDSA (Stop)"
      },
      "geometry": {
        "type": "Point",
        "coordinates": [
          121.0636638809518,
          14.657660653845202
        ]
      }
    },
    {
      "type": "Feature",
      "properties": {
        "id": "STOP_0126",
        "name": "UP-SM North EDSA (Stop)"
      },
      "geometry": {
        "type": "Point",
        "coordinates": [
          121.06233008023922,
          14.654970067116501
        ]
      }
    },
    {
      "type": "Feature",
      "properties": {
        "id": "STOP_0127",
        "name": "UP-SM North EDSA (Stop)"
      },
      "geometry": {
        "type": "Point",
        "coordinates": [
          121.05660694989669,
          14.65487138340915
        ]
      }
    },
    {
      "type": "Feature",
      "properties": {
        "id": "STOP_0128",
        "name": "UP-SM North EDSA (Stop)"
      },
      "geometry": {
        "type": "Point",
        "coordinates": [
          121.0556295396516,
          14.65527543775442
        ]
      }
    },
    {
      "type": "Feature",
      "properties": {
        "id": "STOP_0129",
        "name": "UP-SM North EDSA (Stop)"
      },
      "geometry": {
        "type": "Point",
        "coordinates": [
          121.0581099623714,
          14.656942718809304
        ]
      }
    },
    {
      "type": "Feature",
      "properties": {
        "id": "STOP_0130",
        "name": "UP-SM North EDSA (Stop)"
      },
      "geometry": {
        "type": "Point",
        "coordinates": [
          121.05381930975011,
          14.65465449938656
        ]
      }
    },
    {
      "type": "Feature",
      "properties": {
        "id": "STOP_0131",
        "name": "UP-SM North EDSA (Stop)"
      },
      "geometry": {
        "type": "Point",
        "coordinates": [
          121.05188425484673,
          14.653212264937075
        ]
      }
    },
    {
      "type": "Feature",
      "properties": {
        "id": "STOP_0132",
        "name": "UP-SM North EDSA (Stop)"
      },
      "geometry": {
        "type": "Point",
        "coordinates": [
          121.0503006842086,
          14.653941537808377
        ]
      }
    },
    {
      "type": "Feature",
      "properties": {
        "id": "STOP_0133",
        "name": "UP-SM North EDSA (Stop)"
      },
      "geometry": {
        "type": "Point",
        "coordinates": [
          121.0482965906346,
          14.654427698427426
        ]
      }
    },
    {
      "type": "Feature",
      "properties": {
        "id": "STOP_0134",
        "name": "UP-SM North EDSA (Stop)"
      },
      "geometry": {
        "type": "Point",
        "coordinates": [
          121.04687732761438,
          14.653527529122297
        ]
      }
    },
    {
      "type": "Feature",
      "properties": {
        "id": "STOP_0135",
        "name": "UP-SM North EDSA (Stop)"
      },
      "geometry": {
        "type": "Point",
        "coordinates": [
          121.04606915391292,
          14.652266004497218
        ]
      }
    },
    {
      "type": "Feature",
      "properties": {
        "id": "STOP_0136",
        "name": "UP-SM North EDSA (Stop)"
      },
      "geometry": {
        "type": "Point",
        "coordinates": [
          121.03945893510895,
          14.653675195329297
        ]
      }
    },
    {
      "type": "Feature",
      "properties": {
        "id": "STOP_0137",
        "name": "UP-SM North EDSA (Stop)"
      },
      "geometry": {
        "type": "Point",
        "coordinates": [
          121.03518134815289,
          14.654588377406572
        ]
      }
    },
    {
      "type": "Feature",
      "properties": {
        "id": "STOP_0138",
        "name": "UP-SM North EDSA (Stop)"
      },
      "geometry": {
        "type": "Point",
        "coordinates": [
          121.03605845741802,
          14.658274361372488
        ]
      }
    },
    {
      "type": "Feature",
      "properties": {
        "id": "STOP_0139",
        "name": "UP-SM North EDSA (Stop)"
      },
      "geometry": {
        "type": "Point",
        "coordinates": [
          121.03504664669909,
          14.654624511286388
        ]
      }
    },
    {
      "type": "Feature",
      "properties": {
        "id": "STOP_0140",
        "name": "UP-SM North EDSA (Stop)"
      },
      "geometry": {
        "type": "Point",
        "coordinates": [
          121.03261216719005,
          14.655156654669542
        ]
      }
    },
    {
      "type": "Feature",
      "properties": {
        "id": "STOP_0141",
        "name": "UP Ikot (Start)"
      },
      "geometry": {
        "type": "Point",
        "coordinates": [
          121.06234685259203,
          14.657723453208186
        ]
      }
    },
    {
      "type": "Feature",
      "properties": {
        "id": "STOP_0142",
        "name": "UP Ikot (Stop)"
      },
      "geometry": {
        "type": "Point",
        "coordinates": [
          121.06234701974867,
          14.650666901387185
        ]
      }
    },
    {
      "type": "Feature",
      "properties": {
        "id": "STOP_0143",
        "name": "UP Ikot (Stop)"
      },
      "geometry": {
        "type": "Point",
        "coordinates": [
          121.06232081515081,
          14.647355446335403
        ]
      }
    },
    {
      "type": "Feature",
      "properties": {
        "id": "STOP_0144",
        "name": "UP Ikot (Stop)"
      },
      "geometry": {
        "type": "Point",
        "coordinates": [
          121.06502796051345,
          14.647697165132081
        ]
      }
    },
    {
      "type": "Feature",
      "properties": {
        "id": "STOP_0145",
        "name": "UP Ikot (Stop)"
      },
      "geometry": {
        "type": "Point",
        "coordinates": [
          121.06794538952023,
          14.647224165730716
        ]
      }
    },
    {
      "type": "Feature",
      "properties": {
        "id": "STOP_0146",
        "name": "UP Ikot (Stop)"
      },
      "geometry": {
        "type": "Point",
        "coordinates": [
          121.06847097754225,
          14.650299099527787
        ]
      }
    },
    {
      "type": "Feature",
      "properties": {
        "id": "STOP_0147",
        "name": "UP Ikot (Stop)"
      },
      "geometry": {
        "type": "Point",
        "coordinates": [
          121.07286019283987,
          14.652533115789055
        ]
      }
    },
    {
      "type": "Feature",
      "properties": {
        "id": "STOP_0148",
        "name": "UP Ikot (Stop)"
      },
      "geometry": {
        "type": "Point",
        "coordinates": [
          121.07309666801142,
          14.655581761725543
        ]
      }
    },
    {
      "type": "Feature",
      "properties": {
        "id": "STOP_0149",
        "name": "UP Ikot (Stop)"
      },
      "geometry": {
        "type": "Point",
        "coordinates": [
          121.07275489880341,
          14.659366273467848
        ]
      }
    },
    {
      "type": "Feature",
      "properties": {
        "id": "STOP_0150",
        "name": "UP Ikot (Stop)"
      },
      "geometry": {
        "type": "Point",
        "coordinates": [
          121.06852332884672,
          14.659366178453663
        ]
      }
    },
    {
      "type": "Feature",
      "properties": {
        "id": "STOP_0151",
        "name": "UP Ikot (Stop)"
      },
      "geometry": {
        "type": "Point",
        "coordinates": [
          121.06473861233029,
          14.657605240681036
        ]
      }
    },
    {
      "type": "Feature",
      "properties": {
        "id": "STOP_0152",
        "name": "UP Ikot (End)"
      },
      "geometry": {
        "type": "Point",
        "coordinates": [
          121.06234685352581,
          14.65768403113078
        ]
      }
    },
    {
      "type": "Feature",
      "properties": {
        "id": "STOP_0153",
        "name": "Cogeo - Cubao via Marcos Hi-way (Start)"
      },
      "geometry": {
        "type": "Point",
        "coordinates": [
          121.05279833344889,
          14.622699579193668
        ]
      }
    },
    {
      "type": "Feature",
      "properties": {
        "id": "STOP_0154",
        "name": "Cogeo - Cubao via Marcos Hi-way (Stop)"
      },
      "geometry": {
        "type": "Point",
        "coordinates": [
          121.06091312919314,
          14.626661680097463
        ]
      }
    },
    {
      "type": "Feature",
      "properties": {
        "id": "STOP_0155",
        "name": "Cogeo - Cubao via Marcos Hi-way (Stop)"
      },
      "geometry": {
        "type": "Point",
        "coordinates": [
          121.06320630105482,
          14.627660424196852
        ]
      }
    },
    {
      "type": "Feature",
      "properties": {
        "id": "STOP_0156",
        "name": "Cogeo - Cubao via Marcos Hi-way (Stop)"
      },
      "geometry": {
        "type": "Point",
        "coordinates": [
          121.06680706350124,
          14.62827154725911
        ]
      }
    },
    {
      "type": "Feature",
      "properties": {
        "id": "STOP_0157",
        "name": "Cogeo - Cubao via Marcos Hi-way (Stop)"
      },
      "geometry": {
        "type": "Point",
        "coordinates": [
          121.06937292123213,
          14.629299864039654
        ]
      }
    },
    {
      "type": "Feature",
      "properties": {
        "id": "STOP_0158",
        "name": "Cogeo - Cubao via Marcos Hi-way (Stop)"
      },
      "geometry": {
        "type": "Point",
        "coordinates": [
          121.07162009519435,
          14.630407017812368
        ]
      }
    },
    {
      "type": "Feature",
      "properties": {
        "id": "STOP_0159",
        "name": "Cogeo - Cubao via Marcos Hi-way (Stop)"
      },
      "geometry": {
        "type": "Point",
        "coordinates": [
          121.07397240016053,
          14.63156345154122
        ]
      }
    },
    {
      "type": "Feature",
      "properties": {
        "id": "STOP_0160",
        "name": "Cogeo - Cubao via Marcos Hi-way (Stop)"
      },
      "geometry": {
        "type": "Point",
        "coordinates": [
          121.07594360442435,
          14.632575329098195
        ]
      }
    },
    {
      "type": "Feature",
      "properties": {
        "id": "STOP_0161",
        "name": "Cogeo - Cubao via Marcos Hi-way (Stop)"
      },
      "geometry": {
        "type": "Point",
        "coordinates": [
          121.07787542350815,
          14.631924908242967
        ]
      }
    },
    {
      "type": "Feature",
      "properties": {
        "id": "STOP_0162",
        "name": "Cogeo - Cubao via Marcos Hi-way (Stop)"
      },
      "geometry": {
        "type": "Point",
        "coordinates": [
          121.07976129501978,
          14.629259032743047
        ]
      }
    },
    {
      "type": "Feature",
      "properties": {
        "id": "STOP_0163",
        "name": "Cogeo - Cubao via Marcos Hi-way (Stop)"
      },
      "geometry": {
        "type": "Point",
        "coordinates": [
          121.0809933511196,
          14.627636184980325
        ]
      }
    },
    {
      "type": "Feature",
      "properties": {
        "id": "STOP_0164",
        "name": "Cogeo - Cubao via Marcos Hi-way (Stop)"
      },
      "geometry": {
        "type": "Point",
        "coordinates": [
          121.08321103527014,
          14.625425313409297
        ]
      }
    },
    {
      "type": "Feature",
      "properties": {
        "id": "STOP_0165",
        "name": "Cogeo - Cubao via Marcos Hi-way (Stop)"
      },
      "geometry": {
        "type": "Point",
        "coordinates": [
          121.08600367745198,
          14.622519640693207
        ]
      }
    },
    {
      "type": "Feature",
      "properties": {
        "id": "STOP_0166",
        "name": "Cogeo - Cubao via Marcos Hi-way (Stop)"
      },
      "geometry": {
        "type": "Point",
        "coordinates": [
          121.08810965796818,
          14.620338333193455
        ]
      }
    },
    {
      "type": "Feature",
      "properties": {
        "id": "STOP_0167",
        "name": "Cogeo - Cubao via Marcos Hi-way (Stop)"
      },
      "geometry": {
        "type": "Point",
        "coordinates": [
          121.0895125466863,
          14.619017725205968
        ]
      }
    },
    {
      "type": "Feature",
      "properties": {
        "id": "STOP_0168",
        "name": "Cogeo - Cubao via Marcos Hi-way (Stop)"
      },
      "geometry": {
        "type": "Point",
        "coordinates": [
          121.09152649762768,
          14.618479002100939
        ]
      }
    },
    {
      "type": "Feature",
      "properties": {
        "id": "STOP_0169",
        "name": "Cogeo - Cubao via Marcos Hi-way (Stop)"
      },
      "geometry": {
        "type": "Point",
        "coordinates": [
          121.10197395678149,
          14.620608028871443
        ]
      }
    },
    {
      "type": "Feature",
      "properties": {
        "id": "STOP_0170",
        "name": "Cogeo - Cubao via Marcos Hi-way (Stop)"
      },
      "geometry": {
        "type": "Point",
        "coordinates": [
          121.10618250910693,
          14.621449127688134
        ]
      }
    },
    {
      "type": "Feature",
      "properties": {
        "id": "STOP_0171",
        "name": "Cogeo - Cubao via Marcos Hi-way (Stop)"
      },
      "geometry": {
        "type": "Point",
        "coordinates": [
          121.1141199470427,
          14.6231805921337
        ]
      }
    },
    {
      "type": "Feature",
      "properties": {
        "id": "STOP_0172",
        "name": "Cogeo - Cubao via Marcos Hi-way (Stop)"
      },
      "geometry": {
        "type": "Point",
        "coordinates": [
          121.1181806575492,
          14.624008546932954
        ]
      }
    },
    {
      "type": "Feature",
      "properties": {
        "id": "STOP_0173",
        "name": "Cogeo - Cubao via Marcos Hi-way (Stop)"
      },
      "geometry": {
        "type": "Point",
        "coordinates": [
          121.12124590282498,
          14.624624585715011
        ]
      }
    },
    {
      "type": "Feature",
      "properties": {
        "id": "STOP_0174",
        "name": "Cogeo - Cubao via Marcos Hi-way (Stop)"
      },
      "geometry": {
        "type": "Point",
        "coordinates": [
          121.12414852180964,
          14.625238978256228
        ]
      }
    },
    {
      "type": "Feature",
      "properties": {
        "id": "STOP_0175",
        "name": "Cogeo - Cubao via Marcos Hi-way (Stop)"
      },
      "geometry": {
        "type": "Point",
        "coordinates": [
          121.12629716164862,
          14.625193034107998
        ]
      }
    },
    {
      "type": "Feature",
      "properties": {
        "id": "STOP_0176",
        "name": "Cogeo - Cubao via Marcos Hi-way (Stop)"
      },
      "geometry": {
        "type": "Point",
        "coordinates": [
          121.13176076800384,
          14.624398145020306
        ]
      }
    },
    {
      "type": "Feature",
      "properties": {
        "id": "STOP_0177",
        "name": "Cogeo - Cubao via Marcos Hi-way (Stop)"
      },
      "geometry": {
        "type": "Point",
        "coordinates": [
          121.13503300737021,
          14.624375222326972
        ]
      }
    },
    {
      "type": "Feature",
      "properties": {
        "id": "STOP_0178",
        "name": "Cogeo - Cubao via Marcos Hi-way (Stop)"
      },
      "geometry": {
        "type": "Point",
        "coordinates": [
          121.13921528042833,
          14.625055347072363
        ]
      }
    },
    {
      "type": "Feature",
      "properties": {
        "id": "STOP_0179",
        "name": "Cogeo - Cubao via Marcos Hi-way (Stop)"
      },
      "geometry": {
        "type": "Point",
        "coordinates": [
          121.14257292371833,
          14.625705886734185
        ]
      }
    },
    {
      "type": "Feature",
      "properties": {
        "id": "STOP_0180",
        "name": "Cogeo - Cubao via Marcos Hi-way (Stop)"
      },
      "geometry": {
        "type": "Point",
        "coordinates": [
          121.14499753238026,
          14.625791355700896
        ]
      }
    },
    {
      "type": "Feature",
      "properties": {
        "id": "STOP_0181",
        "name": "Cogeo - Cubao via Marcos Hi-way (Stop)"
      },
      "geometry": {
        "type": "Point",
        "coordinates": [
          121.14681108069458,
          14.625016095650487
        ]
      }
    },
    {
      "type": "Feature",
      "properties": {
        "id": "STOP_0182",
        "name": "Cogeo - Cubao via Marcos Hi-way (Stop)"
      },
      "geometry": {
        "type": "Point",
        "coordinates": [
          121.14936056323184,
          14.62385977208599
        ]
      }
    },
    {
      "type": "Feature",
      "properties": {
        "id": "STOP_0183",
        "name": "Cogeo - Cubao via Marcos Hi-way (Stop)"
      },
      "geometry": {
        "type": "Point",
        "coordinates": [
          121.15149606075587,
          14.623846679373342
        ]
      }
    },
    {
      "type": "Feature",
      "properties": {
        "id": "STOP_0184",
        "name": "Cogeo - Cubao via Marcos Hi-way (Stop)"
      },
      "geometry": {
        "type": "Point",
        "coordinates": [
          121.15405209287648,
          14.62358392297319
        ]
      }
    },
    {
      "type": "Feature",
      "properties": {
        "id": "STOP_0185",
        "name": "Cogeo - Cubao via Marcos Hi-way (Stop)"
      },
      "geometry": {
        "type": "Point",
        "coordinates": [
          121.15608246756905,
          14.623176607158749
        ]
      }
    },
    {
      "type": "Feature",
      "properties": {
        "id": "STOP_0186",
        "name": "Cogeo - Cubao via Marcos Hi-way (Stop)"
      },
      "geometry": {
        "type": "Point",
        "coordinates": [
          121.15461718093897,
          14.623472239792724
        ]
      }
    },
    {
      "type": "Feature",
      "properties": {
        "id": "STOP_0187",
        "name": "Cogeo - Cubao via Marcos Hi-way (Stop)"
      },
      "geometry": {
        "type": "Point",
        "coordinates": [
          121.1524603183635,
          14.623910761908022
        ]
      }
    },
    {
      "type": "Feature",
      "properties": {
        "id": "STOP_0188",
        "name": "Cogeo - Cubao via Marcos Hi-way (Stop)"
      },
      "geometry": {
        "type": "Point",
        "coordinates": [
          121.14928335582108,
          14.623900835011947
        ]
      }
    },
    {
      "type": "Feature",
      "properties": {
        "id": "STOP_0189",
        "name": "Cogeo - Cubao via Marcos Hi-way (Stop)"
      },
      "geometry": {
        "type": "Point",
        "coordinates": [
          121.14700163567298,
          14.624892905949572
        ]
      }
    },
    {
      "type": "Feature",
      "properties": {
        "id": "STOP_0190",
        "name": "Cogeo - Cubao via Marcos Hi-way (Stop)"
      },
      "geometry": {
        "type": "Point",
        "coordinates": [
          121.14497289132719,
          14.625820921703056
        ]
      }
    },
    {
      "type": "Feature",
      "properties": {
        "id": "STOP_0191",
        "name": "Cogeo - Cubao via Marcos Hi-way (Stop)"
      },
      "geometry": {
        "type": "Point",
        "coordinates": [
          121.1420423360009,
          14.62565495463438
        ]
      }
    },
    {
      "type": "Feature",
      "properties": {
        "id": "STOP_0192",
        "name": "Cogeo - Cubao via Marcos Hi-way (Stop)"
      },
      "geometry": {
        "type": "Point",
        "coordinates": [
          121.1400251219718,
          14.625254118225103
        ]
      }
    },
    {
      "type": "Feature",
      "properties": {
        "id": "STOP_0193",
        "name": "Cogeo - Cubao via Marcos Hi-way (Stop)"
      },
      "geometry": {
        "type": "Point",
        "coordinates": [
          121.13789538576685,
          14.624764579620102
        ]
      }
    },
    {
      "type": "Feature",
      "properties": {
        "id": "STOP_0194",
        "name": "Cogeo - Cubao via Marcos Hi-way (Stop)"
      },
      "geometry": {
        "type": "Point",
        "coordinates": [
          121.13508967948057,
          14.624404790156023
        ]
      }
    },
    {
      "type": "Feature",
      "properties": {
        "id": "STOP_0195",
        "name": "Cogeo - Cubao via Marcos Hi-way (Stop)"
      },
      "geometry": {
        "type": "Point",
        "coordinates": [
          121.13187000627761,
          14.624424428857507
        ]
      }
    },
    {
      "type": "Feature",
      "properties": {
        "id": "STOP_0196",
        "name": "Cogeo - Cubao via Marcos Hi-way (Stop)"
      },
      "geometry": {
        "type": "Point",
        "coordinates": [
          121.12504624763135,
          14.625422968106403
        ]
      }
    },
    {
      "type": "Feature",
      "properties": {
        "id": "STOP_0197",
        "name": "Cogeo - Cubao via Marcos Hi-way (Stop)"
      },
      "geometry": {
        "type": "Point",
        "coordinates": [
          121.1221025547762,
          14.62508781433801
        ]
      }
    },
    {
      "type": "Feature",
      "properties": {
        "id": "STOP_0198",
        "name": "Cogeo - Cubao via Marcos Hi-way (Stop)"
      },
      "geometry": {
        "type": "Point",
        "coordinates": [
          121.1163663099444,
          14.623852460458254
        ]
      }
    },
    {
      "type": "Feature",
      "properties": {
        "id": "STOP_0199",
        "name": "Cogeo - Cubao via Marcos Hi-way (Stop)"
      },
      "geometry": {
        "type": "Point",
        "coordinates": [
          121.10457842327072,
          14.621401456641303
        ]
      }
    },
    {
      "type": "Feature",
      "properties": {
        "id": "STOP_0200",
        "name": "Cogeo - Cubao via Marcos Hi-way (Stop)"
      },
      "geometry": {
        "type": "Point",
        "coordinates": [
          121.10092509851383,
          14.620632644102578
        ]
      }
    },
    {
      "type": "Feature",
      "properties": {
        "id": "STOP_0201",
        "name": "Cogeo - Cubao via Marcos Hi-way (Stop)"
      },
      "geometry": {
        "type": "Point",
        "coordinates": [
          121.09715021506855,
          14.619847402967045
        ]
      }
    },
    {
      "type": "Feature",
      "properties": {
        "id": "STOP_0202",
        "name": "Cogeo - Cubao via Marcos Hi-way (Stop)"
      },
      "geometry": {
        "type": "Point",
        "coordinates": [
          121.09433137263895,
          14.619259293684623
        ]
      }
    },
    {
      "type": "Feature",
      "properties": {
        "id": "STOP_0203",
        "name": "Cogeo - Cubao via Marcos Hi-way (Stop)"
      },
      "geometry": {
        "type": "Point",
        "coordinates": [
          121.09162751735276,
          14.618720464578551
        ]
      }
    },
    {
      "type": "Feature",
      "properties": {
        "id": "STOP_0204",
        "name": "Cogeo - Cubao via Marcos Hi-way (Stop)"
      },
      "geometry": {
        "type": "Point",
        "coordinates": [
          121.08965956329376,
          14.619193485259364
        ]
      }
    },
    {
      "type": "Feature",
      "properties": {
        "id": "STOP_0205",
        "name": "Cogeo - Cubao via Marcos Hi-way (Stop)"
      },
      "geometry": {
        "type": "Point",
        "coordinates": [
          121.08429769624044,
          14.624521915264841
        ]
      }
    },
    {
      "type": "Feature",
      "properties": {
        "id": "STOP_0206",
        "name": "Cogeo - Cubao via Marcos Hi-way (Stop)"
      },
      "geometry": {
        "type": "Point",
        "coordinates": [
          121.08225085731932,
          14.626502828563218
        ]
      }
    },
    {
      "type": "Feature",
      "properties": {
        "id": "STOP_0207",
        "name": "Cogeo - Cubao via Marcos Hi-way (Stop)"
      },
      "geometry": {
        "type": "Point",
        "coordinates": [
          121.08077896580443,
          14.628237366814615
        ]
      }
    },
    {
      "type": "Feature",
      "properties": {
        "id": "STOP_0208",
        "name": "Cogeo - Cubao via Marcos Hi-way (Stop)"
      },
      "geometry": {
        "type": "Point",
        "coordinates": [
          121.07962247859112,
          14.62964339486117
        ]
      }
    },
    {
      "type": "Feature",
      "properties": {
        "id": "STOP_0209",
        "name": "Cogeo - Cubao via Marcos Hi-way (Stop)"
      },
      "geometry": {
        "type": "Point",
        "coordinates": [
          121.07866311217764,
          14.631134841837037
        ]
      }
    },
    {
      "type": "Feature",
      "properties": {
        "id": "STOP_0210",
        "name": "Cogeo - Cubao via Marcos Hi-way (Stop)"
      },
      "geometry": {
        "type": "Point",
        "coordinates": [
          121.07739902986582,
          14.632494053759983
        ]
      }
    },
    {
      "type": "Feature",
      "properties": {
        "id": "STOP_0211",
        "name": "Cogeo - Cubao via Marcos Hi-way (Stop)"
      },
      "geometry": {
        "type": "Point",
        "coordinates": [
          121.07576783600904,
          14.63259914265404
        ]
      }
    },
    {
      "type": "Feature",
      "properties": {
        "id": "STOP_0212",
        "name": "Cogeo - Cubao via Marcos Hi-way (Stop)"
      },
      "geometry": {
        "type": "Point",
        "coordinates": [
          121.07333011255467,
          14.631383573892784
        ]
      }
    },
    {
      "type": "Feature",
      "properties": {
        "id": "STOP_0213",
        "name": "Cogeo - Cubao via Marcos Hi-way (Stop)"
      },
      "geometry": {
        "type": "Point",
        "coordinates": [
          121.06769082104172,
          14.628684677613434
        ]
      }
    },
    {
      "type": "Feature",
      "properties": {
        "id": "STOP_0214",
        "name": "Cogeo - Cubao via Marcos Hi-way (Stop)"
      },
      "geometry": {
        "type": "Point",
        "coordinates": [
          121.06323586630673,
          14.627794295659717
        ]
      }
    },
    {
      "type": "Feature",
      "properties": {
        "id": "STOP_0215",
        "name": "Cogeo - Cubao via Marcos Hi-way (Stop)"
      },
      "geometry": {
        "type": "Point",
        "coordinates": [
          121.05594240321618,
          14.62435784088311
        ]
      }
    },
    {
      "type": "Feature",
      "properties": {
        "id": "STOP_0216",
        "name": "Cogeo - Cubao via Marcos Hi-way (Stop)"
      },
      "geometry": {
        "type": "Point",
        "coordinates": [
          121.05357038533391,
          14.623227688092884
        ]
      }
    },
    {
      "type": "Feature",
      "properties": {
        "id": "STOP_0217",
        "name": "Cogeo - Cubao via Marcos Hi-way (Stop)"
      },
      "geometry": {
        "type": "Point",
        "coordinates": [
          121.05171745195165,
          14.622334079417893
        ]
      }
    },
    {
      "type": "Feature",
      "properties": {
        "id": "STOP_0218",
        "name": "Cogeo - Cubao via Marcos Hi-way (Stop)"
      },
      "geometry": {
        "type": "Point",
        "coordinates": [
          121.05029818613727,
          14.621552176366611
        ]
      }
    },
    {
      "type": "Feature",
      "properties": {
        "id": "STOP_0219",
        "name": "Cogeo - Cubao via Marcos Hi-way (End)"
      },
      "geometry": {
        "type": "Point",
        "coordinates": [
          121.05282133089793,
          14.622708613935984
        ]
      }
    },
    {
      "type": "Feature",
      "properties": {
        "id": "STOP_0220",
        "name": "Lagro-Blumentritt (Start)"
      },
      "geometry": {
        "type": "Point",
        "coordinates": [
          121.04121994423726,
          14.721970683135288
        ]
      }
    },
    {
      "type": "Feature",
      "properties": {
        "id": "STOP_0221",
        "name": "Lagro-Blumentritt (Stop)"
      },
      "geometry": {
        "type": "Point",
        "coordinates": [
          121.03978756154092,
          14.720147379751234
        ]
      }
    },
    {
      "type": "Feature",
      "properties": {
        "id": "STOP_0222",
        "name": "Lagro-Blumentritt (Stop)"
      },
      "geometry": {
        "type": "Point",
        "coordinates": [
          121.04032644404644,
          14.716763663208289
        ]
      }
    },
    {
      "type": "Feature",
      "properties": {
        "id": "STOP_0223",
        "name": "Lagro-Blumentritt (Stop)"
      },
      "geometry": {
        "type": "Point",
        "coordinates": [
          121.04041847639058,
          14.715002812322465
        ]
      }
    },
    {
      "type": "Feature",
      "properties": {
        "id": "STOP_0224",
        "name": "Lagro-Blumentritt (Stop)"
      },
      "geometry": {
        "type": "Point",
        "coordinates": [
          121.03981403686618,
          14.712026431660517
        ]
      }
    },
    {
      "type": "Feature",
      "properties": {
        "id": "STOP_0225",
        "name": "Lagro-Blumentritt (Stop)"
      },
      "geometry": {
        "type": "Point",
        "coordinates": [
          121.03935741449251,
          14.710104594982715
        ]
      }
    },
    {
      "type": "Feature",
      "properties": {
        "id": "STOP_0226",
        "name": "Lagro-Blumentritt (Stop)"
      },
      "geometry": {
        "type": "Point",
        "coordinates": [
          121.0388038802034,
          14.707895303464719
        ]
      }
    },
    {
      "type": "Feature",
      "properties": {
        "id": "STOP_0227",
        "name": "Lagro-Blumentritt (Stop)"
      },
      "geometry": {
        "type": "Point",
        "coordinates": [
          121.03822405637622,
          14.705960323339358
        ]
      }
    },
    {
      "type": "Feature",
      "properties": {
        "id": "STOP_0228",
        "name": "Lagro-Blumentritt (Stop)"
      },
      "geometry": {
        "type": "Point",
        "coordinates": [
          121.03718592330242,
          14.70396948498925
        ]
      }
    },
    {
      "type": "Feature",
      "properties": {
        "id": "STOP_0229",
        "name": "Lagro-Blumentritt (Stop)"
      },
      "geometry": {
        "type": "Point",
        "coordinates": [
          121.03612478151953,
          14.70244514074353
        ]
      }
    },
    {
      "type": "Feature",
      "properties": {
        "id": "STOP_0230",
        "name": "Lagro-Blumentritt (Stop)"
      },
      "geometry": {
        "type": "Point",
        "coordinates": [
          121.03485666512604,
          14.700736822148565
        ]
      }
    },
    {
      "type": "Feature",
      "properties": {
        "id": "STOP_0231",
        "name": "Lagro-Blumentritt (Stop)"
      },
      "geometry": {
        "type": "Point",
        "coordinates": [
          121.03370682904061,
          14.69874926647571
        ]
      }
    },
    {
      "type": "Feature",
      "properties": {
        "id": "STOP_0232",
        "name": "Lagro-Blumentritt (Stop)"
      },
      "geometry": {
        "type": "Point",
        "coordinates": [
          121.03236972992723,
          14.69660730345828
        ]
      }
    },
    {
      "type": "Feature",
      "properties": {
        "id": "STOP_0233",
        "name": "Lagro-Blumentritt (Stop)"
      },
      "geometry": {
        "type": "Point",
        "coordinates": [
          121.03110162100259,
          14.694583608232955
        ]
      }
    },
    {
      "type": "Feature",
      "properties": {
        "id": "STOP_0234",
        "name": "Lagro-Blumentritt (Stop)"
      },
      "geometry": {
        "type": "Point",
        "coordinates": [
          121.03003719142812,
          14.693161104299412
        ]
      }
    },
    {
      "type": "Feature",
      "properties": {
        "id": "STOP_0235",
        "name": "Lagro-Blumentritt (Stop)"
      },
      "geometry": {
        "type": "Point",
        "coordinates": [
          121.02804301918447,
          14.69089428996277
        ]
      }
    },
    {
      "type": "Feature",
      "properties": {
        "id": "STOP_0236",
        "name": "Lagro-Blumentritt (Stop)"
      },
      "geometry": {
        "type": "Point",
        "coordinates": [
          121.0265301421822,
          14.68917611037258
        ]
      }
    },
    {
      "type": "Feature",
      "properties": {
        "id": "STOP_0237",
        "name": "Lagro-Blumentritt (Stop)"
      },
      "geometry": {
        "type": "Point",
        "coordinates": [
          121.024989340224,
          14.687425078424946
        ]
      }
    },
    {
      "type": "Feature",
      "properties": {
        "id": "STOP_0238",
        "name": "Lagro-Blumentritt (Stop)"
      },
      "geometry": {
        "type": "Point",
        "coordinates": [
          121.02402018730454,
          14.685976295251445
        ]
      }
    },
    {
      "type": "Feature",
      "properties": {
        "id": "STOP_0239",
        "name": "Lagro-Blumentritt (Stop)"
      },
      "geometry": {
        "type": "Point",
        "coordinates": [
          121.02312002115028,
          14.684790327491301
        ]
      }
    },
    {
      "type": "Feature",
      "properties": {
        "id": "STOP_0240",
        "name": "Lagro-Blumentritt (Stop)"
      },
      "geometry": {
        "type": "Point",
        "coordinates": [
          121.02163177672058,
          14.683400665790678
        ]
      }
    },
    {
      "type": "Feature",
      "properties": {
        "id": "STOP_0241",
        "name": "Lagro-Blumentritt (Stop)"
      },
      "geometry": {
        "type": "Point",
        "coordinates": [
          121.01883928052469,
          14.680141711224103
        ]
      }
    },
    {
      "type": "Feature",
      "properties": {
        "id": "STOP_0242",
        "name": "Lagro-Blumentritt (Stop)"
      },
      "geometry": {
        "type": "Point",
        "coordinates": [
          121.0172196339478,
          14.678200137469338
        ]
      }
    },
    {
      "type": "Feature",
      "properties": {
        "id": "STOP_0243",
        "name": "Lagro-Blumentritt (Stop)"
      },
      "geometry": {
        "type": "Point",
        "coordinates": [
          121.01567554730853,
          14.676419538903291
        ]
      }
    },
    {
      "type": "Feature",
      "properties": {
        "id": "STOP_0244",
        "name": "Lagro-Blumentritt (Stop)"
      },
      "geometry": {
        "type": "Point",
        "coordinates": [
          121.01362881574518,
          14.673866913342723
        ]
      }
    },
    {
      "type": "Feature",
      "properties": {
        "id": "STOP_0245",
        "name": "Lagro-Blumentritt (Stop)"
      },
      "geometry": {
        "type": "Point",
        "coordinates": [
          121.0124296889176,
          14.672303143960077
        ]
      }
    },
    {
      "type": "Feature",
      "properties": {
        "id": "STOP_0246",
        "name": "Lagro-Blumentritt (Stop)"
      },
      "geometry": {
        "type": "Point",
        "coordinates": [
          121.01032381365857,
          14.670039612325366
        ]
      }
    },
    {
      "type": "Feature",
      "properties": {
        "id": "STOP_0247",
        "name": "Lagro-Blumentritt (Stop)"
      },
      "geometry": {
        "type": "Point",
        "coordinates": [
          121.00889470770905,
          14.668580963328392
        ]
      }
    },
    {
      "type": "Feature",
      "properties": {
        "id": "STOP_0248",
        "name": "Lagro-Blumentritt (Stop)"
      },
      "geometry": {
        "type": "Point",
        "coordinates": [
          121.00764136984715,
          14.667112462758912
        ]
      }
    },
    {
      "type": "Feature",
      "properties": {
        "id": "STOP_0249",
        "name": "Lagro-Blumentritt (Stop)"
      },
      "geometry": {
        "type": "Point",
        "coordinates": [
          121.00653422114418,
          14.666077608338455
        ]
      }
    },
    {
      "type": "Feature",
      "properties": {
        "id": "STOP_0250",
        "name": "Lagro-Blumentritt (Stop)"
      },
      "geometry": {
        "type": "Point",
        "coordinates": [
          121.00471414542612,
          14.665019741701386
        ]
      }
    },
    {
      "type": "Feature",
      "properties": {
        "id": "STOP_0251",
        "name": "Lagro-Blumentritt (Stop)"
      },
      "geometry": {
        "type": "Point",
        "coordinates": [
          121.00320945331438,
          14.664507220899326
        ]
      }
    },
    {
      "type": "Feature",
      "properties": {
        "id": "STOP_0252",
        "name": "Lagro-Blumentritt (Stop)"
      },
      "geometry": {
        "type": "Point",
        "coordinates": [
          121.00210066328196,
          14.663414875911714
        ]
      }
    },
    {
      "type": "Feature",
      "properties": {
        "id": "STOP_0253",
        "name": "Lagro-Blumentritt (Stop)"
      },
      "geometry": {
        "type": "Point",
        "coordinates": [
          121.00043828582427,
          14.662357012815436
        ]
      }
    },
    {
      "type": "Feature",
      "properties": {
        "id": "STOP_0254",
        "name": "Lagro-Blumentritt (Stop)"
      },
      "geometry": {
        "type": "Point",
        "coordinates": [
          120.99997184031493,
          14.659042262576557
        ]
      }
    },
    {
      "type": "Feature",
      "properties": {
        "id": "STOP_0255",
        "name": "Lagro-Blumentritt (Stop)"
      },
      "geometry": {
        "type": "Point",
        "coordinates": [
          120.99998831694285,
          14.656943037274536
        ]
      }
    },
    {
      "type": "Feature",
      "properties": {
        "id": "STOP_0256",
        "name": "Lagro-Blumentritt (Stop)"
      },
      "geometry": {
        "type": "Point",
        "coordinates": [
          120.99911772497097,
          14.655513967390737
        ]
      }
    },
    {
      "type": "Feature",
      "properties": {
        "id": "STOP_0257",
        "name": "Lagro-Blumentritt (Stop)"
      },
      "geometry": {
        "type": "Point",
        "coordinates": [
          120.99786603703633,
          14.653739945768162
        ]
      }
    },
    {
      "type": "Feature",
      "properties": {
        "id": "STOP_0258",
        "name": "Lagro-Blumentritt (Stop)"
      },
      "geometry": {
        "type": "Point",
        "coordinates": [
          120.9969133232379,
          14.65177539081767
        ]
      }
    },
    {
      "type": "Feature",
      "properties": {
        "id": "STOP_0259",
        "name": "Lagro-Blumentritt (Stop)"
      },
      "geometry": {
        "type": "Point",
        "coordinates": [
          120.9955861034603,
          14.648654446509225
        ]
      }
    },
    {
      "type": "Feature",
      "properties": {
        "id": "STOP_0260",
        "name": "Lagro-Blumentritt (Stop)"
      },
      "geometry": {
        "type": "Point",
        "coordinates": [
          120.99428516361463,
          14.645664909727373
        ]
      }
    },
    {
      "type": "Feature",
      "properties": {
        "id": "STOP_0261",
        "name": "Lagro-Blumentritt (Stop)"
      },
      "geometry": {
        "type": "Point",
        "coordinates": [
          120.99373982220945,
          14.644324546838524
        ]
      }
    },
    {
      "type": "Feature",
      "properties": {
        "id": "STOP_0262",
        "name": "Lagro-Blumentritt (Stop)"
      },
      "geometry": {
        "type": "Point",
        "coordinates": [
          120.99291359365452,
          14.642440481490027
        ]
      }
    },
    {
      "type": "Feature",
      "properties": {
        "id": "STOP_0263",
        "name": "Lagro-Blumentritt (Stop)"
      },
      "geometry": {
        "type": "Point",
        "coordinates": [
          120.99204630091839,
          14.640426650884702
        ]
      }
    },
    {
      "type": "Feature",
      "properties": {
        "id": "STOP_0264",
        "name": "Lagro-Blumentritt (Stop)"
      },
      "geometry": {
        "type": "Point",
        "coordinates": [
          120.99254571797589,
          14.638770934848777
        ]
      }
    },
    {
      "type": "Feature",
      "properties": {
        "id": "STOP_0265",
        "name": "Lagro-Blumentritt (Stop)"
      },
      "geometry": {
        "type": "Point",
        "coordinates": [
          120.99321268562421,
          14.637276196062803
        ]
      }
    },
    {
      "type": "Feature",
      "properties": {
        "id": "STOP_0266",
        "name": "Lagro-Blumentritt (Stop)"
      },
      "geometry": {
        "type": "Point",
        "coordinates": [
          120.99247024871147,
          14.634782733002737
        ]
      }
    },
    {
      "type": "Feature",
      "properties": {
        "id": "STOP_0267",
        "name": "Lagro-Blumentritt (Stop)"
      },
      "geometry": {
        "type": "Point",
        "coordinates": [
          120.99083424785395,
          14.629776092471555
        ]
      }
    },
    {
      "type": "Feature",
      "properties": {
        "id": "STOP_0268",
        "name": "Lagro-Blumentritt (Stop)"
      },
      "geometry": {
        "type": "Point",
        "coordinates": [
          120.99012465704297,
          14.627607862304922
        ]
      }
    },
    {
      "type": "Feature",
      "properties": {
        "id": "STOP_0269",
        "name": "Lagro-Blumentritt (Stop)"
      },
      "geometry": {
        "type": "Point",
        "coordinates": [
          120.98977972155424,
          14.626364416551654
        ]
      }
    },
    {
      "type": "Feature",
      "properties": {
        "id": "STOP_0270",
        "name": "Lagro-Blumentritt (Stop)"
      },
      "geometry": {
        "type": "Point",
        "coordinates": [
          120.98866598765294,
          14.62593896162123
        ]
      }
    },
    {
      "type": "Feature",
      "properties": {
        "id": "STOP_0271",
        "name": "Lagro-Blumentritt (Stop)"
      },
      "geometry": {
        "type": "Point",
        "coordinates": [
          120.98630054671247,
          14.624545995105974
        ]
      }
    },
    {
      "type": "Feature",
      "properties": {
        "id": "STOP_0272",
        "name": "Lagro-Blumentritt (Stop)"
      },
      "geometry": {
        "type": "Point",
        "coordinates": [
          120.98467758782614,
          14.623741091247684
        ]
      }
    },
    {
      "type": "Feature",
      "properties": {
        "id": "STOP_0273",
        "name": "Lagro-Blumentritt (Stop)"
      },
      "geometry": {
        "type": "Point",
        "coordinates": [
          120.9831269052081,
          14.623024888685505
        ]
      }
    },
    {
      "type": "Feature",
      "properties": {
        "id": "STOP_0274",
        "name": "Lagro-Blumentritt (End)"
      },
      "geometry": {
        "type": "Point",
        "coordinates": [
          120.98308091081542,
          14.622985465575583
        ]
      }
    },
    {
      "type": "Feature",
      "properties": {
        "id": "STOP_0275",
        "name": "Malinta - Novaliches (TP) (Start)"
      },
      "geometry": {
        "type": "Point",
        "coordinates": [
          121.04120844519211,
          14.721979717104363
        ]
      }
    },
    {
      "type": "Feature",
      "properties": {
        "id": "STOP_0276",
        "name": "Malinta - Novaliches (TP) (Stop)"
      },
      "geometry": {
        "type": "Point",
        "coordinates": [
          121.0349399430731,
          14.721821888190231
        ]
      }
    },
    {
      "type": "Feature",
      "properties": {
        "id": "STOP_0277",
        "name": "Malinta - Novaliches (TP) (Stop)"
      },
      "geometry": {
        "type": "Point",
        "coordinates": [
          121.03010387521249,
          14.721309292669249
        ]
      }
    },
    {
      "type": "Feature",
      "properties": {
        "id": "STOP_0278",
        "name": "Malinta - Novaliches (TP) (Stop)"
      },
      "geometry": {
        "type": "Point",
        "coordinates": [
          121.0271996284649,
          14.720060861620729
        ]
      }
    },
    {
      "type": "Feature",
      "properties": {
        "id": "STOP_0279",
        "name": "Malinta - Novaliches (TP) (Stop)"
      },
      "geometry": {
        "type": "Point",
        "coordinates": [
          121.02484731567286,
          14.719232945152418
        ]
      }
    },
    {
      "type": "Feature",
      "properties": {
        "id": "STOP_0280",
        "name": "Malinta - Novaliches (TP) (Stop)"
      },
      "geometry": {
        "type": "Point",
        "coordinates": [
          121.02153564378938,
          14.719587669609288
        ]
      }
    },
    {
      "type": "Feature",
      "properties": {
        "id": "STOP_0281",
        "name": "Malinta - Novaliches (TP) (Stop)"
      },
      "geometry": {
        "type": "Point",
        "coordinates": [
          121.01895988592192,
          14.720415475551183
        ]
      }
    },
    {
      "type": "Feature",
      "properties": {
        "id": "STOP_0282",
        "name": "Malinta - Novaliches (TP) (Stop)"
      },
      "geometry": {
        "type": "Point",
        "coordinates": [
          121.01560880533494,
          14.720100023740104
        ]
      }
    },
    {
      "type": "Feature",
      "properties": {
        "id": "STOP_0283",
        "name": "Malinta - Novaliches (TP) (Stop)"
      },
      "geometry": {
        "type": "Point",
        "coordinates": [
          121.01362444985624,
          14.719495507316799
        ]
      }
    },
    {
      "type": "Feature",
      "properties": {
        "id": "STOP_0284",
        "name": "Malinta - Novaliches (TP) (Stop)"
      },
      "geometry": {
        "type": "Point",
        "coordinates": [
          121.01118012524618,
          14.719561155963952
        ]
      }
    },
    {
      "type": "Feature",
      "properties": {
        "id": "STOP_0285",
        "name": "Malinta - Novaliches (TP) (Stop)"
      },
      "geometry": {
        "type": "Point",
        "coordinates": [
          121.008091874777,
          14.719258850740328
        ]
      }
    },
    {
      "type": "Feature",
      "properties": {
        "id": "STOP_0286",
        "name": "Malinta - Novaliches (TP) (Stop)"
      },
      "geometry": {
        "type": "Point",
        "coordinates": [
          121.00588410377838,
          14.7190616908152
        ]
      }
    },
    {
      "type": "Feature",
      "properties": {
        "id": "STOP_0287",
        "name": "Malinta - Novaliches (TP) (Stop)"
      },
      "geometry": {
        "type": "Point",
        "coordinates": [
          121.00484593879926,
          14.71841777353011
        ]
      }
    },
    {
      "type": "Feature",
      "properties": {
        "id": "STOP_0288",
        "name": "Malinta - Novaliches (TP) (Stop)"
      },
      "geometry": {
        "type": "Point",
        "coordinates": [
          121.00384721487507,
          14.717077400354523
        ]
      }
    },
    {
      "type": "Feature",
      "properties": {
        "id": "STOP_0289",
        "name": "Malinta - Novaliches (TP) (Stop)"
      },
      "geometry": {
        "type": "Point",
        "coordinates": [
          121.00030563961045,
          14.714337486250665
        ]
      }
    },
    {
      "type": "Feature",
      "properties": {
        "id": "STOP_0290",
        "name": "Malinta - Novaliches (TP) (Stop)"
      },
      "geometry": {
        "type": "Point",
        "coordinates": [
          120.99690861454995,
          14.71187352996241
        ]
      }
    },
    {
      "type": "Feature",
      "properties": {
        "id": "STOP_0291",
        "name": "Malinta - Novaliches (TP) (Stop)"
      },
      "geometry": {
        "type": "Point",
        "coordinates": [
          120.99514440047673,
          14.710385306816523
        ]
      }
    },
    {
      "type": "Feature",
      "properties": {
        "id": "STOP_0292",
        "name": "Malinta - Novaliches (TP) (Stop)"
      },
      "geometry": {
        "type": "Point",
        "coordinates": [
          120.99410624323498,
          14.709414514775933
        ]
      }
    },
    {
      "type": "Feature",
      "properties": {
        "id": "STOP_0293",
        "name": "Malinta - Novaliches (TP) (Stop)"
      },
      "geometry": {
        "type": "Point",
        "coordinates": [
          120.99270176894896,
          14.708322163101277
        ]
      }
    },
    {
      "type": "Feature",
      "properties": {
        "id": "STOP_0294",
        "name": "Malinta - Novaliches (TP) (Stop)"
      },
      "geometry": {
        "type": "Point",
        "coordinates": [
          120.99137449974238,
          14.707287303694235
        ]
      }
    },
    {
      "type": "Feature",
      "properties": {
        "id": "STOP_0295",
        "name": "Malinta - Novaliches (TP) (Stop)"
      },
      "geometry": {
        "type": "Point",
        "coordinates": [
          120.98976798214099,
          14.705874643078483
        ]
      }
    },
    {
      "type": "Feature",
      "properties": {
        "id": "STOP_0296",
        "name": "Malinta - Novaliches (TP) (Stop)"
      },
      "geometry": {
        "type": "Point",
        "coordinates": [
          120.9885589829746,
          14.704994189477064
        ]
      }
    },
    {
      "type": "Feature",
      "properties": {
        "id": "STOP_0297",
        "name": "Malinta - Novaliches (TP) (Stop)"
      },
      "geometry": {
        "type": "Point",
        "coordinates": [
          120.98707400928117,
          14.70422214040784
        ]
      }
    },
    {
      "type": "Feature",
      "properties": {
        "id": "STOP_0298",
        "name": "Malinta - Novaliches (TP) (Stop)"
      },
      "geometry": {
        "type": "Point",
        "coordinates": [
          120.98597014252269,
          14.703331833645123
        ]
      }
    },
    {
      "type": "Feature",
      "properties": {
        "id": "STOP_0299",
        "name": "Malinta - Novaliches (TP) (Stop)"
      },
      "geometry": {
        "type": "Point",
        "coordinates": [
          120.98411393740372,
          14.7018600343088
        ]
      }
    },
    {
      "type": "Feature",
      "properties": {
        "id": "STOP_0300",
        "name": "Malinta - Novaliches (TP) (Stop)"
      },
      "geometry": {
        "type": "Point",
        "coordinates": [
          120.98294600467511,
          14.701014075950912
        ]
      }
    },
    {
      "type": "Feature",
      "properties": {
        "id": "STOP_0301",
        "name": "Malinta - Novaliches (TP) (Stop)"
      },
      "geometry": {
        "type": "Point",
        "coordinates": [
          120.98136902671294,
          14.700816930166148
        ]
      }
    },
    {
      "type": "Feature",
      "properties": {
        "id": "STOP_0302",
        "name": "Malinta - Novaliches (TP) (Stop)"
      },
      "geometry": {
        "type": "Point",
        "coordinates": [
          120.97994154966466,
          14.699939756837756
        ]
      }
    },
    {
      "type": "Feature",
      "properties": {
        "id": "STOP_0303",
        "name": "Malinta - Novaliches (TP) (Stop)"
      },
      "geometry": {
        "type": "Point",
        "coordinates": [
          120.978361304835,
          14.698960739706207
        ]
      }
    },
    {
      "type": "Feature",
      "properties": {
        "id": "STOP_0304",
        "name": "Malinta - Novaliches (TP) (Stop)"
      },
      "geometry": {
        "type": "Point",
        "coordinates": [
          120.974806564926,
          14.697196521829312
        ]
      }
    },
    {
      "type": "Feature",
      "properties": {
        "id": "STOP_0305",
        "name": "Malinta - Novaliches (TP) (Stop)"
      },
      "geometry": {
        "type": "Point",
        "coordinates": [
          120.97182347445086,
          14.695718126864671
        ]
      }
    },
    {
      "type": "Feature",
      "properties": {
        "id": "STOP_0306",
        "name": "Malinta - Novaliches (TP) (Stop)"
      },
      "geometry": {
        "type": "Point",
        "coordinates": [
          120.96938903551406,
          14.694535409816597
        ]
      }
    },
    {
      "type": "Feature",
      "properties": {
        "id": "STOP_0307",
        "name": "Malinta - Novaliches (TP) (Stop)"
      },
      "geometry": {
        "type": "Point",
        "coordinates": [
          120.9664420841425,
          14.693060300835919
        ]
      }
    },
    {
      "type": "Feature",
      "properties": {
        "id": "STOP_0308",
        "name": "Malinta - Novaliches (TP) (Stop)"
      },
      "geometry": {
        "type": "Point",
        "coordinates": [
          120.96494889099958,
          14.692541209934241
        ]
      }
    },
    {
      "type": "Feature",
      "properties": {
        "id": "STOP_0309",
        "name": "Malinta - Novaliches (TP) (Stop)"
      },
      "geometry": {
        "type": "Point",
        "coordinates": [
          120.96417846367234,
          14.692777725132318
        ]
      }
    },
    {
      "type": "Feature",
      "properties": {
        "id": "STOP_0310",
        "name": "Malinta - Novaliches (TP) (Stop)"
      },
      "geometry": {
        "type": "Point",
        "coordinates": [
          120.96535134956558,
          14.69256421517844
        ]
      }
    },
    {
      "type": "Feature",
      "properties": {
        "id": "STOP_0311",
        "name": "Malinta - Novaliches (TP) (Stop)"
      },
      "geometry": {
        "type": "Point",
        "coordinates": [
          120.96672791854675,
          14.692794208203985
        ]
      }
    },
    {
      "type": "Feature",
      "properties": {
        "id": "STOP_0312",
        "name": "Malinta - Novaliches (TP) (Stop)"
      },
      "geometry": {
        "type": "Point",
        "coordinates": [
          120.9686219368607,
          14.692943726091622
        ]
      }
    },
    {
      "type": "Feature",
      "properties": {
        "id": "STOP_0313",
        "name": "Malinta - Novaliches (TP) (End)"
      },
      "geometry": {
        "type": "Point",
        "coordinates": [
          120.9685824841333,
          14.694132957977601
        ]
      }
    },
    {
      "type": "Feature",
      "properties": {
        "id": "STOP_0314",
        "name": "MONUMENTO-MUNOZ via BALINTAWAK (Start)"
      },
      "geometry": {
        "type": "Point",
        "coordinates": [
          121.02593270931389,
          14.656452953615299
        ]
      }
    },
    {
      "type": "Feature",
      "properties": {
        "id": "STOP_0315",
        "name": "MONUMENTO-MUNOZ via BALINTAWAK (Stop)"
      },
      "geometry": {
        "type": "Point",
        "coordinates": [
          121.02218660729457,
          14.65750973168477
        ]
      }
    },
    {
      "type": "Feature",
      "properties": {
        "id": "STOP_0316",
        "name": "MONUMENTO-MUNOZ via BALINTAWAK (Stop)"
      },
      "geometry": {
        "type": "Point",
        "coordinates": [
          121.02030821086113,
          14.657779925156731
        ]
      }
    },
    {
      "type": "Feature",
      "properties": {
        "id": "STOP_0317",
        "name": "MONUMENTO-MUNOZ via BALINTAWAK (Stop)"
      },
      "geometry": {
        "type": "Point",
        "coordinates": [
          121.01647383437216,
          14.657742380659679
        ]
      }
    },
    {
      "type": "Feature",
      "properties": {
        "id": "STOP_0318",
        "name": "MONUMENTO-MUNOZ via BALINTAWAK (Stop)"
      },
      "geometry": {
        "type": "Point",
        "coordinates": [
          121.01223809343732,
          14.657664693144143
        ]
      }
    },
    {
      "type": "Feature",
      "properties": {
        "id": "STOP_0319",
        "name": "MONUMENTO-MUNOZ via BALINTAWAK (Stop)"
      },
      "geometry": {
        "type": "Point",
        "coordinates": [
          121.01062192904337,
          14.657653954455757
        ]
      }
    },
    {
      "type": "Feature",
      "properties": {
        "id": "STOP_0320",
        "name": "MONUMENTO-MUNOZ via BALINTAWAK (Stop)"
      },
      "geometry": {
        "type": "Point",
        "coordinates": [
          121.00696147716737,
          14.657632467466753
        ]
      }
    },
    {
      "type": "Feature",
      "properties": {
        "id": "STOP_0321",
        "name": "MONUMENTO-MUNOZ via BALINTAWAK (Stop)"
      },
      "geometry": {
        "type": "Point",
        "coordinates": [
          121.00318061725405,
          14.657544087762503
        ]
      }
    },
    {
      "type": "Feature",
      "properties": {
        "id": "STOP_0322",
        "name": "MONUMENTO-MUNOZ via BALINTAWAK (Stop)"
      },
      "geometry": {
        "type": "Point",
        "coordinates": [
          120.99960846689788,
          14.65747444194757
        ]
      }
    },
    {
      "type": "Feature",
      "properties": {
        "id": "STOP_0323",
        "name": "MONUMENTO-MUNOZ via BALINTAWAK (Stop)"
      },
      "geometry": {
        "type": "Point",
        "coordinates": [
          120.99571789916807,
          14.657439571789805
        ]
      }
    },
    {
      "type": "Feature",
      "properties": {
        "id": "STOP_0324",
        "name": "MONUMENTO-MUNOZ via BALINTAWAK (Stop)"
      },
      "geometry": {
        "type": "Point",
        "coordinates": [
          120.99408300552238,
          14.657380671872314
        ]
      }
    },
    {
      "type": "Feature",
      "properties": {
        "id": "STOP_0325",
        "name": "MONUMENTO-MUNOZ via BALINTAWAK (Stop)"
      },
      "geometry": {
        "type": "Point",
        "coordinates": [
          120.99237854047989,
          14.657380633603525
        ]
      }
    },
    {
      "type": "Feature",
      "properties": {
        "id": "STOP_0326",
        "name": "MONUMENTO-MUNOZ via BALINTAWAK (Stop)"
      },
      "geometry": {
        "type": "Point",
        "coordinates": [
          120.99049747535994,
          14.657351159764355
        ]
      }
    },
    {
      "type": "Feature",
      "properties": {
        "id": "STOP_0327",
        "name": "MONUMENTO-MUNOZ via BALINTAWAK (Stop)"
      },
      "geometry": {
        "type": "Point",
        "coordinates": [
          120.98829799369219,
          14.657321678776086
        ]
      }
    },
    {
      "type": "Feature",
      "properties": {
        "id": "STOP_0328",
        "name": "MONUMENTO-MUNOZ via BALINTAWAK (Stop)"
      },
      "geometry": {
        "type": "Point",
        "coordinates": [
          120.98597007496971,
          14.657297546105161
        ]
      }
    },
    {
      "type": "Feature",
      "properties": {
        "id": "STOP_0329",
        "name": "MONUMENTO-MUNOZ via BALINTAWAK (Stop)"
      },
      "geometry": {
        "type": "Point",
        "coordinates": [
          120.98417195844134,
          14.657278776530376
        ]
      }
    },
    {
      "type": "Feature",
      "properties": {
        "id": "STOP_0330",
        "name": "MONUMENTO-MUNOZ via BALINTAWAK (Stop)"
      },
      "geometry": {
        "type": "Point",
        "coordinates": [
          120.98350836958687,
          14.65719715581632
        ]
      }
    },
    {
      "type": "Feature",
      "properties": {
        "id": "STOP_0331",
        "name": "MONUMENTO-MUNOZ via BALINTAWAK (Stop)"
      },
      "geometry": {
        "type": "Point",
        "coordinates": [
          120.98415591076547,
          14.65698579791573
        ]
      }
    },
    {
      "type": "Feature",
      "properties": {
        "id": "STOP_0332",
        "name": "MONUMENTO-MUNOZ via BALINTAWAK (Stop)"
      },
      "geometry": {
        "type": "Point",
        "coordinates": [
          120.98822842948945,
          14.657076859769171
        ]
      }
    },
    {
      "type": "Feature",
      "properties": {
        "id": "STOP_0333",
        "name": "MONUMENTO-MUNOZ via BALINTAWAK (Stop)"
      },
      "geometry": {
        "type": "Point",
        "coordinates": [
          120.99061253885864,
          14.657122398505868
        ]
      }
    },
    {
      "type": "Feature",
      "properties": {
        "id": "STOP_0334",
        "name": "MONUMENTO-MUNOZ via BALINTAWAK (Stop)"
      },
      "geometry": {
        "type": "Point",
        "coordinates": [
          120.9939893585721,
          14.657170635131532
        ]
      }
    },
    {
      "type": "Feature",
      "properties": {
        "id": "STOP_0335",
        "name": "MONUMENTO-MUNOZ via BALINTAWAK (Stop)"
      },
      "geometry": {
        "type": "Point",
        "coordinates": [
          120.99675877884269,
          14.65721083131835
        ]
      }
    },
    {
      "type": "Feature",
      "properties": {
        "id": "STOP_0336",
        "name": "MONUMENTO-MUNOZ via BALINTAWAK (Stop)"
      },
      "geometry": {
        "type": "Point",
        "coordinates": [
          120.99851408216875,
          14.657267058338913
        ]
      }
    },
    {
      "type": "Feature",
      "properties": {
        "id": "STOP_0337",
        "name": "MONUMENTO-MUNOZ via BALINTAWAK (Stop)"
      },
      "geometry": {
        "type": "Point",
        "coordinates": [
          121.0016607863495,
          14.657288533793258
        ]
      }
    },
    {
      "type": "Feature",
      "properties": {
        "id": "STOP_0338",
        "name": "MONUMENTO-MUNOZ via BALINTAWAK (Stop)"
      },
      "geometry": {
        "type": "Point",
        "coordinates": [
          121.00398602821494,
          14.657358151612575
        ]
      }
    },
    {
      "type": "Feature",
      "properties": {
        "id": "STOP_0339",
        "name": "MONUMENTO-MUNOZ via BALINTAWAK (Stop)"
      },
      "geometry": {
        "type": "Point",
        "coordinates": [
          121.00677417943312,
          14.657374267815735
        ]
      }
    },
    {
      "type": "Feature",
      "properties": {
        "id": "STOP_0340",
        "name": "MONUMENTO-MUNOZ via BALINTAWAK (Stop)"
      },
      "geometry": {
        "type": "Point",
        "coordinates": [
          121.00917434372256,
          14.657406428910596
        ]
      }
    },
    {
      "type": "Feature",
      "properties": {
        "id": "STOP_0341",
        "name": "MONUMENTO-MUNOZ via BALINTAWAK (Stop)"
      },
      "geometry": {
        "type": "Point",
        "coordinates": [
          121.01314518426264,
          14.65745200327318
        ]
      }
    },
    {
      "type": "Feature",
      "properties": {
        "id": "STOP_0342",
        "name": "MONUMENTO-MUNOZ via BALINTAWAK (Stop)"
      },
      "geometry": {
        "type": "Point",
        "coordinates": [
          121.01778229039816,
          14.65753772660204
        ]
      }
    },
    {
      "type": "Feature",
      "properties": {
        "id": "STOP_0343",
        "name": "MONUMENTO-MUNOZ via BALINTAWAK (Stop)"
      },
      "geometry": {
        "type": "Point",
        "coordinates": [
          121.01986671415894,
          14.657559178206029
        ]
      }
    },
    {
      "type": "Feature",
      "properties": {
        "id": "STOP_0344",
        "name": "MONUMENTO-MUNOZ via BALINTAWAK (Stop)"
      },
      "geometry": {
        "type": "Point",
        "coordinates": [
          121.02233378148118,
          14.657219432339526
        ]
      }
    },
    {
      "type": "Feature",
      "properties": {
        "id": "STOP_0345",
        "name": "MONUMENTO-MUNOZ via BALINTAWAK (Stop)"
      },
      "geometry": {
        "type": "Point",
        "coordinates": [
          121.0248008530482,
          14.656700421243666
        ]
      }
    },
    {
      "type": "Feature",
      "properties": {
        "id": "STOP_0346",
        "name": "MCU - Sangandaan (Start)"
      },
      "geometry": {
        "type": "Point",
        "coordinates": [
          120.97184735129973,
          14.65785709842996
        ]
      }
    },
    {
      "type": "Feature",
      "properties": {
        "id": "STOP_0347",
        "name": "MCU - Sangandaan (Stop)"
      },
      "geometry": {
        "type": "Point",
        "coordinates": [
          120.97362406976042,
          14.657534728458751
        ]
      }
    },
    {
      "type": "Feature",
      "properties": {
        "id": "STOP_0348",
        "name": "MCU - Sangandaan (Stop)"
      },
      "geometry": {
        "type": "Point",
        "coordinates": [
          120.97537669587085,
          14.657652494230579
        ]
      }
    },
    {
      "type": "Feature",
      "properties": {
        "id": "STOP_0349",
        "name": "MCU - Sangandaan (Stop)"
      },
      "geometry": {
        "type": "Point",
        "coordinates": [
          120.97676542134707,
          14.657601689000256
        ]
      }
    },
    {
      "type": "Feature",
      "properties": {
        "id": "STOP_0350",
        "name": "MCU - Sangandaan (Stop)"
      },
      "geometry": {
        "type": "Point",
        "coordinates": [
          120.979310086389,
          14.657245891265692
        ]
      }
    },
    {
      "type": "Feature",
      "properties": {
        "id": "STOP_0351",
        "name": "MCU - Sangandaan (Stop)"
      },
      "geometry": {
        "type": "Point",
        "coordinates": [
          120.98159787161825,
          14.657141594211454
        ]
      }
    },
    {
      "type": "Feature",
      "properties": {
        "id": "STOP_0352",
        "name": "MCU - Sangandaan (Stop)"
      },
      "geometry": {
        "type": "Point",
        "coordinates": [
          120.98356456649425,
          14.656954346332977
        ]
      }
    },
    {
      "type": "Feature",
      "properties": {
        "id": "STOP_0353",
        "name": "MCU - Sangandaan (Stop)"
      },
      "geometry": {
        "type": "Point",
        "coordinates": [
          120.98414519987726,
          14.657315565436411
        ]
      }
    },
    {
      "type": "Feature",
      "properties": {
        "id": "STOP_0354",
        "name": "MCU - Sangandaan (Stop)"
      },
      "geometry": {
        "type": "Point",
        "coordinates": [
          120.98241130428308,
          14.65719244888412
        ]
      }
    },
    {
      "type": "Feature",
      "properties": {
        "id": "STOP_0355",
        "name": "MCU - Sangandaan (End)"
      },
      "geometry": {
        "type": "Point",
        "coordinates": [
          120.98181059537316,
          14.657137585586785
        ]
      }
    },
    {
      "type": "Feature",
      "properties": {
        "id": "STOP_0356",
        "name": "Malabon - Monumento via Letre (Start)"
      },
      "geometry": {
        "type": "Point",
        "coordinates": [
          120.95117837016393,
          14.657899443990257
        ]
      }
    },
    {
      "type": "Feature",
      "properties": {
        "id": "STOP_0357",
        "name": "Malabon - Monumento via Letre (Stop)"
      },
      "geometry": {
        "type": "Point",
        "coordinates": [
          120.95115161728728,
          14.657696097749126
        ]
      }
    },
    {
      "type": "Feature",
      "properties": {
        "id": "STOP_0358",
        "name": "Malabon - Monumento via Letre (Stop)"
      },
      "geometry": {
        "type": "Point",
        "coordinates": [
          120.95244666657321,
          14.65867004541873
        ]
      }
    },
    {
      "type": "Feature",
      "properties": {
        "id": "STOP_0359",
        "name": "Malabon - Monumento via Letre (Stop)"
      },
      "geometry": {
        "type": "Point",
        "coordinates": [
          120.95476386126259,
          14.659579801623687
        ]
      }
    },
    {
      "type": "Feature",
      "properties": {
        "id": "STOP_0360",
        "name": "Malabon - Monumento via Letre (Stop)"
      },
      "geometry": {
        "type": "Point",
        "coordinates": [
          120.95661547608077,
          14.66032098454199
        ]
      }
    },
    {
      "type": "Feature",
      "properties": {
        "id": "STOP_0361",
        "name": "Malabon - Monumento via Letre (Stop)"
      },
      "geometry": {
        "type": "Point",
        "coordinates": [
          120.9592083063788,
          14.659906324669475
        ]
      }
    },
    {
      "type": "Feature",
      "properties": {
        "id": "STOP_0362",
        "name": "Malabon - Monumento via Letre (Stop)"
      },
      "geometry": {
        "type": "Point",
        "coordinates": [
          120.96130879309183,
          14.659577272961553
        ]
      }
    },
    {
      "type": "Feature",
      "properties": {
        "id": "STOP_0363",
        "name": "Malabon - Monumento via Letre (Stop)"
      },
      "geometry": {
        "type": "Point",
        "coordinates": [
          120.96403273513256,
          14.659202750042601
        ]
      }
    },
    {
      "type": "Feature",
      "properties": {
        "id": "STOP_0364",
        "name": "Malabon - Monumento via Letre (Stop)"
      },
      "geometry": {
        "type": "Point",
        "coordinates": [
          120.96470169045452,
          14.658654266954043
        ]
      }
    },
    {
      "type": "Feature",
      "properties": {
        "id": "STOP_0365",
        "name": "Malabon - Monumento via Letre (Stop)"
      },
      "geometry": {
        "type": "Point",
        "coordinates": [
          120.96618406703709,
          14.658638246632027
        ]
      }
    },
    {
      "type": "Feature",
      "properties": {
        "id": "STOP_0366",
        "name": "Malabon - Monumento via Letre (Stop)"
      },
      "geometry": {
        "type": "Point",
        "coordinates": [
          120.967444354132,
          14.658648977329072
        ]
      }
    },
    {
      "type": "Feature",
      "properties": {
        "id": "STOP_0367",
        "name": "Malabon - Monumento via Letre (Stop)"
      },
      "geometry": {
        "type": "Point",
        "coordinates": [
          120.96991677537365,
          14.658210234353374
        ]
      }
    },
    {
      "type": "Feature",
      "properties": {
        "id": "STOP_0368",
        "name": "Malabon - Monumento via Letre (Stop)"
      },
      "geometry": {
        "type": "Point",
        "coordinates": [
          120.9717898217524,
          14.657878501942411
        ]
      }
    },
    {
      "type": "Feature",
      "properties": {
        "id": "STOP_0369",
        "name": "Malabon - Monumento via Letre (Stop)"
      },
      "geometry": {
        "type": "Point",
        "coordinates": [
          120.9738528474978,
          14.657557476199521
        ]
      }
    },
    {
      "type": "Feature",
      "properties": {
        "id": "STOP_0370",
        "name": "Malabon - Monumento via Letre (Stop)"
      },
      "geometry": {
        "type": "Point",
        "coordinates": [
          120.97611921903412,
          14.657771575124043
        ]
      }
    },
    {
      "type": "Feature",
      "properties": {
        "id": "STOP_0371",
        "name": "Malabon - Monumento via Letre (Stop)"
      },
      "geometry": {
        "type": "Point",
        "coordinates": [
          120.97838828072504,
          14.657378312794267
        ]
      }
    },
    {
      "type": "Feature",
      "properties": {
        "id": "STOP_0372",
        "name": "Malabon - Monumento via Letre (Stop)"
      },
      "geometry": {
        "type": "Point",
        "coordinates": [
          120.98050214354843,
          14.657164312214427
        ]
      }
    },
    {
      "type": "Feature",
      "properties": {
        "id": "STOP_0373",
        "name": "Malabon - Monumento via Letre (Stop)"
      },
      "geometry": {
        "type": "Point",
        "coordinates": [
          120.98189889588697,
          14.657132236368314
        ]
      }
    },
    {
      "type": "Feature",
      "properties": {
        "id": "STOP_0374",
        "name": "Malabon - Monumento via Letre (Stop)"
      },
      "geometry": {
        "type": "Point",
        "coordinates": [
          120.98348027662388,
          14.657086786665067
        ]
      }
    },
    {
      "type": "Feature",
      "properties": {
        "id": "STOP_0375",
        "name": "Malabon - Monumento via Letre (Stop)"
      },
      "geometry": {
        "type": "Point",
        "coordinates": [
          120.98418667987869,
          14.657080113524035
        ]
      }
    },
    {
      "type": "Feature",
      "properties": {
        "id": "STOP_0376",
        "name": "Malabon - Monumento via Letre (Stop)"
      },
      "geometry": {
        "type": "Point",
        "coordinates": [
          120.9837143977869,
          14.65745201138943
        ]
      }
    },
    {
      "type": "Feature",
      "properties": {
        "id": "STOP_0377",
        "name": "Malabon - Monumento via Letre (Stop)"
      },
      "geometry": {
        "type": "Point",
        "coordinates": [
          120.98242200742361,
          14.657189773523932
        ]
      }
    },
    {
      "type": "Feature",
      "properties": {
        "id": "STOP_0378",
        "name": "Malabon - Monumento via Letre (End)"
      },
      "geometry": {
        "type": "Point",
        "coordinates": [
          120.98188417915576,
          14.657132236037894
        ]
      }
    },
    {
      "type": "Feature",
      "properties": {
        "id": "STOP_0379",
        "name": "Sangandaan-Divisoria (Start)"
      },
      "geometry": {
        "type": "Point",
        "coordinates": [
          120.9690014764701,
          14.609581845001136
        ]
      }
    },
    {
      "type": "Feature",
      "properties": {
        "id": "STOP_0380",
        "name": "Sangandaan-Divisoria (Stop)"
      },
      "geometry": {
        "type": "Point",
        "coordinates": [
          120.9710885804681,
          14.609416004678396
        ]
      }
    },
    {
      "type": "Feature",
      "properties": {
        "id": "STOP_0381",
        "name": "Sangandaan-Divisoria (Stop)"
      },
      "geometry": {
        "type": "Point",
        "coordinates": [
          120.97184852266624,
          14.608415347232503
        ]
      }
    },
    {
      "type": "Feature",
      "properties": {
        "id": "STOP_0382",
        "name": "Sangandaan-Divisoria (Stop)"
      },
      "geometry": {
        "type": "Point",
        "coordinates": [
          120.97135087395552,
          14.606542415825063
        ]
      }
    },
    {
      "type": "Feature",
      "properties": {
        "id": "STOP_0383",
        "name": "Sangandaan-Divisoria (Stop)"
      },
      "geometry": {
        "type": "Point",
        "coordinates": [
          120.97020298616451,
          14.605814626744026
        ]
      }
    },
    {
      "type": "Feature",
      "properties": {
        "id": "STOP_0384",
        "name": "Sangandaan-Divisoria (Stop)"
      },
      "geometry": {
        "type": "Point",
        "coordinates": [
          120.96911925210212,
          14.607818627031257
        ]
      }
    },
    {
      "type": "Feature",
      "properties": {
        "id": "STOP_0385",
        "name": "Sangandaan-Divisoria (Stop)"
      },
      "geometry": {
        "type": "Point",
        "coordinates": [
          120.96927169556842,
          14.610999919250107
        ]
      }
    },
    {
      "type": "Feature",
      "properties": {
        "id": "STOP_0386",
        "name": "Sangandaan-Divisoria (Stop)"
      },
      "geometry": {
        "type": "Point",
        "coordinates": [
          120.96954993991451,
          14.61250495069305
        ]
      }
    },
    {
      "type": "Feature",
      "properties": {
        "id": "STOP_0387",
        "name": "Sangandaan-Divisoria (Stop)"
      },
      "geometry": {
        "type": "Point",
        "coordinates": [
          120.96996195811333,
          14.614626711024945
        ]
      }
    },
    {
      "type": "Feature",
      "properties": {
        "id": "STOP_0388",
        "name": "Sangandaan-Divisoria (Stop)"
      },
      "geometry": {
        "type": "Point",
        "coordinates": [
          120.97021612449896,
          14.615964516911662
        ]
      }
    },
    {
      "type": "Feature",
      "properties": {
        "id": "STOP_0389",
        "name": "Sangandaan-Divisoria (Stop)"
      },
      "geometry": {
        "type": "Point",
        "coordinates": [
          120.97048099548371,
          14.617238108632533
        ]
      }
    },
    {
      "type": "Feature",
      "properties": {
        "id": "STOP_0390",
        "name": "Sangandaan-Divisoria (Stop)"
      },
      "geometry": {
        "type": "Point",
        "coordinates": [
          120.9708582517597,
          14.618385949663294
        ]
      }
    },
    {
      "type": "Feature",
      "properties": {
        "id": "STOP_0391",
        "name": "Sangandaan-Divisoria (Stop)"
      },
      "geometry": {
        "type": "Point",
        "coordinates": [
          120.97142280212485,
          14.61994583736003
        ]
      }
    },
    {
      "type": "Feature",
      "properties": {
        "id": "STOP_0392",
        "name": "Sangandaan-Divisoria (Stop)"
      },
      "geometry": {
        "type": "Point",
        "coordinates": [
          120.97237531425331,
          14.622551893522102
        ]
      }
    },
    {
      "type": "Feature",
      "properties": {
        "id": "STOP_0393",
        "name": "Sangandaan-Divisoria (Stop)"
      },
      "geometry": {
        "type": "Point",
        "coordinates": [
          120.97289971521064,
          14.624654927202174
        ]
      }
    },
    {
      "type": "Feature",
      "properties": {
        "id": "STOP_0394",
        "name": "Sangandaan-Divisoria (Stop)"
      },
      "geometry": {
        "type": "Point",
        "coordinates": [
          120.97375587568318,
          14.628272358163581
        ]
      }
    },
    {
      "type": "Feature",
      "properties": {
        "id": "STOP_0395",
        "name": "Sangandaan-Divisoria (Stop)"
      },
      "geometry": {
        "type": "Point",
        "coordinates": [
          120.97424816855178,
          14.630327230329893
        ]
      }
    },
    {
      "type": "Feature",
      "properties": {
        "id": "STOP_0396",
        "name": "Sangandaan-Divisoria (Stop)"
      },
      "geometry": {
        "type": "Point",
        "coordinates": [
          120.97489562561383,
          14.633666394185544
        ]
      }
    },
    {
      "type": "Feature",
      "properties": {
        "id": "STOP_0397",
        "name": "Sangandaan-Divisoria (Stop)"
      },
      "geometry": {
        "type": "Point",
        "coordinates": [
          120.97543070746624,
          14.636705888283416
        ]
      }
    },
    {
      "type": "Feature",
      "properties": {
        "id": "STOP_0398",
        "name": "Sangandaan-Divisoria (Stop)"
      },
      "geometry": {
        "type": "Point",
        "coordinates": [
          120.97562331151263,
          14.638873128958927
        ]
      }
    },
    {
      "type": "Feature",
      "properties": {
        "id": "STOP_0399",
        "name": "Sangandaan-Divisoria (Stop)"
      },
      "geometry": {
        "type": "Point",
        "coordinates": [
          120.97566073082805,
          14.640622972486481
        ]
      }
    },
    {
      "type": "Feature",
      "properties": {
        "id": "STOP_0400",
        "name": "Sangandaan-Divisoria (Stop)"
      },
      "geometry": {
        "type": "Point",
        "coordinates": [
          120.97545197854338,
          14.642407593295719
        ]
      }
    },
    {
      "type": "Feature",
      "properties": {
        "id": "STOP_0401",
        "name": "Sangandaan-Divisoria (Stop)"
      },
      "geometry": {
        "type": "Point",
        "coordinates": [
          120.97483383406173,
          14.644170800112446
        ]
      }
    },
    {
      "type": "Feature",
      "properties": {
        "id": "STOP_0402",
        "name": "Sangandaan-Divisoria (Stop)"
      },
      "geometry": {
        "type": "Point",
        "coordinates": [
          120.97375275987585,
          14.64684637629774
        ]
      }
    },
    {
      "type": "Feature",
      "properties": {
        "id": "STOP_0403",
        "name": "Sangandaan-Divisoria (Stop)"
      },
      "geometry": {
        "type": "Point",
        "coordinates": [
          120.97299279322027,
          14.648879815591204
        ]
      }
    },
    {
      "type": "Feature",
      "properties": {
        "id": "STOP_0404",
        "name": "Sangandaan-Divisoria (Stop)"
      },
      "geometry": {
        "type": "Point",
        "coordinates": [
          120.97249505525389,
          14.650774129554698
        ]
      }
    },
    {
      "type": "Feature",
      "properties": {
        "id": "STOP_0405",
        "name": "Sangandaan-Divisoria (Stop)"
      },
      "geometry": {
        "type": "Point",
        "coordinates": [
          120.971994636702,
          14.65287178910123
        ]
      }
    },
    {
      "type": "Feature",
      "properties": {
        "id": "STOP_0406",
        "name": "Sangandaan-Divisoria (Stop)"
      },
      "geometry": {
        "type": "Point",
        "coordinates": [
          120.97179123310794,
          14.654776812087569
        ]
      }
    },
    {
      "type": "Feature",
      "properties": {
        "id": "STOP_0407",
        "name": "Sangandaan-Divisoria (Stop)"
      },
      "geometry": {
        "type": "Point",
        "coordinates": [
          120.97139248618612,
          14.65719554599116
        ]
      }
    },
    {
      "type": "Feature",
      "properties": {
        "id": "STOP_0408",
        "name": "Sangandaan-Divisoria (End)"
      },
      "geometry": {
        "type": "Point",
        "coordinates": [
          120.97117973673103,
          14.658284510622902
        ]
      }
    },
    {
      "type": "Feature",
      "properties": {
        "id": "STOP_0409",
        "name": "Sangandaan-Divisoria Papunta (Start)"
      },
      "geometry": {
        "type": "Point",
        "coordinates": [
          120.97063751432628,
          14.617814704026667
        ]
      }
    },
    {
      "type": "Feature",
      "properties": {
        "id": "STOP_0410",
        "name": "Sangandaan-Divisoria Papunta (Stop)"
      },
      "geometry": {
        "type": "Point",
        "coordinates": [
          120.96990439398155,
          14.616107654526767
        ]
      }
    },
    {
      "type": "Feature",
      "properties": {
        "id": "STOP_0411",
        "name": "Sangandaan-Divisoria Papunta (Stop)"
      },
      "geometry": {
        "type": "Point",
        "coordinates": [
          120.96936392560447,
          14.614545091777492
        ]
      }
    },
    {
      "type": "Feature",
      "properties": {
        "id": "STOP_0412",
        "name": "Sangandaan-Divisoria Papunta (Stop)"
      },
      "geometry": {
        "type": "Point",
        "coordinates": [
          120.96874319112217,
          14.612688211189662
        ]
      }
    },
    {
      "type": "Feature",
      "properties": {
        "id": "STOP_0413",
        "name": "Sangandaan-Divisoria Papunta (Stop)"
      },
      "geometry": {
        "type": "Point",
        "coordinates": [
          120.96826158510598,
          14.611318292993532
        ]
      }
    },
    {
      "type": "Feature",
      "properties": {
        "id": "STOP_0414",
        "name": "Sangandaan-Divisoria Papunta (Stop)"
      },
      "geometry": {
        "type": "Point",
        "coordinates": [
          120.96782279089196,
          14.609969780564217
        ]
      }
    },
    {
      "type": "Feature",
      "properties": {
        "id": "STOP_0415",
        "name": "Balintawak-Monumento (Start)"
      },
      "geometry": {
        "type": "Point",
        "coordinates": [
          121.00239741956777,
          14.663665194851939
        ]
      }
    },
    {
      "type": "Feature",
      "properties": {
        "id": "STOP_0416",
        "name": "Balintawak-Monumento (Stop)"
      },
      "geometry": {
        "type": "Point",
        "coordinates": [
          121.0013273956012,
          14.662806587619235
        ]
      }
    },
    {
      "type": "Feature",
      "properties": {
        "id": "STOP_0417",
        "name": "Balintawak-Monumento (Stop)"
      },
      "geometry": {
        "type": "Point",
        "coordinates": [
          121.00002319117998,
          14.66222766511448
        ]
      }
    },
    {
      "type": "Feature",
      "properties": {
        "id": "STOP_0418",
        "name": "Balintawak-Monumento (Stop)"
      },
      "geometry": {
        "type": "Point",
        "coordinates": [
          120.99995496882467,
          14.658920166906142
        ]
      }
    },
    {
      "type": "Feature",
      "properties": {
        "id": "STOP_0419",
        "name": "Balintawak-Monumento (Stop)"
      },
      "geometry": {
        "type": "Point",
        "coordinates": [
          120.99941509308802,
          14.657863186823592
        ]
      }
    },
    {
      "type": "Feature",
      "properties": {
        "id": "STOP_0420",
        "name": "Balintawak-Monumento (Stop)"
      },
      "geometry": {
        "type": "Point",
        "coordinates": [
          120.9966147740822,
          14.657453345602761
        ]
      }
    },
    {
      "type": "Feature",
      "properties": {
        "id": "STOP_0421",
        "name": "Balintawak-Monumento (Stop)"
      },
      "geometry": {
        "type": "Point",
        "coordinates": [
          120.99441289006161,
          14.657433782911191
        ]
      }
    },
    {
      "type": "Feature",
      "properties": {
        "id": "STOP_0422",
        "name": "Balintawak-Monumento (Stop)"
      },
      "geometry": {
        "type": "Point",
        "coordinates": [
          120.99234435610465,
          14.657368692285996
        ]
      }
    },
    {
      "type": "Feature",
      "properties": {
        "id": "STOP_0423",
        "name": "Balintawak-Monumento (Stop)"
      },
      "geometry": {
        "type": "Point",
        "coordinates": [
          120.99052625689271,
          14.657352390420334
        ]
      }
    },
    {
      "type": "Feature",
      "properties": {
        "id": "STOP_0424",
        "name": "Balintawak-Monumento (Stop)"
      },
      "geometry": {
        "type": "Point",
        "coordinates": [
          120.99353962336916,
          14.657157325529797
        ]
      }
    },
    {
      "type": "Feature",
      "properties": {
        "id": "STOP_0425",
        "name": "Balintawak-Monumento (Stop)"
      },
      "geometry": {
        "type": "Point",
        "coordinates": [
          120.9963399510826,
          14.657199667121732
        ]
      }
    },
    {
      "type": "Feature",
      "properties": {
        "id": "STOP_0426",
        "name": "Balintawak-Monumento (Stop)"
      },
      "geometry": {
        "type": "Point",
        "coordinates": [
          120.99913052085763,
          14.657271278376575
        ]
      }
    },
    {
      "type": "Feature",
      "properties": {
        "id": "STOP_0427",
        "name": "Balintawak-Monumento (Stop)"
      },
      "geometry": {
        "type": "Point",
        "coordinates": [
          121.00028184971197,
          14.658360794277813
        ]
      }
    },
    {
      "type": "Feature",
      "properties": {
        "id": "STOP_0428",
        "name": "Balintawak-Monumento (Stop)"
      },
      "geometry": {
        "type": "Point",
        "coordinates": [
          121.00034683790986,
          14.660897518848031
        ]
      }
    },
    {
      "type": "Feature",
      "properties": {
        "id": "STOP_0429",
        "name": "Balintawak-Monumento (Stop)"
      },
      "geometry": {
        "type": "Point",
        "coordinates": [
          121.00168027908587,
          14.66295294495235
        ]
      }
    },
    {
      "type": "Feature",
      "properties": {
        "id": "STOP_0430",
        "name": "Balintawak-Monumento (End)"
      },
      "geometry": {
        "type": "Point",
        "coordinates": [
          121.00184289517865,
          14.66314808115094
        ]
      }
    },
    {
      "type": "Feature",
      "properties": {
        "id": "STOP_0431",
        "name": "Monumento-Meycauayan (Start)"
      },
      "geometry": {
        "type": "Point",
        "coordinates": [
          120.96074849798231,
          14.737834959491188
        ]
      }
    },
    {
      "type": "Feature",
      "properties": {
        "id": "STOP_0432",
        "name": "Monumento-Meycauayan (Stop)"
      },
      "geometry": {
        "type": "Point",
        "coordinates": [
          120.96134049374474,
          14.735454355394138
        ]
      }
    },
    {
      "type": "Feature",
      "properties": {
        "id": "STOP_0433",
        "name": "Monumento-Meycauayan (Stop)"
      },
      "geometry": {
        "type": "Point",
        "coordinates": [
          120.96138609899079,
          14.732436305992172
        ]
      }
    },
    {
      "type": "Feature",
      "properties": {
        "id": "STOP_0434",
        "name": "Monumento-Meycauayan (Stop)"
      },
      "geometry": {
        "type": "Point",
        "coordinates": [
          120.96129834978466,
          14.729649160486657
        ]
      }
    },
    {
      "type": "Feature",
      "properties": {
        "id": "STOP_0435",
        "name": "Monumento-Meycauayan (Stop)"
      },
      "geometry": {
        "type": "Point",
        "coordinates": [
          120.96121707984705,
          14.72794174868438
        ]
      }
    },
    {
      "type": "Feature",
      "properties": {
        "id": "STOP_0436",
        "name": "Monumento-Meycauayan (Stop)"
      },
      "geometry": {
        "type": "Point",
        "coordinates": [
          120.96092927066698,
          14.726696145999954
        ]
      }
    },
    {
      "type": "Feature",
      "properties": {
        "id": "STOP_0437",
        "name": "Monumento-Meycauayan (Stop)"
      },
      "geometry": {
        "type": "Point",
        "coordinates": [
          120.95958123046712,
          14.723082911049774
        ]
      }
    },
    {
      "type": "Feature",
      "properties": {
        "id": "STOP_0438",
        "name": "Monumento-Meycauayan (Stop)"
      },
      "geometry": {
        "type": "Point",
        "coordinates": [
          120.95910640607799,
          14.721895843948731
        ]
      }
    },
    {
      "type": "Feature",
      "properties": {
        "id": "STOP_0439",
        "name": "Monumento-Meycauayan (Stop)"
      },
      "geometry": {
        "type": "Point",
        "coordinates": [
          120.95829984150981,
          14.720451844862644
        ]
      }
    },
    {
      "type": "Feature",
      "properties": {
        "id": "STOP_0440",
        "name": "Monumento-Meycauayan (Stop)"
      },
      "geometry": {
        "type": "Point",
        "coordinates": [
          120.95741847587793,
          14.718819215953229
        ]
      }
    },
    {
      "type": "Feature",
      "properties": {
        "id": "STOP_0441",
        "name": "Monumento-Meycauayan (Stop)"
      },
      "geometry": {
        "type": "Point",
        "coordinates": [
          120.95723312283296,
          14.717358969757148
        ]
      }
    },
    {
      "type": "Feature",
      "properties": {
        "id": "STOP_0442",
        "name": "Monumento-Meycauayan (Stop)"
      },
      "geometry": {
        "type": "Point",
        "coordinates": [
          120.95813410759195,
          14.714571846483242
        ]
      }
    },
    {
      "type": "Feature",
      "properties": {
        "id": "STOP_0443",
        "name": "Monumento-Meycauayan (Stop)"
      },
      "geometry": {
        "type": "Point",
        "coordinates": [
          120.95872934438346,
          14.712672569533716
        ]
      }
    },
    {
      "type": "Feature",
      "properties": {
        "id": "STOP_0444",
        "name": "Monumento-Meycauayan (Stop)"
      },
      "geometry": {
        "type": "Point",
        "coordinates": [
          120.96044999708043,
          14.707371506806943
        ]
      }
    },
    {
      "type": "Feature",
      "properties": {
        "id": "STOP_0445",
        "name": "Monumento-Meycauayan (Stop)"
      },
      "geometry": {
        "type": "Point",
        "coordinates": [
          120.96124039290328,
          14.704873827733019
        ]
      }
    },
    {
      "type": "Feature",
      "properties": {
        "id": "STOP_0446",
        "name": "Monumento-Meycauayan (Stop)"
      },
      "geometry": {
        "type": "Point",
        "coordinates": [
          120.96244062373614,
          14.701075274120338
        ]
      }
    },
    {
      "type": "Feature",
      "properties": {
        "id": "STOP_0447",
        "name": "Monumento-Meycauayan (Stop)"
      },
      "geometry": {
        "type": "Point",
        "coordinates": [
          120.96355953682018,
          14.697588930803649
        ]
      }
    },
    {
      "type": "Feature",
      "properties": {
        "id": "STOP_0448",
        "name": "Monumento-Meycauayan (Stop)"
      },
      "geometry": {
        "type": "Point",
        "coordinates": [
          120.96421657334005,
          14.695527044828086
        ]
      }
    },
    {
      "type": "Feature",
      "properties": {
        "id": "STOP_0449",
        "name": "Monumento-Meycauayan (Stop)"
      },
      "geometry": {
        "type": "Point",
        "coordinates": [
          120.96407024834977,
          14.694105826070073
        ]
      }
    },
    {
      "type": "Feature",
      "properties": {
        "id": "STOP_0450",
        "name": "Monumento-Meycauayan (Stop)"
      },
      "geometry": {
        "type": "Point",
        "coordinates": [
          120.96417760967516,
          14.692769170449166
        ]
      }
    },
    {
      "type": "Feature",
      "properties": {
        "id": "STOP_0451",
        "name": "Monumento-Meycauayan (Stop)"
      },
      "geometry": {
        "type": "Point",
        "coordinates": [
          120.96544280323883,
          14.692583822906721
        ]
      }
    },
    {
      "type": "Feature",
      "properties": {
        "id": "STOP_0452",
        "name": "Monumento-Meycauayan (Stop)"
      },
      "geometry": {
        "type": "Point",
        "coordinates": [
          120.96671611809559,
          14.692809880024633
        ]
      }
    },
    {
      "type": "Feature",
      "properties": {
        "id": "STOP_0453",
        "name": "Monumento-Meycauayan (Stop)"
      },
      "geometry": {
        "type": "Point",
        "coordinates": [
          120.968929386545,
          14.692788790325485
        ]
      }
    },
    {
      "type": "Feature",
      "properties": {
        "id": "STOP_0454",
        "name": "Monumento-Meycauayan (Stop)"
      },
      "geometry": {
        "type": "Point",
        "coordinates": [
          120.97201920533612,
          14.691725387212976
        ]
      }
    },
    {
      "type": "Feature",
      "properties": {
        "id": "STOP_0455",
        "name": "Monumento-Meycauayan (Stop)"
      },
      "geometry": {
        "type": "Point",
        "coordinates": [
          120.97328766424997,
          14.690993668583436
        ]
      }
    },
    {
      "type": "Feature",
      "properties": {
        "id": "STOP_0456",
        "name": "Monumento-Meycauayan (Stop)"
      },
      "geometry": {
        "type": "Point",
        "coordinates": [
          120.9740357456521,
          14.68989118641948
        ]
      }
    },
    {
      "type": "Feature",
      "properties": {
        "id": "STOP_0457",
        "name": "Monumento-Meycauayan (Stop)"
      },
      "geometry": {
        "type": "Point",
        "coordinates": [
          120.97585717368707,
          14.686681296731782
        ]
      }
    },
    {
      "type": "Feature",
      "properties": {
        "id": "STOP_0458",
        "name": "Monumento-Meycauayan (Stop)"
      },
      "geometry": {
        "type": "Point",
        "coordinates": [
          120.97730130849195,
          14.684027526379118
        ]
      }
    },
    {
      "type": "Feature",
      "properties": {
        "id": "STOP_0459",
        "name": "Monumento-Meycauayan (Stop)"
      },
      "geometry": {
        "type": "Point",
        "coordinates": [
          120.97841042891073,
          14.68203719920708
        ]
      }
    },
    {
      "type": "Feature",
      "properties": {
        "id": "STOP_0460",
        "name": "Monumento-Meycauayan (Stop)"
      },
      "geometry": {
        "type": "Point",
        "coordinates": [
          120.97908696436194,
          14.680632259996871
        ]
      }
    },
    {
      "type": "Feature",
      "properties": {
        "id": "STOP_0461",
        "name": "Monumento-Meycauayan (Stop)"
      },
      "geometry": {
        "type": "Point",
        "coordinates": [
          120.97959762283213,
          14.679389927529021
        ]
      }
    },
    {
      "type": "Feature",
      "properties": {
        "id": "STOP_0462",
        "name": "Monumento-Meycauayan (Stop)"
      },
      "geometry": {
        "type": "Point",
        "coordinates": [
          120.9800822659933,
          14.67797847960016
        ]
      }
    },
    {
      "type": "Feature",
      "properties": {
        "id": "STOP_0463",
        "name": "Monumento-Meycauayan (Stop)"
      },
      "geometry": {
        "type": "Point",
        "coordinates": [
          120.98059617864989,
          14.676661346398983
        ]
      }
    },
    {
      "type": "Feature",
      "properties": {
        "id": "STOP_0464",
        "name": "Monumento-Meycauayan (Stop)"
      },
      "geometry": {
        "type": "Point",
        "coordinates": [
          120.98163376035956,
          14.674062854525841
        ]
      }
    },
    {
      "type": "Feature",
      "properties": {
        "id": "STOP_0465",
        "name": "Monumento-Meycauayan (Stop)"
      },
      "geometry": {
        "type": "Point",
        "coordinates": [
          120.98205660179593,
          14.67289857312181
        ]
      }
    },
    {
      "type": "Feature",
      "properties": {
        "id": "STOP_0466",
        "name": "Monumento-Meycauayan (Stop)"
      },
      "geometry": {
        "type": "Point",
        "coordinates": [
          120.98205339652246,
          14.670908221021675
        ]
      }
    },
    {
      "type": "Feature",
      "properties": {
        "id": "STOP_0467",
        "name": "Monumento-Meycauayan (Stop)"
      },
      "geometry": {
        "type": "Point",
        "coordinates": [
          120.98199813074449,
          14.669841495167013
        ]
      }
    },
    {
      "type": "Feature",
      "properties": {
        "id": "STOP_0468",
        "name": "Monumento-Meycauayan (Stop)"
      },
      "geometry": {
        "type": "Point",
        "coordinates": [
          120.98201442932795,
          14.668299948379962
        ]
      }
    },
    {
      "type": "Feature",
      "properties": {
        "id": "STOP_0469",
        "name": "Monumento-Meycauayan (Stop)"
      },
      "geometry": {
        "type": "Point",
        "coordinates": [
          120.98313329621016,
          14.666764930765419
        ]
      }
    },
    {
      "type": "Feature",
      "properties": {
        "id": "STOP_0470",
        "name": "Monumento-Meycauayan (Stop)"
      },
      "geometry": {
        "type": "Point",
        "coordinates": [
          120.9839756937792,
          14.665825061226244
        ]
      }
    },
    {
      "type": "Feature",
      "properties": {
        "id": "STOP_0471",
        "name": "Monumento-Meycauayan (Stop)"
      },
      "geometry": {
        "type": "Point",
        "coordinates": [
          120.98415137614876,
          14.66362982398665
        ]
      }
    },
    {
      "type": "Feature",
      "properties": {
        "id": "STOP_0472",
        "name": "Monumento-Meycauayan (Stop)"
      },
      "geometry": {
        "type": "Point",
        "coordinates": [
          120.98404250261844,
          14.66015320996359
        ]
      }
    },
    {
      "type": "Feature",
      "properties": {
        "id": "STOP_0473",
        "name": "Monumento-Meycauayan (Stop)"
      },
      "geometry": {
        "type": "Point",
        "coordinates": [
          120.98389292206598,
          14.65886533178716
        ]
      }
    },
    {
      "type": "Feature",
      "properties": {
        "id": "STOP_0474",
        "name": "Monumento-Meycauayan (Stop)"
      },
      "geometry": {
        "type": "Point",
        "coordinates": [
          120.98384091332696,
          14.65760347347664
        ]
      }
    },
    {
      "type": "Feature",
      "properties": {
        "id": "STOP_0475",
        "name": "Monumento-Meycauayan (Stop)"
      },
      "geometry": {
        "type": "Point",
        "coordinates": [
          120.98387345672926,
          14.656790421925736
        ]
      }
    },
    {
      "type": "Feature",
      "properties": {
        "id": "STOP_0476",
        "name": "Monumento-Meycauayan (Stop)"
      },
      "geometry": {
        "type": "Point",
        "coordinates": [
          120.98394173716919,
          14.657645754458986
        ]
      }
    },
    {
      "type": "Feature",
      "properties": {
        "id": "STOP_0477",
        "name": "Monumento-Meycauayan (Stop)"
      },
      "geometry": {
        "type": "Point",
        "coordinates": [
          120.98406202542407,
          14.659801971814895
        ]
      }
    },
    {
      "type": "Feature",
      "properties": {
        "id": "STOP_0478",
        "name": "Monumento-Meycauayan (Stop)"
      },
      "geometry": {
        "type": "Point",
        "coordinates": [
          120.98417255035122,
          14.662215113480737
        ]
      }
    },
    {
      "type": "Feature",
      "properties": {
        "id": "STOP_0479",
        "name": "Monumento-Meycauayan (End)"
      },
      "geometry": {
        "type": "Point",
        "coordinates": [
          120.98413675079932,
          14.6631858971087
        ]
      }
    },
    {
      "type": "Feature",
      "properties": {
        "id": "STOP_0480",
        "name": "San Juan-Rosario (Start)"
      },
      "geometry": {
        "type": "Point",
        "coordinates": [
          121.02787983233833,
          14.60821634143466
        ]
      }
    },
    {
      "type": "Feature",
      "properties": {
        "id": "STOP_0481",
        "name": "San Juan-Rosario (Stop)"
      },
      "geometry": {
        "type": "Point",
        "coordinates": [
          121.0279199361997,
          14.606773924983
        ]
      }
    },
    {
      "type": "Feature",
      "properties": {
        "id": "STOP_0482",
        "name": "San Juan-Rosario (Stop)"
      },
      "geometry": {
        "type": "Point",
        "coordinates": [
          121.02797148677804,
          14.605405919210334
        ]
      }
    },
    {
      "type": "Feature",
      "properties": {
        "id": "STOP_0483",
        "name": "San Juan-Rosario (Stop)"
      },
      "geometry": {
        "type": "Point",
        "coordinates": [
          121.02956284908508,
          14.604410000137909
        ]
      }
    },
    {
      "type": "Feature",
      "properties": {
        "id": "STOP_0484",
        "name": "San Juan-Rosario (Stop)"
      },
      "geometry": {
        "type": "Point",
        "coordinates": [
          121.03073633278753,
          14.60379757152618
        ]
      }
    },
    {
      "type": "Feature",
      "properties": {
        "id": "STOP_0485",
        "name": "San Juan-Rosario (Stop)"
      },
      "geometry": {
        "type": "Point",
        "coordinates": [
          121.03247362475639,
          14.60442437524792
        ]
      }
    },
    {
      "type": "Feature",
      "properties": {
        "id": "STOP_0486",
        "name": "San Juan-Rosario (Stop)"
      },
      "geometry": {
        "type": "Point",
        "coordinates": [
          121.03385894067168,
          14.602320881091128
        ]
      }
    },
    {
      "type": "Feature",
      "properties": {
        "id": "STOP_0487",
        "name": "San Juan-Rosario (Stop)"
      },
      "geometry": {
        "type": "Point",
        "coordinates": [
          121.03509537622666,
          14.602332356635372
        ]
      }
    },
    {
      "type": "Feature",
      "properties": {
        "id": "STOP_0488",
        "name": "San Juan-Rosario (Stop)"
      },
      "geometry": {
        "type": "Point",
        "coordinates": [
          121.03647497407411,
          14.599968425896687
        ]
      }
    },
    {
      "type": "Feature",
      "properties": {
        "id": "STOP_0489",
        "name": "San Juan-Rosario (Stop)"
      },
      "geometry": {
        "type": "Point",
        "coordinates": [
          121.03747675730052,
          14.598228389409908
        ]
      }
    },
    {
      "type": "Feature",
      "properties": {
        "id": "STOP_0490",
        "name": "San Juan-Rosario (Stop)"
      },
      "geometry": {
        "type": "Point",
        "coordinates": [
          121.03839551802182,
          14.597375552195459
        ]
      }
    },
    {
      "type": "Feature",
      "properties": {
        "id": "STOP_0491",
        "name": "San Juan-Rosario (Stop)"
      },
      "geometry": {
        "type": "Point",
        "coordinates": [
          121.04085693983463,
          14.597432846300958
        ]
      }
    },
    {
      "type": "Feature",
      "properties": {
        "id": "STOP_0492",
        "name": "San Juan-Rosario (Stop)"
      },
      "geometry": {
        "type": "Point",
        "coordinates": [
          121.0432582616031,
          14.597301251072757
        ]
      }
    },
    {
      "type": "Feature",
      "properties": {
        "id": "STOP_0493",
        "name": "San Juan-Rosario (Stop)"
      },
      "geometry": {
        "type": "Point",
        "coordinates": [
          121.04453475991598,
          14.597604645311488
        ]
      }
    },
    {
      "type": "Feature",
      "properties": {
        "id": "STOP_0494",
        "name": "San Juan-Rosario (Stop)"
      },
      "geometry": {
        "type": "Point",
        "coordinates": [
          121.04616899649957,
          14.599035651609903
        ]
      }
    },
    {
      "type": "Feature",
      "properties": {
        "id": "STOP_0495",
        "name": "San Juan-Rosario (Stop)"
      },
      "geometry": {
        "type": "Point",
        "coordinates": [
          121.0476801563629,
          14.600701334153
        ]
      }
    },
    {
      "type": "Feature",
      "properties": {
        "id": "STOP_0496",
        "name": "San Juan-Rosario (Stop)"
      },
      "geometry": {
        "type": "Point",
        "coordinates": [
          121.04913412991841,
          14.600000191741474
        ]
      }
    },
    {
      "type": "Feature",
      "properties": {
        "id": "STOP_0497",
        "name": "San Juan-Rosario (Stop)"
      },
      "geometry": {
        "type": "Point",
        "coordinates": [
          121.05233976117492,
          14.597599096858236
        ]
      }
    },
    {
      "type": "Feature",
      "properties": {
        "id": "STOP_0498",
        "name": "San Juan-Rosario (Stop)"
      },
      "geometry": {
        "type": "Point",
        "coordinates": [
          121.0578065047006,
          14.593615400486588
        ]
      }
    },
    {
      "type": "Feature",
      "properties": {
        "id": "STOP_0499",
        "name": "San Juan-Rosario (Stop)"
      },
      "geometry": {
        "type": "Point",
        "coordinates": [
          121.06006762327873,
          14.59176663865475
        ]
      }
    },
    {
      "type": "Feature",
      "properties": {
        "id": "STOP_0500",
        "name": "San Juan-Rosario (Stop)"
      },
      "geometry": {
        "type": "Point",
        "coordinates": [
          121.05821006537708,
          14.593540999141018
        ]
      }
    },
    {
      "type": "Feature",
      "properties": {
        "id": "STOP_0501",
        "name": "San Juan-Rosario (Stop)"
      },
      "geometry": {
        "type": "Point",
        "coordinates": [
          121.0560977847685,
          14.595063503267141
        ]
      }
    },
    {
      "type": "Feature",
      "properties": {
        "id": "STOP_0502",
        "name": "San Juan-Rosario (Stop)"
      },
      "geometry": {
        "type": "Point",
        "coordinates": [
          121.05184460099305,
          14.598165749676102
        ]
      }
    },
    {
      "type": "Feature",
      "properties": {
        "id": "STOP_0503",
        "name": "San Juan-Rosario (Stop)"
      },
      "geometry": {
        "type": "Point",
        "coordinates": [
          121.04977238979038,
          14.599699702477002
        ]
      }
    },
    {
      "type": "Feature",
      "properties": {
        "id": "STOP_0504",
        "name": "San Juan-Rosario (Stop)"
      },
      "geometry": {
        "type": "Point",
        "coordinates": [
          121.04796063516572,
          14.601079116423596
        ]
      }
    },
    {
      "type": "Feature",
      "properties": {
        "id": "STOP_0505",
        "name": "San Juan-Rosario (End)"
      },
      "geometry": {
        "type": "Point",
        "coordinates": [
          121.04753275827022,
          14.600655539813962
        ]
      }
    },
    {
      "type": "Feature",
      "properties": {
        "id": "STOP_0506",
        "name": "A. Bonifacio - A. Mabini via 10th Avenue (Start)"
      },
      "geometry": {
        "type": "Point",
        "coordinates": [
          120.97252015684153,
          14.650837913479073
        ]
      }
    },
    {
      "type": "Feature",
      "properties": {
        "id": "STOP_0507",
        "name": "A. Bonifacio - A. Mabini via 10th Avenue (Stop)"
      },
      "geometry": {
        "type": "Point",
        "coordinates": [
          120.97555516290736,
          14.651503686347496
        ]
      }
    },
    {
      "type": "Feature",
      "properties": {
        "id": "STOP_0508",
        "name": "A. Bonifacio - A. Mabini via 10th Avenue (Stop)"
      },
      "geometry": {
        "type": "Point",
        "coordinates": [
          120.9829762789483,
          14.651582171184428
        ]
      }
    },
    {
      "type": "Feature",
      "properties": {
        "id": "STOP_0509",
        "name": "A. Bonifacio - A. Mabini via 10th Avenue (Stop)"
      },
      "geometry": {
        "type": "Point",
        "coordinates": [
          120.99492056626424,
          14.651249587027227
        ]
      }
    },
    {
      "type": "Feature",
      "properties": {
        "id": "STOP_0510",
        "name": "Cubao - Divisoria (Start)"
      },
      "geometry": {
        "type": "Point",
        "coordinates": [
          121.0527849087108,
          14.62284830223417
        ]
      }
    },
    {
      "type": "Feature",
      "properties": {
        "id": "STOP_0511",
        "name": "Cubao - Divisoria (Stop)"
      },
      "geometry": {
        "type": "Point",
        "coordinates": [
          121.04970096803147,
          14.621453190068708
        ]
      }
    },
    {
      "type": "Feature",
      "properties": {
        "id": "STOP_0512",
        "name": "Cubao - Divisoria (Stop)"
      },
      "geometry": {
        "type": "Point",
        "coordinates": [
          121.04846739245495,
          14.620865775878661
        ]
      }
    },
    {
      "type": "Feature",
      "properties": {
        "id": "STOP_0513",
        "name": "Cubao - Divisoria (Stop)"
      },
      "geometry": {
        "type": "Point",
        "coordinates": [
          121.04603939452106,
          14.620043380263112
        ]
      }
    },
    {
      "type": "Feature",
      "properties": {
        "id": "STOP_0514",
        "name": "Cubao - Divisoria (Stop)"
      },
      "geometry": {
        "type": "Point",
        "coordinates": [
          121.04425266099467,
          14.619487770412126
        ]
      }
    },
    {
      "type": "Feature",
      "properties": {
        "id": "STOP_0515",
        "name": "Cubao - Divisoria (Stop)"
      },
      "geometry": {
        "type": "Point",
        "coordinates": [
          121.041646004975,
          14.617965401899204
        ]
      }
    },
    {
      "type": "Feature",
      "properties": {
        "id": "STOP_0516",
        "name": "Cubao - Divisoria (Stop)"
      },
      "geometry": {
        "type": "Point",
        "coordinates": [
          121.03731871182683,
          14.6154126209536
        ]
      }
    },
    {
      "type": "Feature",
      "properties": {
        "id": "STOP_0517",
        "name": "Cubao - Divisoria (Stop)"
      },
      "geometry": {
        "type": "Point",
        "coordinates": [
          121.03591381017111,
          14.614580458549757
        ]
      }
    },
    {
      "type": "Feature",
      "properties": {
        "id": "STOP_0518",
        "name": "Cubao - Divisoria (Stop)"
      },
      "geometry": {
        "type": "Point",
        "coordinates": [
          121.03331204742896,
          14.613138855787756
        ]
      }
    },
    {
      "type": "Feature",
      "properties": {
        "id": "STOP_0519",
        "name": "Cubao - Divisoria (Stop)"
      },
      "geometry": {
        "type": "Point",
        "coordinates": [
          121.03088894630578,
          14.612247931857942
        ]
      }
    },
    {
      "type": "Feature",
      "properties": {
        "id": "STOP_0520",
        "name": "Cubao - Divisoria (Stop)"
      },
      "geometry": {
        "type": "Point",
        "coordinates": [
          121.02636826963037,
          14.610676571464094
        ]
      }
    },
    {
      "type": "Feature",
      "properties": {
        "id": "STOP_0521",
        "name": "Cubao - Divisoria (Stop)"
      },
      "geometry": {
        "type": "Point",
        "coordinates": [
          121.02282906974521,
          14.609531088315366
        ]
      }
    },
    {
      "type": "Feature",
      "properties": {
        "id": "STOP_0522",
        "name": "Cubao - Divisoria (Stop)"
      },
      "geometry": {
        "type": "Point",
        "coordinates": [
          121.02082697464908,
          14.607832517446207
        ]
      }
    },
    {
      "type": "Feature",
      "properties": {
        "id": "STOP_0523",
        "name": "Cubao - Divisoria (Stop)"
      },
      "geometry": {
        "type": "Point",
        "coordinates": [
          121.01675426458034,
          14.603892041689054
        ]
      }
    },
    {
      "type": "Feature",
      "properties": {
        "id": "STOP_0524",
        "name": "Cubao - Divisoria (Stop)"
      },
      "geometry": {
        "type": "Point",
        "coordinates": [
          121.01549622449554,
          14.602820033112376
        ]
      }
    },
    {
      "type": "Feature",
      "properties": {
        "id": "STOP_0525",
        "name": "Cubao - Divisoria (Stop)"
      },
      "geometry": {
        "type": "Point",
        "coordinates": [
          121.0115556017868,
          14.602379404701539
        ]
      }
    },
    {
      "type": "Feature",
      "properties": {
        "id": "STOP_0526",
        "name": "Cubao - Divisoria (Stop)"
      },
      "geometry": {
        "type": "Point",
        "coordinates": [
          121.00705692563247,
          14.6019828177335
        ]
      }
    },
    {
      "type": "Feature",
      "properties": {
        "id": "STOP_0527",
        "name": "Cubao - Divisoria (Stop)"
      },
      "geometry": {
        "type": "Point",
        "coordinates": [
          121.00223516882522,
          14.601488325758796
        ]
      }
    },
    {
      "type": "Feature",
      "properties": {
        "id": "STOP_0528",
        "name": "Cubao - Divisoria (Stop)"
      },
      "geometry": {
        "type": "Point",
        "coordinates": [
          121.0001987712096,
          14.601314511495799
        ]
      }
    },
    {
      "type": "Feature",
      "properties": {
        "id": "STOP_0529",
        "name": "Cubao - Divisoria (Stop)"
      },
      "geometry": {
        "type": "Point",
        "coordinates": [
          120.99847811318573,
          14.601165178764793
        ]
      }
    },
    {
      "type": "Feature",
      "properties": {
        "id": "STOP_0530",
        "name": "Cubao - Divisoria (Stop)"
      },
      "geometry": {
        "type": "Point",
        "coordinates": [
          120.99657878814548,
          14.600692779459537
        ]
      }
    },
    {
      "type": "Feature",
      "properties": {
        "id": "STOP_0531",
        "name": "Cubao - Divisoria (Stop)"
      },
      "geometry": {
        "type": "Point",
        "coordinates": [
          120.99428048139062,
          14.601199348638676
        ]
      }
    },
    {
      "type": "Feature",
      "properties": {
        "id": "STOP_0532",
        "name": "Cubao - Divisoria (Stop)"
      },
      "geometry": {
        "type": "Point",
        "coordinates": [
          120.99255491714734,
          14.601515030087315
        ]
      }
    },
    {
      "type": "Feature",
      "properties": {
        "id": "STOP_0533",
        "name": "Cubao - Divisoria (Stop)"
      },
      "geometry": {
        "type": "Point",
        "coordinates": [
          120.99162484118271,
          14.601035310232996
        ]
      }
    },
    {
      "type": "Feature",
      "properties": {
        "id": "STOP_0534",
        "name": "Cubao - Divisoria (Stop)"
      },
      "geometry": {
        "type": "Point",
        "coordinates": [
          120.99071189817357,
          14.600565380538233
        ]
      }
    },
    {
      "type": "Feature",
      "properties": {
        "id": "STOP_0535",
        "name": "Cubao - Divisoria (Stop)"
      },
      "geometry": {
        "type": "Point",
        "coordinates": [
          120.98496976923528,
          14.603242754833955
        ]
      }
    },
    {
      "type": "Feature",
      "properties": {
        "id": "STOP_0536",
        "name": "Cubao - Divisoria (Stop)"
      },
      "geometry": {
        "type": "Point",
        "coordinates": [
          120.98192494378897,
          14.603800703560267
        ]
      }
    },
    {
      "type": "Feature",
      "properties": {
        "id": "STOP_0537",
        "name": "Cubao - Divisoria (Stop)"
      },
      "geometry": {
        "type": "Point",
        "coordinates": [
          120.97951159892138,
          14.60434887670473
        ]
      }
    },
    {
      "type": "Feature",
      "properties": {
        "id": "STOP_0538",
        "name": "Cubao - Divisoria (Stop)"
      },
      "geometry": {
        "type": "Point",
        "coordinates": [
          120.97687306428332,
          14.605349821867426
        ]
      }
    },
    {
      "type": "Feature",
      "properties": {
        "id": "STOP_0539",
        "name": "Cubao - Divisoria (Stop)"
      },
      "geometry": {
        "type": "Point",
        "coordinates": [
          120.97379150995143,
          14.606536762797127
        ]
      }
    },
    {
      "type": "Feature",
      "properties": {
        "id": "STOP_0540",
        "name": "Cubao - Divisoria (Stop)"
      },
      "geometry": {
        "type": "Point",
        "coordinates": [
          120.97122398883323,
          14.606137771783049
        ]
      }
    },
    {
      "type": "Feature",
      "properties": {
        "id": "STOP_0541",
        "name": "Cubao - Divisoria (Stop)"
      },
      "geometry": {
        "type": "Point",
        "coordinates": [
          120.969809292873,
          14.605469587870845
        ]
      }
    },
    {
      "type": "Feature",
      "properties": {
        "id": "STOP_0542",
        "name": "Cubao - Divisoria (Stop)"
      },
      "geometry": {
        "type": "Point",
        "coordinates": [
          120.96822818870753,
          14.603599705379269
        ]
      }
    },
    {
      "type": "Feature",
      "properties": {
        "id": "STOP_0543",
        "name": "Cubao - Divisoria (Stop)"
      },
      "geometry": {
        "type": "Point",
        "coordinates": [
          120.96756491359022,
          14.602586448797627
        ]
      }
    },
    {
      "type": "Feature",
      "properties": {
        "id": "STOP_0544",
        "name": "Cubao - Divisoria (Stop)"
      },
      "geometry": {
        "type": "Point",
        "coordinates": [
          120.97013482286151,
          14.60549406962277
        ]
      }
    },
    {
      "type": "Feature",
      "properties": {
        "id": "STOP_0545",
        "name": "Cubao - Divisoria (Stop)"
      },
      "geometry": {
        "type": "Point",
        "coordinates": [
          120.97336073364423,
          14.606495146574593
        ]
      }
    },
    {
      "type": "Feature",
      "properties": {
        "id": "STOP_0546",
        "name": "Cubao - Divisoria (Stop)"
      },
      "geometry": {
        "type": "Point",
        "coordinates": [
          120.97701013349729,
          14.605193188553345
        ]
      }
    },
    {
      "type": "Feature",
      "properties": {
        "id": "STOP_0547",
        "name": "Cubao - Divisoria (Stop)"
      },
      "geometry": {
        "type": "Point",
        "coordinates": [
          120.98010392622406,
          14.603989115798582
        ]
      }
    },
    {
      "type": "Feature",
      "properties": {
        "id": "STOP_0548",
        "name": "Cubao - Divisoria (Stop)"
      },
      "geometry": {
        "type": "Point",
        "coordinates": [
          120.98447045785842,
          14.603299034816876
        ]
      }
    },
    {
      "type": "Feature",
      "properties": {
        "id": "STOP_0549",
        "name": "Cubao - Divisoria (Stop)"
      },
      "geometry": {
        "type": "Point",
        "coordinates": [
          120.98706004400653,
          14.602151241943927
        ]
      }
    },
    {
      "type": "Feature",
      "properties": {
        "id": "STOP_0550",
        "name": "Cubao - Divisoria (Stop)"
      },
      "geometry": {
        "type": "Point",
        "coordinates": [
          120.99039370953163,
          14.600602085041757
        ]
      }
    },
    {
      "type": "Feature",
      "properties": {
        "id": "STOP_0551",
        "name": "Cubao - Divisoria (Stop)"
      },
      "geometry": {
        "type": "Point",
        "coordinates": [
          120.9916860319507,
          14.601001047397341
        ]
      }
    },
    {
      "type": "Feature",
      "properties": {
        "id": "STOP_0552",
        "name": "Cubao - Divisoria (Stop)"
      },
      "geometry": {
        "type": "Point",
        "coordinates": [
          120.99284862858849,
          14.601529721349895
        ]
      }
    },
    {
      "type": "Feature",
      "properties": {
        "id": "STOP_0553",
        "name": "Cubao - Divisoria (Stop)"
      },
      "geometry": {
        "type": "Point",
        "coordinates": [
          120.99470392128043,
          14.600971745897427
        ]
      }
    },
    {
      "type": "Feature",
      "properties": {
        "id": "STOP_0554",
        "name": "Cubao - Divisoria (Stop)"
      },
      "geometry": {
        "type": "Point",
        "coordinates": [
          120.99617860998003,
          14.600517778246614
        ]
      }
    },
    {
      "type": "Feature",
      "properties": {
        "id": "STOP_0555",
        "name": "Cubao - Divisoria (Stop)"
      },
      "geometry": {
        "type": "Point",
        "coordinates": [
          120.9980595789907,
          14.600949794319583
        ]
      }
    },
    {
      "type": "Feature",
      "properties": {
        "id": "STOP_0556",
        "name": "Cubao - Divisoria (Stop)"
      },
      "geometry": {
        "type": "Point",
        "coordinates": [
          121.0000617089562,
          14.601177451572488
        ]
      }
    },
    {
      "type": "Feature",
      "properties": {
        "id": "STOP_0557",
        "name": "Cubao - Divisoria (Stop)"
      },
      "geometry": {
        "type": "Point",
        "coordinates": [
          121.00198796378122,
          14.601387975014587
        ]
      }
    },
    {
      "type": "Feature",
      "properties": {
        "id": "STOP_0558",
        "name": "Cubao - Divisoria (Stop)"
      },
      "geometry": {
        "type": "Point",
        "coordinates": [
          121.00440618631455,
          14.60157892996389
        ]
      }
    },
    {
      "type": "Feature",
      "properties": {
        "id": "STOP_0559",
        "name": "Cubao - Divisoria (Stop)"
      },
      "geometry": {
        "type": "Point",
        "coordinates": [
          121.00808491799236,
          14.601936339407516
        ]
      }
    },
    {
      "type": "Feature",
      "properties": {
        "id": "STOP_0560",
        "name": "Cubao - Divisoria (Stop)"
      },
      "geometry": {
        "type": "Point",
        "coordinates": [
          121.01069160546933,
          14.602132193478962
        ]
      }
    },
    {
      "type": "Feature",
      "properties": {
        "id": "STOP_0561",
        "name": "Cubao - Divisoria (Stop)"
      },
      "geometry": {
        "type": "Point",
        "coordinates": [
          121.01416229233516,
          14.602445544260945
        ]
      }
    },
    {
      "type": "Feature",
      "properties": {
        "id": "STOP_0562",
        "name": "Cubao - Divisoria (Stop)"
      },
      "geometry": {
        "type": "Point",
        "coordinates": [
          121.0158168598053,
          14.602822487761799
        ]
      }
    },
    {
      "type": "Feature",
      "properties": {
        "id": "STOP_0563",
        "name": "Cubao - Divisoria (Stop)"
      },
      "geometry": {
        "type": "Point",
        "coordinates": [
          121.01861195422433,
          14.605470684571705
        ]
      }
    },
    {
      "type": "Feature",
      "properties": {
        "id": "STOP_0564",
        "name": "Cubao - Divisoria (Stop)"
      },
      "geometry": {
        "type": "Point",
        "coordinates": [
          121.02213151811313,
          14.608946133612653
        ]
      }
    },
    {
      "type": "Feature",
      "properties": {
        "id": "STOP_0565",
        "name": "Cubao - Divisoria (Stop)"
      },
      "geometry": {
        "type": "Point",
        "coordinates": [
          121.02634869145443,
          14.610566436060706
        ]
      }
    },
    {
      "type": "Feature",
      "properties": {
        "id": "STOP_0566",
        "name": "Cubao - Divisoria (Stop)"
      },
      "geometry": {
        "type": "Point",
        "coordinates": [
          121.0305193649487,
          14.61199583685914
        ]
      }
    },
    {
      "type": "Feature",
      "properties": {
        "id": "STOP_0567",
        "name": "Cubao - Divisoria (Stop)"
      },
      "geometry": {
        "type": "Point",
        "coordinates": [
          121.0322620413076,
          14.612568577827478
        ]
      }
    },
    {
      "type": "Feature",
      "properties": {
        "id": "STOP_0568",
        "name": "Cubao - Divisoria (Stop)"
      },
      "geometry": {
        "type": "Point",
        "coordinates": [
          121.03557604973705,
          14.614237808851364
        ]
      }
    },
    {
      "type": "Feature",
      "properties": {
        "id": "STOP_0569",
        "name": "Cubao - Divisoria (Stop)"
      },
      "geometry": {
        "type": "Point",
        "coordinates": [
          121.0415285246105,
          14.617781840986405
        ]
      }
    },
    {
      "type": "Feature",
      "properties": {
        "id": "STOP_0570",
        "name": "Cubao - Divisoria (Stop)"
      },
      "geometry": {
        "type": "Point",
        "coordinates": [
          121.04411315120245,
          14.619348262989861
        ]
      }
    },
    {
      "type": "Feature",
      "properties": {
        "id": "STOP_0571",
        "name": "Cubao - Divisoria (Stop)"
      },
      "geometry": {
        "type": "Point",
        "coordinates": [
          121.047089407888,
          14.620307727767855
        ]
      }
    },
    {
      "type": "Feature",
      "properties": {
        "id": "STOP_0572",
        "name": "Cubao - Divisoria (Stop)"
      },
      "geometry": {
        "type": "Point",
        "coordinates": [
          121.04926285665185,
          14.621086063678575
        ]
      }
    },
    {
      "type": "Feature",
      "properties": {
        "id": "STOP_0573",
        "name": "Cubao - Divisoria (Stop)"
      },
      "geometry": {
        "type": "Point",
        "coordinates": [
          121.05220728620573,
          14.62239795962557
        ]
      }
    },
    {
      "type": "Feature",
      "properties": {
        "id": "STOP_0574",
        "name": "Cubao - Divisoria (Stop)"
      },
      "geometry": {
        "type": "Point",
        "coordinates": [
          121.05509786662526,
          14.6237930674465
        ]
      }
    },
    {
      "type": "Feature",
      "properties": {
        "id": "STOP_0575",
        "name": "Cubao - Divisoria (End)"
      },
      "geometry": {
        "type": "Point",
        "coordinates": [
          121.05277756603209,
          14.622843407181914
        ]
      }
    },
    {
      "type": "Feature",
      "properties": {
        "id": "STOP_0576",
        "name": "Commonwealth Market - Quiapo (Start)"
      },
      "geometry": {
        "type": "Point",
        "coordinates": [
          121.08721844926639,
          14.695388860945425
        ]
      }
    },
    {
      "type": "Feature",
      "properties": {
        "id": "STOP_0577",
        "name": "Commonwealth Market - Quiapo (Stop)"
      },
      "geometry": {
        "type": "Point",
        "coordinates": [
          121.08716959177924,
          14.69139952635334
        ]
      }
    },
    {
      "type": "Feature",
      "properties": {
        "id": "STOP_0578",
        "name": "Commonwealth Market - Quiapo (Stop)"
      },
      "geometry": {
        "type": "Point",
        "coordinates": [
          121.08708645053159,
          14.688144424167222
        ]
      }
    },
    {
      "type": "Feature",
      "properties": {
        "id": "STOP_0579",
        "name": "Commonwealth Market - Quiapo (Stop)"
      },
      "geometry": {
        "type": "Point",
        "coordinates": [
          121.0862445423743,
          14.685373898846354
        ]
      }
    },
    {
      "type": "Feature",
      "properties": {
        "id": "STOP_0580",
        "name": "Commonwealth Market - Quiapo (Stop)"
      },
      "geometry": {
        "type": "Point",
        "coordinates": [
          121.08455823794641,
          14.681543611406802
        ]
      }
    },
    {
      "type": "Feature",
      "properties": {
        "id": "STOP_0581",
        "name": "Commonwealth Market - Quiapo (Stop)"
      },
      "geometry": {
        "type": "Point",
        "coordinates": [
          121.08291843701622,
          14.6777500366841
        ]
      }
    },
    {
      "type": "Feature",
      "properties": {
        "id": "STOP_0582",
        "name": "Commonwealth Market - Quiapo (Stop)"
      },
      "geometry": {
        "type": "Point",
        "coordinates": [
          121.07988352077679,
          14.673295620834839
        ]
      }
    },
    {
      "type": "Feature",
      "properties": {
        "id": "STOP_0583",
        "name": "Commonwealth Market - Quiapo (Stop)"
      },
      "geometry": {
        "type": "Point",
        "coordinates": [
          121.07671151330041,
          14.669927866968154
        ]
      }
    },
    {
      "type": "Feature",
      "properties": {
        "id": "STOP_0584",
        "name": "Commonwealth Market - Quiapo (Stop)"
      },
      "geometry": {
        "type": "Point",
        "coordinates": [
          121.07305976150579,
          14.667196437723089
        ]
      }
    },
    {
      "type": "Feature",
      "properties": {
        "id": "STOP_0585",
        "name": "Commonwealth Market - Quiapo (Stop)"
      },
      "geometry": {
        "type": "Point",
        "coordinates": [
          121.06863457053603,
          14.664386672916107
        ]
      }
    },
    {
      "type": "Feature",
      "properties": {
        "id": "STOP_0586",
        "name": "Commonwealth Market - Quiapo (Stop)"
      },
      "geometry": {
        "type": "Point",
        "coordinates": [
          121.06496323284809,
          14.661870618288933
        ]
      }
    },
    {
      "type": "Feature",
      "properties": {
        "id": "STOP_0587",
        "name": "Commonwealth Market - Quiapo (Stop)"
      },
      "geometry": {
        "type": "Point",
        "coordinates": [
          121.05755201914825,
          14.657073462103094
        ]
      }
    },
    {
      "type": "Feature",
      "properties": {
        "id": "STOP_0588",
        "name": "Commonwealth Market - Quiapo (Stop)"
      },
      "geometry": {
        "type": "Point",
        "coordinates": [
          121.05384151732936,
          14.654665094127454
        ]
      }
    },
    {
      "type": "Feature",
      "properties": {
        "id": "STOP_0589",
        "name": "Commonwealth Market - Quiapo (Stop)"
      },
      "geometry": {
        "type": "Point",
        "coordinates": [
          121.05189815839142,
          14.653228401004904
        ]
      }
    },
    {
      "type": "Feature",
      "properties": {
        "id": "STOP_0590",
        "name": "Commonwealth Market - Quiapo (Stop)"
      },
      "geometry": {
        "type": "Point",
        "coordinates": [
          121.05029496452401,
          14.653947913471107
        ]
      }
    },
    {
      "type": "Feature",
      "properties": {
        "id": "STOP_0591",
        "name": "Commonwealth Market - Quiapo (Stop)"
      },
      "geometry": {
        "type": "Point",
        "coordinates": [
          121.04841274956286,
          14.654452044622616
        ]
      }
    },
    {
      "type": "Feature",
      "properties": {
        "id": "STOP_0592",
        "name": "Commonwealth Market - Quiapo (Stop)"
      },
      "geometry": {
        "type": "Point",
        "coordinates": [
          121.0467190403628,
          14.653238074485479
        ]
      }
    },
    {
      "type": "Feature",
      "properties": {
        "id": "STOP_0593",
        "name": "Commonwealth Market - Quiapo (Stop)"
      },
      "geometry": {
        "type": "Point",
        "coordinates": [
          121.04662118971689,
          14.650988871475258
        ]
      }
    },
    {
      "type": "Feature",
      "properties": {
        "id": "STOP_0594",
        "name": "Commonwealth Market - Quiapo (Stop)"
      },
      "geometry": {
        "type": "Point",
        "coordinates": [
          121.04475127571001,
          14.648835078984433
        ]
      }
    },
    {
      "type": "Feature",
      "properties": {
        "id": "STOP_0595",
        "name": "Commonwealth Market - Quiapo (Stop)"
      },
      "geometry": {
        "type": "Point",
        "coordinates": [
          121.0427442755622,
          14.647552573391337
        ]
      }
    },
    {
      "type": "Feature",
      "properties": {
        "id": "STOP_0596",
        "name": "Commonwealth Market - Quiapo (Stop)"
      },
      "geometry": {
        "type": "Point",
        "coordinates": [
          121.04082049108544,
          14.646382652079593
        ]
      }
    },
    {
      "type": "Feature",
      "properties": {
        "id": "STOP_0597",
        "name": "Commonwealth Market - Quiapo (Stop)"
      },
      "geometry": {
        "type": "Point",
        "coordinates": [
          121.03774145613949,
          14.644542105239209
        ]
      }
    },
    {
      "type": "Feature",
      "properties": {
        "id": "STOP_0598",
        "name": "Commonwealth Market - Quiapo (Stop)"
      },
      "geometry": {
        "type": "Point",
        "coordinates": [
          121.03614809289655,
          14.643563091960242
        ]
      }
    },
    {
      "type": "Feature",
      "properties": {
        "id": "STOP_0599",
        "name": "Commonwealth Market - Quiapo (Stop)"
      },
      "geometry": {
        "type": "Point",
        "coordinates": [
          121.03470647975657,
          14.642625688633043
        ]
      }
    },
    {
      "type": "Feature",
      "properties": {
        "id": "STOP_0600",
        "name": "Commonwealth Market - Quiapo (Stop)"
      },
      "geometry": {
        "type": "Point",
        "coordinates": [
          121.03221975557264,
          14.641122902331691
        ]
      }
    },
    {
      "type": "Feature",
      "properties": {
        "id": "STOP_0601",
        "name": "Commonwealth Market - Quiapo (Stop)"
      },
      "geometry": {
        "type": "Point",
        "coordinates": [
          121.02886170219368,
          14.638954391766669
        ]
      }
    },
    {
      "type": "Feature",
      "properties": {
        "id": "STOP_0602",
        "name": "Commonwealth Market - Quiapo (Stop)"
      },
      "geometry": {
        "type": "Point",
        "coordinates": [
          121.02552812073549,
          14.63695720281321
        ]
      }
    },
    {
      "type": "Feature",
      "properties": {
        "id": "STOP_0603",
        "name": "Commonwealth Market - Quiapo (Stop)"
      },
      "geometry": {
        "type": "Point",
        "coordinates": [
          121.02300223717828,
          14.6353614127725
        ]
      }
    },
    {
      "type": "Feature",
      "properties": {
        "id": "STOP_0604",
        "name": "Commonwealth Market - Quiapo (Stop)"
      },
      "geometry": {
        "type": "Point",
        "coordinates": [
          121.02056446530008,
          14.633843942910486
        ]
      }
    },
    {
      "type": "Feature",
      "properties": {
        "id": "STOP_0605",
        "name": "Commonwealth Market - Quiapo (Stop)"
      },
      "geometry": {
        "type": "Point",
        "coordinates": [
          121.01755885851857,
          14.631993607948854
        ]
      }
    },
    {
      "type": "Feature",
      "properties": {
        "id": "STOP_0606",
        "name": "Commonwealth Market - Quiapo (Stop)"
      },
      "geometry": {
        "type": "Point",
        "coordinates": [
          121.01547353985421,
          14.630515305104387
        ]
      }
    },
    {
      "type": "Feature",
      "properties": {
        "id": "STOP_0607",
        "name": "Commonwealth Market - Quiapo (Stop)"
      },
      "geometry": {
        "type": "Point",
        "coordinates": [
          121.01244837524682,
          14.62769578199699
        ]
      }
    },
    {
      "type": "Feature",
      "properties": {
        "id": "STOP_0608",
        "name": "Commonwealth Market - Quiapo (Stop)"
      },
      "geometry": {
        "type": "Point",
        "coordinates": [
          121.00894348996727,
          14.624514026450223
        ]
      }
    },
    {
      "type": "Feature",
      "properties": {
        "id": "STOP_0609",
        "name": "Commonwealth Market - Quiapo (Stop)"
      },
      "geometry": {
        "type": "Point",
        "coordinates": [
          121.0065840567668,
          14.622340643443692
        ]
      }
    },
    {
      "type": "Feature",
      "properties": {
        "id": "STOP_0610",
        "name": "Commonwealth Market - Quiapo (Stop)"
      },
      "geometry": {
        "type": "Point",
        "coordinates": [
          121.00271693483215,
          14.618826027427474
        ]
      }
    },
    {
      "type": "Feature",
      "properties": {
        "id": "STOP_0611",
        "name": "Commonwealth Market - Quiapo (Stop)"
      },
      "geometry": {
        "type": "Point",
        "coordinates": [
          121.00156658685808,
          14.617847024109313
        ]
      }
    },
    {
      "type": "Feature",
      "properties": {
        "id": "STOP_0612",
        "name": "Commonwealth Market - Quiapo (Stop)"
      },
      "geometry": {
        "type": "Point",
        "coordinates": [
          120.99702884069104,
          14.613585922714103
        ]
      }
    },
    {
      "type": "Feature",
      "properties": {
        "id": "STOP_0613",
        "name": "Commonwealth Market - Quiapo (Stop)"
      },
      "geometry": {
        "type": "Point",
        "coordinates": [
          120.99050368435866,
          14.60765317265229
        ]
      }
    },
    {
      "type": "Feature",
      "properties": {
        "id": "STOP_0614",
        "name": "Commonwealth Market - Quiapo (Stop)"
      },
      "geometry": {
        "type": "Point",
        "coordinates": [
          120.98808061324931,
          14.60549447289921
        ]
      }
    },
    {
      "type": "Feature",
      "properties": {
        "id": "STOP_0615",
        "name": "Commonwealth Market - Quiapo (Stop)"
      },
      "geometry": {
        "type": "Point",
        "coordinates": [
          120.98531973988365,
          14.604757730317347
        ]
      }
    },
    {
      "type": "Feature",
      "properties": {
        "id": "STOP_0616",
        "name": "Commonwealth Market - Quiapo (Stop)"
      },
      "geometry": {
        "type": "Point",
        "coordinates": [
          120.98435549387808,
          14.600212805801
        ]
      }
    },
    {
      "type": "Feature",
      "properties": {
        "id": "STOP_0617",
        "name": "Commonwealth Market - Quiapo (Stop)"
      },
      "geometry": {
        "type": "Point",
        "coordinates": [
          120.98379750034803,
          14.597728637973434
        ]
      }
    },
    {
      "type": "Feature",
      "properties": {
        "id": "STOP_0618",
        "name": "Commonwealth Market - Quiapo (Stop)"
      },
      "geometry": {
        "type": "Point",
        "coordinates": [
          120.9836164090504,
          14.596421699006953
        ]
      }
    },
    {
      "type": "Feature",
      "properties": {
        "id": "STOP_0619",
        "name": "Commonwealth Market - Quiapo (Stop)"
      },
      "geometry": {
        "type": "Point",
        "coordinates": [
          120.9841303602537,
          14.598296452376406
        ]
      }
    },
    {
      "type": "Feature",
      "properties": {
        "id": "STOP_0620",
        "name": "Commonwealth Market - Quiapo (Stop)"
      },
      "geometry": {
        "type": "Point",
        "coordinates": [
          120.98503586465372,
          14.602809558794068
        ]
      }
    },
    {
      "type": "Feature",
      "properties": {
        "id": "STOP_0621",
        "name": "Commonwealth Market - Quiapo (Stop)"
      },
      "geometry": {
        "type": "Point",
        "coordinates": [
          120.98567219403148,
          14.604757738237804
        ]
      }
    },
    {
      "type": "Feature",
      "properties": {
        "id": "STOP_0622",
        "name": "Commonwealth Market - Quiapo (Stop)"
      },
      "geometry": {
        "type": "Point",
        "coordinates": [
          120.9876106807078,
          14.60522769098088
        ]
      }
    },
    {
      "type": "Feature",
      "properties": {
        "id": "STOP_0623",
        "name": "Commonwealth Market - Quiapo (Stop)"
      },
      "geometry": {
        "type": "Point",
        "coordinates": [
          120.9909687220515,
          14.607905269798886
        ]
      }
    },
    {
      "type": "Feature",
      "properties": {
        "id": "STOP_0624",
        "name": "Commonwealth Market - Quiapo (Stop)"
      },
      "geometry": {
        "type": "Point",
        "coordinates": [
          120.99525192537077,
          14.61185554011422
        ]
      }
    },
    {
      "type": "Feature",
      "properties": {
        "id": "STOP_0625",
        "name": "Commonwealth Market - Quiapo (Stop)"
      },
      "geometry": {
        "type": "Point",
        "coordinates": [
          120.99907009569291,
          14.615355470353999
        ]
      }
    },
    {
      "type": "Feature",
      "properties": {
        "id": "STOP_0626",
        "name": "Commonwealth Market - Quiapo (Stop)"
      },
      "geometry": {
        "type": "Point",
        "coordinates": [
          121.00130225807911,
          14.617347739659676
        ]
      }
    },
    {
      "type": "Feature",
      "properties": {
        "id": "STOP_0627",
        "name": "Commonwealth Market - Quiapo (Stop)"
      },
      "geometry": {
        "type": "Point",
        "coordinates": [
          121.00224701023701,
          14.618223945723631
        ]
      }
    },
    {
      "type": "Feature",
      "properties": {
        "id": "STOP_0628",
        "name": "Commonwealth Market - Quiapo (Stop)"
      },
      "geometry": {
        "type": "Point",
        "coordinates": [
          121.00714210197306,
          14.622644138998458
        ]
      }
    },
    {
      "type": "Feature",
      "properties": {
        "id": "STOP_0629",
        "name": "Commonwealth Market - Quiapo (Stop)"
      },
      "geometry": {
        "type": "Point",
        "coordinates": [
          121.00938405416952,
          14.624660882969335
        ]
      }
    },
    {
      "type": "Feature",
      "properties": {
        "id": "STOP_0630",
        "name": "Commonwealth Market - Quiapo (Stop)"
      },
      "geometry": {
        "type": "Point",
        "coordinates": [
          121.01168474733093,
          14.62673636691098
        ]
      }
    },
    {
      "type": "Feature",
      "properties": {
        "id": "STOP_0631",
        "name": "Commonwealth Market - Quiapo (Stop)"
      },
      "geometry": {
        "type": "Point",
        "coordinates": [
          121.01388019660916,
          14.628691923749303
        ]
      }
    },
    {
      "type": "Feature",
      "properties": {
        "id": "STOP_0632",
        "name": "Commonwealth Market - Quiapo (Stop)"
      },
      "geometry": {
        "type": "Point",
        "coordinates": [
          121.01524592458468,
          14.630035601024092
        ]
      }
    },
    {
      "type": "Feature",
      "properties": {
        "id": "STOP_0633",
        "name": "Commonwealth Market - Quiapo (Stop)"
      },
      "geometry": {
        "type": "Point",
        "coordinates": [
          121.01693228931924,
          14.631320546853217
        ]
      }
    },
    {
      "type": "Feature",
      "properties": {
        "id": "STOP_0634",
        "name": "Commonwealth Market - Quiapo (Stop)"
      },
      "geometry": {
        "type": "Point",
        "coordinates": [
          121.02045188279817,
          14.633547799691808
        ]
      }
    },
    {
      "type": "Feature",
      "properties": {
        "id": "STOP_0635",
        "name": "Commonwealth Market - Quiapo (Stop)"
      },
      "geometry": {
        "type": "Point",
        "coordinates": [
          121.0229581884703,
          14.6350212171059
        ]
      }
    },
    {
      "type": "Feature",
      "properties": {
        "id": "STOP_0636",
        "name": "Commonwealth Market - Quiapo (Stop)"
      },
      "geometry": {
        "type": "Point",
        "coordinates": [
          121.02554770621805,
          14.636758960311441
        ]
      }
    },
    {
      "type": "Feature",
      "properties": {
        "id": "STOP_0637",
        "name": "Commonwealth Market - Quiapo (Stop)"
      },
      "geometry": {
        "type": "Point",
        "coordinates": [
          121.03025192238314,
          14.639612785353574
        ]
      }
    },
    {
      "type": "Feature",
      "properties": {
        "id": "STOP_0638",
        "name": "Commonwealth Market - Quiapo (Stop)"
      },
      "geometry": {
        "type": "Point",
        "coordinates": [
          121.03353165435765,
          14.641707870847656
        ]
      }
    },
    {
      "type": "Feature",
      "properties": {
        "id": "STOP_0639",
        "name": "Commonwealth Market - Quiapo (Stop)"
      },
      "geometry": {
        "type": "Point",
        "coordinates": [
          121.03621418442631,
          14.643293874633455
        ]
      }
    },
    {
      "type": "Feature",
      "properties": {
        "id": "STOP_0640",
        "name": "Commonwealth Market - Quiapo (Stop)"
      },
      "geometry": {
        "type": "Point",
        "coordinates": [
          121.0383190895491,
          14.644532328436572
        ]
      }
    },
    {
      "type": "Feature",
      "properties": {
        "id": "STOP_0641",
        "name": "Commonwealth Market - Quiapo (Stop)"
      },
      "geometry": {
        "type": "Point",
        "coordinates": [
          121.0406932256034,
          14.645976373560371
        ]
      }
    },
    {
      "type": "Feature",
      "properties": {
        "id": "STOP_0642",
        "name": "Commonwealth Market - Quiapo (Stop)"
      },
      "geometry": {
        "type": "Point",
        "coordinates": [
          121.04217644808485,
          14.646906435491289
        ]
      }
    },
    {
      "type": "Feature",
      "properties": {
        "id": "STOP_0643",
        "name": "Commonwealth Market - Quiapo (Stop)"
      },
      "geometry": {
        "type": "Point",
        "coordinates": [
          121.04349323574314,
          14.647758175485018
        ]
      }
    },
    {
      "type": "Feature",
      "properties": {
        "id": "STOP_0644",
        "name": "Commonwealth Market - Quiapo (Stop)"
      },
      "geometry": {
        "type": "Point",
        "coordinates": [
          121.04667996106335,
          14.64976515091934
        ]
      }
    },
    {
      "type": "Feature",
      "properties": {
        "id": "STOP_0645",
        "name": "Commonwealth Market - Quiapo (Stop)"
      },
      "geometry": {
        "type": "Point",
        "coordinates": [
          121.04808000370234,
          14.649070108334376
        ]
      }
    },
    {
      "type": "Feature",
      "properties": {
        "id": "STOP_0646",
        "name": "Commonwealth Market - Quiapo (Stop)"
      },
      "geometry": {
        "type": "Point",
        "coordinates": [
          121.05052761326921,
          14.648590464324647
        ]
      }
    },
    {
      "type": "Feature",
      "properties": {
        "id": "STOP_0647",
        "name": "Commonwealth Market - Quiapo (Stop)"
      },
      "geometry": {
        "type": "Point",
        "coordinates": [
          121.05201571679619,
          14.650117702637418
        ]
      }
    },
    {
      "type": "Feature",
      "properties": {
        "id": "STOP_0648",
        "name": "Commonwealth Market - Quiapo (Stop)"
      },
      "geometry": {
        "type": "Point",
        "coordinates": [
          121.05174153408034,
          14.652300816304917
        ]
      }
    },
    {
      "type": "Feature",
      "properties": {
        "id": "STOP_0649",
        "name": "Commonwealth Market - Quiapo (Stop)"
      },
      "geometry": {
        "type": "Point",
        "coordinates": [
          121.0542086669154,
          14.654249036932526
        ]
      }
    },
    {
      "type": "Feature",
      "properties": {
        "id": "STOP_0650",
        "name": "Commonwealth Market - Quiapo (Stop)"
      },
      "geometry": {
        "type": "Point",
        "coordinates": [
          121.05733174934083,
          14.656481175766613
        ]
      }
    },
    {
      "type": "Feature",
      "properties": {
        "id": "STOP_0651",
        "name": "Commonwealth Market - Quiapo (Stop)"
      },
      "geometry": {
        "type": "Point",
        "coordinates": [
          121.06314715128168,
          14.660338477713564
        ]
      }
    },
    {
      "type": "Feature",
      "properties": {
        "id": "STOP_0652",
        "name": "Commonwealth Market - Quiapo (Stop)"
      },
      "geometry": {
        "type": "Point",
        "coordinates": [
          121.0680226915114,
          14.663520264081663
        ]
      }
    },
    {
      "type": "Feature",
      "properties": {
        "id": "STOP_0653",
        "name": "Commonwealth Market - Quiapo (Stop)"
      },
      "geometry": {
        "type": "Point",
        "coordinates": [
          121.07056815258211,
          14.665253111423661
        ]
      }
    },
    {
      "type": "Feature",
      "properties": {
        "id": "STOP_0654",
        "name": "Commonwealth Market - Quiapo (Stop)"
      },
      "geometry": {
        "type": "Point",
        "coordinates": [
          121.07312340705874,
          14.666858691909706
        ]
      }
    },
    {
      "type": "Feature",
      "properties": {
        "id": "STOP_0655",
        "name": "Commonwealth Market - Quiapo (Stop)"
      },
      "geometry": {
        "type": "Point",
        "coordinates": [
          121.07558075517174,
          14.66856706283748
        ]
      }
    },
    {
      "type": "Feature",
      "properties": {
        "id": "STOP_0656",
        "name": "Commonwealth Market - Quiapo (Stop)"
      },
      "geometry": {
        "type": "Point",
        "coordinates": [
          121.07802830419509,
          14.670642550114973
        ]
      }
    },
    {
      "type": "Feature",
      "properties": {
        "id": "STOP_0657",
        "name": "Commonwealth Market - Quiapo (Stop)"
      },
      "geometry": {
        "type": "Point",
        "coordinates": [
          121.07993248781253,
          14.67265928654647
        ]
      }
    },
    {
      "type": "Feature",
      "properties": {
        "id": "STOP_0658",
        "name": "Commonwealth Market - Quiapo (Stop)"
      },
      "geometry": {
        "type": "Point",
        "coordinates": [
          121.08125904069396,
          14.67457321737521
        ]
      }
    },
    {
      "type": "Feature",
      "properties": {
        "id": "STOP_0659",
        "name": "Commonwealth Market - Quiapo (Stop)"
      },
      "geometry": {
        "type": "Point",
        "coordinates": [
          121.08324152020762,
          14.677740254160636
        ]
      }
    },
    {
      "type": "Feature",
      "properties": {
        "id": "STOP_0660",
        "name": "Commonwealth Market - Quiapo (Stop)"
      },
      "geometry": {
        "type": "Point",
        "coordinates": [
          121.08523375788532,
          14.682268069940223
        ]
      }
    },
    {
      "type": "Feature",
      "properties": {
        "id": "STOP_0661",
        "name": "Commonwealth Market - Quiapo (Stop)"
      },
      "geometry": {
        "type": "Point",
        "coordinates": [
          121.0867609741704,
          14.685856056872096
        ]
      }
    },
    {
      "type": "Feature",
      "properties": {
        "id": "STOP_0662",
        "name": "Commonwealth Market - Quiapo (Stop)"
      },
      "geometry": {
        "type": "Point",
        "coordinates": [
          121.08738748302315,
          14.68907690702805
        ]
      }
    },
    {
      "type": "Feature",
      "properties": {
        "id": "STOP_0663",
        "name": "Commonwealth Market - Quiapo (Stop)"
      },
      "geometry": {
        "type": "Point",
        "coordinates": [
          121.08751465611522,
          14.693384411066052
        ]
      }
    },
    {
      "type": "Feature",
      "properties": {
        "id": "STOP_0664",
        "name": "Commonwealth Market - Quiapo (Stop)"
      },
      "geometry": {
        "type": "Point",
        "coordinates": [
          121.08750479559059,
          14.696345817924147
        ]
      }
    },
    {
      "type": "Feature",
      "properties": {
        "id": "STOP_0665",
        "name": "Commonwealth Market - Quiapo (Stop)"
      },
      "geometry": {
        "type": "Point",
        "coordinates": [
          121.08745580514214,
          14.697970919558054
        ]
      }
    },
    {
      "type": "Feature",
      "properties": {
        "id": "STOP_0666",
        "name": "Commonwealth Market - Quiapo (Stop)"
      },
      "geometry": {
        "type": "Point",
        "coordinates": [
          121.0872355709196,
          14.695875902659791
        ]
      }
    },
    {
      "type": "Feature",
      "properties": {
        "id": "STOP_0667",
        "name": "Commonwealth Market - Quiapo (End)"
      },
      "geometry": {
        "type": "Point",
        "coordinates": [
          121.0872208973862,
          14.695366834005547
        ]
      }
    },
    {
      "type": "Feature",
      "properties": {
        "id": "STOP_0668",
        "name": "Philcoa - Pier (Start)"
      },
      "geometry": {
        "type": "Point",
        "coordinates": [
          120.97119009366118,
          14.590474131710456
        ]
      }
    },
    {
      "type": "Feature",
      "properties": {
        "id": "STOP_0669",
        "name": "Philcoa - Pier (Stop)"
      },
      "geometry": {
        "type": "Point",
        "coordinates": [
          120.97046559761611,
          14.590767808659495
        ]
      }
    },
    {
      "type": "Feature",
      "properties": {
        "id": "STOP_0670",
        "name": "Philcoa - Pier (Stop)"
      },
      "geometry": {
        "type": "Point",
        "coordinates": [
          120.97208106165459,
          14.588692412788246
        ]
      }
    },
    {
      "type": "Feature",
      "properties": {
        "id": "STOP_0671",
        "name": "Philcoa - Pier (Stop)"
      },
      "geometry": {
        "type": "Point",
        "coordinates": [
          120.97370633081995,
          14.585995366472119
        ]
      }
    },
    {
      "type": "Feature",
      "properties": {
        "id": "STOP_0672",
        "name": "Philcoa - Pier (Stop)"
      },
      "geometry": {
        "type": "Point",
        "coordinates": [
          120.97460708827927,
          14.584252806882002
        ]
      }
    },
    {
      "type": "Feature",
      "properties": {
        "id": "STOP_0673",
        "name": "Philcoa - Pier (Stop)"
      },
      "geometry": {
        "type": "Point",
        "coordinates": [
          120.97537077176752,
          14.582867570979204
        ]
      }
    },
    {
      "type": "Feature",
      "properties": {
        "id": "STOP_0674",
        "name": "Philcoa - Pier (Stop)"
      },
      "geometry": {
        "type": "Point",
        "coordinates": [
          120.97810225522339,
          14.58439483718175
        ]
      }
    },
    {
      "type": "Feature",
      "properties": {
        "id": "STOP_0675",
        "name": "Philcoa - Pier (Stop)"
      },
      "geometry": {
        "type": "Point",
        "coordinates": [
          120.97995261200762,
          14.5855549670386
        ]
      }
    },
    {
      "type": "Feature",
      "properties": {
        "id": "STOP_0676",
        "name": "Philcoa - Pier (Stop)"
      },
      "geometry": {
        "type": "Point",
        "coordinates": [
          120.9809095679343,
          14.587875165076856
        ]
      }
    },
    {
      "type": "Feature",
      "properties": {
        "id": "STOP_0677",
        "name": "Philcoa - Pier (Stop)"
      },
      "geometry": {
        "type": "Point",
        "coordinates": [
          120.9809829558582,
          14.589563902810475
        ]
      }
    },
    {
      "type": "Feature",
      "properties": {
        "id": "STOP_0678",
        "name": "Philcoa - Pier (Stop)"
      },
      "geometry": {
        "type": "Point",
        "coordinates": [
          120.98038569374094,
          14.59159526757889
        ]
      }
    },
    {
      "type": "Feature",
      "properties": {
        "id": "STOP_0679",
        "name": "Philcoa - Pier (Stop)"
      },
      "geometry": {
        "type": "Point",
        "coordinates": [
          120.98003319980212,
          14.59327420597475
        ]
      }
    },
    {
      "type": "Feature",
      "properties": {
        "id": "STOP_0680",
        "name": "Philcoa - Pier (Stop)"
      },
      "geometry": {
        "type": "Point",
        "coordinates": [
          120.98087513833505,
          14.594762270618673
        ]
      }
    },
    {
      "type": "Feature",
      "properties": {
        "id": "STOP_0681",
        "name": "Philcoa - Pier (Stop)"
      },
      "geometry": {
        "type": "Point",
        "coordinates": [
          120.98246115578473,
          14.595868550783017
        ]
      }
    },
    {
      "type": "Feature",
      "properties": {
        "id": "STOP_0682",
        "name": "Philcoa - Pier (Stop)"
      },
      "geometry": {
        "type": "Point",
        "coordinates": [
          120.98385136792605,
          14.596867139027458
        ]
      }
    },
    {
      "type": "Feature",
      "properties": {
        "id": "STOP_0683",
        "name": "Philcoa - Pier (Stop)"
      },
      "geometry": {
        "type": "Point",
        "coordinates": [
          120.98471282042847,
          14.601174659181236
        ]
      }
    },
    {
      "type": "Feature",
      "properties": {
        "id": "STOP_0684",
        "name": "Philcoa - Pier (Stop)"
      },
      "geometry": {
        "type": "Point",
        "coordinates": [
          120.98539317305101,
          14.604537462038994
        ]
      }
    },
    {
      "type": "Feature",
      "properties": {
        "id": "STOP_0685",
        "name": "Philcoa - Pier (Stop)"
      },
      "geometry": {
        "type": "Point",
        "coordinates": [
          120.98752746294738,
          14.605203214674304
        ]
      }
    },
    {
      "type": "Feature",
      "properties": {
        "id": "STOP_0686",
        "name": "Philcoa - Pier (Stop)"
      },
      "geometry": {
        "type": "Point",
        "coordinates": [
          120.98974494856378,
          14.606823472203283
        ]
      }
    },
    {
      "type": "Feature",
      "properties": {
        "id": "STOP_0687",
        "name": "Philcoa - Pier (Stop)"
      },
      "geometry": {
        "type": "Point",
        "coordinates": [
          120.99297081368537,
          14.609750687306498
        ]
      }
    },
    {
      "type": "Feature",
      "properties": {
        "id": "STOP_0688",
        "name": "Philcoa - Pier (Stop)"
      },
      "geometry": {
        "type": "Point",
        "coordinates": [
          120.99579528081318,
          14.612335251281953
        ]
      }
    },
    {
      "type": "Feature",
      "properties": {
        "id": "STOP_0689",
        "name": "Philcoa - Pier (Stop)"
      },
      "geometry": {
        "type": "Point",
        "coordinates": [
          120.9986907270709,
          14.614971213173284
        ]
      }
    },
    {
      "type": "Feature",
      "properties": {
        "id": "STOP_0690",
        "name": "Philcoa - Pier (Stop)"
      },
      "geometry": {
        "type": "Point",
        "coordinates": [
          121.00141239681011,
          14.617482351536635
        ]
      }
    },
    {
      "type": "Feature",
      "properties": {
        "id": "STOP_0691",
        "name": "Philcoa - Pier (Stop)"
      },
      "geometry": {
        "type": "Point",
        "coordinates": [
          121.0022886186531,
          14.618255763426342
        ]
      }
    },
    {
      "type": "Feature",
      "properties": {
        "id": "STOP_0692",
        "name": "Philcoa - Pier (Stop)"
      },
      "geometry": {
        "type": "Point",
        "coordinates": [
          121.00410959439336,
          14.619831958070655
        ]
      }
    },
    {
      "type": "Feature",
      "properties": {
        "id": "STOP_0693",
        "name": "Philcoa - Pier (Stop)"
      },
      "geometry": {
        "type": "Point",
        "coordinates": [
          121.00712986519973,
          14.622592742406022
        ]
      }
    },
    {
      "type": "Feature",
      "properties": {
        "id": "STOP_0694",
        "name": "Philcoa - Pier (Stop)"
      },
      "geometry": {
        "type": "Point",
        "coordinates": [
          121.00821168146604,
          14.623527690200536
        ]
      }
    },
    {
      "type": "Feature",
      "properties": {
        "id": "STOP_0695",
        "name": "Philcoa - Pier (Stop)"
      },
      "geometry": {
        "type": "Point",
        "coordinates": [
          121.00963125747359,
          14.624834657025286
        ]
      }
    },
    {
      "type": "Feature",
      "properties": {
        "id": "STOP_0696",
        "name": "Philcoa - Pier (Stop)"
      },
      "geometry": {
        "type": "Point",
        "coordinates": [
          121.01130537650607,
          14.62644511258815
        ]
      }
    },
    {
      "type": "Feature",
      "properties": {
        "id": "STOP_0697",
        "name": "Philcoa - Pier (Stop)"
      },
      "geometry": {
        "type": "Point",
        "coordinates": [
          121.01399767842474,
          14.628814298573726
        ]
      }
    },
    {
      "type": "Feature",
      "properties": {
        "id": "STOP_0698",
        "name": "Philcoa - Pier (Stop)"
      },
      "geometry": {
        "type": "Point",
        "coordinates": [
          121.01519207980127,
          14.629935254622463
        ]
      }
    },
    {
      "type": "Feature",
      "properties": {
        "id": "STOP_0699",
        "name": "Philcoa - Pier (Stop)"
      },
      "geometry": {
        "type": "Point",
        "coordinates": [
          121.01749767546343,
          14.631702360772524
        ]
      }
    },
    {
      "type": "Feature",
      "properties": {
        "id": "STOP_0700",
        "name": "Philcoa - Pier (Stop)"
      },
      "geometry": {
        "type": "Point",
        "coordinates": [
          121.02072845733842,
          14.633719126964385
        ]
      }
    },
    {
      "type": "Feature",
      "properties": {
        "id": "STOP_0701",
        "name": "Philcoa - Pier (Stop)"
      },
      "geometry": {
        "type": "Point",
        "coordinates": [
          121.02276482995042,
          14.634947789451237
        ]
      }
    },
    {
      "type": "Feature",
      "properties": {
        "id": "STOP_0702",
        "name": "Philcoa - Pier (Stop)"
      },
      "geometry": {
        "type": "Point",
        "coordinates": [
          121.02507043210329,
          14.636440781907512
        ]
      }
    },
    {
      "type": "Feature",
      "properties": {
        "id": "STOP_0703",
        "name": "Philcoa - Pier (Stop)"
      },
      "geometry": {
        "type": "Point",
        "coordinates": [
          121.02939282723788,
          14.639113487537943
        ]
      }
    },
    {
      "type": "Feature",
      "properties": {
        "id": "STOP_0704",
        "name": "Philcoa - Pier (Stop)"
      },
      "geometry": {
        "type": "Point",
        "coordinates": [
          121.03191381640677,
          14.64067501325761
        ]
      }
    },
    {
      "type": "Feature",
      "properties": {
        "id": "STOP_0705",
        "name": "Philcoa - Pier (Stop)"
      },
      "geometry": {
        "type": "Point",
        "coordinates": [
          121.03453270811117,
          14.642295279826145
        ]
      }
    },
    {
      "type": "Feature",
      "properties": {
        "id": "STOP_0706",
        "name": "Philcoa - Pier (Stop)"
      },
      "geometry": {
        "type": "Point",
        "coordinates": [
          121.03734740500369,
          14.644028133204554
        ]
      }
    },
    {
      "type": "Feature",
      "properties": {
        "id": "STOP_0707",
        "name": "Philcoa - Pier (Stop)"
      },
      "geometry": {
        "type": "Point",
        "coordinates": [
          121.04044602027167,
          14.645888260034134
        ]
      }
    },
    {
      "type": "Feature",
      "properties": {
        "id": "STOP_0708",
        "name": "Philcoa - Pier (Stop)"
      },
      "geometry": {
        "type": "Point",
        "coordinates": [
          121.04166490864066,
          14.646544202329723
        ]
      }
    },
    {
      "type": "Feature",
      "properties": {
        "id": "STOP_0709",
        "name": "Philcoa - Pier (Stop)"
      },
      "geometry": {
        "type": "Point",
        "coordinates": [
          121.04302574900817,
          14.647567264374759
        ]
      }
    },
    {
      "type": "Feature",
      "properties": {
        "id": "STOP_0710",
        "name": "Philcoa - Pier (Stop)"
      },
      "geometry": {
        "type": "Point",
        "coordinates": [
          121.04580128722301,
          14.649177744688272
        ]
      }
    },
    {
      "type": "Feature",
      "properties": {
        "id": "STOP_0711",
        "name": "Philcoa - Pier (Stop)"
      },
      "geometry": {
        "type": "Point",
        "coordinates": [
          121.04711807998241,
          14.649814109632633
        ]
      }
    },
    {
      "type": "Feature",
      "properties": {
        "id": "STOP_0712",
        "name": "Philcoa - Pier (Stop)"
      },
      "geometry": {
        "type": "Point",
        "coordinates": [
          121.04873841527248,
          14.64874706054548
        ]
      }
    },
    {
      "type": "Feature",
      "properties": {
        "id": "STOP_0713",
        "name": "Philcoa - Pier (Stop)"
      },
      "geometry": {
        "type": "Point",
        "coordinates": [
          121.05104894635208,
          14.648815640856077
        ]
      }
    },
    {
      "type": "Feature",
      "properties": {
        "id": "STOP_0714",
        "name": "Philcoa - Pier (Stop)"
      },
      "geometry": {
        "type": "Point",
        "coordinates": [
          121.05202794110414,
          14.65069529963607
        ]
      }
    },
    {
      "type": "Feature",
      "properties": {
        "id": "STOP_0715",
        "name": "Philcoa - Pier (Stop)"
      },
      "geometry": {
        "type": "Point",
        "coordinates": [
          121.0517684507032,
          14.652594510159773
        ]
      }
    },
    {
      "type": "Feature",
      "properties": {
        "id": "STOP_0716",
        "name": "Philcoa - Pier (Stop)"
      },
      "geometry": {
        "type": "Point",
        "coordinates": [
          121.05395656766366,
          14.654107079533915
        ]
      }
    },
    {
      "type": "Feature",
      "properties": {
        "id": "STOP_0717",
        "name": "Philcoa - Pier (Stop)"
      },
      "geometry": {
        "type": "Point",
        "coordinates": [
          121.05595377451466,
          14.655511957096708
        ]
      }
    },
    {
      "type": "Feature",
      "properties": {
        "id": "STOP_0718",
        "name": "Philcoa - Pier (Stop)"
      },
      "geometry": {
        "type": "Point",
        "coordinates": [
          121.05810273152547,
          14.656955997167678
        ]
      }
    },
    {
      "type": "Feature",
      "properties": {
        "id": "STOP_0719",
        "name": "Philcoa - Pier (Stop)"
      },
      "geometry": {
        "type": "Point",
        "coordinates": [
          121.05445095965678,
          14.655071383475981
        ]
      }
    },
    {
      "type": "Feature",
      "properties": {
        "id": "STOP_0720",
        "name": "Philcoa - Pier (Stop)"
      },
      "geometry": {
        "type": "Point",
        "coordinates": [
          121.05201808902196,
          14.65329937956684
        ]
      }
    },
    {
      "type": "Feature",
      "properties": {
        "id": "STOP_0721",
        "name": "Philcoa - Pier (Stop)"
      },
      "geometry": {
        "type": "Point",
        "coordinates": [
          121.05064252978829,
          14.653681149905664
        ]
      }
    },
    {
      "type": "Feature",
      "properties": {
        "id": "STOP_0722",
        "name": "Philcoa - Pier (Stop)"
      },
      "geometry": {
        "type": "Point",
        "coordinates": [
          121.04896345939046,
          14.654442267213225
        ]
      }
    },
    {
      "type": "Feature",
      "properties": {
        "id": "STOP_0723",
        "name": "Philcoa - Pier (Stop)"
      },
      "geometry": {
        "type": "Point",
        "coordinates": [
          121.04718651573391,
          14.653908684573171
        ]
      }
    },
    {
      "type": "Feature",
      "properties": {
        "id": "STOP_0724",
        "name": "Philcoa - Pier (Stop)"
      },
      "geometry": {
        "type": "Point",
        "coordinates": [
          121.04648654624698,
          14.652068191147979
        ]
      }
    },
    {
      "type": "Feature",
      "properties": {
        "id": "STOP_0725",
        "name": "Philcoa - Pier (Stop)"
      },
      "geometry": {
        "type": "Point",
        "coordinates": [
          121.04685861990397,
          14.65043330707507
        ]
      }
    },
    {
      "type": "Feature",
      "properties": {
        "id": "STOP_0726",
        "name": "Philcoa - Pier (Stop)"
      },
      "geometry": {
        "type": "Point",
        "coordinates": [
          121.04349078159326,
          14.648034736573175
        ]
      }
    },
    {
      "type": "Feature",
      "properties": {
        "id": "STOP_0727",
        "name": "Philcoa - Pier (Stop)"
      },
      "geometry": {
        "type": "Point",
        "coordinates": [
          121.04074951195504,
          14.64633125416703
        ]
      }
    },
    {
      "type": "Feature",
      "properties": {
        "id": "STOP_0728",
        "name": "Philcoa - Pier (Stop)"
      },
      "geometry": {
        "type": "Point",
        "coordinates": [
          121.03775369418858,
          14.644539658070315
        ]
      }
    },
    {
      "type": "Feature",
      "properties": {
        "id": "STOP_0729",
        "name": "Philcoa - Pier (Stop)"
      },
      "geometry": {
        "type": "Point",
        "coordinates": [
          121.03467955745194,
          14.642571844266236
        ]
      }
    },
    {
      "type": "Feature",
      "properties": {
        "id": "STOP_0730",
        "name": "Philcoa - Pier (Stop)"
      },
      "geometry": {
        "type": "Point",
        "coordinates": [
          121.02884456889025,
          14.638959286269321
        ]
      }
    },
    {
      "type": "Feature",
      "properties": {
        "id": "STOP_0731",
        "name": "Philcoa - Pier (Stop)"
      },
      "geometry": {
        "type": "Point",
        "coordinates": [
          121.02643616610649,
          14.637529925039953
        ]
      }
    },
    {
      "type": "Feature",
      "properties": {
        "id": "STOP_0732",
        "name": "Philcoa - Pier (Stop)"
      },
      "geometry": {
        "type": "Point",
        "coordinates": [
          121.02313685403678,
          14.63540546978313
        ]
      }
    },
    {
      "type": "Feature",
      "properties": {
        "id": "STOP_0733",
        "name": "Philcoa - Pier (Stop)"
      },
      "geometry": {
        "type": "Point",
        "coordinates": [
          121.02103195041423,
          14.634103382445131
        ]
      }
    },
    {
      "type": "Feature",
      "properties": {
        "id": "STOP_0734",
        "name": "Philcoa - Pier (Stop)"
      },
      "geometry": {
        "type": "Point",
        "coordinates": [
          121.01756620142929,
          14.631988713226374
        ]
      }
    },
    {
      "type": "Feature",
      "properties": {
        "id": "STOP_0735",
        "name": "Philcoa - Pier (Stop)"
      },
      "geometry": {
        "type": "Point",
        "coordinates": [
          121.01562284079463,
          14.63062299598144
        ]
      }
    },
    {
      "type": "Feature",
      "properties": {
        "id": "STOP_0736",
        "name": "Philcoa - Pier (Stop)"
      },
      "geometry": {
        "type": "Point",
        "coordinates": [
          121.01132495178292,
          14.626677620179608
        ]
      }
    },
    {
      "type": "Feature",
      "properties": {
        "id": "STOP_0737",
        "name": "Philcoa - Pier (Stop)"
      },
      "geometry": {
        "type": "Point",
        "coordinates": [
          121.00967041086871,
          14.62517974746633
        ]
      }
    },
    {
      "type": "Feature",
      "properties": {
        "id": "STOP_0738",
        "name": "Philcoa - Pier (Stop)"
      },
      "geometry": {
        "type": "Point",
        "coordinates": [
          121.00700503438436,
          14.622732243892084
        ]
      }
    },
    {
      "type": "Feature",
      "properties": {
        "id": "STOP_0739",
        "name": "Philcoa - Pier (Stop)"
      },
      "geometry": {
        "type": "Point",
        "coordinates": [
          121.00364700256031,
          14.619653284288656
        ]
      }
    },
    {
      "type": "Feature",
      "properties": {
        "id": "STOP_0740",
        "name": "Philcoa - Pier (Stop)"
      },
      "geometry": {
        "type": "Point",
        "coordinates": [
          121.00186029400707,
          14.61804282620269
        ]
      }
    },
    {
      "type": "Feature",
      "properties": {
        "id": "STOP_0741",
        "name": "Philcoa - Pier (Stop)"
      },
      "geometry": {
        "type": "Point",
        "coordinates": [
          120.99876170283828,
          14.61516456281828
        ]
      }
    },
    {
      "type": "Feature",
      "properties": {
        "id": "STOP_0742",
        "name": "Philcoa - Pier (Stop)"
      },
      "geometry": {
        "type": "Point",
        "coordinates": [
          120.99575122149307,
          14.612442937813345
        ]
      }
    },
    {
      "type": "Feature",
      "properties": {
        "id": "STOP_0743",
        "name": "Philcoa - Pier (Stop)"
      },
      "geometry": {
        "type": "Point",
        "coordinates": [
          120.99025403438344,
          14.607440239444264
        ]
      }
    },
    {
      "type": "Feature",
      "properties": {
        "id": "STOP_0744",
        "name": "Philcoa - Pier (Stop)"
      },
      "geometry": {
        "type": "Point",
        "coordinates": [
          120.9880316620384,
          14.605462655031715
        ]
      }
    },
    {
      "type": "Feature",
      "properties": {
        "id": "STOP_0745",
        "name": "Philcoa - Pier (Stop)"
      },
      "geometry": {
        "type": "Point",
        "coordinates": [
          120.98534421586618,
          14.60475773086738
        ]
      }
    },
    {
      "type": "Feature",
      "properties": {
        "id": "STOP_0746",
        "name": "Philcoa - Pier (Stop)"
      },
      "geometry": {
        "type": "Point",
        "coordinates": [
          120.98479111561669,
          14.602354328775982
        ]
      }
    },
    {
      "type": "Feature",
      "properties": {
        "id": "STOP_0747",
        "name": "Philcoa - Pier (Stop)"
      },
      "geometry": {
        "type": "Point",
        "coordinates": [
          120.98363598032412,
          14.59682308020129
        ]
      }
    },
    {
      "type": "Feature",
      "properties": {
        "id": "STOP_0748",
        "name": "Philcoa - Pier (Stop)"
      },
      "geometry": {
        "type": "Point",
        "coordinates": [
          120.98058142921296,
          14.594649681610667
        ]
      }
    },
    {
      "type": "Feature",
      "properties": {
        "id": "STOP_0749",
        "name": "Philcoa - Pier (Stop)"
      },
      "geometry": {
        "type": "Point",
        "coordinates": [
          120.97905414344811,
          14.593993732392741
        ]
      }
    },
    {
      "type": "Feature",
      "properties": {
        "id": "STOP_0750",
        "name": "Philcoa - Pier (Stop)"
      },
      "geometry": {
        "type": "Point",
        "coordinates": [
          120.97948005628585,
          14.592696596848526
        ]
      }
    },
    {
      "type": "Feature",
      "properties": {
        "id": "STOP_0751",
        "name": "Philcoa - Pier (Stop)"
      },
      "geometry": {
        "type": "Point",
        "coordinates": [
          120.98031717351878,
          14.591066618219063
        ]
      }
    },
    {
      "type": "Feature",
      "properties": {
        "id": "STOP_0752",
        "name": "Philcoa - Pier (Stop)"
      },
      "geometry": {
        "type": "Point",
        "coordinates": [
          120.98082142400244,
          14.589157623541555
        ]
      }
    },
    {
      "type": "Feature",
      "properties": {
        "id": "STOP_0753",
        "name": "Philcoa - Pier (Stop)"
      },
      "geometry": {
        "type": "Point",
        "coordinates": [
          120.98072844763591,
          14.587791947923186
        ]
      }
    },
    {
      "type": "Feature",
      "properties": {
        "id": "STOP_0754",
        "name": "Philcoa - Pier (Stop)"
      },
      "geometry": {
        "type": "Point",
        "coordinates": [
          120.97986204901613,
          14.585633283197657
        ]
      }
    },
    {
      "type": "Feature",
      "properties": {
        "id": "STOP_0755",
        "name": "Philcoa - Pier (Stop)"
      },
      "geometry": {
        "type": "Point",
        "coordinates": [
          120.9756914004102,
          14.583151481643002
        ]
      }
    },
    {
      "type": "Feature",
      "properties": {
        "id": "STOP_0756",
        "name": "Philcoa - Pier (Stop)"
      },
      "geometry": {
        "type": "Point",
        "coordinates": [
          120.9744479747863,
          14.585080039239243
        ]
      }
    },
    {
      "type": "Feature",
      "properties": {
        "id": "STOP_0757",
        "name": "Philcoa - Pier (Stop)"
      },
      "geometry": {
        "type": "Point",
        "coordinates": [
          120.9712219145269,
          14.590386024455563
        ]
      }
    },
    {
      "type": "Feature",
      "properties": {
        "id": "STOP_0758",
        "name": "Philcoa - Pier (End)"
      },
      "geometry": {
        "type": "Point",
        "coordinates": [
          120.97118642194496,
          14.590487592567804
        ]
      }
    },
    {
      "type": "Feature",
      "properties": {
        "id": "STOP_0759",
        "name": "MCU - Pasay Rotonda (Start)"
      },
      "geometry": {
        "type": "Point",
        "coordinates": [
          120.98538165646823,
          14.657288041567092
        ]
      }
    },
    {
      "type": "Feature",
      "properties": {
        "id": "STOP_0760",
        "name": "MCU - Pasay Rotonda (Stop)"
      },
      "geometry": {
        "type": "Point",
        "coordinates": [
          120.9839820850647,
          14.657438648566686
        ]
      }
    },
    {
      "type": "Feature",
      "properties": {
        "id": "STOP_0761",
        "name": "MCU - Pasay Rotonda (Stop)"
      },
      "geometry": {
        "type": "Point",
        "coordinates": [
          120.98370834127726,
          14.656836088729676
        ]
      }
    },
    {
      "type": "Feature",
      "properties": {
        "id": "STOP_0762",
        "name": "MCU - Pasay Rotonda (Stop)"
      },
      "geometry": {
        "type": "Point",
        "coordinates": [
          120.98370517240413,
          14.653844377195288
        ]
      }
    },
    {
      "type": "Feature",
      "properties": {
        "id": "STOP_0763",
        "name": "MCU - Pasay Rotonda (Stop)"
      },
      "geometry": {
        "type": "Point",
        "coordinates": [
          120.98362746997402,
          14.651677125898207
        ]
      }
    },
    {
      "type": "Feature",
      "properties": {
        "id": "STOP_0764",
        "name": "MCU - Pasay Rotonda (Stop)"
      },
      "geometry": {
        "type": "Point",
        "coordinates": [
          120.98353358910272,
          14.648654636757257
        ]
      }
    },
    {
      "type": "Feature",
      "properties": {
        "id": "STOP_0765",
        "name": "MCU - Pasay Rotonda (Stop)"
      },
      "geometry": {
        "type": "Point",
        "coordinates": [
          120.98343322514548,
          14.64578440567172
        ]
      }
    },
    {
      "type": "Feature",
      "properties": {
        "id": "STOP_0766",
        "name": "MCU - Pasay Rotonda (Stop)"
      },
      "geometry": {
        "type": "Point",
        "coordinates": [
          120.98338791049079,
          14.644023716883218
        ]
      }
    },
    {
      "type": "Feature",
      "properties": {
        "id": "STOP_0767",
        "name": "MCU - Pasay Rotonda (Stop)"
      },
      "geometry": {
        "type": "Point",
        "coordinates": [
          120.98331345233302,
          14.641665333070332
        ]
      }
    },
    {
      "type": "Feature",
      "properties": {
        "id": "STOP_0768",
        "name": "MCU - Pasay Rotonda (Stop)"
      },
      "geometry": {
        "type": "Point",
        "coordinates": [
          120.98322926681999,
          14.639650339851315
        ]
      }
    },
    {
      "type": "Feature",
      "properties": {
        "id": "STOP_0769",
        "name": "MCU - Pasay Rotonda (Stop)"
      },
      "geometry": {
        "type": "Point",
        "coordinates": [
          120.98291505690234,
          14.637755204299392
        ]
      }
    },
    {
      "type": "Feature",
      "properties": {
        "id": "STOP_0770",
        "name": "MCU - Pasay Rotonda (Stop)"
      },
      "geometry": {
        "type": "Point",
        "coordinates": [
          120.98193994317481,
          14.63572399340122
        ]
      }
    },
    {
      "type": "Feature",
      "properties": {
        "id": "STOP_0771",
        "name": "MCU - Pasay Rotonda (Stop)"
      },
      "geometry": {
        "type": "Point",
        "coordinates": [
          120.9809000413178,
          14.63341094143163
        ]
      }
    },
    {
      "type": "Feature",
      "properties": {
        "id": "STOP_0772",
        "name": "MCU - Pasay Rotonda (Stop)"
      },
      "geometry": {
        "type": "Point",
        "coordinates": [
          120.98057286230934,
          14.631943424336235
        ]
      }
    },
    {
      "type": "Feature",
      "properties": {
        "id": "STOP_0773",
        "name": "MCU - Pasay Rotonda (Stop)"
      },
      "geometry": {
        "type": "Point",
        "coordinates": [
          120.98156749982594,
          14.630372271787243
        ]
      }
    },
    {
      "type": "Feature",
      "properties": {
        "id": "STOP_0774",
        "name": "MCU - Pasay Rotonda (Stop)"
      },
      "geometry": {
        "type": "Point",
        "coordinates": [
          120.98280187352437,
          14.628995496778828
        ]
      }
    },
    {
      "type": "Feature",
      "properties": {
        "id": "STOP_0775",
        "name": "MCU - Pasay Rotonda (Stop)"
      },
      "geometry": {
        "type": "Point",
        "coordinates": [
          120.98298172052343,
          14.627247771232755
        ]
      }
    },
    {
      "type": "Feature",
      "properties": {
        "id": "STOP_0776",
        "name": "MCU - Pasay Rotonda (Stop)"
      },
      "geometry": {
        "type": "Point",
        "coordinates": [
          120.98282309486609,
          14.622114723154837
        ]
      }
    },
    {
      "type": "Feature",
      "properties": {
        "id": "STOP_0777",
        "name": "MCU - Pasay Rotonda (Stop)"
      },
      "geometry": {
        "type": "Point",
        "coordinates": [
          120.98276644692325,
          14.620109449216653
        ]
      }
    },
    {
      "type": "Feature",
      "properties": {
        "id": "STOP_0778",
        "name": "MCU - Pasay Rotonda (Stop)"
      },
      "geometry": {
        "type": "Point",
        "coordinates": [
          120.98269199507048,
          14.617485423547512
        ]
      }
    },
    {
      "type": "Feature",
      "properties": {
        "id": "STOP_0779",
        "name": "MCU - Pasay Rotonda (Stop)"
      },
      "geometry": {
        "type": "Point",
        "coordinates": [
          120.98261107103069,
          14.614553641843473
        ]
      }
    },
    {
      "type": "Feature",
      "properties": {
        "id": "STOP_0780",
        "name": "MCU - Pasay Rotonda (Stop)"
      },
      "geometry": {
        "type": "Point",
        "coordinates": [
          120.98255280176203,
          14.612609919069616
        ]
      }
    },
    {
      "type": "Feature",
      "properties": {
        "id": "STOP_0781",
        "name": "MCU - Pasay Rotonda (Stop)"
      },
      "geometry": {
        "type": "Point",
        "coordinates": [
          120.9823374180597,
          14.610118711227203
        ]
      }
    },
    {
      "type": "Feature",
      "properties": {
        "id": "STOP_0782",
        "name": "MCU - Pasay Rotonda (Stop)"
      },
      "geometry": {
        "type": "Point",
        "coordinates": [
          120.98197141245562,
          14.606529297390829
        ]
      }
    },
    {
      "type": "Feature",
      "properties": {
        "id": "STOP_0783",
        "name": "MCU - Pasay Rotonda (Stop)"
      },
      "geometry": {
        "type": "Point",
        "coordinates": [
          120.98175765469101,
          14.603782166282551
        ]
      }
    },
    {
      "type": "Feature",
      "properties": {
        "id": "STOP_0784",
        "name": "MCU - Pasay Rotonda (Stop)"
      },
      "geometry": {
        "type": "Point",
        "coordinates": [
          120.98169937544614,
          14.602259583181127
        ]
      }
    },
    {
      "type": "Feature",
      "properties": {
        "id": "STOP_0785",
        "name": "MCU - Pasay Rotonda (Stop)"
      },
      "geometry": {
        "type": "Point",
        "coordinates": [
          120.9813106481352,
          14.600506985620616
        ]
      }
    },
    {
      "type": "Feature",
      "properties": {
        "id": "STOP_0786",
        "name": "MCU - Pasay Rotonda (Stop)"
      },
      "geometry": {
        "type": "Point",
        "coordinates": [
          120.97964544016567,
          14.599722980553583
        ]
      }
    },
    {
      "type": "Feature",
      "properties": {
        "id": "STOP_0787",
        "name": "MCU - Pasay Rotonda (Stop)"
      },
      "geometry": {
        "type": "Point",
        "coordinates": [
          120.98050076701429,
          14.598229573813994
        ]
      }
    },
    {
      "type": "Feature",
      "properties": {
        "id": "STOP_0788",
        "name": "MCU - Pasay Rotonda (Stop)"
      },
      "geometry": {
        "type": "Point",
        "coordinates": [
          120.98005698764942,
          14.595484057333627
        ]
      }
    },
    {
      "type": "Feature",
      "properties": {
        "id": "STOP_0789",
        "name": "MCU - Pasay Rotonda (Stop)"
      },
      "geometry": {
        "type": "Point",
        "coordinates": [
          120.97961641244093,
          14.594240065725481
        ]
      }
    },
    {
      "type": "Feature",
      "properties": {
        "id": "STOP_0790",
        "name": "MCU - Pasay Rotonda (Stop)"
      },
      "geometry": {
        "type": "Point",
        "coordinates": [
          120.97892312090046,
          14.593695808147098
        ]
      }
    },
    {
      "type": "Feature",
      "properties": {
        "id": "STOP_0791",
        "name": "MCU - Pasay Rotonda (Stop)"
      },
      "geometry": {
        "type": "Point",
        "coordinates": [
          120.9798562000227,
          14.592265574115203
        ]
      }
    },
    {
      "type": "Feature",
      "properties": {
        "id": "STOP_0792",
        "name": "MCU - Pasay Rotonda (Stop)"
      },
      "geometry": {
        "type": "Point",
        "coordinates": [
          120.9804037470856,
          14.59096005354483
        ]
      }
    },
    {
      "type": "Feature",
      "properties": {
        "id": "STOP_0793",
        "name": "MCU - Pasay Rotonda (Stop)"
      },
      "geometry": {
        "type": "Point",
        "coordinates": [
          120.98084438617168,
          14.589508751469317
        ]
      }
    },
    {
      "type": "Feature",
      "properties": {
        "id": "STOP_0794",
        "name": "MCU - Pasay Rotonda (Stop)"
      },
      "geometry": {
        "type": "Point",
        "coordinates": [
          120.98183579877944,
          14.587312368576915
        ]
      }
    },
    {
      "type": "Feature",
      "properties": {
        "id": "STOP_0795",
        "name": "MCU - Pasay Rotonda (Stop)"
      },
      "geometry": {
        "type": "Point",
        "coordinates": [
          120.98322246984749,
          14.584688375873595
        ]
      }
    },
    {
      "type": "Feature",
      "properties": {
        "id": "STOP_0796",
        "name": "MCU - Pasay Rotonda (Stop)"
      },
      "geometry": {
        "type": "Point",
        "coordinates": [
          120.98403243749381,
          14.583314830971549
        ]
      }
    },
    {
      "type": "Feature",
      "properties": {
        "id": "STOP_0797",
        "name": "MCU - Pasay Rotonda (Stop)"
      },
      "geometry": {
        "type": "Point",
        "coordinates": [
          120.98602172238422,
          14.579757865577383
        ]
      }
    },
    {
      "type": "Feature",
      "properties": {
        "id": "STOP_0798",
        "name": "MCU - Pasay Rotonda (Stop)"
      },
      "geometry": {
        "type": "Point",
        "coordinates": [
          120.98830258928363,
          14.575974139270665
        ]
      }
    },
    {
      "type": "Feature",
      "properties": {
        "id": "STOP_0799",
        "name": "MCU - Pasay Rotonda (Stop)"
      },
      "geometry": {
        "type": "Point",
        "coordinates": [
          120.99006508359807,
          14.57278647588146
        ]
      }
    },
    {
      "type": "Feature",
      "properties": {
        "id": "STOP_0800",
        "name": "MCU - Pasay Rotonda (Stop)"
      },
      "geometry": {
        "type": "Point",
        "coordinates": [
          120.9920932500614,
          14.569031899761914
        ]
      }
    },
    {
      "type": "Feature",
      "properties": {
        "id": "STOP_0801",
        "name": "MCU - Pasay Rotonda (Stop)"
      },
      "geometry": {
        "type": "Point",
        "coordinates": [
          120.99326609512336,
          14.566540723295718
        ]
      }
    },
    {
      "type": "Feature",
      "properties": {
        "id": "STOP_0802",
        "name": "MCU - Pasay Rotonda (Stop)"
      },
      "geometry": {
        "type": "Point",
        "coordinates": [
          120.99443246178056,
          14.564004193197405
        ]
      }
    },
    {
      "type": "Feature",
      "properties": {
        "id": "STOP_0803",
        "name": "MCU - Pasay Rotonda (Stop)"
      },
      "geometry": {
        "type": "Point",
        "coordinates": [
          120.99527159938066,
          14.562112323320145
        ]
      }
    },
    {
      "type": "Feature",
      "properties": {
        "id": "STOP_0804",
        "name": "MCU - Pasay Rotonda (Stop)"
      },
      "geometry": {
        "type": "Point",
        "coordinates": [
          120.99590017420931,
          14.559361971803114
        ]
      }
    },
    {
      "type": "Feature",
      "properties": {
        "id": "STOP_0805",
        "name": "MCU - Pasay Rotonda (Stop)"
      },
      "geometry": {
        "type": "Point",
        "coordinates": [
          120.99660003116068,
          14.556281189280762
        ]
      }
    },
    {
      "type": "Feature",
      "properties": {
        "id": "STOP_0806",
        "name": "MCU - Pasay Rotonda (Stop)"
      },
      "geometry": {
        "type": "Point",
        "coordinates": [
          120.99714436583112,
          14.553822394087826
        ]
      }
    },
    {
      "type": "Feature",
      "properties": {
        "id": "STOP_0807",
        "name": "MCU - Pasay Rotonda (Stop)"
      },
      "geometry": {
        "type": "Point",
        "coordinates": [
          120.99761417080691,
          14.552024462464423
        ]
      }
    },
    {
      "type": "Feature",
      "properties": {
        "id": "STOP_0808",
        "name": "MCU - Pasay Rotonda (Stop)"
      },
      "geometry": {
        "type": "Point",
        "coordinates": [
          120.99834156701466,
          14.548882129423735
        ]
      }
    },
    {
      "type": "Feature",
      "properties": {
        "id": "STOP_0809",
        "name": "MCU - Pasay Rotonda (Stop)"
      },
      "geometry": {
        "type": "Point",
        "coordinates": [
          120.99915806752792,
          14.545257107622268
        ]
      }
    },
    {
      "type": "Feature",
      "properties": {
        "id": "STOP_0810",
        "name": "MCU - Pasay Rotonda (Stop)"
      },
      "geometry": {
        "type": "Point",
        "coordinates": [
          120.99979960555092,
          14.542328582021968
        ]
      }
    },
    {
      "type": "Feature",
      "properties": {
        "id": "STOP_0811",
        "name": "MCU - Pasay Rotonda (Stop)"
      },
      "geometry": {
        "type": "Point",
        "coordinates": [
          121.00033097780974,
          14.540015565685442
        ]
      }
    },
    {
      "type": "Feature",
      "properties": {
        "id": "STOP_0812",
        "name": "MCU - Pasay Rotonda (Stop)"
      },
      "geometry": {
        "type": "Point",
        "coordinates": [
          121.00068091063041,
          14.538292140719205
        ]
      }
    },
    {
      "type": "Feature",
      "properties": {
        "id": "STOP_0813",
        "name": "MCU - Pasay Rotonda (Stop)"
      },
      "geometry": {
        "type": "Point",
        "coordinates": [
          121.00079105969006,
          14.538381230421088
        ]
      }
    },
    {
      "type": "Feature",
      "properties": {
        "id": "STOP_0814",
        "name": "MCU - Pasay Rotonda (Stop)"
      },
      "geometry": {
        "type": "Point",
        "coordinates": [
          120.9998238932345,
          14.542765919851183
        ]
      }
    },
    {
      "type": "Feature",
      "properties": {
        "id": "STOP_0815",
        "name": "MCU - Pasay Rotonda (Stop)"
      },
      "geometry": {
        "type": "Point",
        "coordinates": [
          120.99935408180396,
          14.544835972424599
        ]
      }
    },
    {
      "type": "Feature",
      "properties": {
        "id": "STOP_0816",
        "name": "MCU - Pasay Rotonda (Stop)"
      },
      "geometry": {
        "type": "Point",
        "coordinates": [
          120.99850517797303,
          14.548710437724855
        ]
      }
    },
    {
      "type": "Feature",
      "properties": {
        "id": "STOP_0817",
        "name": "MCU - Pasay Rotonda (Stop)"
      },
      "geometry": {
        "type": "Point",
        "coordinates": [
          120.99786688253552,
          14.551519100615069
        ]
      }
    },
    {
      "type": "Feature",
      "properties": {
        "id": "STOP_0818",
        "name": "MCU - Pasay Rotonda (Stop)"
      },
      "geometry": {
        "type": "Point",
        "coordinates": [
          120.99716703195593,
          14.554331001668775
        ]
      }
    },
    {
      "type": "Feature",
      "properties": {
        "id": "STOP_0819",
        "name": "MCU - Pasay Rotonda (Stop)"
      },
      "geometry": {
        "type": "Point",
        "coordinates": [
          120.99628249405971,
          14.55807588480573
        ]
      }
    },
    {
      "type": "Feature",
      "properties": {
        "id": "STOP_0820",
        "name": "MCU - Pasay Rotonda (Stop)"
      },
      "geometry": {
        "type": "Point",
        "coordinates": [
          120.99580944297136,
          14.560142697821082
        ]
      }
    },
    {
      "type": "Feature",
      "properties": {
        "id": "STOP_0821",
        "name": "MCU - Pasay Rotonda (Stop)"
      },
      "geometry": {
        "type": "Point",
        "coordinates": [
          120.99530074706045,
          14.562533463594013
        ]
      }
    },
    {
      "type": "Feature",
      "properties": {
        "id": "STOP_0822",
        "name": "MCU - Pasay Rotonda (Stop)"
      },
      "geometry": {
        "type": "Point",
        "coordinates": [
          120.99398210569464,
          14.565361548459732
        ]
      }
    },
    {
      "type": "Feature",
      "properties": {
        "id": "STOP_0823",
        "name": "MCU - Pasay Rotonda (Stop)"
      },
      "geometry": {
        "type": "Point",
        "coordinates": [
          120.99165585539524,
          14.570285590189409
        ]
      }
    },
    {
      "type": "Feature",
      "properties": {
        "id": "STOP_0824",
        "name": "MCU - Pasay Rotonda (Stop)"
      },
      "geometry": {
        "type": "Point",
        "coordinates": [
          120.98973460773608,
          14.573729173305216
        ]
      }
    },
    {
      "type": "Feature",
      "properties": {
        "id": "STOP_0825",
        "name": "MCU - Pasay Rotonda (Stop)"
      },
      "geometry": {
        "type": "Point",
        "coordinates": [
          120.98698395537113,
          14.578487989251157
        ]
      }
    },
    {
      "type": "Feature",
      "properties": {
        "id": "STOP_0826",
        "name": "MCU - Pasay Rotonda (Stop)"
      },
      "geometry": {
        "type": "Point",
        "coordinates": [
          120.98589697967253,
          14.580294005917919
        ]
      }
    },
    {
      "type": "Feature",
      "properties": {
        "id": "STOP_0827",
        "name": "MCU - Pasay Rotonda (Stop)"
      },
      "geometry": {
        "type": "Point",
        "coordinates": [
          120.98480028068367,
          14.582271717760511
        ]
      }
    },
    {
      "type": "Feature",
      "properties": {
        "id": "STOP_0828",
        "name": "MCU - Pasay Rotonda (Stop)"
      },
      "geometry": {
        "type": "Point",
        "coordinates": [
          120.98335529705255,
          14.584779085858015
        ]
      }
    },
    {
      "type": "Feature",
      "properties": {
        "id": "STOP_0829",
        "name": "MCU - Pasay Rotonda (Stop)"
      },
      "geometry": {
        "type": "Point",
        "coordinates": [
          120.98231529555584,
          14.586670951296764
        ]
      }
    },
    {
      "type": "Feature",
      "properties": {
        "id": "STOP_0830",
        "name": "MCU - Pasay Rotonda (Stop)"
      },
      "geometry": {
        "type": "Point",
        "coordinates": [
          120.98122669519005,
          14.588679438933488
        ]
      }
    },
    {
      "type": "Feature",
      "properties": {
        "id": "STOP_0831",
        "name": "MCU - Pasay Rotonda (Stop)"
      },
      "geometry": {
        "type": "Point",
        "coordinates": [
          120.98046367521891,
          14.59125809217445
        ]
      }
    },
    {
      "type": "Feature",
      "properties": {
        "id": "STOP_0832",
        "name": "MCU - Pasay Rotonda (Stop)"
      },
      "geometry": {
        "type": "Point",
        "coordinates": [
          120.97972982235557,
          14.593438283192459
        ]
      }
    },
    {
      "type": "Feature",
      "properties": {
        "id": "STOP_0833",
        "name": "MCU - Pasay Rotonda (Stop)"
      },
      "geometry": {
        "type": "Point",
        "coordinates": [
          120.98010558563583,
          14.595404689802022
        ]
      }
    },
    {
      "type": "Feature",
      "properties": {
        "id": "STOP_0834",
        "name": "MCU - Pasay Rotonda (Stop)"
      },
      "geometry": {
        "type": "Point",
        "coordinates": [
          120.98060119689274,
          14.598317043535872
        ]
      }
    },
    {
      "type": "Feature",
      "properties": {
        "id": "STOP_0835",
        "name": "MCU - Pasay Rotonda (Stop)"
      },
      "geometry": {
        "type": "Point",
        "coordinates": [
          120.97978474953877,
          14.599700306935109
        ]
      }
    },
    {
      "type": "Feature",
      "properties": {
        "id": "STOP_0836",
        "name": "MCU - Pasay Rotonda (Stop)"
      },
      "geometry": {
        "type": "Point",
        "coordinates": [
          120.98149208818211,
          14.599891477913204
        ]
      }
    },
    {
      "type": "Feature",
      "properties": {
        "id": "STOP_0837",
        "name": "MCU - Pasay Rotonda (Stop)"
      },
      "geometry": {
        "type": "Point",
        "coordinates": [
          120.98188401899773,
          14.60317313640595
        ]
      }
    },
    {
      "type": "Feature",
      "properties": {
        "id": "STOP_0838",
        "name": "MCU - Pasay Rotonda (Stop)"
      },
      "geometry": {
        "type": "Point",
        "coordinates": [
          120.98206212741192,
          14.606435352893541
        ]
      }
    },
    {
      "type": "Feature",
      "properties": {
        "id": "STOP_0839",
        "name": "MCU - Pasay Rotonda (Stop)"
      },
      "geometry": {
        "type": "Point",
        "coordinates": [
          120.98230827690082,
          14.609422210385349
        ]
      }
    },
    {
      "type": "Feature",
      "properties": {
        "id": "STOP_0840",
        "name": "MCU - Pasay Rotonda (Stop)"
      },
      "geometry": {
        "type": "Point",
        "coordinates": [
          120.98256092767312,
          14.61148903987747
        ]
      }
    },
    {
      "type": "Feature",
      "properties": {
        "id": "STOP_0841",
        "name": "MCU - Pasay Rotonda (Stop)"
      },
      "geometry": {
        "type": "Point",
        "coordinates": [
          120.9827487533176,
          14.614835484550607
        ]
      }
    },
    {
      "type": "Feature",
      "properties": {
        "id": "STOP_0842",
        "name": "MCU - Pasay Rotonda (Stop)"
      },
      "geometry": {
        "type": "Point",
        "coordinates": [
          120.98284910213636,
          14.618343904063524
        ]
      }
    },
    {
      "type": "Feature",
      "properties": {
        "id": "STOP_0843",
        "name": "MCU - Pasay Rotonda (Stop)"
      },
      "geometry": {
        "type": "Point",
        "coordinates": [
          120.98292679135045,
          14.62106835541848
        ]
      }
    },
    {
      "type": "Feature",
      "properties": {
        "id": "STOP_0844",
        "name": "MCU - Pasay Rotonda (Stop)"
      },
      "geometry": {
        "type": "Point",
        "coordinates": [
          120.98297533418595,
          14.623316594363514
        ]
      }
    },
    {
      "type": "Feature",
      "properties": {
        "id": "STOP_0845",
        "name": "MCU - Pasay Rotonda (Stop)"
      },
      "geometry": {
        "type": "Point",
        "coordinates": [
          120.98309511508187,
          14.62709389582873
        ]
      }
    },
    {
      "type": "Feature",
      "properties": {
        "id": "STOP_0846",
        "name": "MCU - Pasay Rotonda (Stop)"
      },
      "geometry": {
        "type": "Point",
        "coordinates": [
          120.98307564332825,
          14.628499853945428
        ]
      }
    },
    {
      "type": "Feature",
      "properties": {
        "id": "STOP_0847",
        "name": "MCU - Pasay Rotonda (Stop)"
      },
      "geometry": {
        "type": "Point",
        "coordinates": [
          120.9823094147986,
          14.629763255713511
        ]
      }
    },
    {
      "type": "Feature",
      "properties": {
        "id": "STOP_0848",
        "name": "MCU - Pasay Rotonda (Stop)"
      },
      "geometry": {
        "type": "Point",
        "coordinates": [
          120.9809454470724,
          14.631326301124941
        ]
      }
    },
    {
      "type": "Feature",
      "properties": {
        "id": "STOP_0849",
        "name": "MCU - Pasay Rotonda (Stop)"
      },
      "geometry": {
        "type": "Point",
        "coordinates": [
          120.98067975919685,
          14.632557318784231
        ]
      }
    },
    {
      "type": "Feature",
      "properties": {
        "id": "STOP_0850",
        "name": "MCU - Pasay Rotonda (Stop)"
      },
      "geometry": {
        "type": "Point",
        "coordinates": [
          120.98168726487798,
          14.63481853744997
        ]
      }
    },
    {
      "type": "Feature",
      "properties": {
        "id": "STOP_0851",
        "name": "MCU - Pasay Rotonda (Stop)"
      },
      "geometry": {
        "type": "Point",
        "coordinates": [
          120.98272069132229,
          14.636959893875762
        ]
      }
    },
    {
      "type": "Feature",
      "properties": {
        "id": "STOP_0852",
        "name": "MCU - Pasay Rotonda (Stop)"
      },
      "geometry": {
        "type": "Point",
        "coordinates": [
          120.98326817060429,
          14.63851488339652
        ]
      }
    },
    {
      "type": "Feature",
      "properties": {
        "id": "STOP_0853",
        "name": "MCU - Pasay Rotonda (Stop)"
      },
      "geometry": {
        "type": "Point",
        "coordinates": [
          120.98334911054373,
          14.640776081267655
        ]
      }
    },
    {
      "type": "Feature",
      "properties": {
        "id": "STOP_0854",
        "name": "MCU - Pasay Rotonda (Stop)"
      },
      "geometry": {
        "type": "Point",
        "coordinates": [
          120.98347540493062,
          14.643118268562148
        ]
      }
    },
    {
      "type": "Feature",
      "properties": {
        "id": "STOP_0855",
        "name": "MCU - Pasay Rotonda (Stop)"
      },
      "geometry": {
        "type": "Point",
        "coordinates": [
          120.983533683036,
          14.644689444788378
        ]
      }
    },
    {
      "type": "Feature",
      "properties": {
        "id": "STOP_0856",
        "name": "MCU - Pasay Rotonda (Stop)"
      },
      "geometry": {
        "type": "Point",
        "coordinates": [
          120.98364699302309,
          14.648105537964367
        ]
      }
    },
    {
      "type": "Feature",
      "properties": {
        "id": "STOP_0857",
        "name": "MCU - Pasay Rotonda (Stop)"
      },
      "geometry": {
        "type": "Point",
        "coordinates": [
          120.98376031732437,
          14.65091745770307
        ]
      }
    },
    {
      "type": "Feature",
      "properties": {
        "id": "STOP_0858",
        "name": "MCU - Pasay Rotonda (Stop)"
      },
      "geometry": {
        "type": "Point",
        "coordinates": [
          120.98386718693311,
          14.652683007194481
        ]
      }
    },
    {
      "type": "Feature",
      "properties": {
        "id": "STOP_0859",
        "name": "MCU - Pasay Rotonda (Stop)"
      },
      "geometry": {
        "type": "Point",
        "coordinates": [
          120.98397728991344,
          14.65471743824751
        ]
      }
    },
    {
      "type": "Feature",
      "properties": {
        "id": "STOP_0860",
        "name": "MCU - Pasay Rotonda (Stop)"
      },
      "geometry": {
        "type": "Point",
        "coordinates": [
          120.98398696316882,
          14.65665792050822
        ]
      }
    },
    {
      "type": "Feature",
      "properties": {
        "id": "STOP_0861",
        "name": "MCU - Pasay Rotonda (Stop)"
      },
      "geometry": {
        "type": "Point",
        "coordinates": [
          120.98605390846302,
          14.657040232160059
        ]
      }
    },
    {
      "type": "Feature",
      "properties": {
        "id": "STOP_0862",
        "name": "MCU - Pasay Rotonda (Stop)"
      },
      "geometry": {
        "type": "Point",
        "coordinates": [
          120.9898120052814,
          14.657124544472454
        ]
      }
    },
    {
      "type": "Feature",
      "properties": {
        "id": "STOP_0863",
        "name": "MCU - Pasay Rotonda (Stop)"
      },
      "geometry": {
        "type": "Point",
        "coordinates": [
          120.98535087897325,
          14.65728642110936
        ]
      }
    },
    {
      "type": "Feature",
      "properties": {
        "id": "STOP_0864",
        "name": "Karuhatan - Sta. Cruz (Start)"
      },
      "geometry": {
        "type": "Point",
        "coordinates": [
          120.97397861605407,
          14.689976324169738
        ]
      }
    },
    {
      "type": "Feature",
      "properties": {
        "id": "STOP_0865",
        "name": "Karuhatan - Sta. Cruz (Stop)"
      },
      "geometry": {
        "type": "Point",
        "coordinates": [
          120.97507693537264,
          14.687977555022954
        ]
      }
    },
    {
      "type": "Feature",
      "properties": {
        "id": "STOP_0866",
        "name": "Karuhatan - Sta. Cruz (Stop)"
      },
      "geometry": {
        "type": "Point",
        "coordinates": [
          120.97646360132754,
          14.685567371267867
        ]
      }
    },
    {
      "type": "Feature",
      "properties": {
        "id": "STOP_0867",
        "name": "Karuhatan - Sta. Cruz (Stop)"
      },
      "geometry": {
        "type": "Point",
        "coordinates": [
          120.97822609542482,
          14.68238618636673
        ]
      }
    },
    {
      "type": "Feature",
      "properties": {
        "id": "STOP_0868",
        "name": "Karuhatan - Sta. Cruz (Stop)"
      },
      "geometry": {
        "type": "Point",
        "coordinates": [
          120.97926286198,
          14.680290229784083
        ]
      }
    },
    {
      "type": "Feature",
      "properties": {
        "id": "STOP_0869",
        "name": "Karuhatan - Sta. Cruz (Stop)"
      },
      "geometry": {
        "type": "Point",
        "coordinates": [
          120.97998537203266,
          14.678265535949874
        ]
      }
    },
    {
      "type": "Feature",
      "properties": {
        "id": "STOP_0870",
        "name": "Karuhatan - Sta. Cruz (Stop)"
      },
      "geometry": {
        "type": "Point",
        "coordinates": [
          120.98068519784222,
          14.676496764962616
        ]
      }
    },
    {
      "type": "Feature",
      "properties": {
        "id": "STOP_0871",
        "name": "Karuhatan - Sta. Cruz (Stop)"
      },
      "geometry": {
        "type": "Point",
        "coordinates": [
          120.98196821236482,
          14.673231341414365
        ]
      }
    },
    {
      "type": "Feature",
      "properties": {
        "id": "STOP_0872",
        "name": "Karuhatan - Sta. Cruz (Stop)"
      },
      "geometry": {
        "type": "Point",
        "coordinates": [
          120.98200068764692,
          14.669943213061327
        ]
      }
    },
    {
      "type": "Feature",
      "properties": {
        "id": "STOP_0873",
        "name": "Karuhatan - Sta. Cruz (Stop)"
      },
      "geometry": {
        "type": "Point",
        "coordinates": [
          120.98206714598325,
          14.66809991855235
        ]
      }
    },
    {
      "type": "Feature",
      "properties": {
        "id": "STOP_0874",
        "name": "Karuhatan - Sta. Cruz (Stop)"
      },
      "geometry": {
        "type": "Point",
        "coordinates": [
          120.9841260601415,
          14.665602282501382
        ]
      }
    },
    {
      "type": "Feature",
      "properties": {
        "id": "STOP_0875",
        "name": "Karuhatan - Sta. Cruz (Stop)"
      },
      "geometry": {
        "type": "Point",
        "coordinates": [
          120.98412612628468,
          14.662809802466755
        ]
      }
    },
    {
      "type": "Feature",
      "properties": {
        "id": "STOP_0876",
        "name": "Karuhatan - Sta. Cruz (Stop)"
      },
      "geometry": {
        "type": "Point",
        "coordinates": [
          120.98402252173537,
          14.659975206147871
        ]
      }
    },
    {
      "type": "Feature",
      "properties": {
        "id": "STOP_0877",
        "name": "Karuhatan - Sta. Cruz (Stop)"
      },
      "geometry": {
        "type": "Point",
        "coordinates": [
          120.98385087074588,
          14.657642736388325
        ]
      }
    },
    {
      "type": "Feature",
      "properties": {
        "id": "STOP_0878",
        "name": "Karuhatan - Sta. Cruz (Stop)"
      },
      "geometry": {
        "type": "Point",
        "coordinates": [
          120.98370834143088,
          14.656829609658995
        ]
      }
    },
    {
      "type": "Feature",
      "properties": {
        "id": "STOP_0879",
        "name": "Karuhatan - Sta. Cruz (Stop)"
      },
      "geometry": {
        "type": "Point",
        "coordinates": [
          120.98367281210398,
          14.652278060836093
        ]
      }
    },
    {
      "type": "Feature",
      "properties": {
        "id": "STOP_0880",
        "name": "Karuhatan - Sta. Cruz (Stop)"
      },
      "geometry": {
        "type": "Point",
        "coordinates": [
          120.98352387628962,
          14.648384135289863
        ]
      }
    },
    {
      "type": "Feature",
      "properties": {
        "id": "STOP_0881",
        "name": "Karuhatan - Sta. Cruz (Stop)"
      },
      "geometry": {
        "type": "Point",
        "coordinates": [
          120.98338789897915,
          14.644509647271182
        ]
      }
    },
    {
      "type": "Feature",
      "properties": {
        "id": "STOP_0882",
        "name": "Karuhatan - Sta. Cruz (Stop)"
      },
      "geometry": {
        "type": "Point",
        "coordinates": [
          120.98328754346619,
          14.641283067253193
        ]
      }
    },
    {
      "type": "Feature",
      "properties": {
        "id": "STOP_0883",
        "name": "Karuhatan - Sta. Cruz (Stop)"
      },
      "geometry": {
        "type": "Point",
        "coordinates": [
          120.98321632489649,
          14.638931162593806
        ]
      }
    },
    {
      "type": "Feature",
      "properties": {
        "id": "STOP_0884",
        "name": "Karuhatan - Sta. Cruz (Stop)"
      },
      "geometry": {
        "type": "Point",
        "coordinates": [
          120.98232869290776,
          14.636530646567309
        ]
      }
    },
    {
      "type": "Feature",
      "properties": {
        "id": "STOP_0885",
        "name": "Karuhatan - Sta. Cruz (Stop)"
      },
      "geometry": {
        "type": "Point",
        "coordinates": [
          120.9811138515179,
          14.633945469653337
        ]
      }
    },
    {
      "type": "Feature",
      "properties": {
        "id": "STOP_0886",
        "name": "Karuhatan - Sta. Cruz (Stop)"
      },
      "geometry": {
        "type": "Point",
        "coordinates": [
          120.98064088027863,
          14.63264316561133
        ]
      }
    },
    {
      "type": "Feature",
      "properties": {
        "id": "STOP_0887",
        "name": "Karuhatan - Sta. Cruz (Stop)"
      },
      "geometry": {
        "type": "Point",
        "coordinates": [
          120.98079318084872,
          14.631259887219644
        ]
      }
    },
    {
      "type": "Feature",
      "properties": {
        "id": "STOP_0888",
        "name": "Karuhatan - Sta. Cruz (Stop)"
      },
      "geometry": {
        "type": "Point",
        "coordinates": [
          120.98238717417038,
          14.629526771343254
        ]
      }
    },
    {
      "type": "Feature",
      "properties": {
        "id": "STOP_0889",
        "name": "Karuhatan - Sta. Cruz (Stop)"
      },
      "geometry": {
        "type": "Point",
        "coordinates": [
          120.98300923141404,
          14.62838322916328
        ]
      }
    },
    {
      "type": "Feature",
      "properties": {
        "id": "STOP_0890",
        "name": "Karuhatan - Sta. Cruz (Stop)"
      },
      "geometry": {
        "type": "Point",
        "coordinates": [
          120.98294449923881,
          14.625739766467229
        ]
      }
    },
    {
      "type": "Feature",
      "properties": {
        "id": "STOP_0891",
        "name": "Karuhatan - Sta. Cruz (Stop)"
      },
      "geometry": {
        "type": "Point",
        "coordinates": [
          120.9827955941473,
          14.620550026741821
        ]
      }
    },
    {
      "type": "Feature",
      "properties": {
        "id": "STOP_0892",
        "name": "Karuhatan - Sta. Cruz (Stop)"
      },
      "geometry": {
        "type": "Point",
        "coordinates": [
          120.98267581387013,
          14.616746809024548
        ]
      }
    },
    {
      "type": "Feature",
      "properties": {
        "id": "STOP_0893",
        "name": "Karuhatan - Sta. Cruz (Stop)"
      },
      "geometry": {
        "type": "Point",
        "coordinates": [
          120.98258194038792,
          14.613413324596499
        ]
      }
    },
    {
      "type": "Feature",
      "properties": {
        "id": "STOP_0894",
        "name": "Karuhatan - Sta. Cruz (Stop)"
      },
      "geometry": {
        "type": "Point",
        "coordinates": [
          120.98240381577209,
          14.610834650122953
        ]
      }
    },
    {
      "type": "Feature",
      "properties": {
        "id": "STOP_0895",
        "name": "Karuhatan - Sta. Cruz (Stop)"
      },
      "geometry": {
        "type": "Point",
        "coordinates": [
          120.98217059277174,
          14.609218116538898
        ]
      }
    },
    {
      "type": "Feature",
      "properties": {
        "id": "STOP_0896",
        "name": "Karuhatan - Sta. Cruz (Stop)"
      },
      "geometry": {
        "type": "Point",
        "coordinates": [
          120.98186938450887,
          14.605521799483444
        ]
      }
    },
    {
      "type": "Feature",
      "properties": {
        "id": "STOP_0897",
        "name": "Karuhatan - Sta. Cruz (Stop)"
      },
      "geometry": {
        "type": "Point",
        "coordinates": [
          120.98175928300581,
          14.603425817389539
        ]
      }
    },
    {
      "type": "Feature",
      "properties": {
        "id": "STOP_0898",
        "name": "Karuhatan - Sta. Cruz (Stop)"
      },
      "geometry": {
        "type": "Point",
        "coordinates": [
          120.9816070562805,
          14.601692662355639
        ]
      }
    },
    {
      "type": "Feature",
      "properties": {
        "id": "STOP_0899",
        "name": "Karuhatan - Sta. Cruz (Stop)"
      },
      "geometry": {
        "type": "Point",
        "coordinates": [
          120.98097209787716,
          14.600396833798344
        ]
      }
    },
    {
      "type": "Feature",
      "properties": {
        "id": "STOP_0900",
        "name": "Karuhatan - Sta. Cruz (Stop)"
      },
      "geometry": {
        "type": "Point",
        "coordinates": [
          120.97970861510277,
          14.599722981973997
        ]
      }
    },
    {
      "type": "Feature",
      "properties": {
        "id": "STOP_0901",
        "name": "Karuhatan - Sta. Cruz (End)"
      },
      "geometry": {
        "type": "Point",
        "coordinates": [
          120.98041486890625,
          14.600127939810791
        ]
      }
    },
    {
      "type": "Feature",
      "properties": {
        "id": "STOP_0902",
        "name": "Malanday - Sta. Cruz (Start)"
      },
      "geometry": {
        "type": "Point",
        "coordinates": [
          120.95717484839825,
          14.717836971977892
        ]
      }
    },
    {
      "type": "Feature",
      "properties": {
        "id": "STOP_0903",
        "name": "Malanday - Sta. Cruz (Stop)"
      },
      "geometry": {
        "type": "Point",
        "coordinates": [
          120.95824644221098,
          14.714247667569117
        ]
      }
    },
    {
      "type": "Feature",
      "properties": {
        "id": "STOP_0904",
        "name": "Malanday - Sta. Cruz (Stop)"
      },
      "geometry": {
        "type": "Point",
        "coordinates": [
          120.96409425134632,
          14.695987377599257
        ]
      }
    },
    {
      "type": "Feature",
      "properties": {
        "id": "STOP_0905",
        "name": "Malanday - Sta. Cruz (Stop)"
      },
      "geometry": {
        "type": "Point",
        "coordinates": [
          120.96404072383939,
          14.693963117672189
        ]
      }
    },
    {
      "type": "Feature",
      "properties": {
        "id": "STOP_0906",
        "name": "Malanday - Sta. Cruz (Stop)"
      },
      "geometry": {
        "type": "Point",
        "coordinates": [
          120.96428758463291,
          14.69265060763204
        ]
      }
    },
    {
      "type": "Feature",
      "properties": {
        "id": "STOP_0907",
        "name": "Malanday - Sta. Cruz (Stop)"
      },
      "geometry": {
        "type": "Point",
        "coordinates": [
          120.96625647893629,
          14.692784581971095
        ]
      }
    },
    {
      "type": "Feature",
      "properties": {
        "id": "STOP_0908",
        "name": "Malanday - Sta. Cruz (Stop)"
      },
      "geometry": {
        "type": "Point",
        "coordinates": [
          120.96859849000423,
          14.692830553433488
        ]
      }
    },
    {
      "type": "Feature",
      "properties": {
        "id": "STOP_0909",
        "name": "Malanday - Sta. Cruz (Stop)"
      },
      "geometry": {
        "type": "Point",
        "coordinates": [
          120.97204073871121,
          14.691707530610373
        ]
      }
    },
    {
      "type": "Feature",
      "properties": {
        "id": "STOP_0910",
        "name": "Malanday - Sta. Cruz (Stop)"
      },
      "geometry": {
        "type": "Point",
        "coordinates": [
          120.9737341387556,
          14.690296518705622
        ]
      }
    },
    {
      "type": "Feature",
      "properties": {
        "id": "STOP_0911",
        "name": "Malanday - Sta. Cruz (Stop)"
      },
      "geometry": {
        "type": "Point",
        "coordinates": [
          120.97512141691347,
          14.687893460111017
        ]
      }
    },
    {
      "type": "Feature",
      "properties": {
        "id": "STOP_0912",
        "name": "Malanday - Sta. Cruz (Stop)"
      },
      "geometry": {
        "type": "Point",
        "coordinates": [
          120.9767019582687,
          14.68511348813115
        ]
      }
    },
    {
      "type": "Feature",
      "properties": {
        "id": "STOP_0913",
        "name": "Malanday - Sta. Cruz (Stop)"
      },
      "geometry": {
        "type": "Point",
        "coordinates": [
          120.97855421683435,
          14.681776755462892
        ]
      }
    },
    {
      "type": "Feature",
      "properties": {
        "id": "STOP_0914",
        "name": "Malanday - Sta. Cruz (Stop)"
      },
      "geometry": {
        "type": "Point",
        "coordinates": [
          120.97953393678408,
          14.679465525581941
        ]
      }
    },
    {
      "type": "Feature",
      "properties": {
        "id": "STOP_0915",
        "name": "Malanday - Sta. Cruz (Stop)"
      },
      "geometry": {
        "type": "Point",
        "coordinates": [
          120.9807088400921,
          14.676492302457175
        ]
      }
    },
    {
      "type": "Feature",
      "properties": {
        "id": "STOP_0916",
        "name": "Malanday - Sta. Cruz (Stop)"
      },
      "geometry": {
        "type": "Point",
        "coordinates": [
          120.98202151933502,
          14.673075199636074
        ]
      }
    },
    {
      "type": "Feature",
      "properties": {
        "id": "STOP_0917",
        "name": "Malanday - Sta. Cruz (Stop)"
      },
      "geometry": {
        "type": "Point",
        "coordinates": [
          120.98205412055715,
          14.66998141376261
        ]
      }
    },
    {
      "type": "Feature",
      "properties": {
        "id": "STOP_0918",
        "name": "Malanday - Sta. Cruz (Stop)"
      },
      "geometry": {
        "type": "Point",
        "coordinates": [
          120.98216897628205,
          14.667819400972382
        ]
      }
    },
    {
      "type": "Feature",
      "properties": {
        "id": "STOP_0919",
        "name": "Malanday - Sta. Cruz (Stop)"
      },
      "geometry": {
        "type": "Point",
        "coordinates": [
          120.98415132144547,
          14.665546459412024
        ]
      }
    },
    {
      "type": "Feature",
      "properties": {
        "id": "STOP_0920",
        "name": "Malanday - Sta. Cruz (Stop)"
      },
      "geometry": {
        "type": "Point",
        "coordinates": [
          120.98413224690779,
          14.663032398653419
        ]
      }
    },
    {
      "type": "Feature",
      "properties": {
        "id": "STOP_0921",
        "name": "Malanday - Sta. Cruz (Stop)"
      },
      "geometry": {
        "type": "Point",
        "coordinates": [
          120.98406724798124,
          14.660627394283733
        ]
      }
    },
    {
      "type": "Feature",
      "properties": {
        "id": "STOP_0922",
        "name": "Malanday - Sta. Cruz (Stop)"
      },
      "geometry": {
        "type": "Point",
        "coordinates": [
          120.98390464678228,
          14.659000617587145
        ]
      }
    },
    {
      "type": "Feature",
      "properties": {
        "id": "STOP_0923",
        "name": "Malanday - Sta. Cruz (Stop)"
      },
      "geometry": {
        "type": "Point",
        "coordinates": [
          120.98385158231274,
          14.657623527424969
        ]
      }
    },
    {
      "type": "Feature",
      "properties": {
        "id": "STOP_0924",
        "name": "Malanday - Sta. Cruz (Stop)"
      },
      "geometry": {
        "type": "Point",
        "coordinates": [
          120.9837463643269,
          14.656800811264016
        ]
      }
    },
    {
      "type": "Feature",
      "properties": {
        "id": "STOP_0925",
        "name": "Malanday - Sta. Cruz (Stop)"
      },
      "geometry": {
        "type": "Point",
        "coordinates": [
          120.98364507041981,
          14.651872179369558
        ]
      }
    },
    {
      "type": "Feature",
      "properties": {
        "id": "STOP_0926",
        "name": "Malanday - Sta. Cruz (Stop)"
      },
      "geometry": {
        "type": "Point",
        "coordinates": [
          120.98354373613324,
          14.648648287007882
        ]
      }
    },
    {
      "type": "Feature",
      "properties": {
        "id": "STOP_0927",
        "name": "Malanday - Sta. Cruz (Stop)"
      },
      "geometry": {
        "type": "Point",
        "coordinates": [
          120.98345578079694,
          14.6460538666713
        ]
      }
    },
    {
      "type": "Feature",
      "properties": {
        "id": "STOP_0928",
        "name": "Malanday - Sta. Cruz (Stop)"
      },
      "geometry": {
        "type": "Point",
        "coordinates": [
          120.98337549496055,
          14.64278979576327
        ]
      }
    },
    {
      "type": "Feature",
      "properties": {
        "id": "STOP_0929",
        "name": "Malanday - Sta. Cruz (Stop)"
      },
      "geometry": {
        "type": "Point",
        "coordinates": [
          120.9832224759379,
          14.640524459498259
        ]
      }
    },
    {
      "type": "Feature",
      "properties": {
        "id": "STOP_0930",
        "name": "Malanday - Sta. Cruz (Stop)"
      },
      "geometry": {
        "type": "Point",
        "coordinates": [
          120.98306563290933,
          14.638140499307507
        ]
      }
    },
    {
      "type": "Feature",
      "properties": {
        "id": "STOP_0931",
        "name": "Malanday - Sta. Cruz (Stop)"
      },
      "geometry": {
        "type": "Point",
        "coordinates": [
          120.98168422205597,
          14.635178698690789
        ]
      }
    },
    {
      "type": "Feature",
      "properties": {
        "id": "STOP_0932",
        "name": "Malanday - Sta. Cruz (Stop)"
      },
      "geometry": {
        "type": "Point",
        "coordinates": [
          120.98092272277728,
          14.63360213240371
        ]
      }
    },
    {
      "type": "Feature",
      "properties": {
        "id": "STOP_0933",
        "name": "Malanday - Sta. Cruz (Stop)"
      },
      "geometry": {
        "type": "Point",
        "coordinates": [
          120.98077735993131,
          14.631229652218673
        ]
      }
    },
    {
      "type": "Feature",
      "properties": {
        "id": "STOP_0934",
        "name": "Malanday - Sta. Cruz (Stop)"
      },
      "geometry": {
        "type": "Point",
        "coordinates": [
          120.98258366299727,
          14.629316404960294
        ]
      }
    },
    {
      "type": "Feature",
      "properties": {
        "id": "STOP_0935",
        "name": "Malanday - Sta. Cruz (Stop)"
      },
      "geometry": {
        "type": "Point",
        "coordinates": [
          120.98293962209617,
          14.626568931639396
        ]
      }
    },
    {
      "type": "Feature",
      "properties": {
        "id": "STOP_0936",
        "name": "Malanday - Sta. Cruz (Stop)"
      },
      "geometry": {
        "type": "Point",
        "coordinates": [
          120.98285551389712,
          14.623117358528708
        ]
      }
    },
    {
      "type": "Feature",
      "properties": {
        "id": "STOP_0937",
        "name": "Malanday - Sta. Cruz (Stop)"
      },
      "geometry": {
        "type": "Point",
        "coordinates": [
          120.98273314387478,
          14.6193979242827
        ]
      }
    },
    {
      "type": "Feature",
      "properties": {
        "id": "STOP_0938",
        "name": "Malanday - Sta. Cruz (Stop)"
      },
      "geometry": {
        "type": "Point",
        "coordinates": [
          120.98267197427863,
          14.616887689316556
        ]
      }
    },
    {
      "type": "Feature",
      "properties": {
        "id": "STOP_0939",
        "name": "Malanday - Sta. Cruz (Stop)"
      },
      "geometry": {
        "type": "Point",
        "coordinates": [
          120.98254961985661,
          14.61251008410528
        ]
      }
    },
    {
      "type": "Feature",
      "properties": {
        "id": "STOP_0940",
        "name": "Malanday - Sta. Cruz (Stop)"
      },
      "geometry": {
        "type": "Point",
        "coordinates": [
          120.98225884431251,
          14.609869740435144
        ]
      }
    },
    {
      "type": "Feature",
      "properties": {
        "id": "STOP_0941",
        "name": "Malanday - Sta. Cruz (Stop)"
      },
      "geometry": {
        "type": "Point",
        "coordinates": [
          120.98209050153157,
          14.608300840677257
        ]
      }
    },
    {
      "type": "Feature",
      "properties": {
        "id": "STOP_0942",
        "name": "Malanday - Sta. Cruz (Stop)"
      },
      "geometry": {
        "type": "Point",
        "coordinates": [
          120.98191834762123,
          14.606069943269482
        ]
      }
    },
    {
      "type": "Feature",
      "properties": {
        "id": "STOP_0943",
        "name": "Malanday - Sta. Cruz (Stop)"
      },
      "geometry": {
        "type": "Point",
        "coordinates": [
          120.9817500253351,
          14.603636237451935
        ]
      }
    },
    {
      "type": "Feature",
      "properties": {
        "id": "STOP_0944",
        "name": "Malanday - Sta. Cruz (Stop)"
      },
      "geometry": {
        "type": "Point",
        "coordinates": [
          120.98142099250484,
          14.600536703892706
        ]
      }
    },
    {
      "type": "Feature",
      "properties": {
        "id": "STOP_0945",
        "name": "Malanday - Sta. Cruz (Stop)"
      },
      "geometry": {
        "type": "Point",
        "coordinates": [
          120.97988645964928,
          14.599656557039944
        ]
      }
    },
    {
      "type": "Feature",
      "properties": {
        "id": "STOP_0946",
        "name": "Malanday - Sta. Cruz (Stop)"
      },
      "geometry": {
        "type": "Point",
        "coordinates": [
          120.98143631664084,
          14.59982496119373
        ]
      }
    },
    {
      "type": "Feature",
      "properties": {
        "id": "STOP_0947",
        "name": "Malanday - Sta. Cruz (Stop)"
      },
      "geometry": {
        "type": "Point",
        "coordinates": [
          120.98183041162073,
          14.602660462501483
        ]
      }
    },
    {
      "type": "Feature",
      "properties": {
        "id": "STOP_0948",
        "name": "Malanday - Sta. Cruz (Stop)"
      },
      "geometry": {
        "type": "Point",
        "coordinates": [
          120.98202169081992,
          14.605262538154786
        ]
      }
    },
    {
      "type": "Feature",
      "properties": {
        "id": "STOP_0949",
        "name": "Malanday - Sta. Cruz (Stop)"
      },
      "geometry": {
        "type": "Point",
        "coordinates": [
          120.98234303683073,
          14.609762598211505
        ]
      }
    },
    {
      "type": "Feature",
      "properties": {
        "id": "STOP_0950",
        "name": "Malanday - Sta. Cruz (Stop)"
      },
      "geometry": {
        "type": "Point",
        "coordinates": [
          120.98267207021024,
          14.612839172355498
        ]
      }
    },
    {
      "type": "Feature",
      "properties": {
        "id": "STOP_0951",
        "name": "Malanday - Sta. Cruz (Stop)"
      },
      "geometry": {
        "type": "Point",
        "coordinates": [
          120.98281739224562,
          14.616933611490841
        ]
      }
    },
    {
      "type": "Feature",
      "properties": {
        "id": "STOP_0952",
        "name": "Malanday - Sta. Cruz (Stop)"
      },
      "geometry": {
        "type": "Point",
        "coordinates": [
          120.9829091520804,
          14.620469369406885
        ]
      }
    },
    {
      "type": "Feature",
      "properties": {
        "id": "STOP_0953",
        "name": "Malanday - Sta. Cruz (Stop)"
      },
      "geometry": {
        "type": "Point",
        "coordinates": [
          120.98303149780516,
          14.62521432592715
        ]
      }
    },
    {
      "type": "Feature",
      "properties": {
        "id": "STOP_0954",
        "name": "Malanday - Sta. Cruz (Stop)"
      },
      "geometry": {
        "type": "Point",
        "coordinates": [
          120.98313091889557,
          14.628428651701276
        ]
      }
    },
    {
      "type": "Feature",
      "properties": {
        "id": "STOP_0955",
        "name": "Malanday - Sta. Cruz (Stop)"
      },
      "geometry": {
        "type": "Point",
        "coordinates": [
          120.98169964192415,
          14.630426092044814
        ]
      }
    },
    {
      "type": "Feature",
      "properties": {
        "id": "STOP_0956",
        "name": "Malanday - Sta. Cruz (Stop)"
      },
      "geometry": {
        "type": "Point",
        "coordinates": [
          120.98075821333413,
          14.631757719231409
        ]
      }
    },
    {
      "type": "Feature",
      "properties": {
        "id": "STOP_0957",
        "name": "Malanday - Sta. Cruz (Stop)"
      },
      "geometry": {
        "type": "Point",
        "coordinates": [
          120.98112554409097,
          14.633602136959302
        ]
      }
    },
    {
      "type": "Feature",
      "properties": {
        "id": "STOP_0958",
        "name": "Malanday - Sta. Cruz (Stop)"
      },
      "geometry": {
        "type": "Point",
        "coordinates": [
          120.98315365179103,
          14.638052490043158
        ]
      }
    },
    {
      "type": "Feature",
      "properties": {
        "id": "STOP_0959",
        "name": "Malanday - Sta. Cruz (Stop)"
      },
      "geometry": {
        "type": "Point",
        "coordinates": [
          120.98336789381455,
          14.640574208248463
        ]
      }
    },
    {
      "type": "Feature",
      "properties": {
        "id": "STOP_0960",
        "name": "Malanday - Sta. Cruz (Stop)"
      },
      "geometry": {
        "type": "Point",
        "coordinates": [
          120.98353618348281,
          14.644385481453002
        ]
      }
    },
    {
      "type": "Feature",
      "properties": {
        "id": "STOP_0961",
        "name": "Malanday - Sta. Cruz (Stop)"
      },
      "geometry": {
        "type": "Point",
        "coordinates": [
          120.98357823604793,
          14.64617631984512
        ]
      }
    },
    {
      "type": "Feature",
      "properties": {
        "id": "STOP_0962",
        "name": "Malanday - Sta. Cruz (Stop)"
      },
      "geometry": {
        "type": "Point",
        "coordinates": [
          120.98370443453783,
          14.64982687595184
        ]
      }
    },
    {
      "type": "Feature",
      "properties": {
        "id": "STOP_0963",
        "name": "Malanday - Sta. Cruz (Stop)"
      },
      "geometry": {
        "type": "Point",
        "coordinates": [
          120.9838191983544,
          14.651545011050475
        ]
      }
    },
    {
      "type": "Feature",
      "properties": {
        "id": "STOP_0964",
        "name": "Malanday - Sta. Cruz (Stop)"
      },
      "geometry": {
        "type": "Point",
        "coordinates": [
          120.98395689234653,
          14.654560355860578
        ]
      }
    },
    {
      "type": "Feature",
      "properties": {
        "id": "STOP_0965",
        "name": "Malanday - Sta. Cruz (Stop)"
      },
      "geometry": {
        "type": "Point",
        "coordinates": [
          120.98397980022368,
          14.65679890321727
        ]
      }
    },
    {
      "type": "Feature",
      "properties": {
        "id": "STOP_0966",
        "name": "Malanday - Sta. Cruz (Stop)"
      },
      "geometry": {
        "type": "Point",
        "coordinates": [
          120.98393768474905,
          14.657663708404153
        ]
      }
    },
    {
      "type": "Feature",
      "properties": {
        "id": "STOP_0967",
        "name": "Malanday - Sta. Cruz (Stop)"
      },
      "geometry": {
        "type": "Point",
        "coordinates": [
          120.98401035956088,
          14.659129288572425
        ]
      }
    },
    {
      "type": "Feature",
      "properties": {
        "id": "STOP_0968",
        "name": "Malanday - Sta. Cruz (Stop)"
      },
      "geometry": {
        "type": "Point",
        "coordinates": [
          120.98411363957513,
          14.66098900674089
        ]
      }
    },
    {
      "type": "Feature",
      "properties": {
        "id": "STOP_0969",
        "name": "Malanday - Sta. Cruz (Stop)"
      },
      "geometry": {
        "type": "Point",
        "coordinates": [
          120.98421690626624,
          14.663411231562137
        ]
      }
    },
    {
      "type": "Feature",
      "properties": {
        "id": "STOP_0970",
        "name": "Malanday - Sta. Cruz (Stop)"
      },
      "geometry": {
        "type": "Point",
        "coordinates": [
          120.98426948036453,
          14.665295821346323
        ]
      }
    },
    {
      "type": "Feature",
      "properties": {
        "id": "STOP_0971",
        "name": "Malanday - Sta. Cruz (Stop)"
      },
      "geometry": {
        "type": "Point",
        "coordinates": [
          120.98364568341532,
          14.666382554885441
        ]
      }
    },
    {
      "type": "Feature",
      "properties": {
        "id": "STOP_0972",
        "name": "Malanday - Sta. Cruz (Stop)"
      },
      "geometry": {
        "type": "Point",
        "coordinates": [
          120.9822718216784,
          14.667832796296608
        ]
      }
    },
    {
      "type": "Feature",
      "properties": {
        "id": "STOP_0973",
        "name": "Malanday - Sta. Cruz (Stop)"
      },
      "geometry": {
        "type": "Point",
        "coordinates": [
          120.98209574285958,
          14.669742253704538
        ]
      }
    },
    {
      "type": "Feature",
      "properties": {
        "id": "STOP_0974",
        "name": "Malanday - Sta. Cruz (Stop)"
      },
      "geometry": {
        "type": "Point",
        "coordinates": [
          120.98210141696948,
          14.672533740940404
        ]
      }
    },
    {
      "type": "Feature",
      "properties": {
        "id": "STOP_0975",
        "name": "Malanday - Sta. Cruz (Stop)"
      },
      "geometry": {
        "type": "Point",
        "coordinates": [
          120.98178950326958,
          14.67371997246718
        ]
      }
    },
    {
      "type": "Feature",
      "properties": {
        "id": "STOP_0976",
        "name": "Malanday - Sta. Cruz (Stop)"
      },
      "geometry": {
        "type": "Point",
        "coordinates": [
          120.98063756167932,
          14.676658756909825
        ]
      }
    },
    {
      "type": "Feature",
      "properties": {
        "id": "STOP_0977",
        "name": "Malanday - Sta. Cruz (Stop)"
      },
      "geometry": {
        "type": "Point",
        "coordinates": [
          120.98004532523485,
          14.678198940426311
        ]
      }
    },
    {
      "type": "Feature",
      "properties": {
        "id": "STOP_0978",
        "name": "Malanday - Sta. Cruz (Stop)"
      },
      "geometry": {
        "type": "Point",
        "coordinates": [
          120.97941768672119,
          14.67990844913753
        ]
      }
    },
    {
      "type": "Feature",
      "properties": {
        "id": "STOP_0979",
        "name": "Malanday - Sta. Cruz (Stop)"
      },
      "geometry": {
        "type": "Point",
        "coordinates": [
          120.97882641026698,
          14.681309919306115
        ]
      }
    },
    {
      "type": "Feature",
      "properties": {
        "id": "STOP_0980",
        "name": "Malanday - Sta. Cruz (Stop)"
      },
      "geometry": {
        "type": "Point",
        "coordinates": [
          120.97788975569593,
          14.68304333719126
        ]
      }
    },
    {
      "type": "Feature",
      "properties": {
        "id": "STOP_0981",
        "name": "Malanday - Sta. Cruz (Stop)"
      },
      "geometry": {
        "type": "Point",
        "coordinates": [
          120.97656849092697,
          14.685412914705752
        ]
      }
    },
    {
      "type": "Feature",
      "properties": {
        "id": "STOP_0982",
        "name": "Malanday - Sta. Cruz (Stop)"
      },
      "geometry": {
        "type": "Point",
        "coordinates": [
          120.97502143598973,
          14.688118269206786
        ]
      }
    },
    {
      "type": "Feature",
      "properties": {
        "id": "STOP_0983",
        "name": "Malanday - Sta. Cruz (Stop)"
      },
      "geometry": {
        "type": "Point",
        "coordinates": [
          120.97393840026892,
          14.690079365101075
        ]
      }
    },
    {
      "type": "Feature",
      "properties": {
        "id": "STOP_0984",
        "name": "Malanday - Sta. Cruz (Stop)"
      },
      "geometry": {
        "type": "Point",
        "coordinates": [
          120.97311752200893,
          14.691175660706604
        ]
      }
    },
    {
      "type": "Feature",
      "properties": {
        "id": "STOP_0985",
        "name": "Malanday - Sta. Cruz (Stop)"
      },
      "geometry": {
        "type": "Point",
        "coordinates": [
          120.97124427444417,
          14.692042338140233
        ]
      }
    },
    {
      "type": "Feature",
      "properties": {
        "id": "STOP_0986",
        "name": "Malanday - Sta. Cruz (Stop)"
      },
      "geometry": {
        "type": "Point",
        "coordinates": [
          120.96895199261029,
          14.692815255061378
        ]
      }
    },
    {
      "type": "Feature",
      "properties": {
        "id": "STOP_0987",
        "name": "Malanday - Sta. Cruz (Stop)"
      },
      "geometry": {
        "type": "Point",
        "coordinates": [
          120.9668510679483,
          14.69289939259336
        ]
      }
    },
    {
      "type": "Feature",
      "properties": {
        "id": "STOP_0988",
        "name": "Malanday - Sta. Cruz (Stop)"
      },
      "geometry": {
        "type": "Point",
        "coordinates": [
          120.96495106152085,
          14.692547304966507
        ]
      }
    },
    {
      "type": "Feature",
      "properties": {
        "id": "STOP_0989",
        "name": "Malanday - Sta. Cruz (Stop)"
      },
      "geometry": {
        "type": "Point",
        "coordinates": [
          120.96412636926419,
          14.693102139986348
        ]
      }
    },
    {
      "type": "Feature",
      "properties": {
        "id": "STOP_0990",
        "name": "Malanday - Sta. Cruz (Stop)"
      },
      "geometry": {
        "type": "Point",
        "coordinates": [
          120.96415121353765,
          14.69437065049936
        ]
      }
    },
    {
      "type": "Feature",
      "properties": {
        "id": "STOP_0991",
        "name": "Malanday - Sta. Cruz (Stop)"
      },
      "geometry": {
        "type": "Point",
        "coordinates": [
          120.9642162378521,
          14.695704213708908
        ]
      }
    },
    {
      "type": "Feature",
      "properties": {
        "id": "STOP_0992",
        "name": "Malanday - Sta. Cruz (Stop)"
      },
      "geometry": {
        "type": "Point",
        "coordinates": [
          120.9636804447002,
          14.69734006294908
        ]
      }
    },
    {
      "type": "Feature",
      "properties": {
        "id": "STOP_0993",
        "name": "Malanday - Sta. Cruz (Stop)"
      },
      "geometry": {
        "type": "Point",
        "coordinates": [
          120.9631733537881,
          14.698929037280895
        ]
      }
    },
    {
      "type": "Feature",
      "properties": {
        "id": "STOP_0994",
        "name": "Malanday - Sta. Cruz (Stop)"
      },
      "geometry": {
        "type": "Point",
        "coordinates": [
          120.96257441239874,
          14.700807872693925
        ]
      }
    },
    {
      "type": "Feature",
      "properties": {
        "id": "STOP_0995",
        "name": "Malanday - Sta. Cruz (Stop)"
      },
      "geometry": {
        "type": "Point",
        "coordinates": [
          120.96169991998487,
          14.70353907175504
        ]
      }
    },
    {
      "type": "Feature",
      "properties": {
        "id": "STOP_0996",
        "name": "Malanday - Sta. Cruz (Stop)"
      },
      "geometry": {
        "type": "Point",
        "coordinates": [
          120.96120909418035,
          14.705080214266905
        ]
      }
    },
    {
      "type": "Feature",
      "properties": {
        "id": "STOP_0997",
        "name": "Malanday - Sta. Cruz (Stop)"
      },
      "geometry": {
        "type": "Point",
        "coordinates": [
          120.96057475215112,
          14.707068106324309
        ]
      }
    },
    {
      "type": "Feature",
      "properties": {
        "id": "STOP_0998",
        "name": "Malanday - Sta. Cruz (Stop)"
      },
      "geometry": {
        "type": "Point",
        "coordinates": [
          120.95962563161673,
          14.710018375223381
        ]
      }
    },
    {
      "type": "Feature",
      "properties": {
        "id": "STOP_0999",
        "name": "Malanday - Sta. Cruz (Stop)"
      },
      "geometry": {
        "type": "Point",
        "coordinates": [
          120.95788717152027,
          14.715439637984435
        ]
      }
    },
    {
      "type": "Feature",
      "properties": {
        "id": "STOP_1000",
        "name": "Malinta - Sta. Cruz (Start)"
      },
      "geometry": {
        "type": "Point",
        "coordinates": [
          120.96412446301434,
          14.692799840437184
        ]
      }
    },
    {
      "type": "Feature",
      "properties": {
        "id": "STOP_1001",
        "name": "Malinta - Sta. Cruz (Stop)"
      },
      "geometry": {
        "type": "Point",
        "coordinates": [
          120.96621199259431,
          14.692767361380916
        ]
      }
    },
    {
      "type": "Feature",
      "properties": {
        "id": "STOP_1002",
        "name": "Malinta - Sta. Cruz (Stop)"
      },
      "geometry": {
        "type": "Point",
        "coordinates": [
          120.96860279531035,
          14.692824813666181
        ]
      }
    },
    {
      "type": "Feature",
      "properties": {
        "id": "STOP_1003",
        "name": "Malinta - Sta. Cruz (Stop)"
      },
      "geometry": {
        "type": "Point",
        "coordinates": [
          120.97057170696428,
          14.692225998697763
        ]
      }
    },
    {
      "type": "Feature",
      "properties": {
        "id": "STOP_1004",
        "name": "Malinta - Sta. Cruz (Stop)"
      },
      "geometry": {
        "type": "Point",
        "coordinates": [
          120.97241720566407,
          14.691546822865387
        ]
      }
    },
    {
      "type": "Feature",
      "properties": {
        "id": "STOP_1005",
        "name": "Malinta - Sta. Cruz (Stop)"
      },
      "geometry": {
        "type": "Point",
        "coordinates": [
          120.97349638797128,
          14.690708826935213
        ]
      }
    },
    {
      "type": "Feature",
      "properties": {
        "id": "STOP_1006",
        "name": "Malinta - Sta. Cruz (Stop)"
      },
      "geometry": {
        "type": "Point",
        "coordinates": [
          120.97500804391943,
          14.688042694030559
        ]
      }
    },
    {
      "type": "Feature",
      "properties": {
        "id": "STOP_1007",
        "name": "Malinta - Sta. Cruz (Stop)"
      },
      "geometry": {
        "type": "Point",
        "coordinates": [
          120.97637810058477,
          14.685674074243357
        ]
      }
    },
    {
      "type": "Feature",
      "properties": {
        "id": "STOP_1008",
        "name": "Malinta - Sta. Cruz (Stop)"
      },
      "geometry": {
        "type": "Point",
        "coordinates": [
          120.97845997874204,
          14.681891550626554
        ]
      }
    },
    {
      "type": "Feature",
      "properties": {
        "id": "STOP_1009",
        "name": "Malinta - Sta. Cruz (Stop)"
      },
      "geometry": {
        "type": "Point",
        "coordinates": [
          120.97943108524902,
          14.679711380777574
        ]
      }
    },
    {
      "type": "Feature",
      "properties": {
        "id": "STOP_1010",
        "name": "Malinta - Sta. Cruz (Stop)"
      },
      "geometry": {
        "type": "Point",
        "coordinates": [
          120.97985780403124,
          14.678501235716
        ]
      }
    },
    {
      "type": "Feature",
      "properties": {
        "id": "STOP_1011",
        "name": "Malinta - Sta. Cruz (Stop)"
      },
      "geometry": {
        "type": "Point",
        "coordinates": [
          120.98060694845594,
          14.676603270871993
        ]
      }
    },
    {
      "type": "Feature",
      "properties": {
        "id": "STOP_1012",
        "name": "Malinta - Sta. Cruz (Stop)"
      },
      "geometry": {
        "type": "Point",
        "coordinates": [
          120.98128529216301,
          14.674899503172343
        ]
      }
    },
    {
      "type": "Feature",
      "properties": {
        "id": "STOP_1013",
        "name": "Malinta - Sta. Cruz (Stop)"
      },
      "geometry": {
        "type": "Point",
        "coordinates": [
          120.98205549625071,
          14.672487820999038
        ]
      }
    },
    {
      "type": "Feature",
      "properties": {
        "id": "STOP_1014",
        "name": "Malinta - Sta. Cruz (Stop)"
      },
      "geometry": {
        "type": "Point",
        "coordinates": [
          120.98199815353735,
          14.669973759354693
        ]
      }
    },
    {
      "type": "Feature",
      "properties": {
        "id": "STOP_1015",
        "name": "Malinta - Sta. Cruz (Stop)"
      },
      "geometry": {
        "type": "Point",
        "coordinates": [
          120.98236558522682,
          14.66755728493912
        ]
      }
    },
    {
      "type": "Feature",
      "properties": {
        "id": "STOP_1016",
        "name": "Malinta - Sta. Cruz (Stop)"
      },
      "geometry": {
        "type": "Point",
        "coordinates": [
          120.9837164852447,
          14.666141482195972
        ]
      }
    },
    {
      "type": "Feature",
      "properties": {
        "id": "STOP_1017",
        "name": "Malinta - Sta. Cruz (Stop)"
      },
      "geometry": {
        "type": "Point",
        "coordinates": [
          120.98413750039845,
          14.663386357036645
        ]
      }
    },
    {
      "type": "Feature",
      "properties": {
        "id": "STOP_1018",
        "name": "Malinta - Sta. Cruz (Stop)"
      },
      "geometry": {
        "type": "Point",
        "coordinates": [
          120.98404190782631,
          14.660099326251231
        ]
      }
    },
    {
      "type": "Feature",
      "properties": {
        "id": "STOP_1019",
        "name": "Malinta - Sta. Cruz (Stop)"
      },
      "geometry": {
        "type": "Point",
        "coordinates": [
          120.98388123969401,
          14.657642660970012
        ]
      }
    },
    {
      "type": "Feature",
      "properties": {
        "id": "STOP_1020",
        "name": "Malinta - Sta. Cruz (Stop)"
      },
      "geometry": {
        "type": "Point",
        "coordinates": [
          120.98374350255395,
          14.65644876622589
        ]
      }
    },
    {
      "type": "Feature",
      "properties": {
        "id": "STOP_1021",
        "name": "Malinta - Sta. Cruz (Stop)"
      },
      "geometry": {
        "type": "Point",
        "coordinates": [
          120.98364028744304,
          14.651849219807628
        ]
      }
    },
    {
      "type": "Feature",
      "properties": {
        "id": "STOP_1022",
        "name": "Malinta - Sta. Cruz (Stop)"
      },
      "geometry": {
        "type": "Point",
        "coordinates": [
          120.98344525718643,
          14.646048126571479
        ]
      }
    },
    {
      "type": "Feature",
      "properties": {
        "id": "STOP_1023",
        "name": "Malinta - Sta. Cruz (Stop)"
      },
      "geometry": {
        "type": "Point",
        "coordinates": [
          120.98338790170371,
          14.644073612200541
        ]
      }
    },
    {
      "type": "Feature",
      "properties": {
        "id": "STOP_1024",
        "name": "Malinta - Sta. Cruz (Stop)"
      },
      "geometry": {
        "type": "Point",
        "coordinates": [
          120.98329419934481,
          14.641766184930658
        ]
      }
    },
    {
      "type": "Feature",
      "properties": {
        "id": "STOP_1025",
        "name": "Malinta - Sta. Cruz (Stop)"
      },
      "geometry": {
        "type": "Point",
        "coordinates": [
          120.98321007318621,
          14.639072273736423
        ]
      }
    },
    {
      "type": "Feature",
      "properties": {
        "id": "STOP_1026",
        "name": "Malinta - Sta. Cruz (Stop)"
      },
      "geometry": {
        "type": "Point",
        "coordinates": [
          120.98220368579791,
          14.63630563690003
        ]
      }
    },
    {
      "type": "Feature",
      "properties": {
        "id": "STOP_1027",
        "name": "Malinta - Sta. Cruz (Stop)"
      },
      "geometry": {
        "type": "Point",
        "coordinates": [
          120.98060799285301,
          14.632513464553359
        ]
      }
    },
    {
      "type": "Feature",
      "properties": {
        "id": "STOP_1028",
        "name": "Malinta - Sta. Cruz (Stop)"
      },
      "geometry": {
        "type": "Point",
        "coordinates": [
          120.98122797867705,
          14.630764733396807
        ]
      }
    },
    {
      "type": "Feature",
      "properties": {
        "id": "STOP_1029",
        "name": "Malinta - Sta. Cruz (Stop)"
      },
      "geometry": {
        "type": "Point",
        "coordinates": [
          120.9827817080883,
          14.629008370068684
        ]
      }
    },
    {
      "type": "Feature",
      "properties": {
        "id": "STOP_1030",
        "name": "Malinta - Sta. Cruz (Stop)"
      },
      "geometry": {
        "type": "Point",
        "coordinates": [
          120.98296544495362,
          14.626913324027523
        ]
      }
    },
    {
      "type": "Feature",
      "properties": {
        "id": "STOP_1031",
        "name": "Malinta - Sta. Cruz (Stop)"
      },
      "geometry": {
        "type": "Point",
        "coordinates": [
          120.9828430867153,
          14.622696434931138
        ]
      }
    },
    {
      "type": "Feature",
      "properties": {
        "id": "STOP_1032",
        "name": "Malinta - Sta. Cruz (Stop)"
      },
      "geometry": {
        "type": "Point",
        "coordinates": [
          120.9826212908937,
          14.615961656885622
        ]
      }
    },
    {
      "type": "Feature",
      "properties": {
        "id": "STOP_1033",
        "name": "Malinta - Sta. Cruz (Stop)"
      },
      "geometry": {
        "type": "Point",
        "coordinates": [
          120.98250657578028,
          14.61218865079068
        ]
      }
    },
    {
      "type": "Feature",
      "properties": {
        "id": "STOP_1034",
        "name": "Malinta - Sta. Cruz (Stop)"
      },
      "geometry": {
        "type": "Point",
        "coordinates": [
          120.9822004889777,
          14.609716676101895
        ]
      }
    },
    {
      "type": "Feature",
      "properties": {
        "id": "STOP_1035",
        "name": "Malinta - Sta. Cruz (Stop)"
      },
      "geometry": {
        "type": "Point",
        "coordinates": [
          120.98190974372159,
          14.605798256213458
        ]
      }
    },
    {
      "type": "Feature",
      "properties": {
        "id": "STOP_1036",
        "name": "Malinta - Sta. Cruz (Stop)"
      },
      "geometry": {
        "type": "Point",
        "coordinates": [
          120.98176054418668,
          14.603842872766572
        ]
      }
    },
    {
      "type": "Feature",
      "properties": {
        "id": "STOP_1037",
        "name": "Malinta - Sta. Cruz (Stop)"
      },
      "geometry": {
        "type": "Point",
        "coordinates": [
          120.9814085556672,
          14.60052331059907
        ]
      }
    },
    {
      "type": "Feature",
      "properties": {
        "id": "STOP_1038",
        "name": "Malinta - Sta. Cruz (Stop)"
      },
      "geometry": {
        "type": "Point",
        "coordinates": [
          120.97986254163443,
          14.599673776092294
        ]
      }
    },
    {
      "type": "Feature",
      "properties": {
        "id": "STOP_1039",
        "name": "Malinta - Sta. Cruz (Stop)"
      },
      "geometry": {
        "type": "Point",
        "coordinates": [
          120.98153101672067,
          14.600400862935132
        ]
      }
    },
    {
      "type": "Feature",
      "properties": {
        "id": "STOP_1040",
        "name": "Malinta - Sta. Cruz (Stop)"
      },
      "geometry": {
        "type": "Point",
        "coordinates": [
          120.98189832116908,
          14.603354987484007
        ]
      }
    },
    {
      "type": "Feature",
      "properties": {
        "id": "STOP_1041",
        "name": "Malinta - Sta. Cruz (Stop)"
      },
      "geometry": {
        "type": "Point",
        "coordinates": [
          120.98218522700188,
          14.607805301273086
        ]
      }
    },
    {
      "type": "Feature",
      "properties": {
        "id": "STOP_1042",
        "name": "Malinta - Sta. Cruz (Stop)"
      },
      "geometry": {
        "type": "Point",
        "coordinates": [
          120.98246835761537,
          14.61007829351077
        ]
      }
    },
    {
      "type": "Feature",
      "properties": {
        "id": "STOP_1043",
        "name": "Malinta - Sta. Cruz (Stop)"
      },
      "geometry": {
        "type": "Point",
        "coordinates": [
          120.98278966935602,
          14.616024799165908
        ]
      }
    },
    {
      "type": "Feature",
      "properties": {
        "id": "STOP_1044",
        "name": "Malinta - Sta. Cruz (Stop)"
      },
      "geometry": {
        "type": "Point",
        "coordinates": [
          120.9828584933116,
          14.61850442169607
        ]
      }
    },
    {
      "type": "Feature",
      "properties": {
        "id": "STOP_1045",
        "name": "Malinta - Sta. Cruz (Stop)"
      },
      "geometry": {
        "type": "Point",
        "coordinates": [
          120.98296937535623,
          14.622541461455594
        ]
      }
    },
    {
      "type": "Feature",
      "properties": {
        "id": "STOP_1046",
        "name": "Malinta - Sta. Cruz (Stop)"
      },
      "geometry": {
        "type": "Point",
        "coordinates": [
          120.98311465478723,
          14.628434391199537
        ]
      }
    },
    {
      "type": "Feature",
      "properties": {
        "id": "STOP_1047",
        "name": "Malinta - Sta. Cruz (Stop)"
      },
      "geometry": {
        "type": "Point",
        "coordinates": [
          120.98180583859654,
          14.630320863599591
        ]
      }
    },
    {
      "type": "Feature",
      "properties": {
        "id": "STOP_1048",
        "name": "Malinta - Sta. Cruz (Stop)"
      },
      "geometry": {
        "type": "Point",
        "coordinates": [
          120.9807878715766,
          14.63174050030719
        ]
      }
    },
    {
      "type": "Feature",
      "properties": {
        "id": "STOP_1049",
        "name": "Malinta - Sta. Cruz (Stop)"
      },
      "geometry": {
        "type": "Point",
        "coordinates": [
          120.98240650566107,
          14.636366866666528
        ]
      }
    },
    {
      "type": "Feature",
      "properties": {
        "id": "STOP_1050",
        "name": "Malinta - Sta. Cruz (Stop)"
      },
      "geometry": {
        "type": "Point",
        "coordinates": [
          120.98326366603355,
          14.638337572404176
        ]
      }
    },
    {
      "type": "Feature",
      "properties": {
        "id": "STOP_1051",
        "name": "Malinta - Sta. Cruz (Stop)"
      },
      "geometry": {
        "type": "Point",
        "coordinates": [
          120.9834013582051,
          14.641429448673591
        ]
      }
    },
    {
      "type": "Feature",
      "properties": {
        "id": "STOP_1052",
        "name": "Malinta - Sta. Cruz (Stop)"
      },
      "geometry": {
        "type": "Point",
        "coordinates": [
          120.98376086001457,
          14.650674463752
        ]
      }
    },
    {
      "type": "Feature",
      "properties": {
        "id": "STOP_1053",
        "name": "Malinta - Sta. Cruz (Stop)"
      },
      "geometry": {
        "type": "Point",
        "coordinates": [
          120.9838679626734,
          14.652710204470512
        ]
      }
    },
    {
      "type": "Feature",
      "properties": {
        "id": "STOP_1054",
        "name": "Malinta - Sta. Cruz (Stop)"
      },
      "geometry": {
        "type": "Point",
        "coordinates": [
          120.98406687015132,
          14.65638372169761
        ]
      }
    },
    {
      "type": "Feature",
      "properties": {
        "id": "STOP_1055",
        "name": "Malinta - Sta. Cruz (Stop)"
      },
      "geometry": {
        "type": "Point",
        "coordinates": [
          120.984108942299,
          14.65734801974512
        ]
      }
    },
    {
      "type": "Feature",
      "properties": {
        "id": "STOP_1056",
        "name": "Malinta - Sta. Cruz (Stop)"
      },
      "geometry": {
        "type": "Point",
        "coordinates": [
          120.98400749003808,
          14.659104415765322
        ]
      }
    },
    {
      "type": "Feature",
      "properties": {
        "id": "STOP_1057",
        "name": "Malinta - Sta. Cruz (Stop)"
      },
      "geometry": {
        "type": "Point",
        "coordinates": [
          120.98411269134654,
          14.660631221879965
        ]
      }
    },
    {
      "type": "Feature",
      "properties": {
        "id": "STOP_1058",
        "name": "Malinta - Sta. Cruz (Stop)"
      },
      "geometry": {
        "type": "Point",
        "coordinates": [
          120.98424177278439,
          14.663740317642883
        ]
      }
    },
    {
      "type": "Feature",
      "properties": {
        "id": "STOP_1059",
        "name": "Malinta - Sta. Cruz (Stop)"
      },
      "geometry": {
        "type": "Point",
        "coordinates": [
          120.98416518958066,
          14.665718655636885
        ]
      }
    },
    {
      "type": "Feature",
      "properties": {
        "id": "STOP_1060",
        "name": "Malinta - Sta. Cruz (Stop)"
      },
      "geometry": {
        "type": "Point",
        "coordinates": [
          120.98252726820996,
          14.667559201856545
        ]
      }
    },
    {
      "type": "Feature",
      "properties": {
        "id": "STOP_1061",
        "name": "Malinta - Sta. Cruz (Stop)"
      },
      "geometry": {
        "type": "Point",
        "coordinates": [
          120.98207949370575,
          14.669116608184149
        ]
      }
    },
    {
      "type": "Feature",
      "properties": {
        "id": "STOP_1062",
        "name": "Malinta - Sta. Cruz (Stop)"
      },
      "geometry": {
        "type": "Point",
        "coordinates": [
          120.98208710512812,
          14.670898836070846
        ]
      }
    },
    {
      "type": "Feature",
      "properties": {
        "id": "STOP_1063",
        "name": "Malinta - Sta. Cruz (Stop)"
      },
      "geometry": {
        "type": "Point",
        "coordinates": [
          120.98206983605343,
          14.672942227208383
        ]
      }
    },
    {
      "type": "Feature",
      "properties": {
        "id": "STOP_1064",
        "name": "Malinta - Sta. Cruz (Stop)"
      },
      "geometry": {
        "type": "Point",
        "coordinates": [
          120.98073227909991,
          14.676502826067201
        ]
      }
    },
    {
      "type": "Feature",
      "properties": {
        "id": "STOP_1065",
        "name": "Malinta - Sta. Cruz (Stop)"
      },
      "geometry": {
        "type": "Point",
        "coordinates": [
          120.97973150725905,
          14.67899964439641
        ]
      }
    },
    {
      "type": "Feature",
      "properties": {
        "id": "STOP_1066",
        "name": "Malinta - Sta. Cruz (Stop)"
      },
      "geometry": {
        "type": "Point",
        "coordinates": [
          120.97915744724546,
          14.680580007374415
        ]
      }
    },
    {
      "type": "Feature",
      "properties": {
        "id": "STOP_1067",
        "name": "Malinta - Sta. Cruz (Stop)"
      },
      "geometry": {
        "type": "Point",
        "coordinates": [
          120.97792898209153,
          14.682979242924429
        ]
      }
    },
    {
      "type": "Feature",
      "properties": {
        "id": "STOP_1068",
        "name": "Malinta - Sta. Cruz (Stop)"
      },
      "geometry": {
        "type": "Point",
        "coordinates": [
          120.97656275038496,
          14.685426307592943
        ]
      }
    },
    {
      "type": "Feature",
      "properties": {
        "id": "STOP_1069",
        "name": "Malinta - Sta. Cruz (Stop)"
      },
      "geometry": {
        "type": "Point",
        "coordinates": [
          120.97523670340915,
          14.687740399658795
        ]
      }
    },
    {
      "type": "Feature",
      "properties": {
        "id": "STOP_1070",
        "name": "Malinta - Sta. Cruz (Stop)"
      },
      "geometry": {
        "type": "Point",
        "coordinates": [
          120.97399580418234,
          14.690009531377287
        ]
      }
    },
    {
      "type": "Feature",
      "properties": {
        "id": "STOP_1071",
        "name": "Malinta - Sta. Cruz (Stop)"
      },
      "geometry": {
        "type": "Point",
        "coordinates": [
          120.97250904930132,
          14.6915458682823
        ]
      }
    },
    {
      "type": "Feature",
      "properties": {
        "id": "STOP_1072",
        "name": "Malinta - Sta. Cruz (Stop)"
      },
      "geometry": {
        "type": "Point",
        "coordinates": [
          120.9697776350017,
          14.69253784682579
        ]
      }
    },
    {
      "type": "Feature",
      "properties": {
        "id": "STOP_1073",
        "name": "Malinta - Sta. Cruz (Stop)"
      },
      "geometry": {
        "type": "Point",
        "coordinates": [
          120.96770731889752,
          14.692874539061869
        ]
      }
    },
    {
      "type": "Feature",
      "properties": {
        "id": "STOP_1074",
        "name": "Malinta - Sta. Cruz (Stop)"
      },
      "geometry": {
        "type": "Point",
        "coordinates": [
          120.96515675140863,
          14.692612361374374
        ]
      }
    },
    {
      "type": "Feature",
      "properties": {
        "id": "STOP_1075",
        "name": "Malinta - Sta. Cruz (Stop)"
      },
      "geometry": {
        "type": "Point",
        "coordinates": [
          120.9641885627932,
          14.692774969131348
        ]
      }
    },
    {
      "type": "Feature",
      "properties": {
        "id": "STOP_1076",
        "name": "Cubao - Roces (Start)"
      },
      "geometry": {
        "type": "Point",
        "coordinates": [
          121.04960460742004,
          14.621405346175992
        ]
      }
    },
    {
      "type": "Feature",
      "properties": {
        "id": "STOP_1077",
        "name": "Cubao - Roces (Stop)"
      },
      "geometry": {
        "type": "Point",
        "coordinates": [
          121.04776066463593,
          14.621744168655859
        ]
      }
    },
    {
      "type": "Feature",
      "properties": {
        "id": "STOP_1078",
        "name": "Cubao - Roces (Stop)"
      },
      "geometry": {
        "type": "Point",
        "coordinates": [
          121.04272591336624,
          14.624354055132946
        ]
      }
    },
    {
      "type": "Feature",
      "properties": {
        "id": "STOP_1079",
        "name": "Cubao - Roces (Stop)"
      },
      "geometry": {
        "type": "Point",
        "coordinates": [
          121.04083711763948,
          14.624712809780926
        ]
      }
    },
    {
      "type": "Feature",
      "properties": {
        "id": "STOP_1080",
        "name": "Cubao - Roces (Stop)"
      },
      "geometry": {
        "type": "Point",
        "coordinates": [
          121.03945414212849,
          14.625744320320738
        ]
      }
    },
    {
      "type": "Feature",
      "properties": {
        "id": "STOP_1081",
        "name": "Cubao - Roces (Stop)"
      },
      "geometry": {
        "type": "Point",
        "coordinates": [
          121.0389121325172,
          14.627529572792797
        ]
      }
    },
    {
      "type": "Feature",
      "properties": {
        "id": "STOP_1082",
        "name": "Cubao - Roces (Stop)"
      },
      "geometry": {
        "type": "Point",
        "coordinates": [
          121.03673179043894,
          14.628112569072963
        ]
      }
    },
    {
      "type": "Feature",
      "properties": {
        "id": "STOP_1083",
        "name": "Cubao - Roces (Stop)"
      },
      "geometry": {
        "type": "Point",
        "coordinates": [
          121.03382138097811,
          14.627382451294642
        ]
      }
    },
    {
      "type": "Feature",
      "properties": {
        "id": "STOP_1084",
        "name": "Cubao - Roces (Stop)"
      },
      "geometry": {
        "type": "Point",
        "coordinates": [
          121.03392725294141,
          14.628635751818921
        ]
      }
    },
    {
      "type": "Feature",
      "properties": {
        "id": "STOP_1085",
        "name": "Cubao - Roces (Stop)"
      },
      "geometry": {
        "type": "Point",
        "coordinates": [
          121.02973975312251,
          14.629633562143757
        ]
      }
    },
    {
      "type": "Feature",
      "properties": {
        "id": "STOP_1086",
        "name": "Cubao - Roces (Stop)"
      },
      "geometry": {
        "type": "Point",
        "coordinates": [
          121.0255335669258,
          14.630540426959016
        ]
      }
    },
    {
      "type": "Feature",
      "properties": {
        "id": "STOP_1087",
        "name": "Cubao - Roces (Stop)"
      },
      "geometry": {
        "type": "Point",
        "coordinates": [
          121.0218469231622,
          14.63138999558082
        ]
      }
    },
    {
      "type": "Feature",
      "properties": {
        "id": "STOP_1088",
        "name": "Cubao - Roces (Stop)"
      },
      "geometry": {
        "type": "Point",
        "coordinates": [
          121.02095859217671,
          14.63151455794855
        ]
      }
    },
    {
      "type": "Feature",
      "properties": {
        "id": "STOP_1089",
        "name": "Cubao - Roces (Stop)"
      },
      "geometry": {
        "type": "Point",
        "coordinates": [
          121.02176345089518,
          14.631256690621449
        ]
      }
    },
    {
      "type": "Feature",
      "properties": {
        "id": "STOP_1090",
        "name": "Cubao - Roces (Stop)"
      },
      "geometry": {
        "type": "Point",
        "coordinates": [
          121.0276952197149,
          14.629989821655636
        ]
      }
    },
    {
      "type": "Feature",
      "properties": {
        "id": "STOP_1091",
        "name": "Cubao - Roces (Stop)"
      },
      "geometry": {
        "type": "Point",
        "coordinates": [
          121.0322652116158,
          14.628983299158493
        ]
      }
    },
    {
      "type": "Feature",
      "properties": {
        "id": "STOP_1092",
        "name": "Cubao - Roces (Stop)"
      },
      "geometry": {
        "type": "Point",
        "coordinates": [
          121.03372790790473,
          14.628666892921073
        ]
      }
    },
    {
      "type": "Feature",
      "properties": {
        "id": "STOP_1093",
        "name": "Cubao - Roces (Stop)"
      },
      "geometry": {
        "type": "Point",
        "coordinates": [
          121.03359213698283,
          14.627300221813272
        ]
      }
    },
    {
      "type": "Feature",
      "properties": {
        "id": "STOP_1094",
        "name": "Cubao - Roces (Stop)"
      },
      "geometry": {
        "type": "Point",
        "coordinates": [
          121.03511212934862,
          14.627634136577822
        ]
      }
    },
    {
      "type": "Feature",
      "properties": {
        "id": "STOP_1095",
        "name": "Cubao - Roces (Stop)"
      },
      "geometry": {
        "type": "Point",
        "coordinates": [
          121.03820194398351,
          14.628562344275608
        ]
      }
    },
    {
      "type": "Feature",
      "properties": {
        "id": "STOP_1096",
        "name": "Cubao - Roces (Stop)"
      },
      "geometry": {
        "type": "Point",
        "coordinates": [
          121.03888347721696,
          14.627510884801014
        ]
      }
    },
    {
      "type": "Feature",
      "properties": {
        "id": "STOP_1097",
        "name": "Cubao - Roces (Stop)"
      },
      "geometry": {
        "type": "Point",
        "coordinates": [
          121.0392641312754,
          14.626200910255118
        ]
      }
    },
    {
      "type": "Feature",
      "properties": {
        "id": "STOP_1098",
        "name": "Cubao - Roces (Stop)"
      },
      "geometry": {
        "type": "Point",
        "coordinates": [
          121.04074676146021,
          14.62590692928692
        ]
      }
    },
    {
      "type": "Feature",
      "properties": {
        "id": "STOP_1099",
        "name": "Cubao - Roces (Stop)"
      },
      "geometry": {
        "type": "Point",
        "coordinates": [
          121.04247481636408,
          14.6263704143377
        ]
      }
    },
    {
      "type": "Feature",
      "properties": {
        "id": "STOP_1100",
        "name": "Cubao - Roces (Stop)"
      },
      "geometry": {
        "type": "Point",
        "coordinates": [
          121.04469877211832,
          14.62548717565113
        ]
      }
    },
    {
      "type": "Feature",
      "properties": {
        "id": "STOP_1101",
        "name": "Cubao - Roces (Stop)"
      },
      "geometry": {
        "type": "Point",
        "coordinates": [
          121.04808517553273,
          14.623708216206413
        ]
      }
    },
    {
      "type": "Feature",
      "properties": {
        "id": "STOP_1102",
        "name": "Cubao - Roces (Stop)"
      },
      "geometry": {
        "type": "Point",
        "coordinates": [
          121.04900218445341,
          14.622646795449167
        ]
      }
    },
    {
      "type": "Feature",
      "properties": {
        "id": "STOP_1103",
        "name": "Cubao - Proj. 4 (Start)"
      },
      "geometry": {
        "type": "Point",
        "coordinates": [
          121.06940491655406,
          14.629261329120505
        ]
      }
    },
    {
      "type": "Feature",
      "properties": {
        "id": "STOP_1104",
        "name": "Cubao - Proj. 4 (Stop)"
      },
      "geometry": {
        "type": "Point",
        "coordinates": [
          121.0700814876938,
          14.627301664441513
        ]
      }
    },
    {
      "type": "Feature",
      "properties": {
        "id": "STOP_1105",
        "name": "Cubao - Proj. 4 (Stop)"
      },
      "geometry": {
        "type": "Point",
        "coordinates": [
          121.07111814598964,
          14.624433802757927
        ]
      }
    },
    {
      "type": "Feature",
      "properties": {
        "id": "STOP_1106",
        "name": "Cubao - Proj. 4 (Stop)"
      },
      "geometry": {
        "type": "Point",
        "coordinates": [
          121.07149194618364,
          14.623183004681762
        ]
      }
    },
    {
      "type": "Feature",
      "properties": {
        "id": "STOP_1107",
        "name": "Cubao - Proj. 4 (Stop)"
      },
      "geometry": {
        "type": "Point",
        "coordinates": [
          121.069377662428,
          14.622689611201876
        ]
      }
    },
    {
      "type": "Feature",
      "properties": {
        "id": "STOP_1108",
        "name": "Cubao - Proj. 4 (Stop)"
      },
      "geometry": {
        "type": "Point",
        "coordinates": [
          121.06661425429924,
          14.622597358202167
        ]
      }
    },
    {
      "type": "Feature",
      "properties": {
        "id": "STOP_1109",
        "name": "Cubao - Proj. 4 (Stop)"
      },
      "geometry": {
        "type": "Point",
        "coordinates": [
          121.06402529279713,
          14.621645491126216
        ]
      }
    },
    {
      "type": "Feature",
      "properties": {
        "id": "STOP_1110",
        "name": "Cubao - Proj. 4 (Stop)"
      },
      "geometry": {
        "type": "Point",
        "coordinates": [
          121.06269717281333,
          14.621164573539545
        ]
      }
    },
    {
      "type": "Feature",
      "properties": {
        "id": "STOP_1111",
        "name": "Cubao - Proj. 4 (Stop)"
      },
      "geometry": {
        "type": "Point",
        "coordinates": [
          121.06123698723225,
          14.620683652985576
        ]
      }
    },
    {
      "type": "Feature",
      "properties": {
        "id": "STOP_1112",
        "name": "Cubao - Proj. 4 (Stop)"
      },
      "geometry": {
        "type": "Point",
        "coordinates": [
          121.05946782052871,
          14.620095584695896
        ]
      }
    },
    {
      "type": "Feature",
      "properties": {
        "id": "STOP_1113",
        "name": "Cubao - Proj. 4 (Stop)"
      },
      "geometry": {
        "type": "Point",
        "coordinates": [
          121.05784068805315,
          14.619447720084468
        ]
      }
    },
    {
      "type": "Feature",
      "properties": {
        "id": "STOP_1114",
        "name": "Cubao - Proj. 4 (Stop)"
      },
      "geometry": {
        "type": "Point",
        "coordinates": [
          121.05681408058268,
          14.618786787822021
        ]
      }
    },
    {
      "type": "Feature",
      "properties": {
        "id": "STOP_1115",
        "name": "Cubao - Proj. 4 (Stop)"
      },
      "geometry": {
        "type": "Point",
        "coordinates": [
          121.05503745393494,
          14.61754590801849
        ]
      }
    },
    {
      "type": "Feature",
      "properties": {
        "id": "STOP_1116",
        "name": "Cubao - Proj. 4 (Stop)"
      },
      "geometry": {
        "type": "Point",
        "coordinates": [
          121.05363708527902,
          14.616489418499723
        ]
      }
    },
    {
      "type": "Feature",
      "properties": {
        "id": "STOP_1117",
        "name": "Cubao - Proj. 4 (Stop)"
      },
      "geometry": {
        "type": "Point",
        "coordinates": [
          121.0522715577699,
          14.617294189591195
        ]
      }
    },
    {
      "type": "Feature",
      "properties": {
        "id": "STOP_1118",
        "name": "Cubao - Proj. 4 (Stop)"
      },
      "geometry": {
        "type": "Point",
        "coordinates": [
          121.05076394206762,
          14.62043612178365
        ]
      }
    },
    {
      "type": "Feature",
      "properties": {
        "id": "STOP_1119",
        "name": "Cubao - Proj. 4 (Stop)"
      },
      "geometry": {
        "type": "Point",
        "coordinates": [
          121.05369427112437,
          14.621791643245253
        ]
      }
    },
    {
      "type": "Feature",
      "properties": {
        "id": "STOP_1120",
        "name": "Cubao - Proj. 4 (Stop)"
      },
      "geometry": {
        "type": "Point",
        "coordinates": [
          121.05530396079894,
          14.622446982405535
        ]
      }
    },
    {
      "type": "Feature",
      "properties": {
        "id": "STOP_1121",
        "name": "Cubao - Proj. 4 (Stop)"
      },
      "geometry": {
        "type": "Point",
        "coordinates": [
          121.05631066939732,
          14.621607320195787
        ]
      }
    },
    {
      "type": "Feature",
      "properties": {
        "id": "STOP_1122",
        "name": "Cubao - Proj. 4 (Stop)"
      },
      "geometry": {
        "type": "Point",
        "coordinates": [
          121.05705824351614,
          14.620214506672752
        ]
      }
    },
    {
      "type": "Feature",
      "properties": {
        "id": "STOP_1123",
        "name": "Cubao - Proj. 4 (Stop)"
      },
      "geometry": {
        "type": "Point",
        "coordinates": [
          121.05765878781348,
          14.619387293573348
        ]
      }
    },
    {
      "type": "Feature",
      "properties": {
        "id": "STOP_1124",
        "name": "Cubao - Proj. 4 (Stop)"
      },
      "geometry": {
        "type": "Point",
        "coordinates": [
          121.05948277236932,
          14.620052604132093
        ]
      }
    },
    {
      "type": "Feature",
      "properties": {
        "id": "STOP_1125",
        "name": "Cubao - Proj. 4 (Stop)"
      },
      "geometry": {
        "type": "Point",
        "coordinates": [
          121.0610874807362,
          14.620610768970495
        ]
      }
    },
    {
      "type": "Feature",
      "properties": {
        "id": "STOP_1126",
        "name": "Cubao - Proj. 4 (Stop)"
      },
      "geometry": {
        "type": "Point",
        "coordinates": [
          121.06314320374413,
          14.621246184978865
        ]
      }
    },
    {
      "type": "Feature",
      "properties": {
        "id": "STOP_1127",
        "name": "Cubao - Proj. 4 (Stop)"
      },
      "geometry": {
        "type": "Point",
        "coordinates": [
          121.0650294809694,
          14.622013654437138
        ]
      }
    },
    {
      "type": "Feature",
      "properties": {
        "id": "STOP_1128",
        "name": "Cubao - Proj. 4 (Stop)"
      },
      "geometry": {
        "type": "Point",
        "coordinates": [
          121.06651956713077,
          14.622539425296926
        ]
      }
    },
    {
      "type": "Feature",
      "properties": {
        "id": "STOP_1129",
        "name": "Cubao - Proj. 4 (Stop)"
      },
      "geometry": {
        "type": "Point",
        "coordinates": [
          121.0686400923235,
          14.622529506352492
        ]
      }
    },
    {
      "type": "Feature",
      "properties": {
        "id": "STOP_1130",
        "name": "Cubao - Proj. 4 (Stop)"
      },
      "geometry": {
        "type": "Point",
        "coordinates": [
          121.07057870627982,
          14.622923230031425
        ]
      }
    },
    {
      "type": "Feature",
      "properties": {
        "id": "STOP_1131",
        "name": "Cubao - Proj. 4 (Stop)"
      },
      "geometry": {
        "type": "Point",
        "coordinates": [
          121.07135363981585,
          14.623658283117882
        ]
      }
    },
    {
      "type": "Feature",
      "properties": {
        "id": "STOP_1132",
        "name": "Cubao - Proj. 4 (Stop)"
      },
      "geometry": {
        "type": "Point",
        "coordinates": [
          121.07088265234026,
          14.625201847459806
        ]
      }
    },
    {
      "type": "Feature",
      "properties": {
        "id": "STOP_1133",
        "name": "Cubao - Proj. 4 (Stop)"
      },
      "geometry": {
        "type": "Point",
        "coordinates": [
          121.07033815807262,
          14.626685610641356
        ]
      }
    },
    {
      "type": "Feature",
      "properties": {
        "id": "STOP_1134",
        "name": "Cubao - Proj. 4 (Stop)"
      },
      "geometry": {
        "type": "Point",
        "coordinates": [
          121.06985222396726,
          14.628052267762365
        ]
      }
    },
    {
      "type": "Feature",
      "properties": {
        "id": "STOP_1135",
        "name": "Cubao - Proj. 4 (Stop)"
      },
      "geometry": {
        "type": "Point",
        "coordinates": [
          121.06946098209289,
          14.629263199114696
        ]
      }
    },
    {
      "type": "Feature",
      "properties": {
        "id": "STOP_1136",
        "name": "Cubao - Proj. 4 (End)"
      },
      "geometry": {
        "type": "Point",
        "coordinates": [
          121.06940616247039,
          14.629260706236849
        ]
      }
    },
    {
      "type": "Feature",
      "properties": {
        "id": "STOP_1137",
        "name": "UP - TOKI (Start)"
      },
      "geometry": {
        "type": "Point",
        "coordinates": [
          121.07269569132009,
          14.656158721561779
        ]
      }
    },
    {
      "type": "Feature",
      "properties": {
        "id": "STOP_1138",
        "name": "UP - TOKI (Stop)"
      },
      "geometry": {
        "type": "Point",
        "coordinates": [
          121.06859635838113,
          14.656139549261963
        ]
      }
    },
    {
      "type": "Feature",
      "properties": {
        "id": "STOP_1139",
        "name": "UP - TOKI (Stop)"
      },
      "geometry": {
        "type": "Point",
        "coordinates": [
          121.06864732905487,
          14.652476141500017
        ]
      }
    },
    {
      "type": "Feature",
      "properties": {
        "id": "STOP_1140",
        "name": "UP - TOKI (Stop)"
      },
      "geometry": {
        "type": "Point",
        "coordinates": [
          121.07169718070776,
          14.652539810833511
        ]
      }
    },
    {
      "type": "Feature",
      "properties": {
        "id": "STOP_1141",
        "name": "UP - TOKI (Stop)"
      },
      "geometry": {
        "type": "Point",
        "coordinates": [
          121.07275298955933,
          14.6538849924954
        ]
      }
    },
    {
      "type": "Feature",
      "properties": {
        "id": "STOP_1142",
        "name": "UP - TOKI (Stop)"
      },
      "geometry": {
        "type": "Point",
        "coordinates": [
          121.07282140588123,
          14.652150280879235
        ]
      }
    },
    {
      "type": "Feature",
      "properties": {
        "id": "STOP_1143",
        "name": "UP - TOKI (Stop)"
      },
      "geometry": {
        "type": "Point",
        "coordinates": [
          121.07151912125697,
          14.651097657589204
        ]
      }
    },
    {
      "type": "Feature",
      "properties": {
        "id": "STOP_1144",
        "name": "UP - TOKI (Stop)"
      },
      "geometry": {
        "type": "Point",
        "coordinates": [
          121.07260995756926,
          14.650552304807382
        ]
      }
    },
    {
      "type": "Feature",
      "properties": {
        "id": "STOP_1145",
        "name": "UP - TOKI (Stop)"
      },
      "geometry": {
        "type": "Point",
        "coordinates": [
          121.07378508094646,
          14.64955856793704
        ]
      }
    },
    {
      "type": "Feature",
      "properties": {
        "id": "STOP_1146",
        "name": "UP - TOKI (Stop)"
      },
      "geometry": {
        "type": "Point",
        "coordinates": [
          121.07290577423366,
          14.648270631009405
        ]
      }
    },
    {
      "type": "Feature",
      "properties": {
        "id": "STOP_1147",
        "name": "UP - TOKI (Stop)"
      },
      "geometry": {
        "type": "Point",
        "coordinates": [
          121.07112167727674,
          14.647450139999702
        ]
      }
    },
    {
      "type": "Feature",
      "properties": {
        "id": "STOP_1148",
        "name": "UP - TOKI (Stop)"
      },
      "geometry": {
        "type": "Point",
        "coordinates": [
          121.06898296957405,
          14.647205228704241
        ]
      }
    },
    {
      "type": "Feature",
      "properties": {
        "id": "STOP_1149",
        "name": "UP - TOKI (Stop)"
      },
      "geometry": {
        "type": "Point",
        "coordinates": [
          121.06676871192244,
          14.647769636508915
        ]
      }
    },
    {
      "type": "Feature",
      "properties": {
        "id": "STOP_1150",
        "name": "UP - TOKI (Stop)"
      },
      "geometry": {
        "type": "Point",
        "coordinates": [
          121.06598556627812,
          14.648224364989185
        ]
      }
    },
    {
      "type": "Feature",
      "properties": {
        "id": "STOP_1151",
        "name": "UP - TOKI (Stop)"
      },
      "geometry": {
        "type": "Point",
        "coordinates": [
          121.0660459595201,
          14.649548854018448
        ]
      }
    },
    {
      "type": "Feature",
      "properties": {
        "id": "STOP_1152",
        "name": "UP - TOKI (Stop)"
      },
      "geometry": {
        "type": "Point",
        "coordinates": [
          121.06681555956163,
          14.650342291888515
        ]
      }
    },
    {
      "type": "Feature",
      "properties": {
        "id": "STOP_1153",
        "name": "UP - TOKI (Stop)"
      },
      "geometry": {
        "type": "Point",
        "coordinates": [
          121.06522699478174,
          14.651749424996979
        ]
      }
    },
    {
      "type": "Feature",
      "properties": {
        "id": "STOP_1154",
        "name": "UP - TOKI (Stop)"
      },
      "geometry": {
        "type": "Point",
        "coordinates": [
          121.0651681298865,
          14.653032570803369
        ]
      }
    },
    {
      "type": "Feature",
      "properties": {
        "id": "STOP_1155",
        "name": "UP - TOKI (Stop)"
      },
      "geometry": {
        "type": "Point",
        "coordinates": [
          121.06236741784018,
          14.657694450169547
        ]
      }
    },
    {
      "type": "Feature",
      "properties": {
        "id": "STOP_1156",
        "name": "UP - TOKI (Stop)"
      },
      "geometry": {
        "type": "Point",
        "coordinates": [
          121.06477804480976,
          14.657581612787471
        ]
      }
    },
    {
      "type": "Feature",
      "properties": {
        "id": "STOP_1157",
        "name": "UP - TOKI (Stop)"
      },
      "geometry": {
        "type": "Point",
        "coordinates": [
          121.06857048549668,
          14.657549897514677
        ]
      }
    },
    {
      "type": "Feature",
      "properties": {
        "id": "STOP_1158",
        "name": "UP - TOKI (Stop)"
      },
      "geometry": {
        "type": "Point",
        "coordinates": [
          121.07160757297507,
          14.659437320912122
        ]
      }
    },
    {
      "type": "Feature",
      "properties": {
        "id": "STOP_1159",
        "name": "UP - TOKI (Stop)"
      },
      "geometry": {
        "type": "Point",
        "coordinates": [
          121.07276048877463,
          14.656158723017004
        ]
      }
    },
    {
      "type": "Feature",
      "properties": {
        "id": "STOP_1160",
        "name": "LAGRO-ANONAS (Start)"
      },
      "geometry": {
        "type": "Point",
        "coordinates": [
          121.06303317644611,
          14.628558916554876
        ]
      }
    },
    {
      "type": "Feature",
      "properties": {
        "id": "STOP_1161",
        "name": "LAGRO-ANONAS (Stop)"
      },
      "geometry": {
        "type": "Point",
        "coordinates": [
          121.06470278721389,
          14.629271283546508
        ]
      }
    },
    {
      "type": "Feature",
      "properties": {
        "id": "STOP_1162",
        "name": "LAGRO-ANONAS (Stop)"
      },
      "geometry": {
        "type": "Point",
        "coordinates": [
          121.06311583624516,
          14.629678293317939
        ]
      }
    },
    {
      "type": "Feature",
      "properties": {
        "id": "STOP_1163",
        "name": "LAGRO-ANONAS (Stop)"
      },
      "geometry": {
        "type": "Point",
        "coordinates": [
          121.06185964111062,
          14.62964010459084
        ]
      }
    },
    {
      "type": "Feature",
      "properties": {
        "id": "STOP_1164",
        "name": "LAGRO-ANONAS (Stop)"
      },
      "geometry": {
        "type": "Point",
        "coordinates": [
          121.0608482805439,
          14.631465426184386
        ]
      }
    },
    {
      "type": "Feature",
      "properties": {
        "id": "STOP_1165",
        "name": "LAGRO-ANONAS (Stop)"
      },
      "geometry": {
        "type": "Point",
        "coordinates": [
          121.06005637506306,
          14.63251800241818
        ]
      }
    },
    {
      "type": "Feature",
      "properties": {
        "id": "STOP_1166",
        "name": "LAGRO-ANONAS (Stop)"
      },
      "geometry": {
        "type": "Point",
        "coordinates": [
          121.05922313049012,
          14.633398855437553
        ]
      }
    },
    {
      "type": "Feature",
      "properties": {
        "id": "STOP_1167",
        "name": "LAGRO-ANONAS (Stop)"
      },
      "geometry": {
        "type": "Point",
        "coordinates": [
          121.05877150017568,
          14.634909365421066
        ]
      }
    },
    {
      "type": "Feature",
      "properties": {
        "id": "STOP_1168",
        "name": "LAGRO-ANONAS (Stop)"
      },
      "geometry": {
        "type": "Point",
        "coordinates": [
          121.05791282247299,
          14.635418152914621
        ]
      }
    },
    {
      "type": "Feature",
      "properties": {
        "id": "STOP_1169",
        "name": "LAGRO-ANONAS (Stop)"
      },
      "geometry": {
        "type": "Point",
        "coordinates": [
          121.05658666266568,
          14.635351342237051
        ]
      }
    },
    {
      "type": "Feature",
      "properties": {
        "id": "STOP_1170",
        "name": "LAGRO-ANONAS (Stop)"
      },
      "geometry": {
        "type": "Point",
        "coordinates": [
          121.05549582450078,
          14.635974606042833
        ]
      }
    },
    {
      "type": "Feature",
      "properties": {
        "id": "STOP_1171",
        "name": "LAGRO-ANONAS (Stop)"
      },
      "geometry": {
        "type": "Point",
        "coordinates": [
          121.05480887141339,
          14.636842742185513
        ]
      }
    },
    {
      "type": "Feature",
      "properties": {
        "id": "STOP_1172",
        "name": "LAGRO-ANONAS (Stop)"
      },
      "geometry": {
        "type": "Point",
        "coordinates": [
          121.05497420133769,
          14.63864582993746
        ]
      }
    },
    {
      "type": "Feature",
      "properties": {
        "id": "STOP_1173",
        "name": "LAGRO-ANONAS (Stop)"
      },
      "geometry": {
        "type": "Point",
        "coordinates": [
          121.05487874718118,
          14.640623814169171
        ]
      }
    },
    {
      "type": "Feature",
      "properties": {
        "id": "STOP_1174",
        "name": "LAGRO-ANONAS (Stop)"
      },
      "geometry": {
        "type": "Point",
        "coordinates": [
          121.05436031307819,
          14.642922973191357
        ]
      }
    },
    {
      "type": "Feature",
      "properties": {
        "id": "STOP_1175",
        "name": "LAGRO-ANONAS (Stop)"
      },
      "geometry": {
        "type": "Point",
        "coordinates": [
          121.05357156734956,
          14.644840521059733
        ]
      }
    },
    {
      "type": "Feature",
      "properties": {
        "id": "STOP_1176",
        "name": "LAGRO-ANONAS (Stop)"
      },
      "geometry": {
        "type": "Point",
        "coordinates": [
          121.05221673103419,
          14.64706652033852
        ]
      }
    },
    {
      "type": "Feature",
      "properties": {
        "id": "STOP_1177",
        "name": "LAGRO-ANONAS (Stop)"
      },
      "geometry": {
        "type": "Point",
        "coordinates": [
          121.05116721184767,
          14.648710578714299
        ]
      }
    },
    {
      "type": "Feature",
      "properties": {
        "id": "STOP_1178",
        "name": "LAGRO-ANONAS (Stop)"
      },
      "geometry": {
        "type": "Point",
        "coordinates": [
          121.05198449772297,
          14.650256097699403
        ]
      }
    },
    {
      "type": "Feature",
      "properties": {
        "id": "STOP_1179",
        "name": "LAGRO-ANONAS (Stop)"
      },
      "geometry": {
        "type": "Point",
        "coordinates": [
          121.0517713760812,
          14.652170478474863
        ]
      }
    },
    {
      "type": "Feature",
      "properties": {
        "id": "STOP_1180",
        "name": "LAGRO-ANONAS (Stop)"
      },
      "geometry": {
        "type": "Point",
        "coordinates": [
          121.05289715089087,
          14.653490221377652
        ]
      }
    },
    {
      "type": "Feature",
      "properties": {
        "id": "STOP_1181",
        "name": "LAGRO-ANONAS (Stop)"
      },
      "geometry": {
        "type": "Point",
        "coordinates": [
          121.05582929129974,
          14.65533789189236
        ]
      }
    },
    {
      "type": "Feature",
      "properties": {
        "id": "STOP_1182",
        "name": "LAGRO-ANONAS (Stop)"
      },
      "geometry": {
        "type": "Point",
        "coordinates": [
          121.05856107669034,
          14.657172837739346
        ]
      }
    },
    {
      "type": "Feature",
      "properties": {
        "id": "STOP_1183",
        "name": "LAGRO-ANONAS (Stop)"
      },
      "geometry": {
        "type": "Point",
        "coordinates": [
          121.0617253687427,
          14.659278096909299
        ]
      }
    },
    {
      "type": "Feature",
      "properties": {
        "id": "STOP_1184",
        "name": "LAGRO-ANONAS (Stop)"
      },
      "geometry": {
        "type": "Point",
        "coordinates": [
          121.06381157547048,
          14.660661462230616
        ]
      }
    },
    {
      "type": "Feature",
      "properties": {
        "id": "STOP_1185",
        "name": "LAGRO-ANONAS (Stop)"
      },
      "geometry": {
        "type": "Point",
        "coordinates": [
          121.06687728246808,
          14.662661777787047
        ]
      }
    },
    {
      "type": "Feature",
      "properties": {
        "id": "STOP_1186",
        "name": "LAGRO-ANONAS (Stop)"
      },
      "geometry": {
        "type": "Point",
        "coordinates": [
          121.06874723665315,
          14.663876596002332
        ]
      }
    },
    {
      "type": "Feature",
      "properties": {
        "id": "STOP_1187",
        "name": "LAGRO-ANONAS (Stop)"
      },
      "geometry": {
        "type": "Point",
        "coordinates": [
          121.07083980137824,
          14.665364902870685
        ]
      }
    },
    {
      "type": "Feature",
      "properties": {
        "id": "STOP_1188",
        "name": "LAGRO-ANONAS (Stop)"
      },
      "geometry": {
        "type": "Point",
        "coordinates": [
          121.07319632387137,
          14.666954977025727
        ]
      }
    },
    {
      "type": "Feature",
      "properties": {
        "id": "STOP_1189",
        "name": "LAGRO-ANONAS (Stop)"
      },
      "geometry": {
        "type": "Point",
        "coordinates": [
          121.07504719576659,
          14.668204775281717
        ]
      }
    },
    {
      "type": "Feature",
      "properties": {
        "id": "STOP_1190",
        "name": "LAGRO-ANONAS (Stop)"
      },
      "geometry": {
        "type": "Point",
        "coordinates": [
          121.07663728780041,
          14.669451387641528
        ]
      }
    },
    {
      "type": "Feature",
      "properties": {
        "id": "STOP_1191",
        "name": "LAGRO-ANONAS (Stop)"
      },
      "geometry": {
        "type": "Point",
        "coordinates": [
          121.07878390339823,
          14.67149938320927
        ]
      }
    },
    {
      "type": "Feature",
      "properties": {
        "id": "STOP_1192",
        "name": "LAGRO-ANONAS (Stop)"
      },
      "geometry": {
        "type": "Point",
        "coordinates": [
          121.08032310092067,
          14.673194380424558
        ]
      }
    },
    {
      "type": "Feature",
      "properties": {
        "id": "STOP_1193",
        "name": "LAGRO-ANONAS (Stop)"
      },
      "geometry": {
        "type": "Point",
        "coordinates": [
          121.08206581750706,
          14.675585811524682
        ]
      }
    },
    {
      "type": "Feature",
      "properties": {
        "id": "STOP_1194",
        "name": "LAGRO-ANONAS (Stop)"
      },
      "geometry": {
        "type": "Point",
        "coordinates": [
          121.08332196058761,
          14.677821409623832
        ]
      }
    },
    {
      "type": "Feature",
      "properties": {
        "id": "STOP_1195",
        "name": "LAGRO-ANONAS (Stop)"
      },
      "geometry": {
        "type": "Point",
        "coordinates": [
          121.08433004229549,
          14.68015876352192
        ]
      }
    },
    {
      "type": "Feature",
      "properties": {
        "id": "STOP_1196",
        "name": "LAGRO-ANONAS (Stop)"
      },
      "geometry": {
        "type": "Point",
        "coordinates": [
          121.08538900593561,
          14.682578799674513
        ]
      }
    },
    {
      "type": "Feature",
      "properties": {
        "id": "STOP_1197",
        "name": "LAGRO-ANONAS (Stop)"
      },
      "geometry": {
        "type": "Point",
        "coordinates": [
          121.08627942670853,
          14.684575886389132
        ]
      }
    },
    {
      "type": "Feature",
      "properties": {
        "id": "STOP_1198",
        "name": "LAGRO-ANONAS (Stop)"
      },
      "geometry": {
        "type": "Point",
        "coordinates": [
          121.08710941841922,
          14.686760594263943
        ]
      }
    },
    {
      "type": "Feature",
      "properties": {
        "id": "STOP_1199",
        "name": "LAGRO-ANONAS (Stop)"
      },
      "geometry": {
        "type": "Point",
        "coordinates": [
          121.0874273857178,
          14.689167893634805
        ]
      }
    },
    {
      "type": "Feature",
      "properties": {
        "id": "STOP_1200",
        "name": "LAGRO-ANONAS (Stop)"
      },
      "geometry": {
        "type": "Point",
        "coordinates": [
          121.08748137476452,
          14.692338397313716
        ]
      }
    },
    {
      "type": "Feature",
      "properties": {
        "id": "STOP_1201",
        "name": "LAGRO-ANONAS (Stop)"
      },
      "geometry": {
        "type": "Point",
        "coordinates": [
          121.08751628145075,
          14.695547061089988
        ]
      }
    },
    {
      "type": "Feature",
      "properties": {
        "id": "STOP_1202",
        "name": "LAGRO-ANONAS (Stop)"
      },
      "geometry": {
        "type": "Point",
        "coordinates": [
          121.08751621548056,
          14.698332778426286
        ]
      }
    },
    {
      "type": "Feature",
      "properties": {
        "id": "STOP_1203",
        "name": "LAGRO-ANONAS (Stop)"
      },
      "geometry": {
        "type": "Point",
        "coordinates": [
          121.08701686218757,
          14.700660558430965
        ]
      }
    },
    {
      "type": "Feature",
      "properties": {
        "id": "STOP_1204",
        "name": "LAGRO-ANONAS (Stop)"
      },
      "geometry": {
        "type": "Point",
        "coordinates": [
          121.08601186168717,
          14.702504960616675
        ]
      }
    },
    {
      "type": "Feature",
      "properties": {
        "id": "STOP_1205",
        "name": "LAGRO-ANONAS (Stop)"
      },
      "geometry": {
        "type": "Point",
        "coordinates": [
          121.08473337270472,
          14.703824649634202
        ]
      }
    },
    {
      "type": "Feature",
      "properties": {
        "id": "STOP_1206",
        "name": "LAGRO-ANONAS (Stop)"
      },
      "geometry": {
        "type": "Point",
        "coordinates": [
          121.08301283806206,
          14.70480088413045
        ]
      }
    },
    {
      "type": "Feature",
      "properties": {
        "id": "STOP_1207",
        "name": "LAGRO-ANONAS (Stop)"
      },
      "geometry": {
        "type": "Point",
        "coordinates": [
          121.07962587070995,
          14.70515697292269
        ]
      }
    },
    {
      "type": "Feature",
      "properties": {
        "id": "STOP_1208",
        "name": "LAGRO-ANONAS (Stop)"
      },
      "geometry": {
        "type": "Point",
        "coordinates": [
          121.07558696149702,
          14.705175962566479
        ]
      }
    },
    {
      "type": "Feature",
      "properties": {
        "id": "STOP_1209",
        "name": "LAGRO-ANONAS (Stop)"
      },
      "geometry": {
        "type": "Point",
        "coordinates": [
          121.07357067862279,
          14.705544802282285
        ]
      }
    },
    {
      "type": "Feature",
      "properties": {
        "id": "STOP_1210",
        "name": "LAGRO-ANONAS (Stop)"
      },
      "geometry": {
        "type": "Point",
        "coordinates": [
          121.07049854034615,
          14.706533726635135
        ]
      }
    },
    {
      "type": "Feature",
      "properties": {
        "id": "STOP_1211",
        "name": "LAGRO-ANONAS (Stop)"
      },
      "geometry": {
        "type": "Point",
        "coordinates": [
          121.06660592162922,
          14.706581339947817
        ]
      }
    },
    {
      "type": "Feature",
      "properties": {
        "id": "STOP_1212",
        "name": "LAGRO-ANONAS (Stop)"
      },
      "geometry": {
        "type": "Point",
        "coordinates": [
          121.06468505033622,
          14.706768919373783
        ]
      }
    },
    {
      "type": "Feature",
      "properties": {
        "id": "STOP_1213",
        "name": "LAGRO-ANONAS (Stop)"
      },
      "geometry": {
        "type": "Point",
        "coordinates": [
          121.06277367993745,
          14.7086387416029
        ]
      }
    },
    {
      "type": "Feature",
      "properties": {
        "id": "STOP_1214",
        "name": "LAGRO-ANONAS (Stop)"
      },
      "geometry": {
        "type": "Point",
        "coordinates": [
          121.06122803779999,
          14.710495851873139
        ]
      }
    },
    {
      "type": "Feature",
      "properties": {
        "id": "STOP_1215",
        "name": "LAGRO-ANONAS (Stop)"
      },
      "geometry": {
        "type": "Point",
        "coordinates": [
          121.06121207039719,
          14.713291109068425
        ]
      }
    },
    {
      "type": "Feature",
      "properties": {
        "id": "STOP_1216",
        "name": "LAGRO-ANONAS (Stop)"
      },
      "geometry": {
        "type": "Point",
        "coordinates": [
          121.06122469084941,
          14.717536466407902
        ]
      }
    },
    {
      "type": "Feature",
      "properties": {
        "id": "STOP_1217",
        "name": "LAGRO-ANONAS (Stop)"
      },
      "geometry": {
        "type": "Point",
        "coordinates": [
          121.06123091369986,
          14.72334958471571
        ]
      }
    },
    {
      "type": "Feature",
      "properties": {
        "id": "STOP_1218",
        "name": "LAGRO-ANONAS (Stop)"
      },
      "geometry": {
        "type": "Point",
        "coordinates": [
          121.06123717766411,
          14.727426399705262
        ]
      }
    },
    {
      "type": "Feature",
      "properties": {
        "id": "STOP_1219",
        "name": "LAGRO-ANONAS (Stop)"
      },
      "geometry": {
        "type": "Point",
        "coordinates": [
          121.06125930964598,
          14.732905613955623
        ]
      }
    },
    {
      "type": "Feature",
      "properties": {
        "id": "STOP_1220",
        "name": "LAGRO-ANONAS (Stop)"
      },
      "geometry": {
        "type": "Point",
        "coordinates": [
          121.06122745060037,
          14.735297005444448
        ]
      }
    },
    {
      "type": "Feature",
      "properties": {
        "id": "STOP_1221",
        "name": "LAGRO-ANONAS (Stop)"
      },
      "geometry": {
        "type": "Point",
        "coordinates": [
          121.06114534424982,
          14.710801134118983
        ]
      }
    },
    {
      "type": "Feature",
      "properties": {
        "id": "STOP_1222",
        "name": "LAGRO-ANONAS (Stop)"
      },
      "geometry": {
        "type": "Point",
        "coordinates": [
          121.06267827640853,
          14.708479737327373
        ]
      }
    },
    {
      "type": "Feature",
      "properties": {
        "id": "STOP_1223",
        "name": "LAGRO-ANONAS (Stop)"
      },
      "geometry": {
        "type": "Point",
        "coordinates": [
          121.06388362198895,
          14.707067825408052
        ]
      }
    },
    {
      "type": "Feature",
      "properties": {
        "id": "STOP_1224",
        "name": "LAGRO-ANONAS (Stop)"
      },
      "geometry": {
        "type": "Point",
        "coordinates": [
          121.06589991157027,
          14.706415961889077
        ]
      }
    },
    {
      "type": "Feature",
      "properties": {
        "id": "STOP_1225",
        "name": "LAGRO-ANONAS (Stop)"
      },
      "geometry": {
        "type": "Point",
        "coordinates": [
          121.07035225179794,
          14.70642242185921
        ]
      }
    },
    {
      "type": "Feature",
      "properties": {
        "id": "STOP_1226",
        "name": "LAGRO-ANONAS (Stop)"
      },
      "geometry": {
        "type": "Point",
        "coordinates": [
          121.07381874315872,
          14.705309484689328
        ]
      }
    },
    {
      "type": "Feature",
      "properties": {
        "id": "STOP_1227",
        "name": "LAGRO-ANONAS (Stop)"
      },
      "geometry": {
        "type": "Point",
        "coordinates": [
          121.07745376744647,
          14.705039262613012
        ]
      }
    },
    {
      "type": "Feature",
      "properties": {
        "id": "STOP_1228",
        "name": "LAGRO-ANONAS (Stop)"
      },
      "geometry": {
        "type": "Point",
        "coordinates": [
          121.08157218868412,
          14.704769051382765
        ]
      }
    },
    {
      "type": "Feature",
      "properties": {
        "id": "STOP_1229",
        "name": "LAGRO-ANONAS (Stop)"
      },
      "geometry": {
        "type": "Point",
        "coordinates": [
          121.08435174533847,
          14.703748320048426
        ]
      }
    },
    {
      "type": "Feature",
      "properties": {
        "id": "STOP_1230",
        "name": "LAGRO-ANONAS (Stop)"
      },
      "geometry": {
        "type": "Point",
        "coordinates": [
          121.0859228245944,
          14.702094733117299
        ]
      }
    },
    {
      "type": "Feature",
      "properties": {
        "id": "STOP_1231",
        "name": "LAGRO-ANONAS (Stop)"
      },
      "geometry": {
        "type": "Point",
        "coordinates": [
          121.08672746465815,
          14.700466569336774
        ]
      }
    },
    {
      "type": "Feature",
      "properties": {
        "id": "STOP_1232",
        "name": "LAGRO-ANONAS (Stop)"
      },
      "geometry": {
        "type": "Point",
        "coordinates": [
          121.0871441289946,
          14.698250088969191
        ]
      }
    },
    {
      "type": "Feature",
      "properties": {
        "id": "STOP_1233",
        "name": "LAGRO-ANONAS (Stop)"
      },
      "geometry": {
        "type": "Point",
        "coordinates": [
          121.08716332032911,
          14.693610407218815
        ]
      }
    },
    {
      "type": "Feature",
      "properties": {
        "id": "STOP_1234",
        "name": "LAGRO-ANONAS (Stop)"
      },
      "geometry": {
        "type": "Point",
        "coordinates": [
          121.08710936359077,
          14.689075665262965
        ]
      }
    },
    {
      "type": "Feature",
      "properties": {
        "id": "STOP_1235",
        "name": "LAGRO-ANONAS (Stop)"
      },
      "geometry": {
        "type": "Point",
        "coordinates": [
          121.0868104733826,
          14.686852808789759
        ]
      }
    },
    {
      "type": "Feature",
      "properties": {
        "id": "STOP_1236",
        "name": "LAGRO-ANONAS (Stop)"
      },
      "geometry": {
        "type": "Point",
        "coordinates": [
          121.0855002848452,
          14.683828558899453
        ]
      }
    },
    {
      "type": "Feature",
      "properties": {
        "id": "STOP_1237",
        "name": "LAGRO-ANONAS (Stop)"
      },
      "geometry": {
        "type": "Point",
        "coordinates": [
          121.08450810435167,
          14.68149120534854
        ]
      }
    },
    {
      "type": "Feature",
      "properties": {
        "id": "STOP_1238",
        "name": "LAGRO-ANONAS (Stop)"
      },
      "geometry": {
        "type": "Point",
        "coordinates": [
          121.08315657333364,
          14.678438334165058
        ]
      }
    },
    {
      "type": "Feature",
      "properties": {
        "id": "STOP_1239",
        "name": "LAGRO-ANONAS (Stop)"
      },
      "geometry": {
        "type": "Point",
        "coordinates": [
          121.08220890577577,
          14.676543007539598
        ]
      }
    },
    {
      "type": "Feature",
      "properties": {
        "id": "STOP_1240",
        "name": "LAGRO-ANONAS (Stop)"
      },
      "geometry": {
        "type": "Point",
        "coordinates": [
          121.08096865773452,
          14.67456817328714
        ]
      }
    },
    {
      "type": "Feature",
      "properties": {
        "id": "STOP_1241",
        "name": "LAGRO-ANONAS (Stop)"
      },
      "geometry": {
        "type": "Point",
        "coordinates": [
          121.07940720461124,
          14.672615592125783
        ]
      }
    },
    {
      "type": "Feature",
      "properties": {
        "id": "STOP_1242",
        "name": "LAGRO-ANONAS (Stop)"
      },
      "geometry": {
        "type": "Point",
        "coordinates": [
          121.07745140262145,
          14.670608941392329
        ]
      }
    },
    {
      "type": "Feature",
      "properties": {
        "id": "STOP_1243",
        "name": "LAGRO-ANONAS (Stop)"
      },
      "geometry": {
        "type": "Point",
        "coordinates": [
          121.07542244735636,
          14.668926653355484
        ]
      }
    },
    {
      "type": "Feature",
      "properties": {
        "id": "STOP_1244",
        "name": "LAGRO-ANONAS (Stop)"
      },
      "geometry": {
        "type": "Point",
        "coordinates": [
          121.07133908026557,
          14.666179004960103
        ]
      }
    },
    {
      "type": "Feature",
      "properties": {
        "id": "STOP_1245",
        "name": "LAGRO-ANONAS (Stop)"
      },
      "geometry": {
        "type": "Point",
        "coordinates": [
          121.06903026074038,
          14.664617552258465
        ]
      }
    },
    {
      "type": "Feature",
      "properties": {
        "id": "STOP_1246",
        "name": "LAGRO-ANONAS (Stop)"
      },
      "geometry": {
        "type": "Point",
        "coordinates": [
          121.06682002701855,
          14.663129242748333
        ]
      }
    },
    {
      "type": "Feature",
      "properties": {
        "id": "STOP_1247",
        "name": "LAGRO-ANONAS (Stop)"
      },
      "geometry": {
        "type": "Point",
        "coordinates": [
          121.06434901674854,
          14.661497825471917
        ]
      }
    },
    {
      "type": "Feature",
      "properties": {
        "id": "STOP_1248",
        "name": "LAGRO-ANONAS (Stop)"
      },
      "geometry": {
        "type": "Point",
        "coordinates": [
          121.06168083441601,
          14.659739202069833
        ]
      }
    },
    {
      "type": "Feature",
      "properties": {
        "id": "STOP_1249",
        "name": "LAGRO-ANONAS (Stop)"
      },
      "geometry": {
        "type": "Point",
        "coordinates": [
          121.0582017028126,
          14.657443133281097
        ]
      }
    },
    {
      "type": "Feature",
      "properties": {
        "id": "STOP_1250",
        "name": "LAGRO-ANONAS (Stop)"
      },
      "geometry": {
        "type": "Point",
        "coordinates": [
          121.05487203826493,
          14.655331510313479
        ]
      }
    },
    {
      "type": "Feature",
      "properties": {
        "id": "STOP_1251",
        "name": "LAGRO-ANONAS (Stop)"
      },
      "geometry": {
        "type": "Point",
        "coordinates": [
          121.052655446762,
          14.653728719135595
        ]
      }
    },
    {
      "type": "Feature",
      "properties": {
        "id": "STOP_1252",
        "name": "LAGRO-ANONAS (Stop)"
      },
      "geometry": {
        "type": "Point",
        "coordinates": [
          121.05115438525648,
          14.653168997955289
        ]
      }
    },
    {
      "type": "Feature",
      "properties": {
        "id": "STOP_1253",
        "name": "LAGRO-ANONAS (Stop)"
      },
      "geometry": {
        "type": "Point",
        "coordinates": [
          121.04936070047525,
          14.654336033267244
        ]
      }
    },
    {
      "type": "Feature",
      "properties": {
        "id": "STOP_1254",
        "name": "LAGRO-ANONAS (Stop)"
      },
      "geometry": {
        "type": "Point",
        "coordinates": [
          121.04723312948609,
          14.653843078910402
        ]
      }
    },
    {
      "type": "Feature",
      "properties": {
        "id": "STOP_1255",
        "name": "LAGRO-ANONAS (Stop)"
      },
      "geometry": {
        "type": "Point",
        "coordinates": [
          121.0465017094956,
          14.652326182226144
        ]
      }
    },
    {
      "type": "Feature",
      "properties": {
        "id": "STOP_1256",
        "name": "LAGRO-ANONAS (Stop)"
      },
      "geometry": {
        "type": "Point",
        "coordinates": [
          121.04678797002518,
          14.650694826867973
        ]
      }
    },
    {
      "type": "Feature",
      "properties": {
        "id": "STOP_1257",
        "name": "LAGRO-ANONAS (Stop)"
      },
      "geometry": {
        "type": "Point",
        "coordinates": [
          121.04831452786915,
          14.648958557965141
        ]
      }
    },
    {
      "type": "Feature",
      "properties": {
        "id": "STOP_1258",
        "name": "LAGRO-ANONAS (Stop)"
      },
      "geometry": {
        "type": "Point",
        "coordinates": [
          121.04996190466758,
          14.648500668845843
        ]
      }
    },
    {
      "type": "Feature",
      "properties": {
        "id": "STOP_1259",
        "name": "LAGRO-ANONAS (Stop)"
      },
      "geometry": {
        "type": "Point",
        "coordinates": [
          121.05110997184053,
          14.648526134966819
        ]
      }
    },
    {
      "type": "Feature",
      "properties": {
        "id": "STOP_1260",
        "name": "LAGRO-ANONAS (Stop)"
      },
      "geometry": {
        "type": "Point",
        "coordinates": [
          121.0520768000345,
          14.647079237365862
        ]
      }
    },
    {
      "type": "Feature",
      "properties": {
        "id": "STOP_1261",
        "name": "LAGRO-ANONAS (Stop)"
      },
      "geometry": {
        "type": "Point",
        "coordinates": [
          121.05308815479685,
          14.645498778986711
        ]
      }
    },
    {
      "type": "Feature",
      "properties": {
        "id": "STOP_1262",
        "name": "LAGRO-ANONAS (Stop)"
      },
      "geometry": {
        "type": "Point",
        "coordinates": [
          121.05400410949765,
          14.643613034397115
        ]
      }
    },
    {
      "type": "Feature",
      "properties": {
        "id": "STOP_1263",
        "name": "LAGRO-ANONAS (Stop)"
      },
      "geometry": {
        "type": "Point",
        "coordinates": [
          121.05462112774747,
          14.641456979494919
        ]
      }
    },
    {
      "type": "Feature",
      "properties": {
        "id": "STOP_1264",
        "name": "LAGRO-ANONAS (Stop)"
      },
      "geometry": {
        "type": "Point",
        "coordinates": [
          121.05486287693061,
          14.639316816383836
        ]
      }
    },
    {
      "type": "Feature",
      "properties": {
        "id": "STOP_1265",
        "name": "LAGRO-ANONAS (Stop)"
      },
      "geometry": {
        "type": "Point",
        "coordinates": [
          121.05471981850263,
          14.637100323619112
        ]
      }
    },
    {
      "type": "Feature",
      "properties": {
        "id": "STOP_1266",
        "name": "LAGRO-ANONAS (Stop)"
      },
      "geometry": {
        "type": "Point",
        "coordinates": [
          121.05479616776974,
          14.636111332150373
        ]
      }
    },
    {
      "type": "Feature",
      "properties": {
        "id": "STOP_1267",
        "name": "LAGRO-ANONAS (Stop)"
      },
      "geometry": {
        "type": "Point",
        "coordinates": [
          121.0561954884647,
          14.63553259586658
        ]
      }
    },
    {
      "type": "Feature",
      "properties": {
        "id": "STOP_1268",
        "name": "LAGRO-ANONAS (Stop)"
      },
      "geometry": {
        "type": "Point",
        "coordinates": [
          121.0575725400735,
          14.63526550323704
        ]
      }
    },
    {
      "type": "Feature",
      "properties": {
        "id": "STOP_1269",
        "name": "LAGRO-ANONAS (Stop)"
      },
      "geometry": {
        "type": "Point",
        "coordinates": [
          121.05862202166578,
          14.635208286047185
        ]
      }
    },
    {
      "type": "Feature",
      "properties": {
        "id": "STOP_1270",
        "name": "LAGRO-ANONAS (Stop)"
      },
      "geometry": {
        "type": "Point",
        "coordinates": [
          121.05917542631562,
          14.633421114662609
        ]
      }
    },
    {
      "type": "Feature",
      "properties": {
        "id": "STOP_1271",
        "name": "LAGRO-ANONAS (Stop)"
      },
      "geometry": {
        "type": "Point",
        "coordinates": [
          121.0601231631828,
          14.632390802223782
        ]
      }
    },
    {
      "type": "Feature",
      "properties": {
        "id": "STOP_1272",
        "name": "LAGRO-ANONAS (Stop)"
      },
      "geometry": {
        "type": "Point",
        "coordinates": [
          121.06167200096381,
          14.62988496363682
        ]
      }
    },
    {
      "type": "Feature",
      "properties": {
        "id": "STOP_1273",
        "name": "LAGRO-ANONAS (Stop)"
      },
      "geometry": {
        "type": "Point",
        "coordinates": [
          121.0624893404784,
          14.629166292426254
        ]
      }
    },
    {
      "type": "Feature",
      "properties": {
        "id": "STOP_1274",
        "name": "LAGRO-ANONAS (End)"
      },
      "geometry": {
        "type": "Point",
        "coordinates": [
          121.06305543799733,
          14.628565277139657
        ]
      }
    },
    {
      "type": "Feature",
      "properties": {
        "id": "STOP_1275",
        "name": "Cubao - Lagro via East Ave (Start)"
      },
      "geometry": {
        "type": "Point",
        "coordinates": [
          121.04955229502333,
          14.62141544360091
        ]
      }
    },
    {
      "type": "Feature",
      "properties": {
        "id": "STOP_1276",
        "name": "Cubao - Lagro via East Ave (Stop)"
      },
      "geometry": {
        "type": "Point",
        "coordinates": [
          121.04887646370351,
          14.622666775075077
        ]
      }
    },
    {
      "type": "Feature",
      "properties": {
        "id": "STOP_1277",
        "name": "Cubao - Lagro via East Ave (Stop)"
      },
      "geometry": {
        "type": "Point",
        "coordinates": [
          121.04647692767418,
          14.624463445089976
        ]
      }
    },
    {
      "type": "Feature",
      "properties": {
        "id": "STOP_1278",
        "name": "Cubao - Lagro via East Ave (Stop)"
      },
      "geometry": {
        "type": "Point",
        "coordinates": [
          121.04395178217389,
          14.625832396594047
        ]
      }
    },
    {
      "type": "Feature",
      "properties": {
        "id": "STOP_1279",
        "name": "Cubao - Lagro via East Ave (Stop)"
      },
      "geometry": {
        "type": "Point",
        "coordinates": [
          121.04198955624958,
          14.626503341450583
        ]
      }
    },
    {
      "type": "Feature",
      "properties": {
        "id": "STOP_1280",
        "name": "Cubao - Lagro via East Ave (Stop)"
      },
      "geometry": {
        "type": "Point",
        "coordinates": [
          121.0396171178746,
          14.625531785212887
        ]
      }
    },
    {
      "type": "Feature",
      "properties": {
        "id": "STOP_1281",
        "name": "Cubao - Lagro via East Ave (Stop)"
      },
      "geometry": {
        "type": "Point",
        "coordinates": [
          121.0391018807713,
          14.62712338484125
        ]
      }
    },
    {
      "type": "Feature",
      "properties": {
        "id": "STOP_1282",
        "name": "Cubao - Lagro via East Ave (Stop)"
      },
      "geometry": {
        "type": "Point",
        "coordinates": [
          121.03857550965279,
          14.628848546003516
        ]
      }
    },
    {
      "type": "Feature",
      "properties": {
        "id": "STOP_1283",
        "name": "Cubao - Lagro via East Ave (Stop)"
      },
      "geometry": {
        "type": "Point",
        "coordinates": [
          121.03868042644586,
          14.630166675926382
        ]
      }
    },
    {
      "type": "Feature",
      "properties": {
        "id": "STOP_1284",
        "name": "Cubao - Lagro via East Ave (Stop)"
      },
      "geometry": {
        "type": "Point",
        "coordinates": [
          121.03945791648393,
          14.633518458068737
        ]
      }
    },
    {
      "type": "Feature",
      "properties": {
        "id": "STOP_1285",
        "name": "Cubao - Lagro via East Ave (Stop)"
      },
      "geometry": {
        "type": "Point",
        "coordinates": [
          121.04224222283204,
          14.633372238659751
        ]
      }
    },
    {
      "type": "Feature",
      "properties": {
        "id": "STOP_1286",
        "name": "Cubao - Lagro via East Ave (Stop)"
      },
      "geometry": {
        "type": "Point",
        "coordinates": [
          121.0438784660715,
          14.63302883083515
        ]
      }
    },
    {
      "type": "Feature",
      "properties": {
        "id": "STOP_1287",
        "name": "Cubao - Lagro via East Ave (Stop)"
      },
      "geometry": {
        "type": "Point",
        "coordinates": [
          121.0449501998765,
          14.63337229948656
        ]
      }
    },
    {
      "type": "Feature",
      "properties": {
        "id": "STOP_1288",
        "name": "Cubao - Lagro via East Ave (Stop)"
      },
      "geometry": {
        "type": "Point",
        "coordinates": [
          121.04544468564457,
          14.635146774248458
        ]
      }
    },
    {
      "type": "Feature",
      "properties": {
        "id": "STOP_1289",
        "name": "Cubao - Lagro via East Ave (Stop)"
      },
      "geometry": {
        "type": "Point",
        "coordinates": [
          121.04591849301418,
          14.637209042387251
        ]
      }
    },
    {
      "type": "Feature",
      "properties": {
        "id": "STOP_1290",
        "name": "Cubao - Lagro via East Ave (Stop)"
      },
      "geometry": {
        "type": "Point",
        "coordinates": [
          121.04841313798845,
          14.648005342454567
        ]
      }
    },
    {
      "type": "Feature",
      "properties": {
        "id": "STOP_1291",
        "name": "Cubao - Lagro via East Ave (Stop)"
      },
      "geometry": {
        "type": "Point",
        "coordinates": [
          121.04812848072565,
          14.649081780432507
        ]
      }
    },
    {
      "type": "Feature",
      "properties": {
        "id": "STOP_1292",
        "name": "Cubao - Lagro via East Ave (Stop)"
      },
      "geometry": {
        "type": "Point",
        "coordinates": [
          121.04709646651152,
          14.650150251523783
        ]
      }
    },
    {
      "type": "Feature",
      "properties": {
        "id": "STOP_1293",
        "name": "Cubao - Lagro via East Ave (Stop)"
      },
      "geometry": {
        "type": "Point",
        "coordinates": [
          121.04655102260614,
          14.651509707429387
        ]
      }
    },
    {
      "type": "Feature",
      "properties": {
        "id": "STOP_1294",
        "name": "Cubao - Lagro via East Ave (Stop)"
      },
      "geometry": {
        "type": "Point",
        "coordinates": [
          121.04664957515149,
          14.65298683937042
        ]
      }
    },
    {
      "type": "Feature",
      "properties": {
        "id": "STOP_1295",
        "name": "Cubao - Lagro via East Ave (Stop)"
      },
      "geometry": {
        "type": "Point",
        "coordinates": [
          121.04764814415441,
          14.654141217211718
        ]
      }
    },
    {
      "type": "Feature",
      "properties": {
        "id": "STOP_1296",
        "name": "Cubao - Lagro via East Ave (Stop)"
      },
      "geometry": {
        "type": "Point",
        "coordinates": [
          121.04927006379026,
          14.654325696094189
        ]
      }
    },
    {
      "type": "Feature",
      "properties": {
        "id": "STOP_1297",
        "name": "Cubao - Lagro via East Ave (Stop)"
      },
      "geometry": {
        "type": "Point",
        "coordinates": [
          121.05055807638927,
          14.653729467051313
        ]
      }
    },
    {
      "type": "Feature",
      "properties": {
        "id": "STOP_1298",
        "name": "Cubao - Lagro via East Ave (Stop)"
      },
      "geometry": {
        "type": "Point",
        "coordinates": [
          121.05193990299658,
          14.653266801899816
        ]
      }
    },
    {
      "type": "Feature",
      "properties": {
        "id": "STOP_1299",
        "name": "Cubao - Lagro via East Ave (Stop)"
      },
      "geometry": {
        "type": "Point",
        "coordinates": [
          121.05341233150332,
          14.654282858531692
        ]
      }
    },
    {
      "type": "Feature",
      "properties": {
        "id": "STOP_1300",
        "name": "Cubao - Lagro via East Ave (Stop)"
      },
      "geometry": {
        "type": "Point",
        "coordinates": [
          121.05496426401646,
          14.655386368117158
        ]
      }
    },
    {
      "type": "Feature",
      "properties": {
        "id": "STOP_1301",
        "name": "Cubao - Lagro via East Ave (Stop)"
      },
      "geometry": {
        "type": "Point",
        "coordinates": [
          121.05668952023223,
          14.65647080133987
        ]
      }
    },
    {
      "type": "Feature",
      "properties": {
        "id": "STOP_1302",
        "name": "Cubao - Lagro via East Ave (Stop)"
      },
      "geometry": {
        "type": "Point",
        "coordinates": [
          121.0583686631855,
          14.657544103378784
        ]
      }
    },
    {
      "type": "Feature",
      "properties": {
        "id": "STOP_1303",
        "name": "Cubao - Lagro via East Ave (Stop)"
      },
      "geometry": {
        "type": "Point",
        "coordinates": [
          121.06070769528945,
          14.659094426606801
        ]
      }
    },
    {
      "type": "Feature",
      "properties": {
        "id": "STOP_1304",
        "name": "Cubao - Lagro via East Ave (Stop)"
      },
      "geometry": {
        "type": "Point",
        "coordinates": [
          121.06356509888752,
          14.66098820606274
        ]
      }
    },
    {
      "type": "Feature",
      "properties": {
        "id": "STOP_1305",
        "name": "Cubao - Lagro via East Ave (Stop)"
      },
      "geometry": {
        "type": "Point",
        "coordinates": [
          121.0651742758867,
          14.662086946872035
        ]
      }
    },
    {
      "type": "Feature",
      "properties": {
        "id": "STOP_1306",
        "name": "Cubao - Lagro via East Ave (Stop)"
      },
      "geometry": {
        "type": "Point",
        "coordinates": [
          121.06717143847958,
          14.66335741868712
        ]
      }
    },
    {
      "type": "Feature",
      "properties": {
        "id": "STOP_1307",
        "name": "Cubao - Lagro via East Ave (Stop)"
      },
      "geometry": {
        "type": "Point",
        "coordinates": [
          121.06858662384805,
          14.66432100333577
        ]
      }
    },
    {
      "type": "Feature",
      "properties": {
        "id": "STOP_1308",
        "name": "Cubao - Lagro via East Ave (Stop)"
      },
      "geometry": {
        "type": "Point",
        "coordinates": [
          121.0703913822575,
          14.665569210534592
        ]
      }
    },
    {
      "type": "Feature",
      "properties": {
        "id": "STOP_1309",
        "name": "Cubao - Lagro via East Ave (Stop)"
      },
      "geometry": {
        "type": "Point",
        "coordinates": [
          121.0730881871874,
          14.667310344348392
        ]
      }
    },
    {
      "type": "Feature",
      "properties": {
        "id": "STOP_1310",
        "name": "Cubao - Lagro via East Ave (Stop)"
      },
      "geometry": {
        "type": "Point",
        "coordinates": [
          121.07478481955098,
          14.668464737866996
        ]
      }
    },
    {
      "type": "Feature",
      "properties": {
        "id": "STOP_1311",
        "name": "Cubao - Lagro via East Ave (Stop)"
      },
      "geometry": {
        "type": "Point",
        "coordinates": [
          121.07695052466799,
          14.670172469313428
        ]
      }
    },
    {
      "type": "Feature",
      "properties": {
        "id": "STOP_1312",
        "name": "Cubao - Lagro via East Ave (Stop)"
      },
      "geometry": {
        "type": "Point",
        "coordinates": [
          121.07870756956015,
          14.671837261013708
        ]
      }
    },
    {
      "type": "Feature",
      "properties": {
        "id": "STOP_1313",
        "name": "Cubao - Lagro via East Ave (Stop)"
      },
      "geometry": {
        "type": "Point",
        "coordinates": [
          121.08012909929255,
          14.673481374907936
        ]
      }
    },
    {
      "type": "Feature",
      "properties": {
        "id": "STOP_1314",
        "name": "Cubao - Lagro via East Ave (Stop)"
      },
      "geometry": {
        "type": "Point",
        "coordinates": [
          121.08170485755942,
          14.675685179751909
        ]
      }
    },
    {
      "type": "Feature",
      "properties": {
        "id": "STOP_1315",
        "name": "Cubao - Lagro via East Ave (Stop)"
      },
      "geometry": {
        "type": "Point",
        "coordinates": [
          121.08263344893085,
          14.6773579029697
        ]
      }
    },
    {
      "type": "Feature",
      "properties": {
        "id": "STOP_1316",
        "name": "Cubao - Lagro via East Ave (Stop)"
      },
      "geometry": {
        "type": "Point",
        "coordinates": [
          121.08362563443187,
          14.679483783680732
        ]
      }
    },
    {
      "type": "Feature",
      "properties": {
        "id": "STOP_1317",
        "name": "Cubao - Lagro via East Ave (Stop)"
      },
      "geometry": {
        "type": "Point",
        "coordinates": [
          121.0846877789176,
          14.681878379562853
        ]
      }
    },
    {
      "type": "Feature",
      "properties": {
        "id": "STOP_1318",
        "name": "Cubao - Lagro via East Ave (Stop)"
      },
      "geometry": {
        "type": "Point",
        "coordinates": [
          121.08580398444897,
          14.684403358409776
        ]
      }
    },
    {
      "type": "Feature",
      "properties": {
        "id": "STOP_1319",
        "name": "Cubao - Lagro via East Ave (Stop)"
      },
      "geometry": {
        "type": "Point",
        "coordinates": [
          121.08671666402456,
          14.686522877267379
        ]
      }
    },
    {
      "type": "Feature",
      "properties": {
        "id": "STOP_1320",
        "name": "Cubao - Lagro via East Ave (Stop)"
      },
      "geometry": {
        "type": "Point",
        "coordinates": [
          121.08704737006953,
          14.688179686873463
        ]
      }
    },
    {
      "type": "Feature",
      "properties": {
        "id": "STOP_1321",
        "name": "Cubao - Lagro via East Ave (Stop)"
      },
      "geometry": {
        "type": "Point",
        "coordinates": [
          121.08716970900026,
          14.692420276417332
        ]
      }
    },
    {
      "type": "Feature",
      "properties": {
        "id": "STOP_1322",
        "name": "Cubao - Lagro via East Ave (Stop)"
      },
      "geometry": {
        "type": "Point",
        "coordinates": [
          121.08717757729414,
          14.695896063167607
        ]
      }
    },
    {
      "type": "Feature",
      "properties": {
        "id": "STOP_1323",
        "name": "Cubao - Lagro via East Ave (Stop)"
      },
      "geometry": {
        "type": "Point",
        "coordinates": [
          121.08715844349615,
          14.698106192361795
        ]
      }
    },
    {
      "type": "Feature",
      "properties": {
        "id": "STOP_1324",
        "name": "Cubao - Lagro via East Ave (Stop)"
      },
      "geometry": {
        "type": "Point",
        "coordinates": [
          121.08690716162893,
          14.699907680875285
        ]
      }
    },
    {
      "type": "Feature",
      "properties": {
        "id": "STOP_1325",
        "name": "Cubao - Lagro via East Ave (Stop)"
      },
      "geometry": {
        "type": "Point",
        "coordinates": [
          121.08618520483607,
          14.701664638236485
        ]
      }
    },
    {
      "type": "Feature",
      "properties": {
        "id": "STOP_1326",
        "name": "Cubao - Lagro via East Ave (Stop)"
      },
      "geometry": {
        "type": "Point",
        "coordinates": [
          121.08469680881352,
          14.703448608770119
        ]
      }
    },
    {
      "type": "Feature",
      "properties": {
        "id": "STOP_1327",
        "name": "Cubao - Lagro via East Ave (Stop)"
      },
      "geometry": {
        "type": "Point",
        "coordinates": [
          121.08297309343821,
          14.70444551347157
        ]
      }
    },
    {
      "type": "Feature",
      "properties": {
        "id": "STOP_1328",
        "name": "Cubao - Lagro via East Ave (Stop)"
      },
      "geometry": {
        "type": "Point",
        "coordinates": [
          121.08046228095617,
          14.704890663114407
        ]
      }
    },
    {
      "type": "Feature",
      "properties": {
        "id": "STOP_1329",
        "name": "Cubao - Lagro via East Ave (Stop)"
      },
      "geometry": {
        "type": "Point",
        "coordinates": [
          121.07749670067197,
          14.705041648608638
        ]
      }
    },
    {
      "type": "Feature",
      "properties": {
        "id": "STOP_1330",
        "name": "Cubao - Lagro via East Ave (Stop)"
      },
      "geometry": {
        "type": "Point",
        "coordinates": [
          121.0754215919985,
          14.705043192075198
        ]
      }
    },
    {
      "type": "Feature",
      "properties": {
        "id": "STOP_1331",
        "name": "Cubao - Lagro via East Ave (Stop)"
      },
      "geometry": {
        "type": "Point",
        "coordinates": [
          121.07342916049578,
          14.705431112582025
        ]
      }
    },
    {
      "type": "Feature",
      "properties": {
        "id": "STOP_1332",
        "name": "Cubao - Lagro via East Ave (Stop)"
      },
      "geometry": {
        "type": "Point",
        "coordinates": [
          121.07053829701843,
          14.706380290467827
        ]
      }
    },
    {
      "type": "Feature",
      "properties": {
        "id": "STOP_1333",
        "name": "Cubao - Lagro via East Ave (Stop)"
      },
      "geometry": {
        "type": "Point",
        "coordinates": [
          121.06721335192586,
          14.706418376387507
        ]
      }
    },
    {
      "type": "Feature",
      "properties": {
        "id": "STOP_1334",
        "name": "Cubao - Lagro via East Ave (Stop)"
      },
      "geometry": {
        "type": "Point",
        "coordinates": [
          121.06483929779436,
          14.706529624621822
        ]
      }
    },
    {
      "type": "Feature",
      "properties": {
        "id": "STOP_1335",
        "name": "Cubao - Lagro via East Ave (Stop)"
      },
      "geometry": {
        "type": "Point",
        "coordinates": [
          121.06354173657137,
          14.707459758001335
        ]
      }
    },
    {
      "type": "Feature",
      "properties": {
        "id": "STOP_1336",
        "name": "Cubao - Lagro via East Ave (Stop)"
      },
      "geometry": {
        "type": "Point",
        "coordinates": [
          121.06196270184323,
          14.709318457539467
        ]
      }
    },
    {
      "type": "Feature",
      "properties": {
        "id": "STOP_1337",
        "name": "Cubao - Lagro via East Ave (Stop)"
      },
      "geometry": {
        "type": "Point",
        "coordinates": [
          121.06092114217269,
          14.710587271217262
        ]
      }
    },
    {
      "type": "Feature",
      "properties": {
        "id": "STOP_1338",
        "name": "Cubao - Lagro via East Ave (Stop)"
      },
      "geometry": {
        "type": "Point",
        "coordinates": [
          121.06115289551785,
          14.727667286057324
        ]
      }
    },
    {
      "type": "Feature",
      "properties": {
        "id": "STOP_1339",
        "name": "Cubao - Lagro via East Ave (Stop)"
      },
      "geometry": {
        "type": "Point",
        "coordinates": [
          121.06113845700015,
          14.733049508183745
        ]
      }
    },
    {
      "type": "Feature",
      "properties": {
        "id": "STOP_1340",
        "name": "Cubao - Lagro via East Ave (Stop)"
      },
      "geometry": {
        "type": "Point",
        "coordinates": [
          121.06118610764656,
          14.735288259400223
        ]
      }
    },
    {
      "type": "Feature",
      "properties": {
        "id": "STOP_1341",
        "name": "Cubao - Lagro via East Ave (Stop)"
      },
      "geometry": {
        "type": "Point",
        "coordinates": [
          121.06126095715452,
          14.730481626359289
        ]
      }
    },
    {
      "type": "Feature",
      "properties": {
        "id": "STOP_1342",
        "name": "Cubao - Lagro via East Ave (Stop)"
      },
      "geometry": {
        "type": "Point",
        "coordinates": [
          121.06121054136115,
          14.71071129937518
        ]
      }
    },
    {
      "type": "Feature",
      "properties": {
        "id": "STOP_1343",
        "name": "Cubao - Lagro via East Ave (Stop)"
      },
      "geometry": {
        "type": "Point",
        "coordinates": [
          121.0628897622943,
          14.708491667232297
        ]
      }
    },
    {
      "type": "Feature",
      "properties": {
        "id": "STOP_1344",
        "name": "Cubao - Lagro via East Ave (Stop)"
      },
      "geometry": {
        "type": "Point",
        "coordinates": [
          121.06412054948085,
          14.707094066075951
        ]
      }
    },
    {
      "type": "Feature",
      "properties": {
        "id": "STOP_1345",
        "name": "Cubao - Lagro via East Ave (Stop)"
      },
      "geometry": {
        "type": "Point",
        "coordinates": [
          121.06563912784965,
          14.706575753184373
        ]
      }
    },
    {
      "type": "Feature",
      "properties": {
        "id": "STOP_1346",
        "name": "Cubao - Lagro via East Ave (Stop)"
      },
      "geometry": {
        "type": "Point",
        "coordinates": [
          121.06980842674062,
          14.70656948663366
        ]
      }
    },
    {
      "type": "Feature",
      "properties": {
        "id": "STOP_1347",
        "name": "Cubao - Lagro via East Ave (Stop)"
      },
      "geometry": {
        "type": "Point",
        "coordinates": [
          121.07331625776094,
          14.705604422375115
        ]
      }
    },
    {
      "type": "Feature",
      "properties": {
        "id": "STOP_1348",
        "name": "Cubao - Lagro via East Ave (Stop)"
      },
      "geometry": {
        "type": "Point",
        "coordinates": [
          121.07526257652917,
          14.705183110385418
        ]
      }
    },
    {
      "type": "Feature",
      "properties": {
        "id": "STOP_1349",
        "name": "Cubao - Lagro via East Ave (Stop)"
      },
      "geometry": {
        "type": "Point",
        "coordinates": [
          121.08068489210066,
          14.705138711436783
        ]
      }
    },
    {
      "type": "Feature",
      "properties": {
        "id": "STOP_1350",
        "name": "Cubao - Lagro via East Ave (Stop)"
      },
      "geometry": {
        "type": "Point",
        "coordinates": [
          121.082472193325,
          14.704944768932078
        ]
      }
    },
    {
      "type": "Feature",
      "properties": {
        "id": "STOP_1351",
        "name": "Cubao - Lagro via East Ave (Stop)"
      },
      "geometry": {
        "type": "Point",
        "coordinates": [
          121.08443442467484,
          14.704043270860348
        ]
      }
    },
    {
      "type": "Feature",
      "properties": {
        "id": "STOP_1352",
        "name": "Cubao - Lagro via East Ave (Stop)"
      },
      "geometry": {
        "type": "Point",
        "coordinates": [
          121.08565566385938,
          14.702952543628644
        ]
      }
    },
    {
      "type": "Feature",
      "properties": {
        "id": "STOP_1353",
        "name": "Cubao - Lagro via East Ave (Stop)"
      },
      "geometry": {
        "type": "Point",
        "coordinates": [
          121.08681172519208,
          14.7011383552357
        ]
      }
    },
    {
      "type": "Feature",
      "properties": {
        "id": "STOP_1354",
        "name": "Cubao - Lagro via East Ave (Stop)"
      },
      "geometry": {
        "type": "Point",
        "coordinates": [
          121.0874494108517,
          14.69915720297991
        ]
      }
    },
    {
      "type": "Feature",
      "properties": {
        "id": "STOP_1355",
        "name": "Cubao - Lagro via East Ave (Stop)"
      },
      "geometry": {
        "type": "Point",
        "coordinates": [
          121.08752739379432,
          14.696328556813212
        ]
      }
    },
    {
      "type": "Feature",
      "properties": {
        "id": "STOP_1356",
        "name": "Cubao - Lagro via East Ave (Stop)"
      },
      "geometry": {
        "type": "Point",
        "coordinates": [
          121.08742261074009,
          14.689362671136527
        ]
      }
    },
    {
      "type": "Feature",
      "properties": {
        "id": "STOP_1357",
        "name": "Cubao - Lagro via East Ave (Stop)"
      },
      "geometry": {
        "type": "Point",
        "coordinates": [
          121.08720322461379,
          14.687224087575284
        ]
      }
    },
    {
      "type": "Feature",
      "properties": {
        "id": "STOP_1358",
        "name": "Cubao - Lagro via East Ave (Stop)"
      },
      "geometry": {
        "type": "Point",
        "coordinates": [
          121.08669124335614,
          14.685624514669453
        ]
      }
    },
    {
      "type": "Feature",
      "properties": {
        "id": "STOP_1359",
        "name": "Cubao - Lagro via East Ave (Stop)"
      },
      "geometry": {
        "type": "Point",
        "coordinates": [
          121.08573245443579,
          14.68332850241707
        ]
      }
    },
    {
      "type": "Feature",
      "properties": {
        "id": "STOP_1360",
        "name": "Cubao - Lagro via East Ave (Stop)"
      },
      "geometry": {
        "type": "Point",
        "coordinates": [
          121.08442385428911,
          14.680377393553202
        ]
      }
    },
    {
      "type": "Feature",
      "properties": {
        "id": "STOP_1361",
        "name": "Cubao - Lagro via East Ave (Stop)"
      },
      "geometry": {
        "type": "Point",
        "coordinates": [
          121.083531845241,
          14.678302395769654
        ]
      }
    },
    {
      "type": "Feature",
      "properties": {
        "id": "STOP_1362",
        "name": "Cubao - Lagro via East Ave (Stop)"
      },
      "geometry": {
        "type": "Point",
        "coordinates": [
          121.08246174352044,
          14.676187643461617
        ]
      }
    },
    {
      "type": "Feature",
      "properties": {
        "id": "STOP_1363",
        "name": "Cubao - Lagro via East Ave (Stop)"
      },
      "geometry": {
        "type": "Point",
        "coordinates": [
          121.08125965319961,
          14.674432233001161
        ]
      }
    },
    {
      "type": "Feature",
      "properties": {
        "id": "STOP_1364",
        "name": "Cubao - Lagro via East Ave (Stop)"
      },
      "geometry": {
        "type": "Point",
        "coordinates": [
          121.07948989946249,
          14.672255454166685
        ]
      }
    },
    {
      "type": "Feature",
      "properties": {
        "id": "STOP_1365",
        "name": "Cubao - Lagro via East Ave (Stop)"
      },
      "geometry": {
        "type": "Point",
        "coordinates": [
          121.07776942909896,
          14.670517522309357
        ]
      }
    },
    {
      "type": "Feature",
      "properties": {
        "id": "STOP_1366",
        "name": "Cubao - Lagro via East Ave (Stop)"
      },
      "geometry": {
        "type": "Point",
        "coordinates": [
          121.07592174652449,
          14.668884529001119
        ]
      }
    },
    {
      "type": "Feature",
      "properties": {
        "id": "STOP_1367",
        "name": "Cubao - Lagro via East Ave (Stop)"
      },
      "geometry": {
        "type": "Point",
        "coordinates": [
          121.07316929220016,
          14.666938281195945
        ]
      }
    },
    {
      "type": "Feature",
      "properties": {
        "id": "STOP_1368",
        "name": "Cubao - Lagro via East Ave (Stop)"
      },
      "geometry": {
        "type": "Point",
        "coordinates": [
          121.0709797297594,
          14.6654626923192
        ]
      }
    },
    {
      "type": "Feature",
      "properties": {
        "id": "STOP_1369",
        "name": "Cubao - Lagro via East Ave (Stop)"
      },
      "geometry": {
        "type": "Point",
        "coordinates": [
          121.06830359949716,
          14.663591177228517
        ]
      }
    },
    {
      "type": "Feature",
      "properties": {
        "id": "STOP_1370",
        "name": "Cubao - Lagro via East Ave (Stop)"
      },
      "geometry": {
        "type": "Point",
        "coordinates": [
          121.06628417599393,
          14.662287314467752
        ]
      }
    },
    {
      "type": "Feature",
      "properties": {
        "id": "STOP_1371",
        "name": "Cubao - Lagro via East Ave (Stop)"
      },
      "geometry": {
        "type": "Point",
        "coordinates": [
          121.06418842853783,
          14.660903948931583
        ]
      }
    },
    {
      "type": "Feature",
      "properties": {
        "id": "STOP_1372",
        "name": "Cubao - Lagro via East Ave (Stop)"
      },
      "geometry": {
        "type": "Point",
        "coordinates": [
          121.0619066397576,
          14.659398147583232
        ]
      }
    },
    {
      "type": "Feature",
      "properties": {
        "id": "STOP_1373",
        "name": "Cubao - Lagro via East Ave (Stop)"
      },
      "geometry": {
        "type": "Point",
        "coordinates": [
          121.05952467553962,
          14.657798532733104
        ]
      }
    },
    {
      "type": "Feature",
      "properties": {
        "id": "STOP_1374",
        "name": "Cubao - Lagro via East Ave (Stop)"
      },
      "geometry": {
        "type": "Point",
        "coordinates": [
          121.05677857867883,
          14.65597948677683
        ]
      }
    },
    {
      "type": "Feature",
      "properties": {
        "id": "STOP_1375",
        "name": "Cubao - Lagro via East Ave (Stop)"
      },
      "geometry": {
        "type": "Point",
        "coordinates": [
          121.05471622380907,
          14.654594531971693
        ]
      }
    },
    {
      "type": "Feature",
      "properties": {
        "id": "STOP_1376",
        "name": "Cubao - Lagro via East Ave (Stop)"
      },
      "geometry": {
        "type": "Point",
        "coordinates": [
          121.05297188504144,
          14.653556208937156
        ]
      }
    },
    {
      "type": "Feature",
      "properties": {
        "id": "STOP_1377",
        "name": "Cubao - Lagro via East Ave (Stop)"
      },
      "geometry": {
        "type": "Point",
        "coordinates": [
          121.05180475705154,
          14.652659410753712
        ]
      }
    },
    {
      "type": "Feature",
      "properties": {
        "id": "STOP_1378",
        "name": "Cubao - Lagro via East Ave (Stop)"
      },
      "geometry": {
        "type": "Point",
        "coordinates": [
          121.0520194578913,
          14.651206136168947
        ]
      }
    },
    {
      "type": "Feature",
      "properties": {
        "id": "STOP_1379",
        "name": "Cubao - Lagro via East Ave (Stop)"
      },
      "geometry": {
        "type": "Point",
        "coordinates": [
          121.05172850410187,
          14.649582717961222
        ]
      }
    },
    {
      "type": "Feature",
      "properties": {
        "id": "STOP_1380",
        "name": "Cubao - Lagro via East Ave (Stop)"
      },
      "geometry": {
        "type": "Point",
        "coordinates": [
          121.05044370899917,
          14.648606416076994
        ]
      }
    },
    {
      "type": "Feature",
      "properties": {
        "id": "STOP_1381",
        "name": "Cubao - Lagro via East Ave (Stop)"
      },
      "geometry": {
        "type": "Point",
        "coordinates": [
          121.0490126037267,
          14.648431481604838
        ]
      }
    },
    {
      "type": "Feature",
      "properties": {
        "id": "STOP_1382",
        "name": "Cubao - Lagro via East Ave (Stop)"
      },
      "geometry": {
        "type": "Point",
        "coordinates": [
          121.04524754349444,
          14.633757091294596
        ]
      }
    },
    {
      "type": "Feature",
      "properties": {
        "id": "STOP_1383",
        "name": "Cubao - Lagro via East Ave (Stop)"
      },
      "geometry": {
        "type": "Point",
        "coordinates": [
          121.04417582208372,
          14.632890505670561
        ]
      }
    },
    {
      "type": "Feature",
      "properties": {
        "id": "STOP_1384",
        "name": "Cubao - Lagro via East Ave (Stop)"
      },
      "geometry": {
        "type": "Point",
        "coordinates": [
          121.04231536981838,
          14.633313409518534
        ]
      }
    },
    {
      "type": "Feature",
      "properties": {
        "id": "STOP_1385",
        "name": "Cubao - Lagro via East Ave (Stop)"
      },
      "geometry": {
        "type": "Point",
        "coordinates": [
          121.03944996862603,
          14.633402386342773
        ]
      }
    },
    {
      "type": "Feature",
      "properties": {
        "id": "STOP_1386",
        "name": "Cubao - Lagro via East Ave (Stop)"
      },
      "geometry": {
        "type": "Point",
        "coordinates": [
          121.03858503180929,
          14.629632426663543
        ]
      }
    },
    {
      "type": "Feature",
      "properties": {
        "id": "STOP_1387",
        "name": "Cubao - Lagro via East Ave (Stop)"
      },
      "geometry": {
        "type": "Point",
        "coordinates": [
          121.03869159523389,
          14.628565524839837
        ]
      }
    },
    {
      "type": "Feature",
      "properties": {
        "id": "STOP_1388",
        "name": "Cubao - Lagro via East Ave (Stop)"
      },
      "geometry": {
        "type": "Point",
        "coordinates": [
          121.03956463915316,
          14.625730536681464
        ]
      }
    },
    {
      "type": "Feature",
      "properties": {
        "id": "STOP_1389",
        "name": "Cubao - Lagro via East Ave (Stop)"
      },
      "geometry": {
        "type": "Point",
        "coordinates": [
          121.04009894550911,
          14.624654104346568
        ]
      }
    },
    {
      "type": "Feature",
      "properties": {
        "id": "STOP_1390",
        "name": "Cubao - Lagro via East Ave (Stop)"
      },
      "geometry": {
        "type": "Point",
        "coordinates": [
          121.04161433061921,
          14.624685938813853
        ]
      }
    },
    {
      "type": "Feature",
      "properties": {
        "id": "STOP_1391",
        "name": "Cubao - Lagro via East Ave (Stop)"
      },
      "geometry": {
        "type": "Point",
        "coordinates": [
          121.04314404064957,
          14.62413423583163
        ]
      }
    },
    {
      "type": "Feature",
      "properties": {
        "id": "STOP_1392",
        "name": "Cubao - Lagro via East Ave (Stop)"
      },
      "geometry": {
        "type": "Point",
        "coordinates": [
          121.04535910698075,
          14.622995830435446
        ]
      }
    },
    {
      "type": "Feature",
      "properties": {
        "id": "STOP_1393",
        "name": "Cubao - Lagro via East Ave (Stop)"
      },
      "geometry": {
        "type": "Point",
        "coordinates": [
          121.04817047602208,
          14.621556924439622
        ]
      }
    },
    {
      "type": "Feature",
      "properties": {
        "id": "STOP_1394",
        "name": "Cubao - Lagro via East Ave (Stop)"
      },
      "geometry": {
        "type": "Point",
        "coordinates": [
          121.04938692392429,
          14.621350249017802
        ]
      }
    },
    {
      "type": "Feature",
      "properties": {
        "id": "STOP_1395",
        "name": "Cubao - Lagro via East Ave (End)"
      },
      "geometry": {
        "type": "Point",
        "coordinates": [
          121.04955865554724,
          14.621413853722649
        ]
      }
    },
    {
      "type": "Feature",
      "properties": {
        "id": "STOP_1396",
        "name": "Philcoa - Quiapo (Start)"
      },
      "geometry": {
        "type": "Point",
        "coordinates": [
          120.98391263061576,
          14.598002497086568
        ]
      }
    },
    {
      "type": "Feature",
      "properties": {
        "id": "STOP_1397",
        "name": "Philcoa - Quiapo (Stop)"
      },
      "geometry": {
        "type": "Point",
        "coordinates": [
          120.98435941913998,
          14.599506667139424
        ]
      }
    },
    {
      "type": "Feature",
      "properties": {
        "id": "STOP_1398",
        "name": "Philcoa - Quiapo (Stop)"
      },
      "geometry": {
        "type": "Point",
        "coordinates": [
          120.98472032919096,
          14.601513281951231
        ]
      }
    },
    {
      "type": "Feature",
      "properties": {
        "id": "STOP_1399",
        "name": "Philcoa - Quiapo (Stop)"
      },
      "geometry": {
        "type": "Point",
        "coordinates": [
          120.98515756523031,
          14.60351353839877
        ]
      }
    },
    {
      "type": "Feature",
      "properties": {
        "id": "STOP_1400",
        "name": "Philcoa - Quiapo (Stop)"
      },
      "geometry": {
        "type": "Point",
        "coordinates": [
          120.98582538567003,
          14.604806240613605
        ]
      }
    },
    {
      "type": "Feature",
      "properties": {
        "id": "STOP_1401",
        "name": "Philcoa - Quiapo (Stop)"
      },
      "geometry": {
        "type": "Point",
        "coordinates": [
          120.9873185020551,
          14.605135408548684
        ]
      }
    },
    {
      "type": "Feature",
      "properties": {
        "id": "STOP_1402",
        "name": "Philcoa - Quiapo (Stop)"
      },
      "geometry": {
        "type": "Point",
        "coordinates": [
          120.98908828102232,
          14.606248463135936
        ]
      }
    },
    {
      "type": "Feature",
      "properties": {
        "id": "STOP_1403",
        "name": "Philcoa - Quiapo (Stop)"
      },
      "geometry": {
        "type": "Point",
        "coordinates": [
          120.99066087760073,
          14.607669977399375
        ]
      }
    },
    {
      "type": "Feature",
      "properties": {
        "id": "STOP_1404",
        "name": "Philcoa - Quiapo (Stop)"
      },
      "geometry": {
        "type": "Point",
        "coordinates": [
          120.99240838322174,
          14.609274348029103
        ]
      }
    },
    {
      "type": "Feature",
      "properties": {
        "id": "STOP_1405",
        "name": "Philcoa - Quiapo (Stop)"
      },
      "geometry": {
        "type": "Point",
        "coordinates": [
          120.99514492401767,
          14.611742122382207
        ]
      }
    },
    {
      "type": "Feature",
      "properties": {
        "id": "STOP_1406",
        "name": "Philcoa - Quiapo (Stop)"
      },
      "geometry": {
        "type": "Point",
        "coordinates": [
          120.99875919268116,
          14.615022417283548
        ]
      }
    },
    {
      "type": "Feature",
      "properties": {
        "id": "STOP_1407",
        "name": "Philcoa - Quiapo (Stop)"
      },
      "geometry": {
        "type": "Point",
        "coordinates": [
          121.00157364822698,
          14.617541074073312
        ]
      }
    },
    {
      "type": "Feature",
      "properties": {
        "id": "STOP_1408",
        "name": "Philcoa - Quiapo (Stop)"
      },
      "geometry": {
        "type": "Point",
        "coordinates": [
          121.00327186165802,
          14.619078662714957
        ]
      }
    },
    {
      "type": "Feature",
      "properties": {
        "id": "STOP_1409",
        "name": "Philcoa - Quiapo (Stop)"
      },
      "geometry": {
        "type": "Point",
        "coordinates": [
          121.00573013625666,
          14.621331777969568
        ]
      }
    },
    {
      "type": "Feature",
      "properties": {
        "id": "STOP_1410",
        "name": "Philcoa - Quiapo (Stop)"
      },
      "geometry": {
        "type": "Point",
        "coordinates": [
          121.00808028533633,
          14.62346881925088
        ]
      }
    },
    {
      "type": "Feature",
      "properties": {
        "id": "STOP_1411",
        "name": "Philcoa - Quiapo (Stop)"
      },
      "geometry": {
        "type": "Point",
        "coordinates": [
          121.00958291727592,
          14.624860121553997
        ]
      }
    },
    {
      "type": "Feature",
      "properties": {
        "id": "STOP_1412",
        "name": "Philcoa - Quiapo (Stop)"
      },
      "geometry": {
        "type": "Point",
        "coordinates": [
          121.01117777453446,
          14.626324566905215
        ]
      }
    },
    {
      "type": "Feature",
      "properties": {
        "id": "STOP_1413",
        "name": "Philcoa - Quiapo (Stop)"
      },
      "geometry": {
        "type": "Point",
        "coordinates": [
          121.01316538361267,
          14.628135645702354
        ]
      }
    },
    {
      "type": "Feature",
      "properties": {
        "id": "STOP_1414",
        "name": "Philcoa - Quiapo (Stop)"
      },
      "geometry": {
        "type": "Point",
        "coordinates": [
          121.01500193434148,
          14.629811569305776
        ]
      }
    },
    {
      "type": "Feature",
      "properties": {
        "id": "STOP_1415",
        "name": "Philcoa - Quiapo (Stop)"
      },
      "geometry": {
        "type": "Point",
        "coordinates": [
          121.0164966200039,
          14.631020018996875
        ]
      }
    },
    {
      "type": "Feature",
      "properties": {
        "id": "STOP_1416",
        "name": "Philcoa - Quiapo (Stop)"
      },
      "geometry": {
        "type": "Point",
        "coordinates": [
          121.01876727844575,
          14.632505149808912
        ]
      }
    },
    {
      "type": "Feature",
      "properties": {
        "id": "STOP_1417",
        "name": "Philcoa - Quiapo (Stop)"
      },
      "geometry": {
        "type": "Point",
        "coordinates": [
          121.02097274453844,
          14.6338789776725
        ]
      }
    },
    {
      "type": "Feature",
      "properties": {
        "id": "STOP_1418",
        "name": "Philcoa - Quiapo (Stop)"
      },
      "geometry": {
        "type": "Point",
        "coordinates": [
          121.02363297877328,
          14.635532659484369
        ]
      }
    },
    {
      "type": "Feature",
      "properties": {
        "id": "STOP_1419",
        "name": "Philcoa - Quiapo (Stop)"
      },
      "geometry": {
        "type": "Point",
        "coordinates": [
          121.02584957631736,
          14.63688104725944
        ]
      }
    },
    {
      "type": "Feature",
      "properties": {
        "id": "STOP_1420",
        "name": "Philcoa - Quiapo (Stop)"
      },
      "geometry": {
        "type": "Point",
        "coordinates": [
          121.02928577884425,
          14.63900062271677
        ]
      }
    },
    {
      "type": "Feature",
      "properties": {
        "id": "STOP_1421",
        "name": "Philcoa - Quiapo (Stop)"
      },
      "geometry": {
        "type": "Point",
        "coordinates": [
          121.03466110576228,
          14.6423389929904
        ]
      }
    },
    {
      "type": "Feature",
      "properties": {
        "id": "STOP_1422",
        "name": "Philcoa - Quiapo (Stop)"
      },
      "geometry": {
        "type": "Point",
        "coordinates": [
          121.03729907832445,
          14.643991084284
        ]
      }
    },
    {
      "type": "Feature",
      "properties": {
        "id": "STOP_1423",
        "name": "Philcoa - Quiapo (Stop)"
      },
      "geometry": {
        "type": "Point",
        "coordinates": [
          121.04033775602299,
          14.645875327675801
        ]
      }
    },
    {
      "type": "Feature",
      "properties": {
        "id": "STOP_1424",
        "name": "Philcoa - Quiapo (Stop)"
      },
      "geometry": {
        "type": "Point",
        "coordinates": [
          121.04250824086165,
          14.647188733951063
        ]
      }
    },
    {
      "type": "Feature",
      "properties": {
        "id": "STOP_1425",
        "name": "Philcoa - Quiapo (Stop)"
      },
      "geometry": {
        "type": "Point",
        "coordinates": [
          121.04448473290101,
          14.648416274723942
        ]
      }
    },
    {
      "type": "Feature",
      "properties": {
        "id": "STOP_1426",
        "name": "Philcoa - Quiapo (Stop)"
      },
      "geometry": {
        "type": "Point",
        "coordinates": [
          121.04669178951677,
          14.649772612394285
        ]
      }
    },
    {
      "type": "Feature",
      "properties": {
        "id": "STOP_1427",
        "name": "Philcoa - Quiapo (Stop)"
      },
      "geometry": {
        "type": "Point",
        "coordinates": [
          121.04823422556186,
          14.649007846820085
        ]
      }
    },
    {
      "type": "Feature",
      "properties": {
        "id": "STOP_1428",
        "name": "Philcoa - Quiapo (Stop)"
      },
      "geometry": {
        "type": "Point",
        "coordinates": [
          121.0498211789459,
          14.648499075664606
        ]
      }
    },
    {
      "type": "Feature",
      "properties": {
        "id": "STOP_1429",
        "name": "Philcoa - Quiapo (Stop)"
      },
      "geometry": {
        "type": "Point",
        "coordinates": [
          121.05117118067263,
          14.64898406245435
        ]
      }
    },
    {
      "type": "Feature",
      "properties": {
        "id": "STOP_1430",
        "name": "Philcoa - Quiapo (Stop)"
      },
      "geometry": {
        "type": "Point",
        "coordinates": [
          121.05194077273204,
          14.65011458482842
        ]
      }
    },
    {
      "type": "Feature",
      "properties": {
        "id": "STOP_1431",
        "name": "Philcoa - Quiapo (Stop)"
      },
      "geometry": {
        "type": "Point",
        "coordinates": [
          121.0518739450245,
          14.651912897338628
        ]
      }
    },
    {
      "type": "Feature",
      "properties": {
        "id": "STOP_1432",
        "name": "Philcoa - Quiapo (Stop)"
      },
      "geometry": {
        "type": "Point",
        "coordinates": [
          121.05211720654265,
          14.653056128067556
        ]
      }
    },
    {
      "type": "Feature",
      "properties": {
        "id": "STOP_1433",
        "name": "Philcoa - Quiapo (Stop)"
      },
      "geometry": {
        "type": "Point",
        "coordinates": [
          121.05350695377481,
          14.6538591199971
        ]
      }
    },
    {
      "type": "Feature",
      "properties": {
        "id": "STOP_1434",
        "name": "Philcoa - Quiapo (Stop)"
      },
      "geometry": {
        "type": "Point",
        "coordinates": [
          121.05518609706816,
          14.654918111843866
        ]
      }
    },
    {
      "type": "Feature",
      "properties": {
        "id": "STOP_1435",
        "name": "Philcoa - Quiapo (Stop)"
      },
      "geometry": {
        "type": "Point",
        "coordinates": [
          121.05734385764993,
          14.656369849683326
        ]
      }
    },
    {
      "type": "Feature",
      "properties": {
        "id": "STOP_1436",
        "name": "Philcoa - Quiapo (Stop)"
      },
      "geometry": {
        "type": "Point",
        "coordinates": [
          121.05797511719327,
          14.657160104413029
        ]
      }
    },
    {
      "type": "Feature",
      "properties": {
        "id": "STOP_1437",
        "name": "Philcoa - Quiapo (Stop)"
      },
      "geometry": {
        "type": "Point",
        "coordinates": [
          121.05394103664285,
          14.6547169462009
        ]
      }
    },
    {
      "type": "Feature",
      "properties": {
        "id": "STOP_1438",
        "name": "Philcoa - Quiapo (Stop)"
      },
      "geometry": {
        "type": "Point",
        "coordinates": [
          121.05191684694934,
          14.653236590978707
        ]
      }
    },
    {
      "type": "Feature",
      "properties": {
        "id": "STOP_1439",
        "name": "Philcoa - Quiapo (Stop)"
      },
      "geometry": {
        "type": "Point",
        "coordinates": [
          121.05044915117807,
          14.653808965667368
        ]
      }
    },
    {
      "type": "Feature",
      "properties": {
        "id": "STOP_1440",
        "name": "Philcoa - Quiapo (Stop)"
      },
      "geometry": {
        "type": "Point",
        "coordinates": [
          121.04868092261724,
          14.654373383502817
        ]
      }
    },
    {
      "type": "Feature",
      "properties": {
        "id": "STOP_1441",
        "name": "Philcoa - Quiapo (Stop)"
      },
      "geometry": {
        "type": "Point",
        "coordinates": [
          121.04718940202771,
          14.653805712429634
        ]
      }
    },
    {
      "type": "Feature",
      "properties": {
        "id": "STOP_1442",
        "name": "Philcoa - Quiapo (Stop)"
      },
      "geometry": {
        "type": "Point",
        "coordinates": [
          121.04654384276397,
          14.652535270965002
        ]
      }
    },
    {
      "type": "Feature",
      "properties": {
        "id": "STOP_1443",
        "name": "Philcoa - Quiapo (Stop)"
      },
      "geometry": {
        "type": "Point",
        "coordinates": [
          121.04675378058427,
          14.6507719421302
        ]
      }
    },
    {
      "type": "Feature",
      "properties": {
        "id": "STOP_1444",
        "name": "Philcoa - Quiapo (Stop)"
      },
      "geometry": {
        "type": "Point",
        "coordinates": [
          121.04290099043806,
          14.647629973661484
        ]
      }
    },
    {
      "type": "Feature",
      "properties": {
        "id": "STOP_1445",
        "name": "Philcoa - Quiapo (Stop)"
      },
      "geometry": {
        "type": "Point",
        "coordinates": [
          121.04124251702545,
          14.646642533235573
        ]
      }
    },
    {
      "type": "Feature",
      "properties": {
        "id": "STOP_1446",
        "name": "Philcoa - Quiapo (Stop)"
      },
      "geometry": {
        "type": "Point",
        "coordinates": [
          121.03936619917849,
          14.645561276665326
        ]
      }
    },
    {
      "type": "Feature",
      "properties": {
        "id": "STOP_1447",
        "name": "Philcoa - Quiapo (Stop)"
      },
      "geometry": {
        "type": "Point",
        "coordinates": [
          121.0375598474335,
          14.644448221242024
        ]
      }
    },
    {
      "type": "Feature",
      "properties": {
        "id": "STOP_1448",
        "name": "Philcoa - Quiapo (Stop)"
      },
      "geometry": {
        "type": "Point",
        "coordinates": [
          121.0357105630832,
          14.643306544472784
        ]
      }
    },
    {
      "type": "Feature",
      "properties": {
        "id": "STOP_1449",
        "name": "Philcoa - Quiapo (Stop)"
      },
      "geometry": {
        "type": "Point",
        "coordinates": [
          121.03462293838045,
          14.642527409647931
        ]
      }
    },
    {
      "type": "Feature",
      "properties": {
        "id": "STOP_1450",
        "name": "Philcoa - Quiapo (Stop)"
      },
      "geometry": {
        "type": "Point",
        "coordinates": [
          121.03217259688599,
          14.64101365441475
        ]
      }
    },
    {
      "type": "Feature",
      "properties": {
        "id": "STOP_1451",
        "name": "Philcoa - Quiapo (Stop)"
      },
      "geometry": {
        "type": "Point",
        "coordinates": [
          121.02856466364118,
          14.638792313741368
        ]
      }
    },
    {
      "type": "Feature",
      "properties": {
        "id": "STOP_1452",
        "name": "Philcoa - Quiapo (Stop)"
      },
      "geometry": {
        "type": "Point",
        "coordinates": [
          121.0254019583721,
          14.636826976484455
        ]
      }
    },
    {
      "type": "Feature",
      "properties": {
        "id": "STOP_1453",
        "name": "Philcoa - Quiapo (Stop)"
      },
      "geometry": {
        "type": "Point",
        "coordinates": [
          121.02052989635459,
          14.633850347343667
        ]
      }
    },
    {
      "type": "Feature",
      "properties": {
        "id": "STOP_1454",
        "name": "Philcoa - Quiapo (Stop)"
      },
      "geometry": {
        "type": "Point",
        "coordinates": [
          121.01719705021708,
          14.631794375058142
        ]
      }
    },
    {
      "type": "Feature",
      "properties": {
        "id": "STOP_1455",
        "name": "Philcoa - Quiapo (Stop)"
      },
      "geometry": {
        "type": "Point",
        "coordinates": [
          121.01562603898226,
          14.630574793503548
        ]
      }
    },
    {
      "type": "Feature",
      "properties": {
        "id": "STOP_1456",
        "name": "Philcoa - Quiapo (Stop)"
      },
      "geometry": {
        "type": "Point",
        "coordinates": [
          121.01459566136447,
          14.629681178440867
        ]
      }
    },
    {
      "type": "Feature",
      "properties": {
        "id": "STOP_1457",
        "name": "Philcoa - Quiapo (Stop)"
      },
      "geometry": {
        "type": "Point",
        "coordinates": [
          121.0129737730945,
          14.628172211885738
        ]
      }
    },
    {
      "type": "Feature",
      "properties": {
        "id": "STOP_1458",
        "name": "Philcoa - Quiapo (Stop)"
      },
      "geometry": {
        "type": "Point",
        "coordinates": [
          121.01131849234602,
          14.626660064539442
        ]
      }
    },
    {
      "type": "Feature",
      "properties": {
        "id": "STOP_1459",
        "name": "Philcoa - Quiapo (Stop)"
      },
      "geometry": {
        "type": "Point",
        "coordinates": [
          121.00921480721658,
          14.624729731546314
        ]
      }
    },
    {
      "type": "Feature",
      "properties": {
        "id": "STOP_1460",
        "name": "Philcoa - Quiapo (Stop)"
      },
      "geometry": {
        "type": "Point",
        "coordinates": [
          121.00702684677228,
          14.622751696026274
        ]
      }
    },
    {
      "type": "Feature",
      "properties": {
        "id": "STOP_1461",
        "name": "Philcoa - Quiapo (Stop)"
      },
      "geometry": {
        "type": "Point",
        "coordinates": [
          121.00513305358524,
          14.620994680062864
        ]
      }
    },
    {
      "type": "Feature",
      "properties": {
        "id": "STOP_1462",
        "name": "Philcoa - Quiapo (Stop)"
      },
      "geometry": {
        "type": "Point",
        "coordinates": [
          121.00178273859206,
          14.61798946474544
        ]
      }
    },
    {
      "type": "Feature",
      "properties": {
        "id": "STOP_1463",
        "name": "Philcoa - Quiapo (Stop)"
      },
      "geometry": {
        "type": "Point",
        "coordinates": [
          120.99941191977544,
          14.615774511968377
        ]
      }
    },
    {
      "type": "Feature",
      "properties": {
        "id": "STOP_1464",
        "name": "Philcoa - Quiapo (Stop)"
      },
      "geometry": {
        "type": "Point",
        "coordinates": [
          120.99639393435335,
          14.613015757409851
        ]
      }
    },
    {
      "type": "Feature",
      "properties": {
        "id": "STOP_1465",
        "name": "Philcoa - Quiapo (Stop)"
      },
      "geometry": {
        "type": "Point",
        "coordinates": [
          120.99348248394975,
          14.610388977007112
        ]
      }
    },
    {
      "type": "Feature",
      "properties": {
        "id": "STOP_1466",
        "name": "Philcoa - Quiapo (Stop)"
      },
      "geometry": {
        "type": "Point",
        "coordinates": [
          120.98972192673348,
          14.606997377345238
        ]
      }
    },
    {
      "type": "Feature",
      "properties": {
        "id": "STOP_1467",
        "name": "Philcoa - Quiapo (Stop)"
      },
      "geometry": {
        "type": "Point",
        "coordinates": [
          120.9880650555562,
          14.605497950151253
        ]
      }
    },
    {
      "type": "Feature",
      "properties": {
        "id": "STOP_1468",
        "name": "Philcoa - Quiapo (Stop)"
      },
      "geometry": {
        "type": "Point",
        "coordinates": [
          120.98555426944681,
          14.60482690479618
        ]
      }
    },
    {
      "type": "Feature",
      "properties": {
        "id": "STOP_1469",
        "name": "Philcoa - Quiapo (Stop)"
      },
      "geometry": {
        "type": "Point",
        "coordinates": [
          120.9848165129715,
          14.60229716454493
        ]
      }
    },
    {
      "type": "Feature",
      "properties": {
        "id": "STOP_1470",
        "name": "Philcoa - Quiapo (Stop)"
      },
      "geometry": {
        "type": "Point",
        "coordinates": [
          120.98436656036836,
          14.60011087533921
        ]
      }
    },
    {
      "type": "Feature",
      "properties": {
        "id": "STOP_1471",
        "name": "Blumentritt - Sta. Quiteria (Start)"
      },
      "geometry": {
        "type": "Point",
        "coordinates": [
          121.00975122565976,
          14.68114281729282
        ]
      }
    },
    {
      "type": "Feature",
      "properties": {
        "id": "STOP_1472",
        "name": "Blumentritt - Sta. Quiteria (Stop)"
      },
      "geometry": {
        "type": "Point",
        "coordinates": [
          121.00880329971008,
          14.679866013612724
        ]
      }
    },
    {
      "type": "Feature",
      "properties": {
        "id": "STOP_1473",
        "name": "Blumentritt - Sta. Quiteria (Stop)"
      },
      "geometry": {
        "type": "Point",
        "coordinates": [
          121.00713529585651,
          14.678888714943492
        ]
      }
    },
    {
      "type": "Feature",
      "properties": {
        "id": "STOP_1474",
        "name": "Blumentritt - Sta. Quiteria (Stop)"
      },
      "geometry": {
        "type": "Point",
        "coordinates": [
          121.00598884310499,
          14.677953713322012
        ]
      }
    },
    {
      "type": "Feature",
      "properties": {
        "id": "STOP_1475",
        "name": "Blumentritt - Sta. Quiteria (Stop)"
      },
      "geometry": {
        "type": "Point",
        "coordinates": [
          121.0051196140788,
          14.676920052125844
        ]
      }
    },
    {
      "type": "Feature",
      "properties": {
        "id": "STOP_1476",
        "name": "Blumentritt - Sta. Quiteria (Stop)"
      },
      "geometry": {
        "type": "Point",
        "coordinates": [
          121.00431146339163,
          14.676069628781958
        ]
      }
    },
    {
      "type": "Feature",
      "properties": {
        "id": "STOP_1477",
        "name": "Blumentritt - Sta. Quiteria (Stop)"
      },
      "geometry": {
        "type": "Point",
        "coordinates": [
          121.00473439188232,
          14.674025846763897
        ]
      }
    },
    {
      "type": "Feature",
      "properties": {
        "id": "STOP_1478",
        "name": "Blumentritt - Sta. Quiteria (Stop)"
      },
      "geometry": {
        "type": "Point",
        "coordinates": [
          121.0061769760908,
          14.670088644022641
        ]
      }
    },
    {
      "type": "Feature",
      "properties": {
        "id": "STOP_1479",
        "name": "Blumentritt - Sta. Quiteria (Stop)"
      },
      "geometry": {
        "type": "Point",
        "coordinates": [
          121.00737521356125,
          14.6668280012792
        ]
      }
    },
    {
      "type": "Feature",
      "properties": {
        "id": "STOP_1480",
        "name": "Blumentritt - Sta. Quiteria (Stop)"
      },
      "geometry": {
        "type": "Point",
        "coordinates": [
          121.00627339765317,
          14.665914143341027
        ]
      }
    },
    {
      "type": "Feature",
      "properties": {
        "id": "STOP_1481",
        "name": "Blumentritt - Sta. Quiteria (Stop)"
      },
      "geometry": {
        "type": "Point",
        "coordinates": [
          121.00449497488925,
          14.66494623894487
        ]
      }
    },
    {
      "type": "Feature",
      "properties": {
        "id": "STOP_1482",
        "name": "Blumentritt - Sta. Quiteria (Stop)"
      },
      "geometry": {
        "type": "Point",
        "coordinates": [
          121.00309478468431,
          14.664408244006552
        ]
      }
    },
    {
      "type": "Feature",
      "properties": {
        "id": "STOP_1483",
        "name": "Blumentritt - Sta. Quiteria (Stop)"
      },
      "geometry": {
        "type": "Point",
        "coordinates": [
          121.00150079925724,
          14.662822507936092
        ]
      }
    },
    {
      "type": "Feature",
      "properties": {
        "id": "STOP_1484",
        "name": "Blumentritt - Sta. Quiteria (Stop)"
      },
      "geometry": {
        "type": "Point",
        "coordinates": [
          120.9998891734046,
          14.662098922588015
        ]
      }
    },
    {
      "type": "Feature",
      "properties": {
        "id": "STOP_1485",
        "name": "Blumentritt - Sta. Quiteria (Stop)"
      },
      "geometry": {
        "type": "Point",
        "coordinates": [
          120.99998787168893,
          14.660990109198842
        ]
      }
    },
    {
      "type": "Feature",
      "properties": {
        "id": "STOP_1486",
        "name": "Blumentritt - Sta. Quiteria (Stop)"
      },
      "geometry": {
        "type": "Point",
        "coordinates": [
          121.00008661426779,
          14.658011344078835
        ]
      }
    },
    {
      "type": "Feature",
      "properties": {
        "id": "STOP_1487",
        "name": "Blumentritt - Sta. Quiteria (Stop)"
      },
      "geometry": {
        "type": "Point",
        "coordinates": [
          120.99982353039402,
          14.65625884572252
        ]
      }
    },
    {
      "type": "Feature",
      "properties": {
        "id": "STOP_1488",
        "name": "Blumentritt - Sta. Quiteria (Stop)"
      },
      "geometry": {
        "type": "Point",
        "coordinates": [
          120.99869588489047,
          14.654792928598958
        ]
      }
    },
    {
      "type": "Feature",
      "properties": {
        "id": "STOP_1489",
        "name": "Blumentritt - Sta. Quiteria (Stop)"
      },
      "geometry": {
        "type": "Point",
        "coordinates": [
          120.99733802726709,
          14.65237323696372
        ]
      }
    },
    {
      "type": "Feature",
      "properties": {
        "id": "STOP_1490",
        "name": "Blumentritt - Sta. Quiteria (Stop)"
      },
      "geometry": {
        "type": "Point",
        "coordinates": [
          120.99556202907331,
          14.648229233739244
        ]
      }
    },
    {
      "type": "Feature",
      "properties": {
        "id": "STOP_1491",
        "name": "Blumentritt - Sta. Quiteria (Stop)"
      },
      "geometry": {
        "type": "Point",
        "coordinates": [
          120.99449548951186,
          14.645781358435528
        ]
      }
    },
    {
      "type": "Feature",
      "properties": {
        "id": "STOP_1492",
        "name": "Blumentritt - Sta. Quiteria (Stop)"
      },
      "geometry": {
        "type": "Point",
        "coordinates": [
          120.99369675975862,
          14.64393488065341
        ]
      }
    },
    {
      "type": "Feature",
      "properties": {
        "id": "STOP_1493",
        "name": "Blumentritt - Sta. Quiteria (Stop)"
      },
      "geometry": {
        "type": "Point",
        "coordinates": [
          120.99217447548482,
          14.64038757629209
        ]
      }
    },
    {
      "type": "Feature",
      "properties": {
        "id": "STOP_1494",
        "name": "Blumentritt - Sta. Quiteria (Stop)"
      },
      "geometry": {
        "type": "Point",
        "coordinates": [
          120.99308137421369,
          14.63802901438198
        ]
      }
    },
    {
      "type": "Feature",
      "properties": {
        "id": "STOP_1495",
        "name": "Blumentritt - Sta. Quiteria (Stop)"
      },
      "geometry": {
        "type": "Point",
        "coordinates": [
          120.99327874446759,
          14.63692255243032
        ]
      }
    },
    {
      "type": "Feature",
      "properties": {
        "id": "STOP_1496",
        "name": "Blumentritt - Sta. Quiteria (Stop)"
      },
      "geometry": {
        "type": "Point",
        "coordinates": [
          120.9921229572748,
          14.633332970992255
        ]
      }
    },
    {
      "type": "Feature",
      "properties": {
        "id": "STOP_1497",
        "name": "Blumentritt - Sta. Quiteria (Stop)"
      },
      "geometry": {
        "type": "Point",
        "coordinates": [
          120.99122087787612,
          14.630598498792867
        ]
      }
    },
    {
      "type": "Feature",
      "properties": {
        "id": "STOP_1498",
        "name": "Blumentritt - Sta. Quiteria (Stop)"
      },
      "geometry": {
        "type": "Point",
        "coordinates": [
          120.99034463897976,
          14.627955645417162
        ]
      }
    },
    {
      "type": "Feature",
      "properties": {
        "id": "STOP_1499",
        "name": "Blumentritt - Sta. Quiteria (Stop)"
      },
      "geometry": {
        "type": "Point",
        "coordinates": [
          120.98973620309974,
          14.626200790182342
        ]
      }
    },
    {
      "type": "Feature",
      "properties": {
        "id": "STOP_1500",
        "name": "Blumentritt - Sta. Quiteria (Stop)"
      },
      "geometry": {
        "type": "Point",
        "coordinates": [
          120.98740568683101,
          14.625235222590636
        ]
      }
    },
    {
      "type": "Feature",
      "properties": {
        "id": "STOP_1501",
        "name": "Blumentritt - Sta. Quiteria (Stop)"
      },
      "geometry": {
        "type": "Point",
        "coordinates": [
          120.9855145001594,
          14.624093475956085
        ]
      }
    },
    {
      "type": "Feature",
      "properties": {
        "id": "STOP_1502",
        "name": "Blumentritt - Sta. Quiteria (Stop)"
      },
      "geometry": {
        "type": "Point",
        "coordinates": [
          120.98306417142572,
          14.622977557800903
        ]
      }
    },
    {
      "type": "Feature",
      "properties": {
        "id": "STOP_1503",
        "name": "Blumentritt - Sta. Quiteria (Stop)"
      },
      "geometry": {
        "type": "Point",
        "coordinates": [
          120.98589039156641,
          14.624178055078136
        ]
      }
    },
    {
      "type": "Feature",
      "properties": {
        "id": "STOP_1504",
        "name": "Blumentritt - Sta. Quiteria (Stop)"
      },
      "geometry": {
        "type": "Point",
        "coordinates": [
          120.98740568805555,
          14.625183540509784
        ]
      }
    },
    {
      "type": "Feature",
      "properties": {
        "id": "STOP_1505",
        "name": "Blumentritt - Sta. Quiteria (Stop)"
      },
      "geometry": {
        "type": "Point",
        "coordinates": [
          120.9889774206542,
          14.623990189588582
        ]
      }
    },
    {
      "type": "Feature",
      "properties": {
        "id": "STOP_1506",
        "name": "Blumentritt - Sta. Quiteria (Stop)"
      },
      "geometry": {
        "type": "Point",
        "coordinates": [
          120.98917471665942,
          14.626017541100403
        ]
      }
    },
    {
      "type": "Feature",
      "properties": {
        "id": "STOP_1507",
        "name": "Blumentritt - Sta. Quiteria (Stop)"
      },
      "geometry": {
        "type": "Point",
        "coordinates": [
          120.99041042277561,
          14.627852282732869
        ]
      }
    },
    {
      "type": "Feature",
      "properties": {
        "id": "STOP_1508",
        "name": "Blumentritt - Sta. Quiteria (Stop)"
      },
      "geometry": {
        "type": "Point",
        "coordinates": [
          120.99153332457956,
          14.631218690785676
        ]
      }
    },
    {
      "type": "Feature",
      "properties": {
        "id": "STOP_1509",
        "name": "Blumentritt - Sta. Quiteria (Stop)"
      },
      "geometry": {
        "type": "Point",
        "coordinates": [
          120.99258105299057,
          14.634361924538725
        ]
      }
    },
    {
      "type": "Feature",
      "properties": {
        "id": "STOP_1510",
        "name": "Blumentritt - Sta. Quiteria (Stop)"
      },
      "geometry": {
        "type": "Point",
        "coordinates": [
          120.99345259450182,
          14.63695074656132
        ]
      }
    },
    {
      "type": "Feature",
      "properties": {
        "id": "STOP_1511",
        "name": "Blumentritt - Sta. Quiteria (Stop)"
      },
      "geometry": {
        "type": "Point",
        "coordinates": [
          120.99282293146568,
          14.638705574011013
        ]
      }
    },
    {
      "type": "Feature",
      "properties": {
        "id": "STOP_1512",
        "name": "Blumentritt - Sta. Quiteria (Stop)"
      },
      "geometry": {
        "type": "Point",
        "coordinates": [
          120.99222146984131,
          14.640063389743027
        ]
      }
    },
    {
      "type": "Feature",
      "properties": {
        "id": "STOP_1513",
        "name": "Blumentritt - Sta. Quiteria (Stop)"
      },
      "geometry": {
        "type": "Point",
        "coordinates": [
          120.99309772015192,
          14.642224660121272
        ]
      }
    },
    {
      "type": "Feature",
      "properties": {
        "id": "STOP_1514",
        "name": "Blumentritt - Sta. Quiteria (Stop)"
      },
      "geometry": {
        "type": "Point",
        "coordinates": [
          120.99398571946958,
          14.644287264975361
        ]
      }
    },
    {
      "type": "Feature",
      "properties": {
        "id": "STOP_1515",
        "name": "Blumentritt - Sta. Quiteria (Stop)"
      },
      "geometry": {
        "type": "Point",
        "coordinates": [
          120.9948807677909,
          14.646307584652314
        ]
      }
    },
    {
      "type": "Feature",
      "properties": {
        "id": "STOP_1516",
        "name": "Blumentritt - Sta. Quiteria (Stop)"
      },
      "geometry": {
        "type": "Point",
        "coordinates": [
          120.99590502090207,
          14.64868968181191
        ]
      }
    },
    {
      "type": "Feature",
      "properties": {
        "id": "STOP_1517",
        "name": "Blumentritt - Sta. Quiteria (Stop)"
      },
      "geometry": {
        "type": "Point",
        "coordinates": [
          120.99725111449281,
          14.651842319072305
        ]
      }
    },
    {
      "type": "Feature",
      "properties": {
        "id": "STOP_1518",
        "name": "Blumentritt - Sta. Quiteria (Stop)"
      },
      "geometry": {
        "type": "Point",
        "coordinates": [
          120.99817201149796,
          14.653608927303598
        ]
      }
    },
    {
      "type": "Feature",
      "properties": {
        "id": "STOP_1519",
        "name": "Blumentritt - Sta. Quiteria (Stop)"
      },
      "geometry": {
        "type": "Point",
        "coordinates": [
          120.99899424727909,
          14.65491979131965
        ]
      }
    },
    {
      "type": "Feature",
      "properties": {
        "id": "STOP_1520",
        "name": "Blumentritt - Sta. Quiteria (Stop)"
      },
      "geometry": {
        "type": "Point",
        "coordinates": [
          120.99999973148684,
          14.656214215152625
        ]
      }
    },
    {
      "type": "Feature",
      "properties": {
        "id": "STOP_1521",
        "name": "Blumentritt - Sta. Quiteria (Stop)"
      },
      "geometry": {
        "type": "Point",
        "coordinates": [
          121.00031450265199,
          14.657884493173507
        ]
      }
    },
    {
      "type": "Feature",
      "properties": {
        "id": "STOP_1522",
        "name": "Blumentritt - Sta. Quiteria (Stop)"
      },
      "geometry": {
        "type": "Point",
        "coordinates": [
          121.00023221064033,
          14.660642435215552
        ]
      }
    },
    {
      "type": "Feature",
      "properties": {
        "id": "STOP_1523",
        "name": "Blumentritt - Sta. Quiteria (Stop)"
      },
      "geometry": {
        "type": "Point",
        "coordinates": [
          121.0007537325301,
          14.661918054706211
        ]
      }
    },
    {
      "type": "Feature",
      "properties": {
        "id": "STOP_1524",
        "name": "Blumentritt - Sta. Quiteria (Stop)"
      },
      "geometry": {
        "type": "Point",
        "coordinates": [
          121.00213980553238,
          14.663351089043513
        ]
      }
    },
    {
      "type": "Feature",
      "properties": {
        "id": "STOP_1525",
        "name": "Blumentritt - Sta. Quiteria (Stop)"
      },
      "geometry": {
        "type": "Point",
        "coordinates": [
          121.0032228228759,
          14.664429389551536
        ]
      }
    },
    {
      "type": "Feature",
      "properties": {
        "id": "STOP_1526",
        "name": "Blumentritt - Sta. Quiteria (Stop)"
      },
      "geometry": {
        "type": "Point",
        "coordinates": [
          121.00470993781944,
          14.664993227482958
        ]
      }
    },
    {
      "type": "Feature",
      "properties": {
        "id": "STOP_1527",
        "name": "Blumentritt - Sta. Quiteria (Stop)"
      },
      "geometry": {
        "type": "Point",
        "coordinates": [
          121.00671624145498,
          14.666151421029394
        ]
      }
    },
    {
      "type": "Feature",
      "properties": {
        "id": "STOP_1528",
        "name": "Blumentritt - Sta. Quiteria (Stop)"
      },
      "geometry": {
        "type": "Point",
        "coordinates": [
          121.00667388984706,
          14.6688365392395
        ]
      }
    },
    {
      "type": "Feature",
      "properties": {
        "id": "STOP_1529",
        "name": "Blumentritt - Sta. Quiteria (Stop)"
      },
      "geometry": {
        "type": "Point",
        "coordinates": [
          121.00548974910383,
          14.672066642897262
        ]
      }
    },
    {
      "type": "Feature",
      "properties": {
        "id": "STOP_1530",
        "name": "Blumentritt - Sta. Quiteria (Stop)"
      },
      "geometry": {
        "type": "Point",
        "coordinates": [
          121.00464628368569,
          14.674371175075684
        ]
      }
    },
    {
      "type": "Feature",
      "properties": {
        "id": "STOP_1531",
        "name": "Blumentritt - Sta. Quiteria (Stop)"
      },
      "geometry": {
        "type": "Point",
        "coordinates": [
          121.00425860627425,
          14.675947469942002
        ]
      }
    },
    {
      "type": "Feature",
      "properties": {
        "id": "STOP_1532",
        "name": "Blumentritt - Sta. Quiteria (Stop)"
      },
      "geometry": {
        "type": "Point",
        "coordinates": [
          121.0050691065178,
          14.676788496595933
        ]
      }
    },
    {
      "type": "Feature",
      "properties": {
        "id": "STOP_1533",
        "name": "Blumentritt - Sta. Quiteria (Stop)"
      },
      "geometry": {
        "type": "Point",
        "coordinates": [
          121.00575274089984,
          14.677707043529448
        ]
      }
    },
    {
      "type": "Feature",
      "properties": {
        "id": "STOP_1534",
        "name": "Blumentritt - Sta. Quiteria (Stop)"
      },
      "geometry": {
        "type": "Point",
        "coordinates": [
          121.00676763318403,
          14.678548074771859
        ]
      }
    },
    {
      "type": "Feature",
      "properties": {
        "id": "STOP_1535",
        "name": "Blumentritt - Sta. Quiteria (Stop)"
      },
      "geometry": {
        "type": "Point",
        "coordinates": [
          121.00796108112392,
          14.679123652043018
        ]
      }
    },
    {
      "type": "Feature",
      "properties": {
        "id": "STOP_1536",
        "name": "Blumentritt - Sta. Quiteria (Stop)"
      },
      "geometry": {
        "type": "Point",
        "coordinates": [
          121.00892663711964,
          14.679976428106878
        ]
      }
    },
    {
      "type": "Feature",
      "properties": {
        "id": "STOP_1537",
        "name": "Blumentritt - Sta. Quiteria (Stop)"
      },
      "geometry": {
        "type": "Point",
        "coordinates": [
          121.00954684149175,
          14.68081040293506
        ]
      }
    },
    {
      "type": "Feature",
      "properties": {
        "id": "STOP_1538",
        "name": "Blumentritt - Sta. Quiteria (End)"
      },
      "geometry": {
        "type": "Point",
        "coordinates": [
          121.0097441775749,
          14.68114634091326
        ]
      }
    },
    {
      "type": "Feature",
      "properties": {
        "id": "STOP_1539",
        "name": "Proj. 6 - T.M. Kalaw via Quezon Ave. (Start)"
      },
      "geometry": {
        "type": "Point",
        "coordinates": [
          121.029789315756,
          14.654875848246306
        ]
      }
    },
    {
      "type": "Feature",
      "properties": {
        "id": "STOP_1540",
        "name": "Proj. 6 - T.M. Kalaw via Quezon Ave. (Stop)"
      },
      "geometry": {
        "type": "Point",
        "coordinates": [
          121.02845973195771,
          14.649002854527525
        ]
      }
    },
    {
      "type": "Feature",
      "properties": {
        "id": "STOP_1541",
        "name": "Proj. 6 - T.M. Kalaw via Quezon Ave. (Stop)"
      },
      "geometry": {
        "type": "Point",
        "coordinates": [
          121.02783957439742,
          14.646193214705042
        ]
      }
    },
    {
      "type": "Feature",
      "properties": {
        "id": "STOP_1542",
        "name": "Proj. 6 - T.M. Kalaw via Quezon Ave. (Stop)"
      },
      "geometry": {
        "type": "Point",
        "coordinates": [
          121.02735566450744,
          14.643961477590029
        ]
      }
    },
    {
      "type": "Feature",
      "properties": {
        "id": "STOP_1543",
        "name": "Proj. 6 - T.M. Kalaw via Quezon Ave. (Stop)"
      },
      "geometry": {
        "type": "Point",
        "coordinates": [
          121.02689054394575,
          14.641955262712544
        ]
      }
    },
    {
      "type": "Feature",
      "properties": {
        "id": "STOP_1544",
        "name": "Proj. 6 - T.M. Kalaw via Quezon Ave. (Stop)"
      },
      "geometry": {
        "type": "Point",
        "coordinates": [
          121.02631736605201,
          14.639441621343604
        ]
      }
    },
    {
      "type": "Feature",
      "properties": {
        "id": "STOP_1545",
        "name": "Proj. 6 - T.M. Kalaw via Quezon Ave. (Stop)"
      },
      "geometry": {
        "type": "Point",
        "coordinates": [
          121.02589452737784,
          14.63769381783207
        ]
      }
    },
    {
      "type": "Feature",
      "properties": {
        "id": "STOP_1546",
        "name": "Proj. 6 - T.M. Kalaw via Quezon Ave. (Stop)"
      },
      "geometry": {
        "type": "Point",
        "coordinates": [
          121.02443797468402,
          14.636247861442564
        ]
      }
    },
    {
      "type": "Feature",
      "properties": {
        "id": "STOP_1547",
        "name": "Proj. 6 - T.M. Kalaw via Quezon Ave. (Stop)"
      },
      "geometry": {
        "type": "Point",
        "coordinates": [
          121.02171748452797,
          14.634628036938219
        ]
      }
    },
    {
      "type": "Feature",
      "properties": {
        "id": "STOP_1548",
        "name": "Proj. 6 - T.M. Kalaw via Quezon Ave. (Stop)"
      },
      "geometry": {
        "type": "Point",
        "coordinates": [
          121.01860466350197,
          14.632675793874789
        ]
      }
    },
    {
      "type": "Feature",
      "properties": {
        "id": "STOP_1549",
        "name": "Proj. 6 - T.M. Kalaw via Quezon Ave. (Stop)"
      },
      "geometry": {
        "type": "Point",
        "coordinates": [
          121.01634229028797,
          14.631188708642004
        ]
      }
    },
    {
      "type": "Feature",
      "properties": {
        "id": "STOP_1550",
        "name": "Proj. 6 - T.M. Kalaw via Quezon Ave. (Stop)"
      },
      "geometry": {
        "type": "Point",
        "coordinates": [
          121.01499380079603,
          14.630002339680516
        ]
      }
    },
    {
      "type": "Feature",
      "properties": {
        "id": "STOP_1551",
        "name": "Proj. 6 - T.M. Kalaw via Quezon Ave. (Stop)"
      },
      "geometry": {
        "type": "Point",
        "coordinates": [
          121.01344092393873,
          14.628618634548056
        ]
      }
    },
    {
      "type": "Feature",
      "properties": {
        "id": "STOP_1552",
        "name": "Proj. 6 - T.M. Kalaw via Quezon Ave. (Stop)"
      },
      "geometry": {
        "type": "Point",
        "coordinates": [
          121.01198436893193,
          14.627270169362639
        ]
      }
    },
    {
      "type": "Feature",
      "properties": {
        "id": "STOP_1553",
        "name": "Proj. 6 - T.M. Kalaw via Quezon Ave. (Stop)"
      },
      "geometry": {
        "type": "Point",
        "coordinates": [
          121.01077214002028,
          14.626116692061451
        ]
      }
    },
    {
      "type": "Feature",
      "properties": {
        "id": "STOP_1554",
        "name": "Proj. 6 - T.M. Kalaw via Quezon Ave. (Stop)"
      },
      "geometry": {
        "type": "Point",
        "coordinates": [
          121.00791541117776,
          14.62353957142137
        ]
      }
    },
    {
      "type": "Feature",
      "properties": {
        "id": "STOP_1555",
        "name": "Proj. 6 - T.M. Kalaw via Quezon Ave. (Stop)"
      },
      "geometry": {
        "type": "Point",
        "coordinates": [
          121.00579165967473,
          14.621587350585965
        ]
      }
    },
    {
      "type": "Feature",
      "properties": {
        "id": "STOP_1556",
        "name": "Proj. 6 - T.M. Kalaw via Quezon Ave. (Stop)"
      },
      "geometry": {
        "type": "Point",
        "coordinates": [
          121.00329202166434,
          14.619343822310709
        ]
      }
    },
    {
      "type": "Feature",
      "properties": {
        "id": "STOP_1557",
        "name": "Proj. 6 - T.M. Kalaw via Quezon Ave. (Stop)"
      },
      "geometry": {
        "type": "Point",
        "coordinates": [
          121.00166396601101,
          14.617964813868578
        ]
      }
    },
    {
      "type": "Feature",
      "properties": {
        "id": "STOP_1558",
        "name": "Proj. 6 - T.M. Kalaw via Quezon Ave. (Stop)"
      },
      "geometry": {
        "type": "Point",
        "coordinates": [
          121.00004766275985,
          14.616343839589755
        ]
      }
    },
    {
      "type": "Feature",
      "properties": {
        "id": "STOP_1559",
        "name": "Proj. 6 - T.M. Kalaw via Quezon Ave. (Stop)"
      },
      "geometry": {
        "type": "Point",
        "coordinates": [
          120.99793565686569,
          14.614436253550073
        ]
      }
    },
    {
      "type": "Feature",
      "properties": {
        "id": "STOP_1560",
        "name": "Proj. 6 - T.M. Kalaw via Quezon Ave. (Stop)"
      },
      "geometry": {
        "type": "Point",
        "coordinates": [
          120.99451275087124,
          14.611339950222787
        ]
      }
    },
    {
      "type": "Feature",
      "properties": {
        "id": "STOP_1561",
        "name": "Proj. 6 - T.M. Kalaw via Quezon Ave. (Stop)"
      },
      "geometry": {
        "type": "Point",
        "coordinates": [
          120.99233966357649,
          14.609378331551017
        ]
      }
    },
    {
      "type": "Feature",
      "properties": {
        "id": "STOP_1562",
        "name": "Proj. 6 - T.M. Kalaw via Quezon Ave. (Stop)"
      },
      "geometry": {
        "type": "Point",
        "coordinates": [
          120.99036391687004,
          14.607562366812804
        ]
      }
    },
    {
      "type": "Feature",
      "properties": {
        "id": "STOP_1563",
        "name": "Proj. 6 - T.M. Kalaw via Quezon Ave. (Stop)"
      },
      "geometry": {
        "type": "Point",
        "coordinates": [
          120.98822371941229,
          14.605635986665858
        ]
      }
    },
    {
      "type": "Feature",
      "properties": {
        "id": "STOP_1564",
        "name": "Proj. 6 - T.M. Kalaw via Quezon Ave. (Stop)"
      },
      "geometry": {
        "type": "Point",
        "coordinates": [
          120.98546797066261,
          14.604799614725785
        ]
      }
    },
    {
      "type": "Feature",
      "properties": {
        "id": "STOP_1565",
        "name": "Proj. 6 - T.M. Kalaw via Quezon Ave. (Stop)"
      },
      "geometry": {
        "type": "Point",
        "coordinates": [
          120.98506156903562,
          14.603401840264391
        ]
      }
    },
    {
      "type": "Feature",
      "properties": {
        "id": "STOP_1566",
        "name": "Proj. 6 - T.M. Kalaw via Quezon Ave. (Stop)"
      },
      "geometry": {
        "type": "Point",
        "coordinates": [
          120.98442262194094,
          14.600376075085135
        ]
      }
    },
    {
      "type": "Feature",
      "properties": {
        "id": "STOP_1567",
        "name": "Proj. 6 - T.M. Kalaw via Quezon Ave. (Stop)"
      },
      "geometry": {
        "type": "Point",
        "coordinates": [
          120.98392462307437,
          14.597848340391177
        ]
      }
    },
    {
      "type": "Feature",
      "properties": {
        "id": "STOP_1568",
        "name": "Proj. 6 - T.M. Kalaw via Quezon Ave. (Stop)"
      },
      "geometry": {
        "type": "Point",
        "coordinates": [
          120.98161998594404,
          14.595344056953449
        ]
      }
    },
    {
      "type": "Feature",
      "properties": {
        "id": "STOP_1569",
        "name": "Proj. 6 - T.M. Kalaw via Quezon Ave. (Stop)"
      },
      "geometry": {
        "type": "Point",
        "coordinates": [
          120.97987445669133,
          14.594256344880916
        ]
      }
    },
    {
      "type": "Feature",
      "properties": {
        "id": "STOP_1570",
        "name": "Proj. 6 - T.M. Kalaw via Quezon Ave. (Stop)"
      },
      "geometry": {
        "type": "Point",
        "coordinates": [
          120.97904515833145,
          14.593560967363612
        ]
      }
    },
    {
      "type": "Feature",
      "properties": {
        "id": "STOP_1571",
        "name": "Proj. 6 - T.M. Kalaw via Quezon Ave. (Stop)"
      },
      "geometry": {
        "type": "Point",
        "coordinates": [
          120.97964895978353,
          14.592604862479378
        ]
      }
    },
    {
      "type": "Feature",
      "properties": {
        "id": "STOP_1572",
        "name": "Proj. 6 - T.M. Kalaw via Quezon Ave. (Stop)"
      },
      "geometry": {
        "type": "Point",
        "coordinates": [
          120.98053705434596,
          14.59064801101201
        ]
      }
    },
    {
      "type": "Feature",
      "properties": {
        "id": "STOP_1573",
        "name": "Proj. 6 - T.M. Kalaw via Quezon Ave. (Stop)"
      },
      "geometry": {
        "type": "Point",
        "coordinates": [
          120.9809458794087,
          14.588919019759956
        ]
      }
    },
    {
      "type": "Feature",
      "properties": {
        "id": "STOP_1574",
        "name": "Proj. 6 - T.M. Kalaw via Quezon Ave. (Stop)"
      },
      "geometry": {
        "type": "Point",
        "coordinates": [
          120.98251530010057,
          14.586147016297154
        ]
      }
    },
    {
      "type": "Feature",
      "properties": {
        "id": "STOP_1575",
        "name": "Proj. 6 - T.M. Kalaw via Quezon Ave. (Stop)"
      },
      "geometry": {
        "type": "Point",
        "coordinates": [
          120.98402833444317,
          14.583473677366078
        ]
      }
    },
    {
      "type": "Feature",
      "properties": {
        "id": "STOP_1576",
        "name": "Proj. 6 - T.M. Kalaw via Quezon Ave. (Stop)"
      },
      "geometry": {
        "type": "Point",
        "coordinates": [
          120.97865782492104,
          14.580621645608842
        ]
      }
    },
    {
      "type": "Feature",
      "properties": {
        "id": "STOP_1577",
        "name": "Proj. 6 - T.M. Kalaw via Quezon Ave. (Stop)"
      },
      "geometry": {
        "type": "Point",
        "coordinates": [
          120.98166023791153,
          14.582125191734251
        ]
      }
    },
    {
      "type": "Feature",
      "properties": {
        "id": "STOP_1578",
        "name": "Proj. 6 - T.M. Kalaw via Quezon Ave. (Stop)"
      },
      "geometry": {
        "type": "Point",
        "coordinates": [
          120.98366654115512,
          14.583299829516234
        ]
      }
    },
    {
      "type": "Feature",
      "properties": {
        "id": "STOP_1579",
        "name": "Proj. 6 - T.M. Kalaw via Quezon Ave. (Stop)"
      },
      "geometry": {
        "type": "Point",
        "coordinates": [
          120.98283481595891,
          14.585874517976988
        ]
      }
    },
    {
      "type": "Feature",
      "properties": {
        "id": "STOP_1580",
        "name": "Proj. 6 - T.M. Kalaw via Quezon Ave. (Stop)"
      },
      "geometry": {
        "type": "Point",
        "coordinates": [
          120.98153322889907,
          14.588242467573764
        ]
      }
    },
    {
      "type": "Feature",
      "properties": {
        "id": "STOP_1581",
        "name": "Proj. 6 - T.M. Kalaw via Quezon Ave. (Stop)"
      },
      "geometry": {
        "type": "Point",
        "coordinates": [
          120.98058402966463,
          14.591127245886739
        ]
      }
    },
    {
      "type": "Feature",
      "properties": {
        "id": "STOP_1582",
        "name": "Proj. 6 - T.M. Kalaw via Quezon Ave. (Stop)"
      },
      "geometry": {
        "type": "Point",
        "coordinates": [
          120.9802174933909,
          14.592823349499781
        ]
      }
    },
    {
      "type": "Feature",
      "properties": {
        "id": "STOP_1583",
        "name": "Proj. 6 - T.M. Kalaw via Quezon Ave. (Stop)"
      },
      "geometry": {
        "type": "Point",
        "coordinates": [
          120.98039130679187,
          14.594397307621655
        ]
      }
    },
    {
      "type": "Feature",
      "properties": {
        "id": "STOP_1584",
        "name": "Proj. 6 - T.M. Kalaw via Quezon Ave. (Stop)"
      },
      "geometry": {
        "type": "Point",
        "coordinates": [
          120.98301312269462,
          14.596112271891323
        ]
      }
    },
    {
      "type": "Feature",
      "properties": {
        "id": "STOP_1585",
        "name": "Proj. 6 - T.M. Kalaw via Quezon Ave. (Stop)"
      },
      "geometry": {
        "type": "Point",
        "coordinates": [
          120.98402799894006,
          14.597629868471756
        ]
      }
    },
    {
      "type": "Feature",
      "properties": {
        "id": "STOP_1586",
        "name": "Proj. 6 - T.M. Kalaw via Quezon Ave. (Stop)"
      },
      "geometry": {
        "type": "Point",
        "coordinates": [
          120.98450250502503,
          14.600134110782749
        ]
      }
    },
    {
      "type": "Feature",
      "properties": {
        "id": "STOP_1587",
        "name": "Proj. 6 - T.M. Kalaw via Quezon Ave. (Stop)"
      },
      "geometry": {
        "type": "Point",
        "coordinates": [
          120.98511325977971,
          14.603173970439894
        ]
      }
    },
    {
      "type": "Feature",
      "properties": {
        "id": "STOP_1588",
        "name": "Proj. 6 - T.M. Kalaw via Quezon Ave. (Stop)"
      },
      "geometry": {
        "type": "Point",
        "coordinates": [
          120.98586031052373,
          14.60475263983395
        ]
      }
    },
    {
      "type": "Feature",
      "properties": {
        "id": "STOP_1589",
        "name": "Proj. 6 - T.M. Kalaw via Quezon Ave. (Stop)"
      },
      "geometry": {
        "type": "Point",
        "coordinates": [
          120.98828010698678,
          14.60548564006554
        ]
      }
    },
    {
      "type": "Feature",
      "properties": {
        "id": "STOP_1590",
        "name": "Proj. 6 - T.M. Kalaw via Quezon Ave. (Stop)"
      },
      "geometry": {
        "type": "Point",
        "coordinates": [
          120.99171945709638,
          14.608633625831168
        ]
      }
    },
    {
      "type": "Feature",
      "properties": {
        "id": "STOP_1591",
        "name": "Proj. 6 - T.M. Kalaw via Quezon Ave. (Stop)"
      },
      "geometry": {
        "type": "Point",
        "coordinates": [
          120.99581190908914,
          14.612326637300374
        ]
      }
    },
    {
      "type": "Feature",
      "properties": {
        "id": "STOP_1592",
        "name": "Proj. 6 - T.M. Kalaw via Quezon Ave. (Stop)"
      },
      "geometry": {
        "type": "Point",
        "coordinates": [
          120.99886127891165,
          14.615089347902416
        ]
      }
    },
    {
      "type": "Feature",
      "properties": {
        "id": "STOP_1593",
        "name": "Proj. 6 - T.M. Kalaw via Quezon Ave. (Stop)"
      },
      "geometry": {
        "type": "Point",
        "coordinates": [
          121.00097563347127,
          14.617025124220893
        ]
      }
    },
    {
      "type": "Feature",
      "properties": {
        "id": "STOP_1594",
        "name": "Proj. 6 - T.M. Kalaw via Quezon Ave. (Stop)"
      },
      "geometry": {
        "type": "Point",
        "coordinates": [
          121.0019059503991,
          14.617837963290576
        ]
      }
    },
    {
      "type": "Feature",
      "properties": {
        "id": "STOP_1595",
        "name": "Proj. 6 - T.M. Kalaw via Quezon Ave. (Stop)"
      },
      "geometry": {
        "type": "Point",
        "coordinates": [
          121.00495532021876,
          14.620600673901428
        ]
      }
    },
    {
      "type": "Feature",
      "properties": {
        "id": "STOP_1596",
        "name": "Proj. 6 - T.M. Kalaw via Quezon Ave. (Stop)"
      },
      "geometry": {
        "type": "Point",
        "coordinates": [
          121.00806107193307,
          14.62345265483119
        ]
      }
    },
    {
      "type": "Feature",
      "properties": {
        "id": "STOP_1597",
        "name": "Proj. 6 - T.M. Kalaw via Quezon Ave. (Stop)"
      },
      "geometry": {
        "type": "Point",
        "coordinates": [
          121.00987001966361,
          14.625111220412338
        ]
      }
    },
    {
      "type": "Feature",
      "properties": {
        "id": "STOP_1598",
        "name": "Proj. 6 - T.M. Kalaw via Quezon Ave. (Stop)"
      },
      "geometry": {
        "type": "Point",
        "coordinates": [
          121.01267036666475,
          14.627596721554307
        ]
      }
    },
    {
      "type": "Feature",
      "properties": {
        "id": "STOP_1599",
        "name": "Proj. 6 - T.M. Kalaw via Quezon Ave. (Stop)"
      },
      "geometry": {
        "type": "Point",
        "coordinates": [
          121.01452630029075,
          14.629288176791668
        ]
      }
    },
    {
      "type": "Feature",
      "properties": {
        "id": "STOP_1600",
        "name": "Proj. 6 - T.M. Kalaw via Quezon Ave. (Stop)"
      },
      "geometry": {
        "type": "Point",
        "coordinates": [
          121.01630235790294,
          14.63092324978479
        ]
      }
    },
    {
      "type": "Feature",
      "properties": {
        "id": "STOP_1601",
        "name": "Proj. 6 - T.M. Kalaw via Quezon Ave. (Stop)"
      },
      "geometry": {
        "type": "Point",
        "coordinates": [
          121.01858117617519,
          14.632422081314106
        ]
      }
    },
    {
      "type": "Feature",
      "properties": {
        "id": "STOP_1602",
        "name": "Proj. 6 - T.M. Kalaw via Quezon Ave. (Stop)"
      },
      "geometry": {
        "type": "Point",
        "coordinates": [
          121.0213533497564,
          14.634122953877926
        ]
      }
    },
    {
      "type": "Feature",
      "properties": {
        "id": "STOP_1603",
        "name": "Proj. 6 - T.M. Kalaw via Quezon Ave. (Stop)"
      },
      "geometry": {
        "type": "Point",
        "coordinates": [
          121.02425708435852,
          14.635894304962184
        ]
      }
    },
    {
      "type": "Feature",
      "properties": {
        "id": "STOP_1604",
        "name": "Proj. 6 - T.M. Kalaw via Quezon Ave. (Stop)"
      },
      "geometry": {
        "type": "Point",
        "coordinates": [
          121.02622579735652,
          14.63710652889738
        ]
      }
    },
    {
      "type": "Feature",
      "properties": {
        "id": "STOP_1605",
        "name": "Proj. 6 - T.M. Kalaw via Quezon Ave. (Stop)"
      },
      "geometry": {
        "type": "Point",
        "coordinates": [
          121.02624454739048,
          14.638990576090896
        ]
      }
    },
    {
      "type": "Feature",
      "properties": {
        "id": "STOP_1606",
        "name": "Proj. 6 - T.M. Kalaw via Quezon Ave. (Stop)"
      },
      "geometry": {
        "type": "Point",
        "coordinates": [
          121.0269962576217,
          14.642223072235193
        ]
      }
    },
    {
      "type": "Feature",
      "properties": {
        "id": "STOP_1607",
        "name": "Proj. 6 - T.M. Kalaw via Quezon Ave. (Stop)"
      },
      "geometry": {
        "type": "Point",
        "coordinates": [
          121.02780434630034,
          14.64569048821107
        ]
      }
    },
    {
      "type": "Feature",
      "properties": {
        "id": "STOP_1608",
        "name": "Proj. 6 - T.M. Kalaw via Quezon Ave. (Stop)"
      },
      "geometry": {
        "type": "Point",
        "coordinates": [
          121.0287862682068,
          14.649895552364203
        ]
      }
    },
    {
      "type": "Feature",
      "properties": {
        "id": "STOP_1609",
        "name": "Proj. 6 - T.M. Kalaw via Quezon Ave. (Stop)"
      },
      "geometry": {
        "type": "Point",
        "coordinates": [
          121.02944871121707,
          14.652813255684213
        ]
      }
    },
    {
      "type": "Feature",
      "properties": {
        "id": "STOP_1610",
        "name": "Proj. 6 - T.M. Kalaw via Quezon Ave. (Stop)"
      },
      "geometry": {
        "type": "Point",
        "coordinates": [
          121.02989033877842,
          14.654805374947827
        ]
      }
    },
    {
      "type": "Feature",
      "properties": {
        "id": "STOP_1611",
        "name": "Proj. 6 - T.M. Kalaw via Quezon Ave. (End)"
      },
      "geometry": {
        "type": "Point",
        "coordinates": [
          121.02980106275889,
          14.654861753396563
        ]
      }
    },
    {
      "type": "Feature",
      "properties": {
        "id": "STOP_1612",
        "name": "BLUMENTRITT - NOVALICHES (Start)"
      },
      "geometry": {
        "type": "Point",
        "coordinates": [
          121.04142867294995,
          14.722086311211301
        ]
      }
    },
    {
      "type": "Feature",
      "properties": {
        "id": "STOP_1613",
        "name": "BLUMENTRITT - NOVALICHES (Stop)"
      },
      "geometry": {
        "type": "Point",
        "coordinates": [
          121.0395116230389,
          14.721813762666876
        ]
      }
    },
    {
      "type": "Feature",
      "properties": {
        "id": "STOP_1614",
        "name": "BLUMENTRITT - NOVALICHES (Stop)"
      },
      "geometry": {
        "type": "Point",
        "coordinates": [
          121.03990636818011,
          14.719403506925616
        ]
      }
    },
    {
      "type": "Feature",
      "properties": {
        "id": "STOP_1615",
        "name": "BLUMENTRITT - NOVALICHES (Stop)"
      },
      "geometry": {
        "type": "Point",
        "coordinates": [
          121.0403105123262,
          14.716922775831605
        ]
      }
    },
    {
      "type": "Feature",
      "properties": {
        "id": "STOP_1616",
        "name": "BLUMENTRITT - NOVALICHES (Stop)"
      },
      "geometry": {
        "type": "Point",
        "coordinates": [
          121.0404233222868,
          14.715151492307212
        ]
      }
    },
    {
      "type": "Feature",
      "properties": {
        "id": "STOP_1617",
        "name": "BLUMENTRITT - NOVALICHES (Stop)"
      },
      "geometry": {
        "type": "Point",
        "coordinates": [
          121.03966222892014,
          14.711317604107458
        ]
      }
    },
    {
      "type": "Feature",
      "properties": {
        "id": "STOP_1618",
        "name": "BLUMENTRITT - NOVALICHES (Stop)"
      },
      "geometry": {
        "type": "Point",
        "coordinates": [
          121.03910314610935,
          14.708841549806523
        ]
      }
    },
    {
      "type": "Feature",
      "properties": {
        "id": "STOP_1619",
        "name": "BLUMENTRITT - NOVALICHES (Stop)"
      },
      "geometry": {
        "type": "Point",
        "coordinates": [
          121.03859574185631,
          14.70665209733026
        ]
      }
    },
    {
      "type": "Feature",
      "properties": {
        "id": "STOP_1620",
        "name": "BLUMENTRITT - NOVALICHES (Stop)"
      },
      "geometry": {
        "type": "Point",
        "coordinates": [
          121.03771713608025,
          14.70474923718924
        ]
      }
    },
    {
      "type": "Feature",
      "properties": {
        "id": "STOP_1621",
        "name": "BLUMENTRITT - NOVALICHES (Stop)"
      },
      "geometry": {
        "type": "Point",
        "coordinates": [
          121.03645324067699,
          14.702799384693884
        ]
      }
    },
    {
      "type": "Feature",
      "properties": {
        "id": "STOP_1622",
        "name": "BLUMENTRITT - NOVALICHES (Stop)"
      },
      "geometry": {
        "type": "Point",
        "coordinates": [
          121.03524571860399,
          14.701300577121945
        ]
      }
    },
    {
      "type": "Feature",
      "properties": {
        "id": "STOP_1623",
        "name": "BLUMENTRITT - NOVALICHES (Stop)"
      },
      "geometry": {
        "type": "Point",
        "coordinates": [
          121.03431072225379,
          14.699674919638479
        ]
      }
    },
    {
      "type": "Feature",
      "properties": {
        "id": "STOP_1624",
        "name": "BLUMENTRITT - NOVALICHES (Stop)"
      },
      "geometry": {
        "type": "Point",
        "coordinates": [
          121.03198497148365,
          14.69588798011588
        ]
      }
    },
    {
      "type": "Feature",
      "properties": {
        "id": "STOP_1625",
        "name": "BLUMENTRITT - NOVALICHES (Stop)"
      },
      "geometry": {
        "type": "Point",
        "coordinates": [
          121.03041567036631,
          14.693613933159348
        ]
      }
    },
    {
      "type": "Feature",
      "properties": {
        "id": "STOP_1626",
        "name": "BLUMENTRITT - NOVALICHES (Stop)"
      },
      "geometry": {
        "type": "Point",
        "coordinates": [
          121.02877118222311,
          14.691692262371935
        ]
      }
    },
    {
      "type": "Feature",
      "properties": {
        "id": "STOP_1627",
        "name": "BLUMENTRITT - NOVALICHES (Stop)"
      },
      "geometry": {
        "type": "Point",
        "coordinates": [
          121.02688236826155,
          14.689563857765444
        ]
      }
    },
    {
      "type": "Feature",
      "properties": {
        "id": "STOP_1628",
        "name": "BLUMENTRITT - NOVALICHES (Stop)"
      },
      "geometry": {
        "type": "Point",
        "coordinates": [
          121.02542112103234,
          14.68794288686159
        ]
      }
    },
    {
      "type": "Feature",
      "properties": {
        "id": "STOP_1629",
        "name": "BLUMENTRITT - NOVALICHES (Stop)"
      },
      "geometry": {
        "type": "Point",
        "coordinates": [
          121.02433106531501,
          14.686458177058245
        ]
      }
    },
    {
      "type": "Feature",
      "properties": {
        "id": "STOP_1630",
        "name": "BLUMENTRITT - NOVALICHES (Stop)"
      },
      "geometry": {
        "type": "Point",
        "coordinates": [
          121.02365918533758,
          14.685213093578845
        ]
      }
    },
    {
      "type": "Feature",
      "properties": {
        "id": "STOP_1631",
        "name": "BLUMENTRITT - NOVALICHES (Stop)"
      },
      "geometry": {
        "type": "Point",
        "coordinates": [
          121.02232243850075,
          14.684195866188798
        ]
      }
    },
    {
      "type": "Feature",
      "properties": {
        "id": "STOP_1632",
        "name": "BLUMENTRITT - NOVALICHES (Stop)"
      },
      "geometry": {
        "type": "Point",
        "coordinates": [
          121.02146965520362,
          14.683145761061361
        ]
      }
    },
    {
      "type": "Feature",
      "properties": {
        "id": "STOP_1633",
        "name": "BLUMENTRITT - NOVALICHES (Stop)"
      },
      "geometry": {
        "type": "Point",
        "coordinates": [
          121.01907340099834,
          14.680347827169685
        ]
      }
    },
    {
      "type": "Feature",
      "properties": {
        "id": "STOP_1634",
        "name": "BLUMENTRITT - NOVALICHES (Stop)"
      },
      "geometry": {
        "type": "Point",
        "coordinates": [
          121.01622608777905,
          14.676997824534427
        ]
      }
    },
    {
      "type": "Feature",
      "properties": {
        "id": "STOP_1635",
        "name": "BLUMENTRITT - NOVALICHES (Stop)"
      },
      "geometry": {
        "type": "Point",
        "coordinates": [
          121.01477894033505,
          14.675217109339165
        ]
      }
    },
    {
      "type": "Feature",
      "properties": {
        "id": "STOP_1636",
        "name": "BLUMENTRITT - NOVALICHES (Stop)"
      },
      "geometry": {
        "type": "Point",
        "coordinates": [
          121.01245316597591,
          14.672426224603564
        ]
      }
    },
    {
      "type": "Feature",
      "properties": {
        "id": "STOP_1637",
        "name": "BLUMENTRITT - NOVALICHES (Stop)"
      },
      "geometry": {
        "type": "Point",
        "coordinates": [
          121.01055025556443,
          14.670316613196817
        ]
      }
    },
    {
      "type": "Feature",
      "properties": {
        "id": "STOP_1638",
        "name": "BLUMENTRITT - NOVALICHES (Stop)"
      },
      "geometry": {
        "type": "Point",
        "coordinates": [
          121.00904672010259,
          14.6687050381097
        ]
      }
    },
    {
      "type": "Feature",
      "properties": {
        "id": "STOP_1639",
        "name": "BLUMENTRITT - NOVALICHES (Stop)"
      },
      "geometry": {
        "type": "Point",
        "coordinates": [
          121.00760896665473,
          14.66706527427376
        ]
      }
    },
    {
      "type": "Feature",
      "properties": {
        "id": "STOP_1640",
        "name": "BLUMENTRITT - NOVALICHES (Stop)"
      },
      "geometry": {
        "type": "Point",
        "coordinates": [
          121.00666455633402,
          14.66614202312659
        ]
      }
    },
    {
      "type": "Feature",
      "properties": {
        "id": "STOP_1641",
        "name": "BLUMENTRITT - NOVALICHES (Stop)"
      },
      "geometry": {
        "type": "Point",
        "coordinates": [
          121.00467234803355,
          14.665012020123907
        ]
      }
    },
    {
      "type": "Feature",
      "properties": {
        "id": "STOP_1642",
        "name": "BLUMENTRITT - NOVALICHES (Stop)"
      },
      "geometry": {
        "type": "Point",
        "coordinates": [
          121.00332853983683,
          14.664558597133327
        ]
      }
    },
    {
      "type": "Feature",
      "properties": {
        "id": "STOP_1643",
        "name": "BLUMENTRITT - NOVALICHES (Stop)"
      },
      "geometry": {
        "type": "Point",
        "coordinates": [
          121.00190722471315,
          14.66321483105676
        ]
      }
    },
    {
      "type": "Feature",
      "properties": {
        "id": "STOP_1644",
        "name": "BLUMENTRITT - NOVALICHES (Stop)"
      },
      "geometry": {
        "type": "Point",
        "coordinates": [
          121.00004187798768,
          14.662188195069316
        ]
      }
    },
    {
      "type": "Feature",
      "properties": {
        "id": "STOP_1645",
        "name": "BLUMENTRITT - NOVALICHES (Stop)"
      },
      "geometry": {
        "type": "Point",
        "coordinates": [
          120.99991738983856,
          14.661067630741352
        ]
      }
    },
    {
      "type": "Feature",
      "properties": {
        "id": "STOP_1646",
        "name": "BLUMENTRITT - NOVALICHES (Stop)"
      },
      "geometry": {
        "type": "Point",
        "coordinates": [
          121.00009599056884,
          14.658899336443659
        ]
      }
    },
    {
      "type": "Feature",
      "properties": {
        "id": "STOP_1647",
        "name": "BLUMENTRITT - NOVALICHES (Stop)"
      },
      "geometry": {
        "type": "Point",
        "coordinates": [
          121.00004905258346,
          14.656843797997263
        ]
      }
    },
    {
      "type": "Feature",
      "properties": {
        "id": "STOP_1648",
        "name": "BLUMENTRITT - NOVALICHES (Stop)"
      },
      "geometry": {
        "type": "Point",
        "coordinates": [
          120.9988861770337,
          14.654957375862393
        ]
      }
    },
    {
      "type": "Feature",
      "properties": {
        "id": "STOP_1649",
        "name": "BLUMENTRITT - NOVALICHES (Stop)"
      },
      "geometry": {
        "type": "Point",
        "coordinates": [
          120.99754476085157,
          14.65270212758635
        ]
      }
    },
    {
      "type": "Feature",
      "properties": {
        "id": "STOP_1650",
        "name": "BLUMENTRITT - NOVALICHES (Stop)"
      },
      "geometry": {
        "type": "Point",
        "coordinates": [
          120.99671783647547,
          14.650966060879142
        ]
      }
    },
    {
      "type": "Feature",
      "properties": {
        "id": "STOP_1651",
        "name": "BLUMENTRITT - NOVALICHES (Stop)"
      },
      "geometry": {
        "type": "Point",
        "coordinates": [
          120.99555498140593,
          14.648215138467558
        ]
      }
    },
    {
      "type": "Feature",
      "properties": {
        "id": "STOP_1652",
        "name": "BLUMENTRITT - NOVALICHES (Stop)"
      },
      "geometry": {
        "type": "Point",
        "coordinates": [
          120.99447199812172,
          14.64569913641348
        ]
      }
    },
    {
      "type": "Feature",
      "properties": {
        "id": "STOP_1653",
        "name": "BLUMENTRITT - NOVALICHES (Stop)"
      },
      "geometry": {
        "type": "Point",
        "coordinates": [
          120.99352291890719,
          14.643519070906956
        ]
      }
    },
    {
      "type": "Feature",
      "properties": {
        "id": "STOP_1654",
        "name": "BLUMENTRITT - NOVALICHES (Stop)"
      },
      "geometry": {
        "type": "Point",
        "coordinates": [
          120.99253390302196,
          14.641254433829115
        ]
      }
    },
    {
      "type": "Feature",
      "properties": {
        "id": "STOP_1655",
        "name": "BLUMENTRITT - NOVALICHES (Stop)"
      },
      "geometry": {
        "type": "Point",
        "coordinates": [
          120.99212280577987,
          14.639727453995038
        ]
      }
    },
    {
      "type": "Feature",
      "properties": {
        "id": "STOP_1656",
        "name": "BLUMENTRITT - NOVALICHES (Stop)"
      },
      "geometry": {
        "type": "Point",
        "coordinates": [
          120.99326463566409,
          14.637462864784991
        ]
      }
    },
    {
      "type": "Feature",
      "properties": {
        "id": "STOP_1657",
        "name": "BLUMENTRITT - NOVALICHES (Stop)"
      },
      "geometry": {
        "type": "Point",
        "coordinates": [
          120.9923273351241,
          14.633932017889828
        ]
      }
    },
    {
      "type": "Feature",
      "properties": {
        "id": "STOP_1658",
        "name": "BLUMENTRITT - NOVALICHES (Stop)"
      },
      "geometry": {
        "type": "Point",
        "coordinates": [
          120.99131014632745,
          14.630861609575
        ]
      }
    },
    {
      "type": "Feature",
      "properties": {
        "id": "STOP_1659",
        "name": "BLUMENTRITT - NOVALICHES (Stop)"
      },
      "geometry": {
        "type": "Point",
        "coordinates": [
          120.99020368858017,
          14.627549233159332
        ]
      }
    },
    {
      "type": "Feature",
      "properties": {
        "id": "STOP_1660",
        "name": "BLUMENTRITT - NOVALICHES (Stop)"
      },
      "geometry": {
        "type": "Point",
        "coordinates": [
          120.98936501191933,
          14.626050433972079
        ]
      }
    },
    {
      "type": "Feature",
      "properties": {
        "id": "STOP_1661",
        "name": "BLUMENTRITT - NOVALICHES (Stop)"
      },
      "geometry": {
        "type": "Point",
        "coordinates": [
          120.98732346126076,
          14.625188237033525
        ]
      }
    },
    {
      "type": "Feature",
      "properties": {
        "id": "STOP_1662",
        "name": "BLUMENTRITT - NOVALICHES (Stop)"
      },
      "geometry": {
        "type": "Point",
        "coordinates": [
          120.98574003392393,
          14.624189797627768
        ]
      }
    },
    {
      "type": "Feature",
      "properties": {
        "id": "STOP_1663",
        "name": "BLUMENTRITT - NOVALICHES (Stop)"
      },
      "geometry": {
        "type": "Point",
        "coordinates": [
          120.98304537747887,
          14.622947017967238
        ]
      }
    },
    {
      "type": "Feature",
      "properties": {
        "id": "STOP_1664",
        "name": "BLUMENTRITT - NOVALICHES (Stop)"
      },
      "geometry": {
        "type": "Point",
        "coordinates": [
          120.98579407004891,
          14.624128720018879
        ]
      }
    },
    {
      "type": "Feature",
      "properties": {
        "id": "STOP_1665",
        "name": "BLUMENTRITT - NOVALICHES (Stop)"
      },
      "geometry": {
        "type": "Point",
        "coordinates": [
          120.9874385787291,
          14.625183541248589
        ]
      }
    },
    {
      "type": "Feature",
      "properties": {
        "id": "STOP_1666",
        "name": "BLUMENTRITT - NOVALICHES (Stop)"
      },
      "geometry": {
        "type": "Point",
        "coordinates": [
          120.98900091415945,
          14.623983142559819
        ]
      }
    },
    {
      "type": "Feature",
      "properties": {
        "id": "STOP_1667",
        "name": "BLUMENTRITT - NOVALICHES (Stop)"
      },
      "geometry": {
        "type": "Point",
        "coordinates": [
          120.98967747404033,
          14.626019901579841
        ]
      }
    },
    {
      "type": "Feature",
      "properties": {
        "id": "STOP_1668",
        "name": "BLUMENTRITT - NOVALICHES (Stop)"
      },
      "geometry": {
        "type": "Point",
        "coordinates": [
          120.99074400546834,
          14.62881075791088
        ]
      }
    },
    {
      "type": "Feature",
      "properties": {
        "id": "STOP_1669",
        "name": "BLUMENTRITT - NOVALICHES (Stop)"
      },
      "geometry": {
        "type": "Point",
        "coordinates": [
          120.99154272069046,
          14.63127037307789
        ]
      }
    },
    {
      "type": "Feature",
      "properties": {
        "id": "STOP_1670",
        "name": "BLUMENTRITT - NOVALICHES (Stop)"
      },
      "geometry": {
        "type": "Point",
        "coordinates": [
          120.99331399310154,
          14.636558429465202
        ]
      }
    },
    {
      "type": "Feature",
      "properties": {
        "id": "STOP_1671",
        "name": "BLUMENTRITT - NOVALICHES (Stop)"
      },
      "geometry": {
        "type": "Point",
        "coordinates": [
          120.99293100521791,
          14.638519990781022
        ]
      }
    },
    {
      "type": "Feature",
      "properties": {
        "id": "STOP_1672",
        "name": "BLUMENTRITT - NOVALICHES (Stop)"
      },
      "geometry": {
        "type": "Point",
        "coordinates": [
          120.992242609783,
          14.640234880762124
        ]
      }
    },
    {
      "type": "Feature",
      "properties": {
        "id": "STOP_1673",
        "name": "BLUMENTRITT - NOVALICHES (Stop)"
      },
      "geometry": {
        "type": "Point",
        "coordinates": [
          120.99332089484308,
          14.642732089211258
        ]
      }
    },
    {
      "type": "Feature",
      "properties": {
        "id": "STOP_1674",
        "name": "BLUMENTRITT - NOVALICHES (Stop)"
      },
      "geometry": {
        "type": "Point",
        "coordinates": [
          120.99424883172262,
          14.64484167867441
        ]
      }
    },
    {
      "type": "Feature",
      "properties": {
        "id": "STOP_1675",
        "name": "BLUMENTRITT - NOVALICHES (Stop)"
      },
      "geometry": {
        "type": "Point",
        "coordinates": [
          120.99515562532187,
          14.646920728255303
        ]
      }
    },
    {
      "type": "Feature",
      "properties": {
        "id": "STOP_1676",
        "name": "BLUMENTRITT - NOVALICHES (Stop)"
      },
      "geometry": {
        "type": "Point",
        "coordinates": [
          120.99598724274396,
          14.648894062802318
        ]
      }
    },
    {
      "type": "Feature",
      "properties": {
        "id": "STOP_1677",
        "name": "BLUMENTRITT - NOVALICHES (Stop)"
      },
      "geometry": {
        "type": "Point",
        "coordinates": [
          120.99696920985073,
          14.651191588338516
        ]
      }
    },
    {
      "type": "Feature",
      "properties": {
        "id": "STOP_1678",
        "name": "BLUMENTRITT - NOVALICHES (Stop)"
      },
      "geometry": {
        "type": "Point",
        "coordinates": [
          120.99775619672067,
          14.65287832125217
        ]
      }
    },
    {
      "type": "Feature",
      "properties": {
        "id": "STOP_1679",
        "name": "BLUMENTRITT - NOVALICHES (Stop)"
      },
      "geometry": {
        "type": "Point",
        "coordinates": [
          120.9987287815739,
          14.654539217294728
        ]
      }
    },
    {
      "type": "Feature",
      "properties": {
        "id": "STOP_1680",
        "name": "BLUMENTRITT - NOVALICHES (Stop)"
      },
      "geometry": {
        "type": "Point",
        "coordinates": [
          121.00010779755891,
          14.656352819528497
        ]
      }
    },
    {
      "type": "Feature",
      "properties": {
        "id": "STOP_1681",
        "name": "BLUMENTRITT - NOVALICHES (Stop)"
      },
      "geometry": {
        "type": "Point",
        "coordinates": [
          121.0003144945277,
          14.658227474269662
        ]
      }
    },
    {
      "type": "Feature",
      "properties": {
        "id": "STOP_1682",
        "name": "BLUMENTRITT - NOVALICHES (Stop)"
      },
      "geometry": {
        "type": "Point",
        "coordinates": [
          121.00026508818148,
          14.661196843755558
        ]
      }
    },
    {
      "type": "Feature",
      "properties": {
        "id": "STOP_1683",
        "name": "BLUMENTRITT - NOVALICHES (Stop)"
      },
      "geometry": {
        "type": "Point",
        "coordinates": [
          121.00146321375594,
          14.662660413285465
        ]
      }
    },
    {
      "type": "Feature",
      "properties": {
        "id": "STOP_1684",
        "name": "BLUMENTRITT - NOVALICHES (Stop)"
      },
      "geometry": {
        "type": "Point",
        "coordinates": [
          121.00274356985297,
          14.663961890856053
        ]
      }
    },
    {
      "type": "Feature",
      "properties": {
        "id": "STOP_1685",
        "name": "BLUMENTRITT - NOVALICHES (Stop)"
      },
      "geometry": {
        "type": "Point",
        "coordinates": [
          121.00363923575475,
          14.664705428208968
        ]
      }
    },
    {
      "type": "Feature",
      "properties": {
        "id": "STOP_1686",
        "name": "BLUMENTRITT - NOVALICHES (Stop)"
      },
      "geometry": {
        "type": "Point",
        "coordinates": [
          121.00504060239305,
          14.665168836530505
        ]
      }
    },
    {
      "type": "Feature",
      "properties": {
        "id": "STOP_1687",
        "name": "BLUMENTRITT - NOVALICHES (Stop)"
      },
      "geometry": {
        "type": "Point",
        "coordinates": [
          121.00636795765725,
          14.665942922987577
        ]
      }
    },
    {
      "type": "Feature",
      "properties": {
        "id": "STOP_1688",
        "name": "BLUMENTRITT - NOVALICHES (Stop)"
      },
      "geometry": {
        "type": "Point",
        "coordinates": [
          121.00744393106038,
          14.666849732788775
        ]
      }
    },
    {
      "type": "Feature",
      "properties": {
        "id": "STOP_1689",
        "name": "BLUMENTRITT - NOVALICHES (Stop)"
      },
      "geometry": {
        "type": "Point",
        "coordinates": [
          121.00859742390985,
          14.668118318915631
        ]
      }
    },
    {
      "type": "Feature",
      "properties": {
        "id": "STOP_1690",
        "name": "BLUMENTRITT - NOVALICHES (Stop)"
      },
      "geometry": {
        "type": "Point",
        "coordinates": [
          121.0096311035731,
          14.669267093887465
        ]
      }
    },
    {
      "type": "Feature",
      "properties": {
        "id": "STOP_1691",
        "name": "BLUMENTRITT - NOVALICHES (Stop)"
      },
      "geometry": {
        "type": "Point",
        "coordinates": [
          121.0115551588792,
          14.67133911879719
        ]
      }
    },
    {
      "type": "Feature",
      "properties": {
        "id": "STOP_1692",
        "name": "BLUMENTRITT - NOVALICHES (Stop)"
      },
      "geometry": {
        "type": "Point",
        "coordinates": [
          121.01354029124404,
          14.673648412829698
        ]
      }
    },
    {
      "type": "Feature",
      "properties": {
        "id": "STOP_1693",
        "name": "BLUMENTRITT - NOVALICHES (Stop)"
      },
      "geometry": {
        "type": "Point",
        "coordinates": [
          121.01450114211559,
          14.674773694315185
        ]
      }
    },
    {
      "type": "Feature",
      "properties": {
        "id": "STOP_1694",
        "name": "BLUMENTRITT - NOVALICHES (Stop)"
      },
      "geometry": {
        "type": "Point",
        "coordinates": [
          121.01585196815363,
          14.676500376078133
        ]
      }
    },
    {
      "type": "Feature",
      "properties": {
        "id": "STOP_1695",
        "name": "BLUMENTRITT - NOVALICHES (Stop)"
      },
      "geometry": {
        "type": "Point",
        "coordinates": [
          121.01724978348257,
          14.67811664717292
        ]
      }
    },
    {
      "type": "Feature",
      "properties": {
        "id": "STOP_1696",
        "name": "BLUMENTRITT - NOVALICHES (Stop)"
      },
      "geometry": {
        "type": "Point",
        "coordinates": [
          121.01833984392923,
          14.679401676186254
        ]
      }
    },
    {
      "type": "Feature",
      "properties": {
        "id": "STOP_1697",
        "name": "BLUMENTRITT - NOVALICHES (Stop)"
      },
      "geometry": {
        "type": "Point",
        "coordinates": [
          121.01925135979235,
          14.680484671227838
        ]
      }
    },
    {
      "type": "Feature",
      "properties": {
        "id": "STOP_1698",
        "name": "BLUMENTRITT - NOVALICHES (Stop)"
      },
      "geometry": {
        "type": "Point",
        "coordinates": [
          121.02005011030396,
          14.681454902828204
        ]
      }
    },
    {
      "type": "Feature",
      "properties": {
        "id": "STOP_1699",
        "name": "BLUMENTRITT - NOVALICHES (Stop)"
      },
      "geometry": {
        "type": "Point",
        "coordinates": [
          121.02094107013613,
          14.682510881775162
        ]
      }
    },
    {
      "type": "Feature",
      "properties": {
        "id": "STOP_1700",
        "name": "BLUMENTRITT - NOVALICHES (Stop)"
      },
      "geometry": {
        "type": "Point",
        "coordinates": [
          121.02221731018099,
          14.68401145275532
        ]
      }
    },
    {
      "type": "Feature",
      "properties": {
        "id": "STOP_1701",
        "name": "BLUMENTRITT - NOVALICHES (Stop)"
      },
      "geometry": {
        "type": "Point",
        "coordinates": [
          121.02341427429998,
          14.68491709068939
        ]
      }
    },
    {
      "type": "Feature",
      "properties": {
        "id": "STOP_1702",
        "name": "BLUMENTRITT - NOVALICHES (Stop)"
      },
      "geometry": {
        "type": "Point",
        "coordinates": [
          121.0241871766318,
          14.686119891093592
        ]
      }
    },
    {
      "type": "Feature",
      "properties": {
        "id": "STOP_1703",
        "name": "BLUMENTRITT - NOVALICHES (Stop)"
      },
      "geometry": {
        "type": "Point",
        "coordinates": [
          121.02536885358516,
          14.6877220622359
        ]
      }
    },
    {
      "type": "Feature",
      "properties": {
        "id": "STOP_1704",
        "name": "BLUMENTRITT - NOVALICHES (Stop)"
      },
      "geometry": {
        "type": "Point",
        "coordinates": [
          121.02681365653486,
          14.689298398242627
        ]
      }
    },
    {
      "type": "Feature",
      "properties": {
        "id": "STOP_1705",
        "name": "BLUMENTRITT - NOVALICHES (Stop)"
      },
      "geometry": {
        "type": "Point",
        "coordinates": [
          121.02812689818309,
          14.690816001657064
        ]
      }
    },
    {
      "type": "Feature",
      "properties": {
        "id": "STOP_1706",
        "name": "BLUMENTRITT - NOVALICHES (Stop)"
      },
      "geometry": {
        "type": "Point",
        "coordinates": [
          121.02940255210397,
          14.692265477845115
        ]
      }
    },
    {
      "type": "Feature",
      "properties": {
        "id": "STOP_1707",
        "name": "BLUMENTRITT - NOVALICHES (Stop)"
      },
      "geometry": {
        "type": "Point",
        "coordinates": [
          121.03113865820086,
          14.694443211928691
        ]
      }
    },
    {
      "type": "Feature",
      "properties": {
        "id": "STOP_1708",
        "name": "BLUMENTRITT - NOVALICHES (Stop)"
      },
      "geometry": {
        "type": "Point",
        "coordinates": [
          121.0325623015136,
          14.696679668647526
        ]
      }
    },
    {
      "type": "Feature",
      "properties": {
        "id": "STOP_1709",
        "name": "BLUMENTRITT - NOVALICHES (Stop)"
      },
      "geometry": {
        "type": "Point",
        "coordinates": [
          121.0336359054414,
          14.698436883635127
        ]
      }
    },
    {
      "type": "Feature",
      "properties": {
        "id": "STOP_1710",
        "name": "BLUMENTRITT - NOVALICHES (Stop)"
      },
      "geometry": {
        "type": "Point",
        "coordinates": [
          121.03430308908855,
          14.699583301225035
        ]
      }
    },
    {
      "type": "Feature",
      "properties": {
        "id": "STOP_1711",
        "name": "BLUMENTRITT - NOVALICHES (Stop)"
      },
      "geometry": {
        "type": "Point",
        "coordinates": [
          121.03490566627931,
          14.700720320623912
        ]
      }
    },
    {
      "type": "Feature",
      "properties": {
        "id": "STOP_1712",
        "name": "BLUMENTRITT - NOVALICHES (Stop)"
      },
      "geometry": {
        "type": "Point",
        "coordinates": [
          121.0359569602425,
          14.702109887554688
        ]
      }
    },
    {
      "type": "Feature",
      "properties": {
        "id": "STOP_1713",
        "name": "BLUMENTRITT - NOVALICHES (Stop)"
      },
      "geometry": {
        "type": "Point",
        "coordinates": [
          121.03689901177027,
          14.703432500243508
        ]
      }
    },
    {
      "type": "Feature",
      "properties": {
        "id": "STOP_1714",
        "name": "BLUMENTRITT - NOVALICHES (Stop)"
      },
      "geometry": {
        "type": "Point",
        "coordinates": [
          121.0377271213607,
          14.704723396370524
        ]
      }
    },
    {
      "type": "Feature",
      "properties": {
        "id": "STOP_1715",
        "name": "BLUMENTRITT - NOVALICHES (Stop)"
      },
      "geometry": {
        "type": "Point",
        "coordinates": [
          121.03825921937292,
          14.705825176408146
        ]
      }
    },
    {
      "type": "Feature",
      "properties": {
        "id": "STOP_1716",
        "name": "BLUMENTRITT - NOVALICHES (Stop)"
      },
      "geometry": {
        "type": "Point",
        "coordinates": [
          121.03866798058809,
          14.706790700908408
        ]
      }
    },
    {
      "type": "Feature",
      "properties": {
        "id": "STOP_1717",
        "name": "BLUMENTRITT - NOVALICHES (Stop)"
      },
      "geometry": {
        "type": "Point",
        "coordinates": [
          121.0390003754391,
          14.708305933155845
        ]
      }
    },
    {
      "type": "Feature",
      "properties": {
        "id": "STOP_1718",
        "name": "BLUMENTRITT - NOVALICHES (Stop)"
      },
      "geometry": {
        "type": "Point",
        "coordinates": [
          121.03925877384152,
          14.70950167448713
        ]
      }
    },
    {
      "type": "Feature",
      "properties": {
        "id": "STOP_1719",
        "name": "BLUMENTRITT - NOVALICHES (Stop)"
      },
      "geometry": {
        "type": "Point",
        "coordinates": [
          121.03961231372632,
          14.710973447277983
        ]
      }
    },
    {
      "type": "Feature",
      "properties": {
        "id": "STOP_1720",
        "name": "BLUMENTRITT - NOVALICHES (Stop)"
      },
      "geometry": {
        "type": "Point",
        "coordinates": [
          121.03992121757683,
          14.712390013205436
        ]
      }
    },
    {
      "type": "Feature",
      "properties": {
        "id": "STOP_1721",
        "name": "BLUMENTRITT - NOVALICHES (Stop)"
      },
      "geometry": {
        "type": "Point",
        "coordinates": [
          121.04026652856433,
          14.714124894620108
        ]
      }
    },
    {
      "type": "Feature",
      "properties": {
        "id": "STOP_1722",
        "name": "BLUMENTRITT - NOVALICHES (Stop)"
      },
      "geometry": {
        "type": "Point",
        "coordinates": [
          121.04048028603845,
          14.715472157439477
        ]
      }
    },
    {
      "type": "Feature",
      "properties": {
        "id": "STOP_1723",
        "name": "BLUMENTRITT - NOVALICHES (Stop)"
      },
      "geometry": {
        "type": "Point",
        "coordinates": [
          121.04024413102084,
          14.717456039508772
        ]
      }
    },
    {
      "type": "Feature",
      "properties": {
        "id": "STOP_1724",
        "name": "BLUMENTRITT - NOVALICHES (Stop)"
      },
      "geometry": {
        "type": "Point",
        "coordinates": [
          121.03996099464013,
          14.71921557329017
        ]
      }
    },
    {
      "type": "Feature",
      "properties": {
        "id": "STOP_1725",
        "name": "BLUMENTRITT - NOVALICHES (Stop)"
      },
      "geometry": {
        "type": "Point",
        "coordinates": [
          121.03962851688337,
          14.721201802396187
        ]
      }
    },
    {
      "type": "Feature",
      "properties": {
        "id": "STOP_1726",
        "name": "BLUMENTRITT - NOVALICHES (Stop)"
      },
      "geometry": {
        "type": "Point",
        "coordinates": [
          121.04143278520179,
          14.722047549738534
        ]
      }
    },
    {
      "type": "Feature",
      "properties": {
        "id": "STOP_1727",
        "name": "CUBAO KALAYAAN - SM LAGRO (Start)"
      },
      "geometry": {
        "type": "Point",
        "coordinates": [
          121.06119286473677,
          14.735295859019114
        ]
      }
    },
    {
      "type": "Feature",
      "properties": {
        "id": "STOP_1728",
        "name": "CUBAO KALAYAAN - SM LAGRO (Stop)"
      },
      "geometry": {
        "type": "Point",
        "coordinates": [
          121.06114009023567,
          14.731683984685942
        ]
      }
    },
    {
      "type": "Feature",
      "properties": {
        "id": "STOP_1729",
        "name": "CUBAO KALAYAAN - SM LAGRO (Stop)"
      },
      "geometry": {
        "type": "Point",
        "coordinates": [
          121.06115115692869,
          14.710790326895722
        ]
      }
    },
    {
      "type": "Feature",
      "properties": {
        "id": "STOP_1730",
        "name": "CUBAO KALAYAAN - SM LAGRO (Stop)"
      },
      "geometry": {
        "type": "Point",
        "coordinates": [
          121.06382243530543,
          14.707163244091912
        ]
      }
    },
    {
      "type": "Feature",
      "properties": {
        "id": "STOP_1731",
        "name": "CUBAO KALAYAAN - SM LAGRO (Stop)"
      },
      "geometry": {
        "type": "Point",
        "coordinates": [
          121.0659074869873,
          14.706404503888258
        ]
      }
    },
    {
      "type": "Feature",
      "properties": {
        "id": "STOP_1732",
        "name": "CUBAO KALAYAAN - SM LAGRO (Stop)"
      },
      "geometry": {
        "type": "Point",
        "coordinates": [
          121.07024905533174,
          14.706423394773473
        ]
      }
    },
    {
      "type": "Feature",
      "properties": {
        "id": "STOP_1733",
        "name": "CUBAO KALAYAAN - SM LAGRO (Stop)"
      },
      "geometry": {
        "type": "Point",
        "coordinates": [
          121.07411138862238,
          14.705215999980394
        ]
      }
    },
    {
      "type": "Feature",
      "properties": {
        "id": "STOP_1734",
        "name": "CUBAO KALAYAAN - SM LAGRO (Stop)"
      },
      "geometry": {
        "type": "Point",
        "coordinates": [
          121.07847645452223,
          14.705056353283652
        ]
      }
    },
    {
      "type": "Feature",
      "properties": {
        "id": "STOP_1735",
        "name": "CUBAO KALAYAAN - SM LAGRO (Stop)"
      },
      "geometry": {
        "type": "Point",
        "coordinates": [
          121.08164806220883,
          14.704755728672065
        ]
      }
    },
    {
      "type": "Feature",
      "properties": {
        "id": "STOP_1736",
        "name": "CUBAO KALAYAAN - SM LAGRO (Stop)"
      },
      "geometry": {
        "type": "Point",
        "coordinates": [
          121.08416186990495,
          14.703886586371567
        ]
      }
    },
    {
      "type": "Feature",
      "properties": {
        "id": "STOP_1737",
        "name": "CUBAO KALAYAAN - SM LAGRO (Stop)"
      },
      "geometry": {
        "type": "Point",
        "coordinates": [
          121.08558559719847,
          14.702575772712336
        ]
      }
    },
    {
      "type": "Feature",
      "properties": {
        "id": "STOP_1738",
        "name": "CUBAO KALAYAAN - SM LAGRO (Stop)"
      },
      "geometry": {
        "type": "Point",
        "coordinates": [
          121.08653946519664,
          14.700950157636958
        ]
      }
    },
    {
      "type": "Feature",
      "properties": {
        "id": "STOP_1739",
        "name": "CUBAO KALAYAAN - SM LAGRO (Stop)"
      },
      "geometry": {
        "type": "Point",
        "coordinates": [
          121.08712214725263,
          14.698953362905455
        ]
      }
    },
    {
      "type": "Feature",
      "properties": {
        "id": "STOP_1740",
        "name": "CUBAO KALAYAAN - SM LAGRO (Stop)"
      },
      "geometry": {
        "type": "Point",
        "coordinates": [
          121.08716918833571,
          14.69665586039952
        ]
      }
    },
    {
      "type": "Feature",
      "properties": {
        "id": "STOP_1741",
        "name": "CUBAO KALAYAAN - SM LAGRO (Stop)"
      },
      "geometry": {
        "type": "Point",
        "coordinates": [
          121.08715752044365,
          14.693329413276805
        ]
      }
    },
    {
      "type": "Feature",
      "properties": {
        "id": "STOP_1742",
        "name": "CUBAO KALAYAAN - SM LAGRO (Stop)"
      },
      "geometry": {
        "type": "Point",
        "coordinates": [
          121.08713645210312,
          14.690134520353542
        ]
      }
    },
    {
      "type": "Feature",
      "properties": {
        "id": "STOP_1743",
        "name": "CUBAO KALAYAAN - SM LAGRO (Stop)"
      },
      "geometry": {
        "type": "Point",
        "coordinates": [
          121.08704018360879,
          14.687846411402923
        ]
      }
    },
    {
      "type": "Feature",
      "properties": {
        "id": "STOP_1744",
        "name": "CUBAO KALAYAAN - SM LAGRO (Stop)"
      },
      "geometry": {
        "type": "Point",
        "coordinates": [
          121.08659384975425,
          14.686176130417662
        ]
      }
    },
    {
      "type": "Feature",
      "properties": {
        "id": "STOP_1745",
        "name": "CUBAO KALAYAAN - SM LAGRO (Stop)"
      },
      "geometry": {
        "type": "Point",
        "coordinates": [
          121.08594312035879,
          14.684653843541524
        ]
      }
    },
    {
      "type": "Feature",
      "properties": {
        "id": "STOP_1746",
        "name": "CUBAO KALAYAAN - SM LAGRO (Stop)"
      },
      "geometry": {
        "type": "Point",
        "coordinates": [
          121.08509270349252,
          14.682882538512851
        ]
      }
    },
    {
      "type": "Feature",
      "properties": {
        "id": "STOP_1747",
        "name": "CUBAO KALAYAAN - SM LAGRO (Stop)"
      },
      "geometry": {
        "type": "Point",
        "coordinates": [
          121.08430102286361,
          14.680989077154956
        ]
      }
    },
    {
      "type": "Feature",
      "properties": {
        "id": "STOP_1748",
        "name": "CUBAO KALAYAAN - SM LAGRO (Stop)"
      },
      "geometry": {
        "type": "Point",
        "coordinates": [
          121.08356807007058,
          14.679328186492254
        ]
      }
    },
    {
      "type": "Feature",
      "properties": {
        "id": "STOP_1749",
        "name": "CUBAO KALAYAAN - SM LAGRO (Stop)"
      },
      "geometry": {
        "type": "Point",
        "coordinates": [
          121.08271765353923,
          14.677542786360137
        ]
      }
    },
    {
      "type": "Feature",
      "properties": {
        "id": "STOP_1750",
        "name": "CUBAO KALAYAAN - SM LAGRO (Stop)"
      },
      "geometry": {
        "type": "Point",
        "coordinates": [
          121.08207161630281,
          14.6762953543162
        ]
      }
    },
    {
      "type": "Feature",
      "properties": {
        "id": "STOP_1751",
        "name": "CUBAO KALAYAAN - SM LAGRO (Stop)"
      },
      "geometry": {
        "type": "Point",
        "coordinates": [
          121.081061439457,
          14.674747218346619
        ]
      }
    },
    {
      "type": "Feature",
      "properties": {
        "id": "STOP_1752",
        "name": "CUBAO KALAYAAN - SM LAGRO (Stop)"
      },
      "geometry": {
        "type": "Point",
        "coordinates": [
          121.07919612404342,
          14.672400340090173
        ]
      }
    },
    {
      "type": "Feature",
      "properties": {
        "id": "STOP_1753",
        "name": "CUBAO KALAYAAN - SM LAGRO (Stop)"
      },
      "geometry": {
        "type": "Point",
        "coordinates": [
          121.07742476929312,
          14.67058907825578
        ]
      }
    },
    {
      "type": "Feature",
      "properties": {
        "id": "STOP_1754",
        "name": "CUBAO KALAYAAN - SM LAGRO (Stop)"
      },
      "geometry": {
        "type": "Point",
        "coordinates": [
          121.07538323832264,
          14.668897618822019
        ]
      }
    },
    {
      "type": "Feature",
      "properties": {
        "id": "STOP_1755",
        "name": "CUBAO KALAYAAN - SM LAGRO (Stop)"
      },
      "geometry": {
        "type": "Point",
        "coordinates": [
          121.07348970653061,
          14.667579683215687
        ]
      }
    },
    {
      "type": "Feature",
      "properties": {
        "id": "STOP_1756",
        "name": "CUBAO KALAYAAN - SM LAGRO (Stop)"
      },
      "geometry": {
        "type": "Point",
        "coordinates": [
          121.07052254406686,
          14.665634490964152
        ]
      }
    },
    {
      "type": "Feature",
      "properties": {
        "id": "STOP_1757",
        "name": "CUBAO KALAYAAN - SM LAGRO (Stop)"
      },
      "geometry": {
        "type": "Point",
        "coordinates": [
          121.06866894927747,
          14.664387031822331
        ]
      }
    },
    {
      "type": "Feature",
      "properties": {
        "id": "STOP_1758",
        "name": "CUBAO KALAYAAN - SM LAGRO (Stop)"
      },
      "geometry": {
        "type": "Point",
        "coordinates": [
          121.06682710143436,
          14.66312782701696
        ]
      }
    },
    {
      "type": "Feature",
      "properties": {
        "id": "STOP_1759",
        "name": "CUBAO KALAYAAN - SM LAGRO (Stop)"
      },
      "geometry": {
        "type": "Point",
        "coordinates": [
          121.06485604051173,
          14.661856873383359
        ]
      }
    },
    {
      "type": "Feature",
      "properties": {
        "id": "STOP_1760",
        "name": "CUBAO KALAYAAN - SM LAGRO (Stop)"
      },
      "geometry": {
        "type": "Point",
        "coordinates": [
          121.06291082315005,
          14.660548333361698
        ]
      }
    },
    {
      "type": "Feature",
      "properties": {
        "id": "STOP_1761",
        "name": "CUBAO KALAYAAN - SM LAGRO (Stop)"
      },
      "geometry": {
        "type": "Point",
        "coordinates": [
          121.06085518826909,
          14.659190457965064
        ]
      }
    },
    {
      "type": "Feature",
      "properties": {
        "id": "STOP_1762",
        "name": "CUBAO KALAYAAN - SM LAGRO (Stop)"
      },
      "geometry": {
        "type": "Point",
        "coordinates": [
          121.05827565980331,
          14.657501335645197
        ]
      }
    },
    {
      "type": "Feature",
      "properties": {
        "id": "STOP_1763",
        "name": "CUBAO KALAYAAN - SM LAGRO (Stop)"
      },
      "geometry": {
        "type": "Point",
        "coordinates": [
          121.0551745853605,
          14.655553791206769
        ]
      }
    },
    {
      "type": "Feature",
      "properties": {
        "id": "STOP_1764",
        "name": "CUBAO KALAYAAN - SM LAGRO (Stop)"
      },
      "geometry": {
        "type": "Point",
        "coordinates": [
          121.05353947649104,
          14.654395606024655
        ]
      }
    },
    {
      "type": "Feature",
      "properties": {
        "id": "STOP_1765",
        "name": "CUBAO KALAYAAN - SM LAGRO (Stop)"
      },
      "geometry": {
        "type": "Point",
        "coordinates": [
          121.05183388849821,
          14.653199832291994
        ]
      }
    },
    {
      "type": "Feature",
      "properties": {
        "id": "STOP_1766",
        "name": "CUBAO KALAYAAN - SM LAGRO (Stop)"
      },
      "geometry": {
        "type": "Point",
        "coordinates": [
          121.05031620196276,
          14.653913950614628
        ]
      }
    },
    {
      "type": "Feature",
      "properties": {
        "id": "STOP_1767",
        "name": "CUBAO KALAYAAN - SM LAGRO (Stop)"
      },
      "geometry": {
        "type": "Point",
        "coordinates": [
          121.04861292390186,
          14.654381400290303
        ]
      }
    },
    {
      "type": "Feature",
      "properties": {
        "id": "STOP_1768",
        "name": "CUBAO KALAYAAN - SM LAGRO (Stop)"
      },
      "geometry": {
        "type": "Point",
        "coordinates": [
          121.04729026067267,
          14.653888041628589
        ]
      }
    },
    {
      "type": "Feature",
      "properties": {
        "id": "STOP_1769",
        "name": "CUBAO KALAYAAN - SM LAGRO (Stop)"
      },
      "geometry": {
        "type": "Point",
        "coordinates": [
          121.04654085247014,
          14.65265235321035
        ]
      }
    },
    {
      "type": "Feature",
      "properties": {
        "id": "STOP_1770",
        "name": "CUBAO KALAYAAN - SM LAGRO (Stop)"
      },
      "geometry": {
        "type": "Point",
        "coordinates": [
          121.04669829879228,
          14.650923356196488
        ]
      }
    },
    {
      "type": "Feature",
      "properties": {
        "id": "STOP_1771",
        "name": "CUBAO KALAYAAN - SM LAGRO (Stop)"
      },
      "geometry": {
        "type": "Point",
        "coordinates": [
          121.04772264371316,
          14.649429297206138
        ]
      }
    },
    {
      "type": "Feature",
      "properties": {
        "id": "STOP_1772",
        "name": "CUBAO KALAYAAN - SM LAGRO (Stop)"
      },
      "geometry": {
        "type": "Point",
        "coordinates": [
          121.0489631109797,
          14.648625903614974
        ]
      }
    },
    {
      "type": "Feature",
      "properties": {
        "id": "STOP_1773",
        "name": "CUBAO KALAYAAN - SM LAGRO (Stop)"
      },
      "geometry": {
        "type": "Point",
        "coordinates": [
          121.05078384281843,
          14.648703467623825
        ]
      }
    },
    {
      "type": "Feature",
      "properties": {
        "id": "STOP_1774",
        "name": "CUBAO KALAYAAN - SM LAGRO (Stop)"
      },
      "geometry": {
        "type": "Point",
        "coordinates": [
          121.05203607484015,
          14.647136589008333
        ]
      }
    },
    {
      "type": "Feature",
      "properties": {
        "id": "STOP_1775",
        "name": "CUBAO KALAYAAN - SM LAGRO (Stop)"
      },
      "geometry": {
        "type": "Point",
        "coordinates": [
          121.05333060744772,
          14.645038795424531
        ]
      }
    },
    {
      "type": "Feature",
      "properties": {
        "id": "STOP_1776",
        "name": "CUBAO KALAYAAN - SM LAGRO (Stop)"
      },
      "geometry": {
        "type": "Point",
        "coordinates": [
          121.05425629721366,
          14.642832931032771
        ]
      }
    },
    {
      "type": "Feature",
      "properties": {
        "id": "STOP_1777",
        "name": "CUBAO KALAYAAN - SM LAGRO (Stop)"
      },
      "geometry": {
        "type": "Point",
        "coordinates": [
          121.05478495090877,
          14.640570677280664
        ]
      }
    },
    {
      "type": "Feature",
      "properties": {
        "id": "STOP_1778",
        "name": "CUBAO KALAYAAN - SM LAGRO (Stop)"
      },
      "geometry": {
        "type": "Point",
        "coordinates": [
          121.05485077744756,
          14.63866314014854
        ]
      }
    },
    {
      "type": "Feature",
      "properties": {
        "id": "STOP_1779",
        "name": "CUBAO KALAYAAN - SM LAGRO (Stop)"
      },
      "geometry": {
        "type": "Point",
        "coordinates": [
          121.05465113322256,
          14.636588804890463
        ]
      }
    },
    {
      "type": "Feature",
      "properties": {
        "id": "STOP_1780",
        "name": "CUBAO KALAYAAN - SM LAGRO (Stop)"
      },
      "geometry": {
        "type": "Point",
        "coordinates": [
          121.05421185355843,
          14.634657764568887
        ]
      }
    },
    {
      "type": "Feature",
      "properties": {
        "id": "STOP_1781",
        "name": "CUBAO KALAYAAN - SM LAGRO (Stop)"
      },
      "geometry": {
        "type": "Point",
        "coordinates": [
          121.05436694493093,
          14.63316603528386
        ]
      }
    },
    {
      "type": "Feature",
      "properties": {
        "id": "STOP_1782",
        "name": "CUBAO KALAYAAN - SM LAGRO (Stop)"
      },
      "geometry": {
        "type": "Point",
        "coordinates": [
          121.0552926525132,
          14.630208431590576
        ]
      }
    },
    {
      "type": "Feature",
      "properties": {
        "id": "STOP_1783",
        "name": "CUBAO KALAYAAN - SM LAGRO (Stop)"
      },
      "geometry": {
        "type": "Point",
        "coordinates": [
          121.05610555784392,
          14.62869557442402
        ]
      }
    },
    {
      "type": "Feature",
      "properties": {
        "id": "STOP_1784",
        "name": "CUBAO KALAYAAN - SM LAGRO (Stop)"
      },
      "geometry": {
        "type": "Point",
        "coordinates": [
          121.05712995653917,
          14.624932202367217
        ]
      }
    },
    {
      "type": "Feature",
      "properties": {
        "id": "STOP_1785",
        "name": "CUBAO KALAYAAN - SM LAGRO (Stop)"
      },
      "geometry": {
        "type": "Point",
        "coordinates": [
          121.0574071197009,
          14.627389456557676
        ]
      }
    },
    {
      "type": "Feature",
      "properties": {
        "id": "STOP_1786",
        "name": "CUBAO KALAYAAN - SM LAGRO (Stop)"
      },
      "geometry": {
        "type": "Point",
        "coordinates": [
          121.05610085706125,
          14.628784843365272
        ]
      }
    },
    {
      "type": "Feature",
      "properties": {
        "id": "STOP_1787",
        "name": "CUBAO KALAYAAN - SM LAGRO (Stop)"
      },
      "geometry": {
        "type": "Point",
        "coordinates": [
          121.05531379584924,
          14.630236622290928
        ]
      }
    },
    {
      "type": "Feature",
      "properties": {
        "id": "STOP_1788",
        "name": "CUBAO KALAYAAN - SM LAGRO (Stop)"
      },
      "geometry": {
        "type": "Point",
        "coordinates": [
          121.05439513743714,
          14.633144893247993
        ]
      }
    },
    {
      "type": "Feature",
      "properties": {
        "id": "STOP_1789",
        "name": "CUBAO KALAYAAN - SM LAGRO (Stop)"
      },
      "geometry": {
        "type": "Point",
        "coordinates": [
          121.0543504620803,
          14.63474938591542
        ]
      }
    },
    {
      "type": "Feature",
      "properties": {
        "id": "STOP_1790",
        "name": "CUBAO KALAYAAN - SM LAGRO (Stop)"
      },
      "geometry": {
        "type": "Point",
        "coordinates": [
          121.05481088224194,
          14.636828425396665
        ]
      }
    },
    {
      "type": "Feature",
      "properties": {
        "id": "STOP_1791",
        "name": "CUBAO KALAYAAN - SM LAGRO (Stop)"
      },
      "geometry": {
        "type": "Point",
        "coordinates": [
          121.05499173803045,
          14.63863965145976
        ]
      }
    },
    {
      "type": "Feature",
      "properties": {
        "id": "STOP_1792",
        "name": "CUBAO KALAYAAN - SM LAGRO (Stop)"
      },
      "geometry": {
        "type": "Point",
        "coordinates": [
          121.05487187503387,
          14.640622361313579
        ]
      }
    },
    {
      "type": "Feature",
      "properties": {
        "id": "STOP_1793",
        "name": "CUBAO KALAYAAN - SM LAGRO (Stop)"
      },
      "geometry": {
        "type": "Point",
        "coordinates": [
          121.05438785907005,
          14.642868171769845
        ]
      }
    },
    {
      "type": "Feature",
      "properties": {
        "id": "STOP_1794",
        "name": "CUBAO KALAYAAN - SM LAGRO (Stop)"
      },
      "geometry": {
        "type": "Point",
        "coordinates": [
          121.05349741164821,
          14.644975371162072
        ]
      }
    },
    {
      "type": "Feature",
      "properties": {
        "id": "STOP_1795",
        "name": "CUBAO KALAYAAN - SM LAGRO (Stop)"
      },
      "geometry": {
        "type": "Point",
        "coordinates": [
          121.05248011022088,
          14.646659714321988
        ]
      }
    },
    {
      "type": "Feature",
      "properties": {
        "id": "STOP_1796",
        "name": "CUBAO KALAYAAN - SM LAGRO (Stop)"
      },
      "geometry": {
        "type": "Point",
        "coordinates": [
          121.05174004297926,
          14.6478037510452
        ]
      }
    },
    {
      "type": "Feature",
      "properties": {
        "id": "STOP_1797",
        "name": "CUBAO KALAYAAN - SM LAGRO (Stop)"
      },
      "geometry": {
        "type": "Point",
        "coordinates": [
          121.05155910754802,
          14.649354209421112
        ]
      }
    },
    {
      "type": "Feature",
      "properties": {
        "id": "STOP_1798",
        "name": "CUBAO KALAYAAN - SM LAGRO (Stop)"
      },
      "geometry": {
        "type": "Point",
        "coordinates": [
          121.05203128679489,
          14.650909380837666
        ]
      }
    },
    {
      "type": "Feature",
      "properties": {
        "id": "STOP_1799",
        "name": "CUBAO KALAYAAN - SM LAGRO (Stop)"
      },
      "geometry": {
        "type": "Point",
        "coordinates": [
          121.05177986868013,
          14.652572598543042
        ]
      }
    },
    {
      "type": "Feature",
      "properties": {
        "id": "STOP_1800",
        "name": "CUBAO KALAYAAN - SM LAGRO (Stop)"
      },
      "geometry": {
        "type": "Point",
        "coordinates": [
          121.05358412629835,
          14.65386938946841
        ]
      }
    },
    {
      "type": "Feature",
      "properties": {
        "id": "STOP_1801",
        "name": "CUBAO KALAYAAN - SM LAGRO (Stop)"
      },
      "geometry": {
        "type": "Point",
        "coordinates": [
          121.05559277578696,
          14.655173232540383
        ]
      }
    },
    {
      "type": "Feature",
      "properties": {
        "id": "STOP_1802",
        "name": "CUBAO KALAYAAN - SM LAGRO (Stop)"
      },
      "geometry": {
        "type": "Point",
        "coordinates": [
          121.05774942974058,
          14.656627426810216
        ]
      }
    },
    {
      "type": "Feature",
      "properties": {
        "id": "STOP_1803",
        "name": "CUBAO KALAYAAN - SM LAGRO (Stop)"
      },
      "geometry": {
        "type": "Point",
        "coordinates": [
          121.06007758299921,
          14.658168544796228
        ]
      }
    },
    {
      "type": "Feature",
      "properties": {
        "id": "STOP_1804",
        "name": "CUBAO KALAYAAN - SM LAGRO (Stop)"
      },
      "geometry": {
        "type": "Point",
        "coordinates": [
          121.06226712723395,
          14.659639184104602
        ]
      }
    },
    {
      "type": "Feature",
      "properties": {
        "id": "STOP_1805",
        "name": "CUBAO KALAYAAN - SM LAGRO (Stop)"
      },
      "geometry": {
        "type": "Point",
        "coordinates": [
          121.06480906674662,
          14.661311861282256
        ]
      }
    },
    {
      "type": "Feature",
      "properties": {
        "id": "STOP_1806",
        "name": "CUBAO KALAYAAN - SM LAGRO (Stop)"
      },
      "geometry": {
        "type": "Point",
        "coordinates": [
          121.06756009373524,
          14.663120795916663
        ]
      }
    },
    {
      "type": "Feature",
      "properties": {
        "id": "STOP_1807",
        "name": "CUBAO KALAYAAN - SM LAGRO (Stop)"
      },
      "geometry": {
        "type": "Point",
        "coordinates": [
          121.07013022363638,
          14.664861600109797
        ]
      }
    },
    {
      "type": "Feature",
      "properties": {
        "id": "STOP_1808",
        "name": "CUBAO KALAYAAN - SM LAGRO (Stop)"
      },
      "geometry": {
        "type": "Point",
        "coordinates": [
          121.07236675309476,
          14.666393319300287
        ]
      }
    },
    {
      "type": "Feature",
      "properties": {
        "id": "STOP_1809",
        "name": "CUBAO KALAYAAN - SM LAGRO (Stop)"
      },
      "geometry": {
        "type": "Point",
        "coordinates": [
          121.07455394771172,
          14.667875704487306
        ]
      }
    },
    {
      "type": "Feature",
      "properties": {
        "id": "STOP_1810",
        "name": "CUBAO KALAYAAN - SM LAGRO (Stop)"
      },
      "geometry": {
        "type": "Point",
        "coordinates": [
          121.07667300886649,
          14.669475547423511
        ]
      }
    },
    {
      "type": "Feature",
      "properties": {
        "id": "STOP_1811",
        "name": "CUBAO KALAYAAN - SM LAGRO (Stop)"
      },
      "geometry": {
        "type": "Point",
        "coordinates": [
          121.07887193490399,
          14.671601609720142
        ]
      }
    },
    {
      "type": "Feature",
      "properties": {
        "id": "STOP_1812",
        "name": "CUBAO KALAYAAN - SM LAGRO (Stop)"
      },
      "geometry": {
        "type": "Point",
        "coordinates": [
          121.08056340985789,
          14.67351623392748
        ]
      }
    },
    {
      "type": "Feature",
      "properties": {
        "id": "STOP_1813",
        "name": "CUBAO KALAYAAN - SM LAGRO (Stop)"
      },
      "geometry": {
        "type": "Point",
        "coordinates": [
          121.0819118838643,
          14.675355676500015
        ]
      }
    },
    {
      "type": "Feature",
      "properties": {
        "id": "STOP_1814",
        "name": "CUBAO KALAYAAN - SM LAGRO (Stop)"
      },
      "geometry": {
        "type": "Point",
        "coordinates": [
          121.08305361510959,
          14.677253844074494
        ]
      }
    },
    {
      "type": "Feature",
      "properties": {
        "id": "STOP_1815",
        "name": "CUBAO KALAYAAN - SM LAGRO (Stop)"
      },
      "geometry": {
        "type": "Point",
        "coordinates": [
          121.08418828232956,
          14.679828576942988
        ]
      }
    },
    {
      "type": "Feature",
      "properties": {
        "id": "STOP_1816",
        "name": "CUBAO KALAYAAN - SM LAGRO (Stop)"
      },
      "geometry": {
        "type": "Point",
        "coordinates": [
          121.08538637794506,
          14.682556008305978
        ]
      }
    },
    {
      "type": "Feature",
      "properties": {
        "id": "STOP_1817",
        "name": "CUBAO KALAYAAN - SM LAGRO (Stop)"
      },
      "geometry": {
        "type": "Point",
        "coordinates": [
          121.08658447228179,
          14.685337470945889
        ]
      }
    },
    {
      "type": "Feature",
      "properties": {
        "id": "STOP_1818",
        "name": "CUBAO KALAYAAN - SM LAGRO (Stop)"
      },
      "geometry": {
        "type": "Point",
        "coordinates": [
          121.08712948076847,
          14.686897342420126
        ]
      }
    },
    {
      "type": "Feature",
      "properties": {
        "id": "STOP_1819",
        "name": "CUBAO KALAYAAN - SM LAGRO (Stop)"
      },
      "geometry": {
        "type": "Point",
        "coordinates": [
          121.0874254420746,
          14.689208947705112
        ]
      }
    },
    {
      "type": "Feature",
      "properties": {
        "id": "STOP_1820",
        "name": "CUBAO KALAYAAN - SM LAGRO (Stop)"
      },
      "geometry": {
        "type": "Point",
        "coordinates": [
          121.08747939346516,
          14.692725679792735
        ]
      }
    },
    {
      "type": "Feature",
      "properties": {
        "id": "STOP_1821",
        "name": "CUBAO KALAYAAN - SM LAGRO (Stop)"
      },
      "geometry": {
        "type": "Point",
        "coordinates": [
          121.0875168877277,
          14.696740438884383
        ]
      }
    },
    {
      "type": "Feature",
      "properties": {
        "id": "STOP_1822",
        "name": "CUBAO KALAYAAN - SM LAGRO (Stop)"
      },
      "geometry": {
        "type": "Point",
        "coordinates": [
          121.08735941644278,
          14.699524220342155
        ]
      }
    },
    {
      "type": "Feature",
      "properties": {
        "id": "STOP_1823",
        "name": "CUBAO KALAYAAN - SM LAGRO (Stop)"
      },
      "geometry": {
        "type": "Point",
        "coordinates": [
          121.08655119562128,
          14.701636120112227
        ]
      }
    },
    {
      "type": "Feature",
      "properties": {
        "id": "STOP_1824",
        "name": "CUBAO KALAYAAN - SM LAGRO (Stop)"
      },
      "geometry": {
        "type": "Point",
        "coordinates": [
          121.08496064961038,
          14.70362349549777
        ]
      }
    },
    {
      "type": "Feature",
      "properties": {
        "id": "STOP_1825",
        "name": "CUBAO KALAYAAN - SM LAGRO (Stop)"
      },
      "geometry": {
        "type": "Point",
        "coordinates": [
          121.08283212424995,
          14.704847373477811
        ]
      }
    },
    {
      "type": "Feature",
      "properties": {
        "id": "STOP_1826",
        "name": "CUBAO KALAYAAN - SM LAGRO (Stop)"
      },
      "geometry": {
        "type": "Point",
        "coordinates": [
          121.08095264990577,
          14.70515742382091
        ]
      }
    },
    {
      "type": "Feature",
      "properties": {
        "id": "STOP_1827",
        "name": "CUBAO KALAYAAN - SM LAGRO (Stop)"
      },
      "geometry": {
        "type": "Point",
        "coordinates": [
          121.07757665713552,
          14.705164395638027
        ]
      }
    },
    {
      "type": "Feature",
      "properties": {
        "id": "STOP_1828",
        "name": "CUBAO KALAYAAN - SM LAGRO (Stop)"
      },
      "geometry": {
        "type": "Point",
        "coordinates": [
          121.0748443805875,
          14.705223063981961
        ]
      }
    },
    {
      "type": "Feature",
      "properties": {
        "id": "STOP_1829",
        "name": "CUBAO KALAYAAN - SM LAGRO (Stop)"
      },
      "geometry": {
        "type": "Point",
        "coordinates": [
          121.07125927190755,
          14.706294212224051
        ]
      }
    },
    {
      "type": "Feature",
      "properties": {
        "id": "STOP_1830",
        "name": "CUBAO KALAYAAN - SM LAGRO (Stop)"
      },
      "geometry": {
        "type": "Point",
        "coordinates": [
          121.06844241416603,
          14.70657135294145
        ]
      }
    },
    {
      "type": "Feature",
      "properties": {
        "id": "STOP_1831",
        "name": "CUBAO KALAYAAN - SM LAGRO (Stop)"
      },
      "geometry": {
        "type": "Point",
        "coordinates": [
          121.06559032281307,
          14.70657833651432
        ]
      }
    },
    {
      "type": "Feature",
      "properties": {
        "id": "STOP_1832",
        "name": "CUBAO KALAYAAN - SM LAGRO (Stop)"
      },
      "geometry": {
        "type": "Point",
        "coordinates": [
          121.06393872521288,
          14.70725251575728
        ]
      }
    },
    {
      "type": "Feature",
      "properties": {
        "id": "STOP_1833",
        "name": "CUBAO KALAYAAN - SM LAGRO (Stop)"
      },
      "geometry": {
        "type": "Point",
        "coordinates": [
          121.06230354302139,
          14.709190557278838
        ]
      }
    },
    {
      "type": "Feature",
      "properties": {
        "id": "STOP_1834",
        "name": "CUBAO KALAYAAN - SM LAGRO (Stop)"
      },
      "geometry": {
        "type": "Point",
        "coordinates": [
          121.06122046433296,
          14.710703408579134
        ]
      }
    },
    {
      "type": "Feature",
      "properties": {
        "id": "STOP_1835",
        "name": "CUBAO KALAYAAN - SM LAGRO (Stop)"
      },
      "geometry": {
        "type": "Point",
        "coordinates": [
          121.06125750920565,
          14.733699588723166
        ]
      }
    },
    {
      "type": "Feature",
      "properties": {
        "id": "STOP_1836",
        "name": "PROJECT 2 and 3 - QUIAPO (Start)"
      },
      "geometry": {
        "type": "Point",
        "coordinates": [
          121.0630895424491,
          14.62858414500504
        ]
      }
    },
    {
      "type": "Feature",
      "properties": {
        "id": "STOP_1837",
        "name": "PROJECT 2 and 3 - QUIAPO (Stop)"
      },
      "geometry": {
        "type": "Point",
        "coordinates": [
          121.0668966213677,
          14.629278414824055
        ]
      }
    },
    {
      "type": "Feature",
      "properties": {
        "id": "STOP_1838",
        "name": "PROJECT 2 and 3 - QUIAPO (Stop)"
      },
      "geometry": {
        "type": "Point",
        "coordinates": [
          121.06988964007546,
          14.630650406353444
        ]
      }
    },
    {
      "type": "Feature",
      "properties": {
        "id": "STOP_1839",
        "name": "PROJECT 2 and 3 - QUIAPO (Stop)"
      },
      "geometry": {
        "type": "Point",
        "coordinates": [
          121.06881830099326,
          14.632460429670067
        ]
      }
    },
    {
      "type": "Feature",
      "properties": {
        "id": "STOP_1840",
        "name": "PROJECT 2 and 3 - QUIAPO (Stop)"
      },
      "geometry": {
        "type": "Point",
        "coordinates": [
          121.0672348474487,
          14.632569631224547
        ]
      }
    },
    {
      "type": "Feature",
      "properties": {
        "id": "STOP_1841",
        "name": "PROJECT 2 and 3 - QUIAPO (Stop)"
      },
      "geometry": {
        "type": "Point",
        "coordinates": [
          121.06551277027039,
          14.633225015282267
        ]
      }
    },
    {
      "type": "Feature",
      "properties": {
        "id": "STOP_1842",
        "name": "PROJECT 2 and 3 - QUIAPO (Stop)"
      },
      "geometry": {
        "type": "Point",
        "coordinates": [
          121.06446261162083,
          14.6334974972055
        ]
      }
    },
    {
      "type": "Feature",
      "properties": {
        "id": "STOP_1843",
        "name": "PROJECT 2 and 3 - QUIAPO (Stop)"
      },
      "geometry": {
        "type": "Point",
        "coordinates": [
          121.0636623885295,
          14.63270727197445
        ]
      }
    },
    {
      "type": "Feature",
      "properties": {
        "id": "STOP_1844",
        "name": "PROJECT 2 and 3 - QUIAPO (Stop)"
      },
      "geometry": {
        "type": "Point",
        "coordinates": [
          121.06163897702534,
          14.634724589532984
        ]
      }
    },
    {
      "type": "Feature",
      "properties": {
        "id": "STOP_1845",
        "name": "PROJECT 2 and 3 - QUIAPO (Stop)"
      },
      "geometry": {
        "type": "Point",
        "coordinates": [
          121.06004612566957,
          14.634853758954982
        ]
      }
    },
    {
      "type": "Feature",
      "properties": {
        "id": "STOP_1846",
        "name": "PROJECT 2 and 3 - QUIAPO (Stop)"
      },
      "geometry": {
        "type": "Point",
        "coordinates": [
          121.05800221881569,
          14.63428286097819
        ]
      }
    },
    {
      "type": "Feature",
      "properties": {
        "id": "STOP_1847",
        "name": "PROJECT 2 and 3 - QUIAPO (Stop)"
      },
      "geometry": {
        "type": "Point",
        "coordinates": [
          121.05441716002707,
          14.63324678966222
        ]
      }
    },
    {
      "type": "Feature",
      "properties": {
        "id": "STOP_1848",
        "name": "PROJECT 2 and 3 - QUIAPO (Stop)"
      },
      "geometry": {
        "type": "Point",
        "coordinates": [
          121.04985948378707,
          14.63192644505684
        ]
      }
    },
    {
      "type": "Feature",
      "properties": {
        "id": "STOP_1849",
        "name": "PROJECT 2 and 3 - QUIAPO (Stop)"
      },
      "geometry": {
        "type": "Point",
        "coordinates": [
          121.0460206987793,
          14.630812844918566
        ]
      }
    },
    {
      "type": "Feature",
      "properties": {
        "id": "STOP_1850",
        "name": "PROJECT 2 and 3 - QUIAPO (Stop)"
      },
      "geometry": {
        "type": "Point",
        "coordinates": [
          121.04495170048072,
          14.63298346827455
        ]
      }
    },
    {
      "type": "Feature",
      "properties": {
        "id": "STOP_1851",
        "name": "PROJECT 2 and 3 - QUIAPO (Stop)"
      },
      "geometry": {
        "type": "Point",
        "coordinates": [
          121.0435585431009,
          14.633086801141765
        ]
      }
    },
    {
      "type": "Feature",
      "properties": {
        "id": "STOP_1852",
        "name": "PROJECT 2 and 3 - QUIAPO (Stop)"
      },
      "geometry": {
        "type": "Point",
        "coordinates": [
          121.0416526365404,
          14.633489056343015
        ]
      }
    },
    {
      "type": "Feature",
      "properties": {
        "id": "STOP_1853",
        "name": "PROJECT 2 and 3 - QUIAPO (Stop)"
      },
      "geometry": {
        "type": "Point",
        "coordinates": [
          121.0388023738014,
          14.630683477572305
        ]
      }
    },
    {
      "type": "Feature",
      "properties": {
        "id": "STOP_1854",
        "name": "PROJECT 2 and 3 - QUIAPO (Stop)"
      },
      "geometry": {
        "type": "Point",
        "coordinates": [
          121.0386276901503,
          14.62865553929778
        ]
      }
    },
    {
      "type": "Feature",
      "properties": {
        "id": "STOP_1855",
        "name": "PROJECT 2 and 3 - QUIAPO (Stop)"
      },
      "geometry": {
        "type": "Point",
        "coordinates": [
          121.03947821393658,
          14.625914058979097
        ]
      }
    },
    {
      "type": "Feature",
      "properties": {
        "id": "STOP_1856",
        "name": "PROJECT 2 and 3 - QUIAPO (Stop)"
      },
      "geometry": {
        "type": "Point",
        "coordinates": [
          121.04004913182503,
          14.624657257590705
        ]
      }
    },
    {
      "type": "Feature",
      "properties": {
        "id": "STOP_1857",
        "name": "PROJECT 2 and 3 - QUIAPO (Stop)"
      },
      "geometry": {
        "type": "Point",
        "coordinates": [
          121.03508734772471,
          14.624283625636103
        ]
      }
    },
    {
      "type": "Feature",
      "properties": {
        "id": "STOP_1858",
        "name": "PROJECT 2 and 3 - QUIAPO (Stop)"
      },
      "geometry": {
        "type": "Point",
        "coordinates": [
          121.03141769486301,
          14.62400868849797
        ]
      }
    },
    {
      "type": "Feature",
      "properties": {
        "id": "STOP_1859",
        "name": "PROJECT 2 and 3 - QUIAPO (Stop)"
      },
      "geometry": {
        "type": "Point",
        "coordinates": [
          121.02650762325761,
          14.622488655203183
        ]
      }
    },
    {
      "type": "Feature",
      "properties": {
        "id": "STOP_1860",
        "name": "PROJECT 2 and 3 - QUIAPO (Stop)"
      },
      "geometry": {
        "type": "Point",
        "coordinates": [
          121.02354513449824,
          14.62159589817648
        ]
      }
    },
    {
      "type": "Feature",
      "properties": {
        "id": "STOP_1861",
        "name": "PROJECT 2 and 3 - QUIAPO (Stop)"
      },
      "geometry": {
        "type": "Point",
        "coordinates": [
          121.02111124277873,
          14.620832358224488
        ]
      }
    },
    {
      "type": "Feature",
      "properties": {
        "id": "STOP_1862",
        "name": "PROJECT 2 and 3 - QUIAPO (Stop)"
      },
      "geometry": {
        "type": "Point",
        "coordinates": [
          121.01875957729516,
          14.620087613602928
        ]
      }
    },
    {
      "type": "Feature",
      "properties": {
        "id": "STOP_1863",
        "name": "PROJECT 2 and 3 - QUIAPO (Stop)"
      },
      "geometry": {
        "type": "Point",
        "coordinates": [
          121.01546818413571,
          14.619096183395778
        ]
      }
    },
    {
      "type": "Feature",
      "properties": {
        "id": "STOP_1864",
        "name": "PROJECT 2 and 3 - QUIAPO (Stop)"
      },
      "geometry": {
        "type": "Point",
        "coordinates": [
          121.01056513724257,
          14.618558109769719
        ]
      }
    },
    {
      "type": "Feature",
      "properties": {
        "id": "STOP_1865",
        "name": "PROJECT 2 and 3 - QUIAPO (Stop)"
      },
      "geometry": {
        "type": "Point",
        "coordinates": [
          121.00661826480356,
          14.618205643276008
        ]
      }
    },
    {
      "type": "Feature",
      "properties": {
        "id": "STOP_1866",
        "name": "PROJECT 2 and 3 - QUIAPO (Stop)"
      },
      "geometry": {
        "type": "Point",
        "coordinates": [
          121.00259386373227,
          14.617879016079776
        ]
      }
    },
    {
      "type": "Feature",
      "properties": {
        "id": "STOP_1867",
        "name": "PROJECT 2 and 3 - QUIAPO (Stop)"
      },
      "geometry": {
        "type": "Point",
        "coordinates": [
          121.00312008901072,
          14.618954954842232
        ]
      }
    },
    {
      "type": "Feature",
      "properties": {
        "id": "STOP_1868",
        "name": "PROJECT 2 and 3 - QUIAPO (Stop)"
      },
      "geometry": {
        "type": "Point",
        "coordinates": [
          121.00168701871182,
          14.617970613938082
        ]
      }
    },
    {
      "type": "Feature",
      "properties": {
        "id": "STOP_1869",
        "name": "PROJECT 2 and 3 - QUIAPO (Stop)"
      },
      "geometry": {
        "type": "Point",
        "coordinates": [
          120.99985458098082,
          14.6161710967087
        ]
      }
    },
    {
      "type": "Feature",
      "properties": {
        "id": "STOP_1870",
        "name": "PROJECT 2 and 3 - QUIAPO (Stop)"
      },
      "geometry": {
        "type": "Point",
        "coordinates": [
          120.99796575701127,
          14.614465545632426
        ]
      }
    },
    {
      "type": "Feature",
      "properties": {
        "id": "STOP_1871",
        "name": "PROJECT 2 and 3 - QUIAPO (Stop)"
      },
      "geometry": {
        "type": "Point",
        "coordinates": [
          120.99439954460465,
          14.611244732256598
        ]
      }
    },
    {
      "type": "Feature",
      "properties": {
        "id": "STOP_1872",
        "name": "PROJECT 2 and 3 - QUIAPO (Stop)"
      },
      "geometry": {
        "type": "Point",
        "coordinates": [
          120.99153811725434,
          14.608660563976796
        ]
      }
    },
    {
      "type": "Feature",
      "properties": {
        "id": "STOP_1873",
        "name": "PROJECT 2 and 3 - QUIAPO (Stop)"
      },
      "geometry": {
        "type": "Point",
        "coordinates": [
          120.9892922031154,
          14.606593230327125
        ]
      }
    },
    {
      "type": "Feature",
      "properties": {
        "id": "STOP_1874",
        "name": "PROJECT 2 and 3 - QUIAPO (Stop)"
      },
      "geometry": {
        "type": "Point",
        "coordinates": [
          120.98560848927505,
          14.604838306031057
        ]
      }
    },
    {
      "type": "Feature",
      "properties": {
        "id": "STOP_1875",
        "name": "PROJECT 2 and 3 - QUIAPO (Stop)"
      },
      "geometry": {
        "type": "Point",
        "coordinates": [
          120.98503293878635,
          14.603306624199249
        ]
      }
    },
    {
      "type": "Feature",
      "properties": {
        "id": "STOP_1876",
        "name": "PROJECT 2 and 3 - QUIAPO (Stop)"
      },
      "geometry": {
        "type": "Point",
        "coordinates": [
          120.98459601023877,
          14.601300410030928
        ]
      }
    },
    {
      "type": "Feature",
      "properties": {
        "id": "STOP_1877",
        "name": "PROJECT 2 and 3 - QUIAPO (Stop)"
      },
      "geometry": {
        "type": "Point",
        "coordinates": [
          120.984133246981,
          14.598958261773289
        ]
      }
    },
    {
      "type": "Feature",
      "properties": {
        "id": "STOP_1878",
        "name": "PROJECT 2 and 3 - QUIAPO (Stop)"
      },
      "geometry": {
        "type": "Point",
        "coordinates": [
          120.98445038416548,
          14.599923784104854
        ]
      }
    },
    {
      "type": "Feature",
      "properties": {
        "id": "STOP_1879",
        "name": "PROJECT 2 and 3 - QUIAPO (Stop)"
      },
      "geometry": {
        "type": "Point",
        "coordinates": [
          120.98502590208595,
          14.602829739400274
        ]
      }
    },
    {
      "type": "Feature",
      "properties": {
        "id": "STOP_1880",
        "name": "PROJECT 2 and 3 - QUIAPO (Stop)"
      },
      "geometry": {
        "type": "Point",
        "coordinates": [
          120.98553096409822,
          14.60471849583205
        ]
      }
    },
    {
      "type": "Feature",
      "properties": {
        "id": "STOP_1881",
        "name": "PROJECT 2 and 3 - QUIAPO (Stop)"
      },
      "geometry": {
        "type": "Point",
        "coordinates": [
          120.98758427094369,
          14.605178982318298
        ]
      }
    },
    {
      "type": "Feature",
      "properties": {
        "id": "STOP_1882",
        "name": "PROJECT 2 and 3 - QUIAPO (Stop)"
      },
      "geometry": {
        "type": "Point",
        "coordinates": [
          120.98975971442115,
          14.606851651230254
        ]
      }
    },
    {
      "type": "Feature",
      "properties": {
        "id": "STOP_1883",
        "name": "PROJECT 2 and 3 - QUIAPO (Stop)"
      },
      "geometry": {
        "type": "Point",
        "coordinates": [
          120.99184117920099,
          14.608749839833406
        ]
      }
    },
    {
      "type": "Feature",
      "properties": {
        "id": "STOP_1884",
        "name": "PROJECT 2 and 3 - QUIAPO (Stop)"
      },
      "geometry": {
        "type": "Point",
        "coordinates": [
          120.99362898326565,
          14.610394309812571
        ]
      }
    },
    {
      "type": "Feature",
      "properties": {
        "id": "STOP_1885",
        "name": "PROJECT 2 and 3 - QUIAPO (Stop)"
      },
      "geometry": {
        "type": "Point",
        "coordinates": [
          120.99603699943206,
          14.612546217785077
        ]
      }
    },
    {
      "type": "Feature",
      "properties": {
        "id": "STOP_1886",
        "name": "PROJECT 2 and 3 - QUIAPO (Stop)"
      },
      "geometry": {
        "type": "Point",
        "coordinates": [
          120.9984966987704,
          14.61478974515398
        ]
      }
    },
    {
      "type": "Feature",
      "properties": {
        "id": "STOP_1887",
        "name": "PROJECT 2 and 3 - QUIAPO (Stop)"
      },
      "geometry": {
        "type": "Point",
        "coordinates": [
          121.0001623405368,
          14.616305007194287
        ]
      }
    },
    {
      "type": "Feature",
      "properties": {
        "id": "STOP_1888",
        "name": "PROJECT 2 and 3 - QUIAPO (Stop)"
      },
      "geometry": {
        "type": "Point",
        "coordinates": [
          121.00165648705794,
          14.617561854982668
        ]
      }
    },
    {
      "type": "Feature",
      "properties": {
        "id": "STOP_1889",
        "name": "PROJECT 2 and 3 - QUIAPO (Stop)"
      },
      "geometry": {
        "type": "Point",
        "coordinates": [
          121.00318707015661,
          14.617894299113093
        ]
      }
    },
    {
      "type": "Feature",
      "properties": {
        "id": "STOP_1890",
        "name": "PROJECT 2 and 3 - QUIAPO (Stop)"
      },
      "geometry": {
        "type": "Point",
        "coordinates": [
          121.00544360074024,
          14.618085808426184
        ]
      }
    },
    {
      "type": "Feature",
      "properties": {
        "id": "STOP_1891",
        "name": "PROJECT 2 and 3 - QUIAPO (Stop)"
      },
      "geometry": {
        "type": "Point",
        "coordinates": [
          121.00787398210737,
          14.618273797866864
        ]
      }
    },
    {
      "type": "Feature",
      "properties": {
        "id": "STOP_1892",
        "name": "PROJECT 2 and 3 - QUIAPO (Stop)"
      },
      "geometry": {
        "type": "Point",
        "coordinates": [
          121.01034430184133,
          14.618474708724612
        ]
      }
    },
    {
      "type": "Feature",
      "properties": {
        "id": "STOP_1893",
        "name": "PROJECT 2 and 3 - QUIAPO (Stop)"
      },
      "geometry": {
        "type": "Point",
        "coordinates": [
          121.01419367870479,
          14.61875199909294
        ]
      }
    },
    {
      "type": "Feature",
      "properties": {
        "id": "STOP_1894",
        "name": "PROJECT 2 and 3 - QUIAPO (Stop)"
      },
      "geometry": {
        "type": "Point",
        "coordinates": [
          121.01558917563342,
          14.619062122925111
        ]
      }
    },
    {
      "type": "Feature",
      "properties": {
        "id": "STOP_1895",
        "name": "PROJECT 2 and 3 - QUIAPO (Stop)"
      },
      "geometry": {
        "type": "Point",
        "coordinates": [
          121.01781045445709,
          14.619749309574456
        ]
      }
    },
    {
      "type": "Feature",
      "properties": {
        "id": "STOP_1896",
        "name": "PROJECT 2 and 3 - QUIAPO (Stop)"
      },
      "geometry": {
        "type": "Point",
        "coordinates": [
          121.01953250321557,
          14.620294359287614
        ]
      }
    },
    {
      "type": "Feature",
      "properties": {
        "id": "STOP_1897",
        "name": "PROJECT 2 and 3 - QUIAPO (Stop)"
      },
      "geometry": {
        "type": "Point",
        "coordinates": [
          121.02116527795697,
          14.62081121676943
        ]
      }
    },
    {
      "type": "Feature",
      "properties": {
        "id": "STOP_1898",
        "name": "PROJECT 2 and 3 - QUIAPO (Stop)"
      },
      "geometry": {
        "type": "Point",
        "coordinates": [
          121.02371076211313,
          14.621613520788397
        ]
      }
    },
    {
      "type": "Feature",
      "properties": {
        "id": "STOP_1899",
        "name": "PROJECT 2 and 3 - QUIAPO (Stop)"
      },
      "geometry": {
        "type": "Point",
        "coordinates": [
          121.0257981304087,
          14.622237276420538
        ]
      }
    },
    {
      "type": "Feature",
      "properties": {
        "id": "STOP_1900",
        "name": "PROJECT 2 and 3 - QUIAPO (Stop)"
      },
      "geometry": {
        "type": "Point",
        "coordinates": [
          121.0280569981215,
          14.62294325739591
        ]
      }
    },
    {
      "type": "Feature",
      "properties": {
        "id": "STOP_1901",
        "name": "PROJECT 2 and 3 - QUIAPO (Stop)"
      },
      "geometry": {
        "type": "Point",
        "coordinates": [
          121.03067766034184,
          14.623771404142193
        ]
      }
    },
    {
      "type": "Feature",
      "properties": {
        "id": "STOP_1902",
        "name": "PROJECT 2 and 3 - QUIAPO (Stop)"
      },
      "geometry": {
        "type": "Point",
        "coordinates": [
          121.03273449505913,
          14.624067447716817
        ]
      }
    },
    {
      "type": "Feature",
      "properties": {
        "id": "STOP_1903",
        "name": "PROJECT 2 and 3 - QUIAPO (Stop)"
      },
      "geometry": {
        "type": "Point",
        "coordinates": [
          121.03491232344318,
          14.624237812587866
        ]
      }
    },
    {
      "type": "Feature",
      "properties": {
        "id": "STOP_1904",
        "name": "PROJECT 2 and 3 - QUIAPO (Stop)"
      },
      "geometry": {
        "type": "Point",
        "coordinates": [
          121.03750245937609,
          14.624430503983149
        ]
      }
    },
    {
      "type": "Feature",
      "properties": {
        "id": "STOP_1905",
        "name": "PROJECT 2 and 3 - QUIAPO (Stop)"
      },
      "geometry": {
        "type": "Point",
        "coordinates": [
          121.03988937812983,
          14.624614968663767
        ]
      }
    },
    {
      "type": "Feature",
      "properties": {
        "id": "STOP_1906",
        "name": "PROJECT 2 and 3 - QUIAPO (Stop)"
      },
      "geometry": {
        "type": "Point",
        "coordinates": [
          121.03943885750267,
          14.6261290085636
        ]
      }
    },
    {
      "type": "Feature",
      "properties": {
        "id": "STOP_1907",
        "name": "PROJECT 2 and 3 - QUIAPO (Stop)"
      },
      "geometry": {
        "type": "Point",
        "coordinates": [
          121.03892196388283,
          14.627825108849036
        ]
      }
    },
    {
      "type": "Feature",
      "properties": {
        "id": "STOP_1908",
        "name": "PROJECT 2 and 3 - QUIAPO (Stop)"
      },
      "geometry": {
        "type": "Point",
        "coordinates": [
          121.03854016469279,
          14.629194675394736
        ]
      }
    },
    {
      "type": "Feature",
      "properties": {
        "id": "STOP_1909",
        "name": "PROJECT 2 and 3 - QUIAPO (Stop)"
      },
      "geometry": {
        "type": "Point",
        "coordinates": [
          121.03886668323761,
          14.630834414183076
        ]
      }
    },
    {
      "type": "Feature",
      "properties": {
        "id": "STOP_1910",
        "name": "PROJECT 2 and 3 - QUIAPO (Stop)"
      },
      "geometry": {
        "type": "Point",
        "coordinates": [
          121.03932475562493,
          14.632847676419862
        ]
      }
    },
    {
      "type": "Feature",
      "properties": {
        "id": "STOP_1911",
        "name": "PROJECT 2 and 3 - QUIAPO (Stop)"
      },
      "geometry": {
        "type": "Point",
        "coordinates": [
          121.04038545889959,
          14.633730993983502
        ]
      }
    },
    {
      "type": "Feature",
      "properties": {
        "id": "STOP_1912",
        "name": "PROJECT 2 and 3 - QUIAPO (Stop)"
      },
      "geometry": {
        "type": "Point",
        "coordinates": [
          121.04351243830224,
          14.633049800435002
        ]
      }
    },
    {
      "type": "Feature",
      "properties": {
        "id": "STOP_1913",
        "name": "PROJECT 2 and 3 - QUIAPO (Stop)"
      },
      "geometry": {
        "type": "Point",
        "coordinates": [
          121.04486566697085,
          14.632525962472307
        ]
      }
    },
    {
      "type": "Feature",
      "properties": {
        "id": "STOP_1914",
        "name": "PROJECT 2 and 3 - QUIAPO (Stop)"
      },
      "geometry": {
        "type": "Point",
        "coordinates": [
          121.04567858048503,
          14.63066777503139
        ]
      }
    },
    {
      "type": "Feature",
      "properties": {
        "id": "STOP_1915",
        "name": "PROJECT 2 and 3 - QUIAPO (Stop)"
      },
      "geometry": {
        "type": "Point",
        "coordinates": [
          121.04764907027565,
          14.631255115659519
        ]
      }
    },
    {
      "type": "Feature",
      "properties": {
        "id": "STOP_1916",
        "name": "PROJECT 2 and 3 - QUIAPO (Stop)"
      },
      "geometry": {
        "type": "Point",
        "coordinates": [
          121.05188958862969,
          14.63248383490871
        ]
      }
    },
    {
      "type": "Feature",
      "properties": {
        "id": "STOP_1917",
        "name": "PROJECT 2 and 3 - QUIAPO (Stop)"
      },
      "geometry": {
        "type": "Point",
        "coordinates": [
          121.05525381154905,
          14.63345647325761
        ]
      }
    },
    {
      "type": "Feature",
      "properties": {
        "id": "STOP_1918",
        "name": "PROJECT 2 and 3 - QUIAPO (Stop)"
      },
      "geometry": {
        "type": "Point",
        "coordinates": [
          121.05882947322438,
          14.634483147620392
        ]
      }
    },
    {
      "type": "Feature",
      "properties": {
        "id": "STOP_1919",
        "name": "PROJECT 2 and 3 - QUIAPO (Stop)"
      },
      "geometry": {
        "type": "Point",
        "coordinates": [
          121.05940391855954,
          14.633080696805436
        ]
      }
    },
    {
      "type": "Feature",
      "properties": {
        "id": "STOP_1920",
        "name": "PROJECT 2 and 3 - QUIAPO (Stop)"
      },
      "geometry": {
        "type": "Point",
        "coordinates": [
          121.0605292755113,
          14.631980128699308
        ]
      }
    },
    {
      "type": "Feature",
      "properties": {
        "id": "STOP_1921",
        "name": "PROJECT 2 and 3 - QUIAPO (Stop)"
      },
      "geometry": {
        "type": "Point",
        "coordinates": [
          121.06119886494042,
          14.630743297601962
        ]
      }
    },
    {
      "type": "Feature",
      "properties": {
        "id": "STOP_1922",
        "name": "PROJECT 2 and 3 - QUIAPO (Stop)"
      },
      "geometry": {
        "type": "Point",
        "coordinates": [
          121.06188137414692,
          14.629572243990001
        ]
      }
    },
    {
      "type": "Feature",
      "properties": {
        "id": "STOP_1923",
        "name": "PROJECT 2 and 3 - QUIAPO (Stop)"
      },
      "geometry": {
        "type": "Point",
        "coordinates": [
          121.06303609540518,
          14.628571516932668
        ]
      }
    },
    {
      "type": "Feature",
      "properties": {
        "id": "STOP_1924",
        "name": "PROJECT 2 and 3 - QUIAPO (End)"
      },
      "geometry": {
        "type": "Point",
        "coordinates": [
          121.06309365369283,
          14.62858796252373
        ]
      }
    },
    {
      "type": "Feature",
      "properties": {
        "id": "STOP_1925",
        "name": "PIER SOUTH-FAIRVIEW DAHLIA-PHILCOA (Start)"
      },
      "geometry": {
        "type": "Point",
        "coordinates": [
          121.06770311876697,
          14.699924315470195
        ]
      }
    },
    {
      "type": "Feature",
      "properties": {
        "id": "STOP_1926",
        "name": "PIER SOUTH-FAIRVIEW DAHLIA-PHILCOA (Stop)"
      },
      "geometry": {
        "type": "Point",
        "coordinates": [
          121.06826690412976,
          14.702235926822613
        ]
      }
    },
    {
      "type": "Feature",
      "properties": {
        "id": "STOP_1927",
        "name": "PIER SOUTH-FAIRVIEW DAHLIA-PHILCOA (Stop)"
      },
      "geometry": {
        "type": "Point",
        "coordinates": [
          121.06912670510211,
          14.704566338308178
        ]
      }
    },
    {
      "type": "Feature",
      "properties": {
        "id": "STOP_1928",
        "name": "PIER SOUTH-FAIRVIEW DAHLIA-PHILCOA (Stop)"
      },
      "geometry": {
        "type": "Point",
        "coordinates": [
          121.0694179927829,
          14.705820809999736
        ]
      }
    },
    {
      "type": "Feature",
      "properties": {
        "id": "STOP_1929",
        "name": "PIER SOUTH-FAIRVIEW DAHLIA-PHILCOA (Stop)"
      },
      "geometry": {
        "type": "Point",
        "coordinates": [
          121.07147600314795,
          14.706074568224324
        ]
      }
    },
    {
      "type": "Feature",
      "properties": {
        "id": "STOP_1930",
        "name": "PIER SOUTH-FAIRVIEW DAHLIA-PHILCOA (Stop)"
      },
      "geometry": {
        "type": "Point",
        "coordinates": [
          121.07397571384696,
          14.705247710943155
        ]
      }
    },
    {
      "type": "Feature",
      "properties": {
        "id": "STOP_1931",
        "name": "PIER SOUTH-FAIRVIEW DAHLIA-PHILCOA (Stop)"
      },
      "geometry": {
        "type": "Point",
        "coordinates": [
          121.07947316061875,
          14.705003518966794
        ]
      }
    },
    {
      "type": "Feature",
      "properties": {
        "id": "STOP_1932",
        "name": "PIER SOUTH-FAIRVIEW DAHLIA-PHILCOA (Stop)"
      },
      "geometry": {
        "type": "Point",
        "coordinates": [
          121.08226417757189,
          14.704646505360714
        ]
      }
    },
    {
      "type": "Feature",
      "properties": {
        "id": "STOP_1933",
        "name": "PIER SOUTH-FAIRVIEW DAHLIA-PHILCOA (Stop)"
      },
      "geometry": {
        "type": "Point",
        "coordinates": [
          121.084176553825,
          14.703861920251356
        ]
      }
    },
    {
      "type": "Feature",
      "properties": {
        "id": "STOP_1934",
        "name": "PIER SOUTH-FAIRVIEW DAHLIA-PHILCOA (Stop)"
      },
      "geometry": {
        "type": "Point",
        "coordinates": [
          121.08559558345239,
          14.702508821144871
        ]
      }
    },
    {
      "type": "Feature",
      "properties": {
        "id": "STOP_1935",
        "name": "PIER SOUTH-FAIRVIEW DAHLIA-PHILCOA (Stop)"
      },
      "geometry": {
        "type": "Point",
        "coordinates": [
          121.0867796986192,
          14.70035699364885
        ]
      }
    },
    {
      "type": "Feature",
      "properties": {
        "id": "STOP_1936",
        "name": "PIER SOUTH-FAIRVIEW DAHLIA-PHILCOA (Stop)"
      },
      "geometry": {
        "type": "Point",
        "coordinates": [
          121.08716035488516,
          14.697646041949913
        ]
      }
    },
    {
      "type": "Feature",
      "properties": {
        "id": "STOP_1937",
        "name": "PIER SOUTH-FAIRVIEW DAHLIA-PHILCOA (Stop)"
      },
      "geometry": {
        "type": "Point",
        "coordinates": [
          121.08716047260499,
          14.692675165145124
        ]
      }
    },
    {
      "type": "Feature",
      "properties": {
        "id": "STOP_1938",
        "name": "PIER SOUTH-FAIRVIEW DAHLIA-PHILCOA (Stop)"
      },
      "geometry": {
        "type": "Point",
        "coordinates": [
          121.08711357795053,
          14.688789611073954
        ]
      }
    },
    {
      "type": "Feature",
      "properties": {
        "id": "STOP_1939",
        "name": "PIER SOUTH-FAIRVIEW DAHLIA-PHILCOA (Stop)"
      },
      "geometry": {
        "type": "Point",
        "coordinates": [
          121.08678941818562,
          14.686750510687789
        ]
      }
    },
    {
      "type": "Feature",
      "properties": {
        "id": "STOP_1940",
        "name": "PIER SOUTH-FAIRVIEW DAHLIA-PHILCOA (Stop)"
      },
      "geometry": {
        "type": "Point",
        "coordinates": [
          121.08555843417723,
          14.683926761964193
        ]
      }
    },
    {
      "type": "Feature",
      "properties": {
        "id": "STOP_1941",
        "name": "PIER SOUTH-FAIRVIEW DAHLIA-PHILCOA (Stop)"
      },
      "geometry": {
        "type": "Point",
        "coordinates": [
          121.08377303822893,
          14.679801551988641
        ]
      }
    },
    {
      "type": "Feature",
      "properties": {
        "id": "STOP_1942",
        "name": "PIER SOUTH-FAIRVIEW DAHLIA-PHILCOA (Stop)"
      },
      "geometry": {
        "type": "Point",
        "coordinates": [
          121.08242928564644,
          14.67700129261101
        ]
      }
    },
    {
      "type": "Feature",
      "properties": {
        "id": "STOP_1943",
        "name": "PIER SOUTH-FAIRVIEW DAHLIA-PHILCOA (Stop)"
      },
      "geometry": {
        "type": "Point",
        "coordinates": [
          121.08061097054005,
          14.674078864939421
        ]
      }
    },
    {
      "type": "Feature",
      "properties": {
        "id": "STOP_1944",
        "name": "PIER SOUTH-FAIRVIEW DAHLIA-PHILCOA (Stop)"
      },
      "geometry": {
        "type": "Point",
        "coordinates": [
          121.07853891581483,
          14.671645062177552
        ]
      }
    },
    {
      "type": "Feature",
      "properties": {
        "id": "STOP_1945",
        "name": "PIER SOUTH-FAIRVIEW DAHLIA-PHILCOA (Stop)"
      },
      "geometry": {
        "type": "Point",
        "coordinates": [
          121.07576206163016,
          14.669183053371688
        ]
      }
    },
    {
      "type": "Feature",
      "properties": {
        "id": "STOP_1946",
        "name": "PIER SOUTH-FAIRVIEW DAHLIA-PHILCOA (Stop)"
      },
      "geometry": {
        "type": "Point",
        "coordinates": [
          121.07044325458111,
          14.66561217192136
        ]
      }
    },
    {
      "type": "Feature",
      "properties": {
        "id": "STOP_1947",
        "name": "PIER SOUTH-FAIRVIEW DAHLIA-PHILCOA (Stop)"
      },
      "geometry": {
        "type": "Point",
        "coordinates": [
          121.06826310890939,
          14.664089850738856
        ]
      }
    },
    {
      "type": "Feature",
      "properties": {
        "id": "STOP_1948",
        "name": "PIER SOUTH-FAIRVIEW DAHLIA-PHILCOA (Stop)"
      },
      "geometry": {
        "type": "Point",
        "coordinates": [
          121.06653872452677,
          14.662966901332586
        ]
      }
    },
    {
      "type": "Feature",
      "properties": {
        "id": "STOP_1949",
        "name": "PIER SOUTH-FAIRVIEW DAHLIA-PHILCOA (Stop)"
      },
      "geometry": {
        "type": "Point",
        "coordinates": [
          121.06340006414383,
          14.660876055729403
        ]
      }
    },
    {
      "type": "Feature",
      "properties": {
        "id": "STOP_1950",
        "name": "PIER SOUTH-FAIRVIEW DAHLIA-PHILCOA (Stop)"
      },
      "geometry": {
        "type": "Point",
        "coordinates": [
          121.05918072680892,
          14.658085128572765
        ]
      }
    },
    {
      "type": "Feature",
      "properties": {
        "id": "STOP_1951",
        "name": "PIER SOUTH-FAIRVIEW DAHLIA-PHILCOA (Stop)"
      },
      "geometry": {
        "type": "Point",
        "coordinates": [
          121.05578834004326,
          14.655923801709438
        ]
      }
    },
    {
      "type": "Feature",
      "properties": {
        "id": "STOP_1952",
        "name": "PIER SOUTH-FAIRVIEW DAHLIA-PHILCOA (Stop)"
      },
      "geometry": {
        "type": "Point",
        "coordinates": [
          121.0515971949292,
          14.653123478447505
        ]
      }
    },
    {
      "type": "Feature",
      "properties": {
        "id": "STOP_1953",
        "name": "PIER SOUTH-FAIRVIEW DAHLIA-PHILCOA (Stop)"
      },
      "geometry": {
        "type": "Point",
        "coordinates": [
          121.04995733647071,
          14.654114797919732
        ]
      }
    },
    {
      "type": "Feature",
      "properties": {
        "id": "STOP_1954",
        "name": "PIER SOUTH-FAIRVIEW DAHLIA-PHILCOA (Stop)"
      },
      "geometry": {
        "type": "Point",
        "coordinates": [
          121.04777715239021,
          14.654213414758066
        ]
      }
    },
    {
      "type": "Feature",
      "properties": {
        "id": "STOP_1955",
        "name": "PIER SOUTH-FAIRVIEW DAHLIA-PHILCOA (Stop)"
      },
      "geometry": {
        "type": "Point",
        "coordinates": [
          121.04663540500181,
          14.652996511014047
        ]
      }
    },
    {
      "type": "Feature",
      "properties": {
        "id": "STOP_1956",
        "name": "PIER SOUTH-FAIRVIEW DAHLIA-PHILCOA (Stop)"
      },
      "geometry": {
        "type": "Point",
        "coordinates": [
          121.04663074818369,
          14.651229923390893
        ]
      }
    },
    {
      "type": "Feature",
      "properties": {
        "id": "STOP_1957",
        "name": "PIER SOUTH-FAIRVIEW DAHLIA-PHILCOA (Stop)"
      },
      "geometry": {
        "type": "Point",
        "coordinates": [
          121.04657439567181,
          14.649900283118374
        ]
      }
    },
    {
      "type": "Feature",
      "properties": {
        "id": "STOP_1958",
        "name": "PIER SOUTH-FAIRVIEW DAHLIA-PHILCOA (Stop)"
      },
      "geometry": {
        "type": "Point",
        "coordinates": [
          121.04326188368518,
          14.647847020587053
        ]
      }
    },
    {
      "type": "Feature",
      "properties": {
        "id": "STOP_1959",
        "name": "PIER SOUTH-FAIRVIEW DAHLIA-PHILCOA (Stop)"
      },
      "geometry": {
        "type": "Point",
        "coordinates": [
          121.03969094720628,
          14.645699784832495
        ]
      }
    },
    {
      "type": "Feature",
      "properties": {
        "id": "STOP_1960",
        "name": "PIER SOUTH-FAIRVIEW DAHLIA-PHILCOA (Stop)"
      },
      "geometry": {
        "type": "Point",
        "coordinates": [
          121.03654288479481,
          14.643806270610861
        ]
      }
    },
    {
      "type": "Feature",
      "properties": {
        "id": "STOP_1961",
        "name": "PIER SOUTH-FAIRVIEW DAHLIA-PHILCOA (Stop)"
      },
      "geometry": {
        "type": "Point",
        "coordinates": [
          121.03464935215214,
          14.642523572796948
        ]
      }
    },
    {
      "type": "Feature",
      "properties": {
        "id": "STOP_1962",
        "name": "PIER SOUTH-FAIRVIEW DAHLIA-PHILCOA (Stop)"
      },
      "geometry": {
        "type": "Point",
        "coordinates": [
          121.03030784709598,
          14.639831308701071
        ]
      }
    },
    {
      "type": "Feature",
      "properties": {
        "id": "STOP_1963",
        "name": "PIER SOUTH-FAIRVIEW DAHLIA-PHILCOA (Stop)"
      },
      "geometry": {
        "type": "Point",
        "coordinates": [
          121.02736652337981,
          14.638050560028988
        ]
      }
    },
    {
      "type": "Feature",
      "properties": {
        "id": "STOP_1964",
        "name": "PIER SOUTH-FAIRVIEW DAHLIA-PHILCOA (Stop)"
      },
      "geometry": {
        "type": "Point",
        "coordinates": [
          121.02225914507312,
          14.634954218827978
        ]
      }
    },
    {
      "type": "Feature",
      "properties": {
        "id": "STOP_1965",
        "name": "PIER SOUTH-FAIRVIEW DAHLIA-PHILCOA (Stop)"
      },
      "geometry": {
        "type": "Point",
        "coordinates": [
          121.01942589115131,
          14.63315467910097
        ]
      }
    },
    {
      "type": "Feature",
      "properties": {
        "id": "STOP_1966",
        "name": "PIER SOUTH-FAIRVIEW DAHLIA-PHILCOA (Stop)"
      },
      "geometry": {
        "type": "Point",
        "coordinates": [
          121.01694972939714,
          14.631632351283521
        ]
      }
    },
    {
      "type": "Feature",
      "properties": {
        "id": "STOP_1967",
        "name": "PIER SOUTH-FAIRVIEW DAHLIA-PHILCOA (Stop)"
      },
      "geometry": {
        "type": "Point",
        "coordinates": [
          121.01500921775133,
          14.630025464821328
        ]
      }
    },
    {
      "type": "Feature",
      "properties": {
        "id": "STOP_1968",
        "name": "PIER SOUTH-FAIRVIEW DAHLIA-PHILCOA (Stop)"
      },
      "geometry": {
        "type": "Point",
        "coordinates": [
          121.01133963806203,
          14.626661348780173
        ]
      }
    },
    {
      "type": "Feature",
      "properties": {
        "id": "STOP_1969",
        "name": "PIER SOUTH-FAIRVIEW DAHLIA-PHILCOA (Stop)"
      },
      "geometry": {
        "type": "Point",
        "coordinates": [
          121.00801305364726,
          14.623612031304187
        ]
      }
    },
    {
      "type": "Feature",
      "properties": {
        "id": "STOP_1970",
        "name": "PIER SOUTH-FAIRVIEW DAHLIA-PHILCOA (Stop)"
      },
      "geometry": {
        "type": "Point",
        "coordinates": [
          121.00518451675352,
          14.621037260486672
        ]
      }
    },
    {
      "type": "Feature",
      "properties": {
        "id": "STOP_1971",
        "name": "PIER SOUTH-FAIRVIEW DAHLIA-PHILCOA (Stop)"
      },
      "geometry": {
        "type": "Point",
        "coordinates": [
          121.00296679284364,
          14.619045101390071
        ]
      }
    },
    {
      "type": "Feature",
      "properties": {
        "id": "STOP_1972",
        "name": "PIER SOUTH-FAIRVIEW DAHLIA-PHILCOA (Stop)"
      },
      "geometry": {
        "type": "Point",
        "coordinates": [
          121.00151023505136,
          14.617814095485079
        ]
      }
    },
    {
      "type": "Feature",
      "properties": {
        "id": "STOP_1973",
        "name": "PIER SOUTH-FAIRVIEW DAHLIA-PHILCOA (Stop)"
      },
      "geometry": {
        "type": "Point",
        "coordinates": [
          120.99961671631121,
          14.615944101319919
        ]
      }
    },
    {
      "type": "Feature",
      "properties": {
        "id": "STOP_1974",
        "name": "PIER SOUTH-FAIRVIEW DAHLIA-PHILCOA (Stop)"
      },
      "geometry": {
        "type": "Point",
        "coordinates": [
          120.99728152838085,
          14.613839178688421
        ]
      }
    },
    {
      "type": "Feature",
      "properties": {
        "id": "STOP_1975",
        "name": "PIER SOUTH-FAIRVIEW DAHLIA-PHILCOA (Stop)"
      },
      "geometry": {
        "type": "Point",
        "coordinates": [
          120.99284138333466,
          14.609793781587125
        ]
      }
    },
    {
      "type": "Feature",
      "properties": {
        "id": "STOP_1976",
        "name": "PIER SOUTH-FAIRVIEW DAHLIA-PHILCOA (Stop)"
      },
      "geometry": {
        "type": "Point",
        "coordinates": [
          120.98827907470844,
          14.605673207816404
        ]
      }
    },
    {
      "type": "Feature",
      "properties": {
        "id": "STOP_1977",
        "name": "PIER SOUTH-FAIRVIEW DAHLIA-PHILCOA (Stop)"
      },
      "geometry": {
        "type": "Point",
        "coordinates": [
          120.98540351204953,
          14.604747564137572
        ]
      }
    },
    {
      "type": "Feature",
      "properties": {
        "id": "STOP_1978",
        "name": "PIER SOUTH-FAIRVIEW DAHLIA-PHILCOA (Stop)"
      },
      "geometry": {
        "type": "Point",
        "coordinates": [
          120.98474106538086,
          14.601984907192131
        ]
      }
    },
    {
      "type": "Feature",
      "properties": {
        "id": "STOP_1979",
        "name": "PIER SOUTH-FAIRVIEW DAHLIA-PHILCOA (Stop)"
      },
      "geometry": {
        "type": "Point",
        "coordinates": [
          120.98424306640226,
          14.599461870863871
        ]
      }
    },
    {
      "type": "Feature",
      "properties": {
        "id": "STOP_1980",
        "name": "PIER SOUTH-FAIRVIEW DAHLIA-PHILCOA (Stop)"
      },
      "geometry": {
        "type": "Point",
        "coordinates": [
          120.98371687864797,
          14.59680258115669
        ]
      }
    },
    {
      "type": "Feature",
      "properties": {
        "id": "STOP_1981",
        "name": "PIER SOUTH-FAIRVIEW DAHLIA-PHILCOA (Stop)"
      },
      "geometry": {
        "type": "Point",
        "coordinates": [
          120.98054063087567,
          14.59462716408676
        ]
      }
    },
    {
      "type": "Feature",
      "properties": {
        "id": "STOP_1982",
        "name": "PIER SOUTH-FAIRVIEW DAHLIA-PHILCOA (Stop)"
      },
      "geometry": {
        "type": "Point",
        "coordinates": [
          120.97910755149644,
          14.594025740414475
        ]
      }
    },
    {
      "type": "Feature",
      "properties": {
        "id": "STOP_1983",
        "name": "PIER SOUTH-FAIRVIEW DAHLIA-PHILCOA (Stop)"
      },
      "geometry": {
        "type": "Point",
        "coordinates": [
          120.9798311857315,
          14.59236253341963
        ]
      }
    },
    {
      "type": "Feature",
      "properties": {
        "id": "STOP_1984",
        "name": "PIER SOUTH-FAIRVIEW DAHLIA-PHILCOA (Stop)"
      },
      "geometry": {
        "type": "Point",
        "coordinates": [
          120.98065350212048,
          14.590271776907692
        ]
      }
    },
    {
      "type": "Feature",
      "properties": {
        "id": "STOP_1985",
        "name": "PIER SOUTH-FAIRVIEW DAHLIA-PHILCOA (Stop)"
      },
      "geometry": {
        "type": "Point",
        "coordinates": [
          120.98090257526724,
          14.588425322796803
        ]
      }
    },
    {
      "type": "Feature",
      "properties": {
        "id": "STOP_1986",
        "name": "PIER SOUTH-FAIRVIEW DAHLIA-PHILCOA (Stop)"
      },
      "geometry": {
        "type": "Point",
        "coordinates": [
          120.9801273543465,
          14.585925772132441
        ]
      }
    },
    {
      "type": "Feature",
      "properties": {
        "id": "STOP_1987",
        "name": "PIER SOUTH-FAIRVIEW DAHLIA-PHILCOA (Stop)"
      },
      "geometry": {
        "type": "Point",
        "coordinates": [
          120.97720013050373,
          14.583980580843757
        ]
      }
    },
    {
      "type": "Feature",
      "properties": {
        "id": "STOP_1988",
        "name": "PIER SOUTH-FAIRVIEW DAHLIA-PHILCOA (Stop)"
      },
      "geometry": {
        "type": "Point",
        "coordinates": [
          120.97447957665574,
          14.585047049843554
        ]
      }
    },
    {
      "type": "Feature",
      "properties": {
        "id": "STOP_1989",
        "name": "PIER SOUTH-FAIRVIEW DAHLIA-PHILCOA (Stop)"
      },
      "geometry": {
        "type": "Point",
        "coordinates": [
          120.97275979558853,
          14.587945905940982
        ]
      }
    },
    {
      "type": "Feature",
      "properties": {
        "id": "STOP_1990",
        "name": "PIER SOUTH-FAIRVIEW DAHLIA-PHILCOA (Stop)"
      },
      "geometry": {
        "type": "Point",
        "coordinates": [
          120.9714065290838,
          14.59006484074191
        ]
      }
    },
    {
      "type": "Feature",
      "properties": {
        "id": "STOP_1991",
        "name": "PIER SOUTH-FAIRVIEW DAHLIA-PHILCOA (Stop)"
      },
      "geometry": {
        "type": "Point",
        "coordinates": [
          120.97102591105879,
          14.59115955258017
        ]
      }
    },
    {
      "type": "Feature",
      "properties": {
        "id": "STOP_1992",
        "name": "PIER SOUTH-FAIRVIEW DAHLIA-PHILCOA (Stop)"
      },
      "geometry": {
        "type": "Point",
        "coordinates": [
          120.97069702024595,
          14.590487678164546
        ]
      }
    },
    {
      "type": "Feature",
      "properties": {
        "id": "STOP_1993",
        "name": "PIER SOUTH-FAIRVIEW DAHLIA-PHILCOA (Stop)"
      },
      "geometry": {
        "type": "Point",
        "coordinates": [
          120.97269401858415,
          14.587762668002494
        ]
      }
    },
    {
      "type": "Feature",
      "properties": {
        "id": "STOP_1994",
        "name": "PIER SOUTH-FAIRVIEW DAHLIA-PHILCOA (Stop)"
      },
      "geometry": {
        "type": "Point",
        "coordinates": [
          120.97393921573345,
          14.58564373078139
        ]
      }
    },
    {
      "type": "Feature",
      "properties": {
        "id": "STOP_1995",
        "name": "PIER SOUTH-FAIRVIEW DAHLIA-PHILCOA (Stop)"
      },
      "geometry": {
        "type": "Point",
        "coordinates": [
          120.97501526062503,
          14.583534186507565
        ]
      }
    },
    {
      "type": "Feature",
      "properties": {
        "id": "STOP_1996",
        "name": "PIER SOUTH-FAIRVIEW DAHLIA-PHILCOA (Stop)"
      },
      "geometry": {
        "type": "Point",
        "coordinates": [
          120.97884464524996,
          14.5847793408374
        ]
      }
    },
    {
      "type": "Feature",
      "properties": {
        "id": "STOP_1997",
        "name": "PIER SOUTH-FAIRVIEW DAHLIA-PHILCOA (Stop)"
      },
      "geometry": {
        "type": "Point",
        "coordinates": [
          120.98032000038808,
          14.58589758623859
        ]
      }
    },
    {
      "type": "Feature",
      "properties": {
        "id": "STOP_1998",
        "name": "PIER SOUTH-FAIRVIEW DAHLIA-PHILCOA (Stop)"
      },
      "geometry": {
        "type": "Point",
        "coordinates": [
          120.98125026342184,
          14.588984436732439
        ]
      }
    },
    {
      "type": "Feature",
      "properties": {
        "id": "STOP_1999",
        "name": "PIER SOUTH-FAIRVIEW DAHLIA-PHILCOA (Stop)"
      },
      "geometry": {
        "type": "Point",
        "coordinates": [
          120.98047492635973,
          14.591385286766826
        ]
      }
    },
    {
      "type": "Feature",
      "properties": {
        "id": "STOP_2000",
        "name": "PIER SOUTH-FAIRVIEW DAHLIA-PHILCOA (Stop)"
      },
      "geometry": {
        "type": "Point",
        "coordinates": [
          120.98019297211651,
          14.592827680259218
        ]
      }
    },
    {
      "type": "Feature",
      "properties": {
        "id": "STOP_2001",
        "name": "PIER SOUTH-FAIRVIEW DAHLIA-PHILCOA (Stop)"
      },
      "geometry": {
        "type": "Point",
        "coordinates": [
          120.98018354059711,
          14.594270079880152
        ]
      }
    },
    {
      "type": "Feature",
      "properties": {
        "id": "STOP_2002",
        "name": "PIER SOUTH-FAIRVIEW DAHLIA-PHILCOA (Stop)"
      },
      "geometry": {
        "type": "Point",
        "coordinates": [
          120.98227911329577,
          14.595665543107543
        ]
      }
    },
    {
      "type": "Feature",
      "properties": {
        "id": "STOP_2003",
        "name": "PIER SOUTH-FAIRVIEW DAHLIA-PHILCOA (Stop)"
      },
      "geometry": {
        "type": "Point",
        "coordinates": [
          120.98382494700157,
          14.596844868922831
        ]
      }
    },
    {
      "type": "Feature",
      "properties": {
        "id": "STOP_2004",
        "name": "PIER SOUTH-FAIRVIEW DAHLIA-PHILCOA (Stop)"
      },
      "geometry": {
        "type": "Point",
        "coordinates": [
          120.98459073874689,
          14.600688153463324
        ]
      }
    },
    {
      "type": "Feature",
      "properties": {
        "id": "STOP_2005",
        "name": "PIER SOUTH-FAIRVIEW DAHLIA-PHILCOA (Stop)"
      },
      "geometry": {
        "type": "Point",
        "coordinates": [
          120.98529545861543,
          14.604075694677233
        ]
      }
    },
    {
      "type": "Feature",
      "properties": {
        "id": "STOP_2006",
        "name": "PIER SOUTH-FAIRVIEW DAHLIA-PHILCOA (Stop)"
      },
      "geometry": {
        "type": "Point",
        "coordinates": [
          120.98801595833945,
          14.605292633864295
        ]
      }
    },
    {
      "type": "Feature",
      "properties": {
        "id": "STOP_2007",
        "name": "PIER SOUTH-FAIRVIEW DAHLIA-PHILCOA (Stop)"
      },
      "geometry": {
        "type": "Point",
        "coordinates": [
          120.99028066737193,
          14.60735057119288
        ]
      }
    },
    {
      "type": "Feature",
      "properties": {
        "id": "STOP_2008",
        "name": "PIER SOUTH-FAIRVIEW DAHLIA-PHILCOA (Stop)"
      },
      "geometry": {
        "type": "Point",
        "coordinates": [
          120.99249369228448,
          14.609356825282939
        ]
      }
    },
    {
      "type": "Feature",
      "properties": {
        "id": "STOP_2009",
        "name": "PIER SOUTH-FAIRVIEW DAHLIA-PHILCOA (Stop)"
      },
      "geometry": {
        "type": "Point",
        "coordinates": [
          120.99479599065646,
          14.611414763461005
        ]
      }
    },
    {
      "type": "Feature",
      "properties": {
        "id": "STOP_2010",
        "name": "PIER SOUTH-FAIRVIEW DAHLIA-PHILCOA (Stop)"
      },
      "geometry": {
        "type": "Point",
        "coordinates": [
          120.99671770452085,
          14.613153203869391
        ]
      }
    },
    {
      "type": "Feature",
      "properties": {
        "id": "STOP_2011",
        "name": "PIER SOUTH-FAIRVIEW DAHLIA-PHILCOA (Stop)"
      },
      "geometry": {
        "type": "Point",
        "coordinates": [
          120.99909987734621,
          14.615333301490008
        ]
      }
    },
    {
      "type": "Feature",
      "properties": {
        "id": "STOP_2012",
        "name": "PIER SOUTH-FAIRVIEW DAHLIA-PHILCOA (Stop)"
      },
      "geometry": {
        "type": "Point",
        "coordinates": [
          121.00118134345904,
          14.61717510965164
        ]
      }
    },
    {
      "type": "Feature",
      "properties": {
        "id": "STOP_2013",
        "name": "PIER SOUTH-FAIRVIEW DAHLIA-PHILCOA (Stop)"
      },
      "geometry": {
        "type": "Point",
        "coordinates": [
          121.00189082634884,
          14.6178469926324
        ]
      }
    },
    {
      "type": "Feature",
      "properties": {
        "id": "STOP_2014",
        "name": "PIER SOUTH-FAIRVIEW DAHLIA-PHILCOA (Stop)"
      },
      "geometry": {
        "type": "Point",
        "coordinates": [
          121.00472406213413,
          14.62041236680863
        ]
      }
    },
    {
      "type": "Feature",
      "properties": {
        "id": "STOP_2015",
        "name": "PIER SOUTH-FAIRVIEW DAHLIA-PHILCOA (Stop)"
      },
      "geometry": {
        "type": "Point",
        "coordinates": [
          121.00771704894315,
          14.623132790818518
        ]
      }
    },
    {
      "type": "Feature",
      "properties": {
        "id": "STOP_2016",
        "name": "PIER SOUTH-FAIRVIEW DAHLIA-PHILCOA (Stop)"
      },
      "geometry": {
        "type": "Point",
        "coordinates": [
          121.00942732610129,
          14.624730275360431
        ]
      }
    },
    {
      "type": "Feature",
      "properties": {
        "id": "STOP_2017",
        "name": "PIER SOUTH-FAIRVIEW DAHLIA-PHILCOA (Stop)"
      },
      "geometry": {
        "type": "Point",
        "coordinates": [
          121.01216189320341,
          14.627154696201753
        ]
      }
    },
    {
      "type": "Feature",
      "properties": {
        "id": "STOP_2018",
        "name": "PIER SOUTH-FAIRVIEW DAHLIA-PHILCOA (Stop)"
      },
      "geometry": {
        "type": "Point",
        "coordinates": [
          121.0143091376527,
          14.629123361869462
        ]
      }
    },
    {
      "type": "Feature",
      "properties": {
        "id": "STOP_2019",
        "name": "PIER SOUTH-FAIRVIEW DAHLIA-PHILCOA (Stop)"
      },
      "geometry": {
        "type": "Point",
        "coordinates": [
          121.01672890181622,
          14.631218889677267
        ]
      }
    },
    {
      "type": "Feature",
      "properties": {
        "id": "STOP_2020",
        "name": "PIER SOUTH-FAIRVIEW DAHLIA-PHILCOA (Stop)"
      },
      "geometry": {
        "type": "Point",
        "coordinates": [
          121.02025754841307,
          14.63344599678244
        ]
      }
    },
    {
      "type": "Feature",
      "properties": {
        "id": "STOP_2021",
        "name": "PIER SOUTH-FAIRVIEW DAHLIA-PHILCOA (Stop)"
      },
      "geometry": {
        "type": "Point",
        "coordinates": [
          121.02351837618664,
          14.635452274436675
        ]
      }
    },
    {
      "type": "Feature",
      "properties": {
        "id": "STOP_2022",
        "name": "PIER SOUTH-FAIRVIEW DAHLIA-PHILCOA (Stop)"
      },
      "geometry": {
        "type": "Point",
        "coordinates": [
          121.02591936070286,
          14.636913521743603
        ]
      }
    },
    {
      "type": "Feature",
      "properties": {
        "id": "STOP_2023",
        "name": "PIER SOUTH-FAIRVIEW DAHLIA-PHILCOA (Stop)"
      },
      "geometry": {
        "type": "Point",
        "coordinates": [
          121.03016219541377,
          14.639535308056363
        ]
      }
    },
    {
      "type": "Feature",
      "properties": {
        "id": "STOP_2024",
        "name": "PIER SOUTH-FAIRVIEW DAHLIA-PHILCOA (Stop)"
      },
      "geometry": {
        "type": "Point",
        "coordinates": [
          121.03486079408502,
          14.642443705238307
        ]
      }
    },
    {
      "type": "Feature",
      "properties": {
        "id": "STOP_2025",
        "name": "PIER SOUTH-FAIRVIEW DAHLIA-PHILCOA (Stop)"
      },
      "geometry": {
        "type": "Point",
        "coordinates": [
          121.03843642823355,
          14.644633226435934
        ]
      }
    },
    {
      "type": "Feature",
      "properties": {
        "id": "STOP_2026",
        "name": "PIER SOUTH-FAIRVIEW DAHLIA-PHILCOA (Stop)"
      },
      "geometry": {
        "type": "Point",
        "coordinates": [
          121.04067296271616,
          14.645953518921454
        ]
      }
    },
    {
      "type": "Feature",
      "properties": {
        "id": "STOP_2027",
        "name": "PIER SOUTH-FAIRVIEW DAHLIA-PHILCOA (Stop)"
      },
      "geometry": {
        "type": "Point",
        "coordinates": [
          121.0427544400551,
          14.647320791635511
        ]
      }
    },
    {
      "type": "Feature",
      "properties": {
        "id": "STOP_2028",
        "name": "PIER SOUTH-FAIRVIEW DAHLIA-PHILCOA (Stop)"
      },
      "geometry": {
        "type": "Point",
        "coordinates": [
          121.04568636453362,
          14.649181412407154
        ]
      }
    },
    {
      "type": "Feature",
      "properties": {
        "id": "STOP_2029",
        "name": "PIER SOUTH-FAIRVIEW DAHLIA-PHILCOA (Stop)"
      },
      "geometry": {
        "type": "Point",
        "coordinates": [
          121.04751413552668,
          14.649632497071494
        ]
      }
    },
    {
      "type": "Feature",
      "properties": {
        "id": "STOP_2030",
        "name": "PIER SOUTH-FAIRVIEW DAHLIA-PHILCOA (Stop)"
      },
      "geometry": {
        "type": "Point",
        "coordinates": [
          121.04923387244858,
          14.648594195690867
        ]
      }
    },
    {
      "type": "Feature",
      "properties": {
        "id": "STOP_2031",
        "name": "PIER SOUTH-FAIRVIEW DAHLIA-PHILCOA (Stop)"
      },
      "geometry": {
        "type": "Point",
        "coordinates": [
          121.05128248014664,
          14.649073475540055
        ]
      }
    },
    {
      "type": "Feature",
      "properties": {
        "id": "STOP_2032",
        "name": "PIER SOUTH-FAIRVIEW DAHLIA-PHILCOA (Stop)"
      },
      "geometry": {
        "type": "Point",
        "coordinates": [
          121.05205771532509,
          14.650971634847494
        ]
      }
    },
    {
      "type": "Feature",
      "properties": {
        "id": "STOP_2033",
        "name": "PIER SOUTH-FAIRVIEW DAHLIA-PHILCOA (Stop)"
      },
      "geometry": {
        "type": "Point",
        "coordinates": [
          121.05204826946225,
          14.653020124412945
        ]
      }
    },
    {
      "type": "Feature",
      "properties": {
        "id": "STOP_2034",
        "name": "PIER SOUTH-FAIRVIEW DAHLIA-PHILCOA (Stop)"
      },
      "geometry": {
        "type": "Point",
        "coordinates": [
          121.05492381348571,
          14.654730396046896
        ]
      }
    },
    {
      "type": "Feature",
      "properties": {
        "id": "STOP_2035",
        "name": "PIER SOUTH-FAIRVIEW DAHLIA-PHILCOA (Stop)"
      },
      "geometry": {
        "type": "Point",
        "coordinates": [
          121.05825511601559,
          14.656957498732266
        ]
      }
    },
    {
      "type": "Feature",
      "properties": {
        "id": "STOP_2036",
        "name": "PIER SOUTH-FAIRVIEW DAHLIA-PHILCOA (Stop)"
      },
      "geometry": {
        "type": "Point",
        "coordinates": [
          121.06203278505832,
          14.659475910448045
        ]
      }
    },
    {
      "type": "Feature",
      "properties": {
        "id": "STOP_2037",
        "name": "PIER SOUTH-FAIRVIEW DAHLIA-PHILCOA (Stop)"
      },
      "geometry": {
        "type": "Point",
        "coordinates": [
          121.06508687065075,
          14.661515072069005
        ]
      }
    },
    {
      "type": "Feature",
      "properties": {
        "id": "STOP_2038",
        "name": "PIER SOUTH-FAIRVIEW DAHLIA-PHILCOA (Stop)"
      },
      "geometry": {
        "type": "Point",
        "coordinates": [
          121.06842287384411,
          14.663657604184582
        ]
      }
    },
    {
      "type": "Feature",
      "properties": {
        "id": "STOP_2039",
        "name": "PIER SOUTH-FAIRVIEW DAHLIA-PHILCOA (Stop)"
      },
      "geometry": {
        "type": "Point",
        "coordinates": [
          121.07060301984953,
          14.66516583025311
        ]
      }
    },
    {
      "type": "Feature",
      "properties": {
        "id": "STOP_2040",
        "name": "PIER SOUTH-FAIRVIEW DAHLIA-PHILCOA (Stop)"
      },
      "geometry": {
        "type": "Point",
        "coordinates": [
          121.07352554341354,
          14.667176798697266
        ]
      }
    },
    {
      "type": "Feature",
      "properties": {
        "id": "STOP_2041",
        "name": "PIER SOUTH-FAIRVIEW DAHLIA-PHILCOA (Stop)"
      },
      "geometry": {
        "type": "Point",
        "coordinates": [
          121.07657492665837,
          14.669371006464258
        ]
      }
    },
    {
      "type": "Feature",
      "properties": {
        "id": "STOP_2042",
        "name": "PIER SOUTH-FAIRVIEW DAHLIA-PHILCOA (Stop)"
      },
      "geometry": {
        "type": "Point",
        "coordinates": [
          121.07896649322272,
          14.671701452229298
        ]
      }
    },
    {
      "type": "Feature",
      "properties": {
        "id": "STOP_2043",
        "name": "PIER SOUTH-FAIRVIEW DAHLIA-PHILCOA (Stop)"
      },
      "geometry": {
        "type": "Point",
        "coordinates": [
          121.08084590858932,
          14.673881538625015
        ]
      }
    },
    {
      "type": "Feature",
      "properties": {
        "id": "STOP_2044",
        "name": "PIER SOUTH-FAIRVIEW DAHLIA-PHILCOA (Stop)"
      },
      "geometry": {
        "type": "Point",
        "coordinates": [
          121.08292734362287,
          14.677034192388435
        ]
      }
    },
    {
      "type": "Feature",
      "properties": {
        "id": "STOP_2045",
        "name": "PIER SOUTH-FAIRVIEW DAHLIA-PHILCOA (Stop)"
      },
      "geometry": {
        "type": "Point",
        "coordinates": [
          121.08448722055522,
          14.680440546498481
        ]
      }
    },
    {
      "type": "Feature",
      "properties": {
        "id": "STOP_2046",
        "name": "PIER SOUTH-FAIRVIEW DAHLIA-PHILCOA (Stop)"
      },
      "geometry": {
        "type": "Point",
        "coordinates": [
          121.08566652010994,
          14.683226707081339
        ]
      }
    },
    {
      "type": "Feature",
      "properties": {
        "id": "STOP_2047",
        "name": "PIER SOUTH-FAIRVIEW DAHLIA-PHILCOA (Stop)"
      },
      "geometry": {
        "type": "Point",
        "coordinates": [
          121.08664848842733,
          14.68547255055479
        ]
      }
    },
    {
      "type": "Feature",
      "properties": {
        "id": "STOP_2048",
        "name": "PIER SOUTH-FAIRVIEW DAHLIA-PHILCOA (Stop)"
      },
      "geometry": {
        "type": "Point",
        "coordinates": [
          121.08740959978901,
          14.688545302413122
        ]
      }
    },
    {
      "type": "Feature",
      "properties": {
        "id": "STOP_2049",
        "name": "PIER SOUTH-FAIRVIEW DAHLIA-PHILCOA (Stop)"
      },
      "geometry": {
        "type": "Point",
        "coordinates": [
          121.0875175342825,
          14.69423973078761
        ]
      }
    },
    {
      "type": "Feature",
      "properties": {
        "id": "STOP_2050",
        "name": "PIER SOUTH-FAIRVIEW DAHLIA-PHILCOA (Stop)"
      },
      "geometry": {
        "type": "Point",
        "coordinates": [
          121.08748453501522,
          14.698825340418514
        ]
      }
    },
    {
      "type": "Feature",
      "properties": {
        "id": "STOP_2051",
        "name": "PIER SOUTH-FAIRVIEW DAHLIA-PHILCOA (Stop)"
      },
      "geometry": {
        "type": "Point",
        "coordinates": [
          121.0868501608298,
          14.701108734639616
        ]
      }
    },
    {
      "type": "Feature",
      "properties": {
        "id": "STOP_2052",
        "name": "PIER SOUTH-FAIRVIEW DAHLIA-PHILCOA (Stop)"
      },
      "geometry": {
        "type": "Point",
        "coordinates": [
          121.08580701748177,
          14.702762537940194
        ]
      }
    },
    {
      "type": "Feature",
      "properties": {
        "id": "STOP_2053",
        "name": "PIER SOUTH-FAIRVIEW DAHLIA-PHILCOA (Stop)"
      },
      "geometry": {
        "type": "Point",
        "coordinates": [
          121.08435509684827,
          14.704129731423288
        ]
      }
    },
    {
      "type": "Feature",
      "properties": {
        "id": "STOP_2054",
        "name": "PIER SOUTH-FAIRVIEW DAHLIA-PHILCOA (Stop)"
      },
      "geometry": {
        "type": "Point",
        "coordinates": [
          121.08205742652235,
          14.70505525902948
        ]
      }
    },
    {
      "type": "Feature",
      "properties": {
        "id": "STOP_2055",
        "name": "PIER SOUTH-FAIRVIEW DAHLIA-PHILCOA (Stop)"
      },
      "geometry": {
        "type": "Point",
        "coordinates": [
          121.07835017530186,
          14.705163238398814
        ]
      }
    },
    {
      "type": "Feature",
      "properties": {
        "id": "STOP_2056",
        "name": "PIER SOUTH-FAIRVIEW DAHLIA-PHILCOA (Stop)"
      },
      "geometry": {
        "type": "Point",
        "coordinates": [
          121.0754651927835,
          14.705191363902909
        ]
      }
    },
    {
      "type": "Feature",
      "properties": {
        "id": "STOP_2057",
        "name": "PIER SOUTH-FAIRVIEW DAHLIA-PHILCOA (Stop)"
      },
      "geometry": {
        "type": "Point",
        "coordinates": [
          121.07050336784637,
          14.706544383541676
        ]
      }
    },
    {
      "type": "Feature",
      "properties": {
        "id": "STOP_2058",
        "name": "PIER SOUTH-FAIRVIEW DAHLIA-PHILCOA (Stop)"
      },
      "geometry": {
        "type": "Point",
        "coordinates": [
          121.06929582909625,
          14.70575033168841
        ]
      }
    },
    {
      "type": "Feature",
      "properties": {
        "id": "STOP_2059",
        "name": "PIER SOUTH-FAIRVIEW DAHLIA-PHILCOA (Stop)"
      },
      "geometry": {
        "type": "Point",
        "coordinates": [
          121.06845483058154,
          14.703091034625974
        ]
      }
    },
    {
      "type": "Feature",
      "properties": {
        "id": "STOP_2060",
        "name": "PIER SOUTH-FAIRVIEW DAHLIA-PHILCOA (Stop)"
      },
      "geometry": {
        "type": "Point",
        "coordinates": [
          121.06788163353089,
          14.701385512963858
        ]
      }
    },
    {
      "type": "Feature",
      "properties": {
        "id": "STOP_2061",
        "name": "PIER SOUTH-FAIRVIEW DAHLIA-PHILCOA (Stop)"
      },
      "geometry": {
        "type": "Point",
        "coordinates": [
          121.06760914630662,
          14.699886726391037
        ]
      }
    },
    {
      "type": "Feature",
      "properties": {
        "id": "STOP_2062",
        "name": "PIER SOUTH-FAIRVIEW DAHLIA-PHILCOA (End)"
      },
      "geometry": {
        "type": "Point",
        "coordinates": [
          121.06770781654443,
          14.699961902546326
        ]
      }
    },
    {
      "type": "Feature",
      "properties": {
        "id": "STOP_2063",
        "name": "Fairview Dahlia - Quiapo (Stop)"
      },
      "geometry": {
        "type": "Point",
        "coordinates": [
          120.98465885979653,
          14.601094564071229
        ]
      }
    },
    {
      "type": "Feature",
      "properties": {
        "id": "STOP_2064",
        "name": "Fairview Dahlia - Quiapo (Stop)"
      },
      "geometry": {
        "type": "Point",
        "coordinates": [
          120.98541996167283,
          14.604566677229299
        ]
      }
    },
    {
      "type": "Feature",
      "properties": {
        "id": "STOP_2065",
        "name": "Fairview Dahlia - Quiapo (Stop)"
      },
      "geometry": {
        "type": "Point",
        "coordinates": [
          120.98805119795699,
          14.605309078954201
        ]
      }
    },
    {
      "type": "Feature",
      "properties": {
        "id": "STOP_2066",
        "name": "Fairview Dahlia - Quiapo (Stop)"
      },
      "geometry": {
        "type": "Point",
        "coordinates": [
          120.99073408016963,
          14.60771470512373
        ]
      }
    },
    {
      "type": "Feature",
      "properties": {
        "id": "STOP_2067",
        "name": "Fairview Dahlia - Quiapo (Stop)"
      },
      "geometry": {
        "type": "Point",
        "coordinates": [
          120.99358610907159,
          14.610345856899471
        ]
      }
    },
    {
      "type": "Feature",
      "properties": {
        "id": "STOP_2068",
        "name": "Fairview Dahlia - Quiapo (Stop)"
      },
      "geometry": {
        "type": "Point",
        "coordinates": [
          120.99639115430213,
          14.612850151609603
        ]
      }
    },
    {
      "type": "Feature",
      "properties": {
        "id": "STOP_2069",
        "name": "Fairview Dahlia - Quiapo (Stop)"
      },
      "geometry": {
        "type": "Point",
        "coordinates": [
          120.99895187282317,
          14.615185299481189
        ]
      }
    },
    {
      "type": "Feature",
      "properties": {
        "id": "STOP_2070",
        "name": "Fairview Dahlia - Quiapo (Stop)"
      },
      "geometry": {
        "type": "Point",
        "coordinates": [
          121.00129645786542,
          14.617299619067127
        ]
      }
    },
    {
      "type": "Feature",
      "properties": {
        "id": "STOP_2071",
        "name": "Fairview Dahlia - Quiapo (Stop)"
      },
      "geometry": {
        "type": "Point",
        "coordinates": [
          121.00345779843241,
          14.619263586669252
        ]
      }
    },
    {
      "type": "Feature",
      "properties": {
        "id": "STOP_2072",
        "name": "Fairview Dahlia - Quiapo (Stop)"
      },
      "geometry": {
        "type": "Point",
        "coordinates": [
          121.00660113982227,
          14.622101473328494
        ]
      }
    },
    {
      "type": "Feature",
      "properties": {
        "id": "STOP_2073",
        "name": "Fairview Dahlia - Quiapo (Stop)"
      },
      "geometry": {
        "type": "Point",
        "coordinates": [
          121.00921824001284,
          14.624535288269103
        ]
      }
    },
    {
      "type": "Feature",
      "properties": {
        "id": "STOP_2074",
        "name": "Fairview Dahlia - Quiapo (Stop)"
      },
      "geometry": {
        "type": "Point",
        "coordinates": [
          121.01208436624553,
          14.627110059936106
        ]
      }
    },
    {
      "type": "Feature",
      "properties": {
        "id": "STOP_2075",
        "name": "Fairview Dahlia - Quiapo (Stop)"
      },
      "geometry": {
        "type": "Point",
        "coordinates": [
          121.01493639558363,
          14.629722418257991
        ]
      }
    },
    {
      "type": "Feature",
      "properties": {
        "id": "STOP_2076",
        "name": "Fairview Dahlia - Quiapo (Stop)"
      },
      "geometry": {
        "type": "Point",
        "coordinates": [
          121.01638825515037,
          14.630934630581494
        ]
      }
    },
    {
      "type": "Feature",
      "properties": {
        "id": "STOP_2077",
        "name": "Fairview Dahlia - Quiapo (Stop)"
      },
      "geometry": {
        "type": "Point",
        "coordinates": [
          121.01931547986551,
          14.632842234950608
        ]
      }
    },
    {
      "type": "Feature",
      "properties": {
        "id": "STOP_2078",
        "name": "Fairview Dahlia - Quiapo (Stop)"
      },
      "geometry": {
        "type": "Point",
        "coordinates": [
          121.0222286102457,
          14.634679363439266
        ]
      }
    },
    {
      "type": "Feature",
      "properties": {
        "id": "STOP_2079",
        "name": "Fairview Dahlia - Quiapo (Stop)"
      },
      "geometry": {
        "type": "Point",
        "coordinates": [
          121.02569147805232,
          14.63679840653584
        ]
      }
    },
    {
      "type": "Feature",
      "properties": {
        "id": "STOP_2080",
        "name": "Fairview Dahlia - Quiapo (Stop)"
      },
      "geometry": {
        "type": "Point",
        "coordinates": [
          121.02834618583012,
          14.638461689494843
        ]
      }
    },
    {
      "type": "Feature",
      "properties": {
        "id": "STOP_2081",
        "name": "Fairview Dahlia - Quiapo (Stop)"
      },
      "geometry": {
        "type": "Point",
        "coordinates": [
          121.03181375252208,
          14.640571335956519
        ]
      }
    },
    {
      "type": "Feature",
      "properties": {
        "id": "STOP_2082",
        "name": "Fairview Dahlia - Quiapo (Stop)"
      },
      "geometry": {
        "type": "Point",
        "coordinates": [
          121.0344355702911,
          14.642206427952086
        ]
      }
    },
    {
      "type": "Feature",
      "properties": {
        "id": "STOP_2083",
        "name": "Fairview Dahlia - Quiapo (Stop)"
      },
      "geometry": {
        "type": "Point",
        "coordinates": [
          121.0375366462509,
          14.64409054437556
        ]
      }
    },
    {
      "type": "Feature",
      "properties": {
        "id": "STOP_2084",
        "name": "Fairview Dahlia - Quiapo (Stop)"
      },
      "geometry": {
        "type": "Point",
        "coordinates": [
          121.03997522021126,
          14.645547094158058
        ]
      }
    },
    {
      "type": "Feature",
      "properties": {
        "id": "STOP_2085",
        "name": "Fairview Dahlia - Quiapo (Stop)"
      },
      "geometry": {
        "type": "Point",
        "coordinates": [
          121.04278967900437,
          14.647365426951705
        ]
      }
    },
    {
      "type": "Feature",
      "properties": {
        "id": "STOP_2086",
        "name": "Fairview Dahlia - Quiapo (Stop)"
      },
      "geometry": {
        "type": "Point",
        "coordinates": [
          121.04573100204234,
          14.649174365852973
        ]
      }
    },
    {
      "type": "Feature",
      "properties": {
        "id": "STOP_2087",
        "name": "Fairview Dahlia - Quiapo (Stop)"
      },
      "geometry": {
        "type": "Point",
        "coordinates": [
          121.04707480704963,
          14.64976169240969
        ]
      }
    },
    {
      "type": "Feature",
      "properties": {
        "id": "STOP_2088",
        "name": "Fairview Dahlia - Quiapo (Stop)"
      },
      "geometry": {
        "type": "Point",
        "coordinates": [
          121.0491610430459,
          14.64859654324091
        ]
      }
    },
    {
      "type": "Feature",
      "properties": {
        "id": "STOP_2089",
        "name": "Fairview Dahlia - Quiapo (Stop)"
      },
      "geometry": {
        "type": "Point",
        "coordinates": [
          121.05112507884643,
          14.648901981462794
        ]
      }
    },
    {
      "type": "Feature",
      "properties": {
        "id": "STOP_2090",
        "name": "Fairview Dahlia - Quiapo (Stop)"
      },
      "geometry": {
        "type": "Point",
        "coordinates": [
          121.05202247760022,
          14.650875317449854
        ]
      }
    },
    {
      "type": "Feature",
      "properties": {
        "id": "STOP_2091",
        "name": "Fairview Dahlia - Quiapo (Stop)"
      },
      "geometry": {
        "type": "Point",
        "coordinates": [
          121.05181569137333,
          14.652768756339006
        ]
      }
    },
    {
      "type": "Feature",
      "properties": {
        "id": "STOP_2092",
        "name": "Fairview Dahlia - Quiapo (Stop)"
      },
      "geometry": {
        "type": "Point",
        "coordinates": [
          121.05400993672816,
          14.654136031587356
        ]
      }
    },
    {
      "type": "Feature",
      "properties": {
        "id": "STOP_2093",
        "name": "Fairview Dahlia - Quiapo (Stop)"
      },
      "geometry": {
        "type": "Point",
        "coordinates": [
          121.05692776430618,
          14.656034239013643
        ]
      }
    },
    {
      "type": "Feature",
      "properties": {
        "id": "STOP_2094",
        "name": "Fairview Dahlia - Quiapo (Stop)"
      },
      "geometry": {
        "type": "Point",
        "coordinates": [
          121.05974222041753,
          14.657965332717422
        ]
      }
    },
    {
      "type": "Feature",
      "properties": {
        "id": "STOP_2095",
        "name": "Fairview Dahlia - Quiapo (Stop)"
      },
      "geometry": {
        "type": "Point",
        "coordinates": [
          121.06214320235412,
          14.659534642565687
        ]
      }
    },
    {
      "type": "Feature",
      "properties": {
        "id": "STOP_2096",
        "name": "Fairview Dahlia - Quiapo (Stop)"
      },
      "geometry": {
        "type": "Point",
        "coordinates": [
          121.06419178923308,
          14.660892517803816
        ]
      }
    },
    {
      "type": "Feature",
      "properties": {
        "id": "STOP_2097",
        "name": "Fairview Dahlia - Quiapo (Stop)"
      },
      "geometry": {
        "type": "Point",
        "coordinates": [
          121.06670083907363,
          14.662522908903789
        ]
      }
    },
    {
      "type": "Feature",
      "properties": {
        "id": "STOP_2098",
        "name": "Fairview Dahlia - Quiapo (Stop)"
      },
      "geometry": {
        "type": "Point",
        "coordinates": [
          121.06864605760221,
          14.66378211602931
        ]
      }
    },
    {
      "type": "Feature",
      "properties": {
        "id": "STOP_2099",
        "name": "Fairview Dahlia - Quiapo (Stop)"
      },
      "geometry": {
        "type": "Point",
        "coordinates": [
          121.07136184168854,
          14.665713207522417
        ]
      }
    },
    {
      "type": "Feature",
      "properties": {
        "id": "STOP_2100",
        "name": "Fairview Dahlia - Quiapo (Stop)"
      },
      "geometry": {
        "type": "Point",
        "coordinates": [
          121.07424207846864,
          14.667672492935402
        ]
      }
    },
    {
      "type": "Feature",
      "properties": {
        "id": "STOP_2101",
        "name": "Fairview Dahlia - Quiapo (Stop)"
      },
      "geometry": {
        "type": "Point",
        "coordinates": [
          121.07662426172126,
          14.669410943726293
        ]
      }
    },
    {
      "type": "Feature",
      "properties": {
        "id": "STOP_2102",
        "name": "Fairview Dahlia - Quiapo (Stop)"
      },
      "geometry": {
        "type": "Point",
        "coordinates": [
          121.07877150414107,
          14.671464180110089
        ]
      }
    },
    {
      "type": "Feature",
      "properties": {
        "id": "STOP_2103",
        "name": "Fairview Dahlia - Quiapo (Stop)"
      },
      "geometry": {
        "type": "Point",
        "coordinates": [
          121.08034081657759,
          14.67325899311094
        ]
      }
    },
    {
      "type": "Feature",
      "properties": {
        "id": "STOP_2104",
        "name": "Fairview Dahlia - Quiapo (Stop)"
      },
      "geometry": {
        "type": "Point",
        "coordinates": [
          121.08220142959546,
          14.675763266696674
        ]
      }
    },
    {
      "type": "Feature",
      "properties": {
        "id": "STOP_2105",
        "name": "Fairview Dahlia - Quiapo (Stop)"
      },
      "geometry": {
        "type": "Point",
        "coordinates": [
          121.08448486994175,
          14.680494577714299
        ]
      }
    },
    {
      "type": "Feature",
      "properties": {
        "id": "STOP_2106",
        "name": "Fairview Dahlia - Quiapo (Stop)"
      },
      "geometry": {
        "type": "Point",
        "coordinates": [
          121.08545274203334,
          14.6827498176071
        ]
      }
    },
    {
      "type": "Feature",
      "properties": {
        "id": "STOP_2107",
        "name": "Fairview Dahlia - Quiapo (Stop)"
      },
      "geometry": {
        "type": "Point",
        "coordinates": [
          121.08705959529439,
          14.68659312131535
        ]
      }
    },
    {
      "type": "Feature",
      "properties": {
        "id": "STOP_2108",
        "name": "Fairview Dahlia - Quiapo (Stop)"
      },
      "geometry": {
        "type": "Point",
        "coordinates": [
          121.08741194650784,
          14.688655714189675
        ]
      }
    },
    {
      "type": "Feature",
      "properties": {
        "id": "STOP_2109",
        "name": "Fairview Dahlia - Quiapo (Stop)"
      },
      "geometry": {
        "type": "Point",
        "coordinates": [
          121.08746353293101,
          14.692832567382847
        ]
      }
    },
    {
      "type": "Feature",
      "properties": {
        "id": "STOP_2110",
        "name": "Fairview Dahlia - Quiapo (Stop)"
      },
      "geometry": {
        "type": "Point",
        "coordinates": [
          121.08750569721055,
          14.698057157186625
        ]
      }
    },
    {
      "type": "Feature",
      "properties": {
        "id": "STOP_2111",
        "name": "Fairview Dahlia - Quiapo (Stop)"
      },
      "geometry": {
        "type": "Point",
        "coordinates": [
          121.08705456616164,
          14.700547283854023
        ]
      }
    },
    {
      "type": "Feature",
      "properties": {
        "id": "STOP_2112",
        "name": "Fairview Dahlia - Quiapo (Stop)"
      },
      "geometry": {
        "type": "Point",
        "coordinates": [
          121.08603021114163,
          14.702468894739905
        ]
      }
    },
    {
      "type": "Feature",
      "properties": {
        "id": "STOP_2113",
        "name": "Fairview Dahlia - Quiapo (Stop)"
      },
      "geometry": {
        "type": "Point",
        "coordinates": [
          121.08453130082918,
          14.703962943194009
        ]
      }
    },
    {
      "type": "Feature",
      "properties": {
        "id": "STOP_2114",
        "name": "Fairview Dahlia - Quiapo (Stop)"
      },
      "geometry": {
        "type": "Point",
        "coordinates": [
          121.08233699862949,
          14.704996535659804
        ]
      }
    },
    {
      "type": "Feature",
      "properties": {
        "id": "STOP_2115",
        "name": "Fairview Dahlia - Quiapo (Stop)"
      },
      "geometry": {
        "type": "Point",
        "coordinates": [
          121.0797339330495,
          14.705156221886186
        ]
      }
    },
    {
      "type": "Feature",
      "properties": {
        "id": "STOP_2116",
        "name": "Fairview Dahlia - Quiapo (Stop)"
      },
      "geometry": {
        "type": "Point",
        "coordinates": [
          121.07619113719208,
          14.705179634260928
        ]
      }
    },
    {
      "type": "Feature",
      "properties": {
        "id": "STOP_2117",
        "name": "Fairview Dahlia - Quiapo (Stop)"
      },
      "geometry": {
        "type": "Point",
        "coordinates": [
          121.07416600704425,
          14.705367523682147
        ]
      }
    },
    {
      "type": "Feature",
      "properties": {
        "id": "STOP_2118",
        "name": "Fairview Dahlia - Quiapo (Stop)"
      },
      "geometry": {
        "type": "Point",
        "coordinates": [
          121.07045403178185,
          14.706546731620552
        ]
      }
    },
    {
      "type": "Feature",
      "properties": {
        "id": "STOP_2119",
        "name": "Fairview Dahlia - Quiapo (Stop)"
      },
      "geometry": {
        "type": "Point",
        "coordinates": [
          121.069284085042,
          14.70563991969759
        ]
      }
    },
    {
      "type": "Feature",
      "properties": {
        "id": "STOP_2120",
        "name": "Fairview Dahlia - Quiapo (Stop)"
      },
      "geometry": {
        "type": "Point",
        "coordinates": [
          121.06866860632469,
          14.703666589914
        ]
      }
    },
    {
      "type": "Feature",
      "properties": {
        "id": "STOP_2121",
        "name": "Fairview Dahlia - Quiapo (Stop)"
      },
      "geometry": {
        "type": "Point",
        "coordinates": [
          121.06795915347872,
          14.70172614662606
        ]
      }
    },
    {
      "type": "Feature",
      "properties": {
        "id": "STOP_2122",
        "name": "Fairview Dahlia - Quiapo (Stop)"
      },
      "geometry": {
        "type": "Point",
        "coordinates": [
          121.0676161938073,
          14.69990786922019
        ]
      }
    },
    {
      "type": "Feature",
      "properties": {
        "id": "STOP_2123",
        "name": "Fairview Dahlia - Quiapo (Stop)"
      },
      "geometry": {
        "type": "Point",
        "coordinates": [
          121.06825985596163,
          14.702242974221505
        ]
      }
    },
    {
      "type": "Feature",
      "properties": {
        "id": "STOP_2124",
        "name": "Fairview Dahlia - Quiapo (Stop)"
      },
      "geometry": {
        "type": "Point",
        "coordinates": [
          121.06903038736893,
          14.7043572586214
        ]
      }
    },
    {
      "type": "Feature",
      "properties": {
        "id": "STOP_2125",
        "name": "Fairview Dahlia - Quiapo (Stop)"
      },
      "geometry": {
        "type": "Point",
        "coordinates": [
          121.06942973605845,
          14.705964110590205
        ]
      }
    },
    {
      "type": "Feature",
      "properties": {
        "id": "STOP_2126",
        "name": "Fairview Dahlia - Quiapo (Stop)"
      },
      "geometry": {
        "type": "Point",
        "coordinates": [
          121.07147835220363,
          14.706086314205463
        ]
      }
    },
    {
      "type": "Feature",
      "properties": {
        "id": "STOP_2127",
        "name": "Fairview Dahlia - Quiapo (Stop)"
      },
      "geometry": {
        "type": "Point",
        "coordinates": [
          121.07412372293064,
          14.705203079735744
        ]
      }
    },
    {
      "type": "Feature",
      "properties": {
        "id": "STOP_2128",
        "name": "Fairview Dahlia - Quiapo (Stop)"
      },
      "geometry": {
        "type": "Point",
        "coordinates": [
          121.07662341805201,
          14.705033994446932
        ]
      }
    },
    {
      "type": "Feature",
      "properties": {
        "id": "STOP_2129",
        "name": "Fairview Dahlia - Quiapo (Stop)"
      },
      "geometry": {
        "type": "Point",
        "coordinates": [
          121.07963526503713,
          14.704987078303857
        ]
      }
    },
    {
      "type": "Feature",
      "properties": {
        "id": "STOP_2130",
        "name": "Fairview Dahlia - Quiapo (Stop)"
      },
      "geometry": {
        "type": "Point",
        "coordinates": [
          121.08221484195255,
          14.704630059954157
        ]
      }
    },
    {
      "type": "Feature",
      "properties": {
        "id": "STOP_2131",
        "name": "Fairview Dahlia - Quiapo (Stop)"
      },
      "geometry": {
        "type": "Point",
        "coordinates": [
          121.0845595022912,
          14.703563582263179
        ]
      }
    },
    {
      "type": "Feature",
      "properties": {
        "id": "STOP_2132",
        "name": "Fairview Dahlia - Quiapo (Stop)"
      },
      "geometry": {
        "type": "Point",
        "coordinates": [
          121.08592215024498,
          14.70211181609487
        ]
      }
    },
    {
      "type": "Feature",
      "properties": {
        "id": "STOP_2133",
        "name": "Fairview Dahlia - Quiapo (Stop)"
      },
      "geometry": {
        "type": "Point",
        "coordinates": [
          121.08679144512108,
          14.700364041469367
        ]
      }
    },
    {
      "type": "Feature",
      "properties": {
        "id": "STOP_2134",
        "name": "Fairview Dahlia - Quiapo (Stop)"
      },
      "geometry": {
        "type": "Point",
        "coordinates": [
          121.08714390315127,
          14.697916197930017
        ]
      }
    },
    {
      "type": "Feature",
      "properties": {
        "id": "STOP_2135",
        "name": "Fairview Dahlia - Quiapo (Stop)"
      },
      "geometry": {
        "type": "Point",
        "coordinates": [
          121.08714869617206,
          14.693931979193234
        ]
      }
    },
    {
      "type": "Feature",
      "properties": {
        "id": "STOP_2136",
        "name": "Fairview Dahlia - Quiapo (Stop)"
      },
      "geometry": {
        "type": "Point",
        "coordinates": [
          121.08712062155658,
          14.688975196895678
        ]
      }
    },
    {
      "type": "Feature",
      "properties": {
        "id": "STOP_2137",
        "name": "Fairview Dahlia - Quiapo (Stop)"
      },
      "geometry": {
        "type": "Point",
        "coordinates": [
          121.08686224046602,
          14.687048858894466
        ]
      }
    },
    {
      "type": "Feature",
      "properties": {
        "id": "STOP_2138",
        "name": "Fairview Dahlia - Quiapo (Stop)"
      },
      "geometry": {
        "type": "Point",
        "coordinates": [
          121.08560776935145,
          14.68396200085545
        ]
      }
    },
    {
      "type": "Feature",
      "properties": {
        "id": "STOP_2139",
        "name": "Fairview Dahlia - Quiapo (Stop)"
      },
      "geometry": {
        "type": "Point",
        "coordinates": [
          121.08440967290075,
          14.681269807271782
        ]
      }
    },
    {
      "type": "Feature",
      "properties": {
        "id": "STOP_2140",
        "name": "Fairview Dahlia - Quiapo (Stop)"
      },
      "geometry": {
        "type": "Point",
        "coordinates": [
          121.08324446534296,
          14.678652788372862
        ]
      }
    },
    {
      "type": "Feature",
      "properties": {
        "id": "STOP_2141",
        "name": "Fairview Dahlia - Quiapo (Stop)"
      },
      "geometry": {
        "type": "Point",
        "coordinates": [
          121.08217322156572,
          14.676439831509887
        ]
      }
    },
    {
      "type": "Feature",
      "properties": {
        "id": "STOP_2142",
        "name": "Fairview Dahlia - Quiapo (Stop)"
      },
      "geometry": {
        "type": "Point",
        "coordinates": [
          121.08096100919497,
          14.67458864606603
        ]
      }
    },
    {
      "type": "Feature",
      "properties": {
        "id": "STOP_2143",
        "name": "Fairview Dahlia - Quiapo (Stop)"
      },
      "geometry": {
        "type": "Point",
        "coordinates": [
          121.07956554745614,
          14.672793836965504
        ]
      }
    },
    {
      "type": "Feature",
      "properties": {
        "id": "STOP_2144",
        "name": "Fairview Dahlia - Quiapo (Stop)"
      },
      "geometry": {
        "type": "Point",
        "coordinates": [
          121.0781371882562,
          14.671285627768066
        ]
      }
    },
    {
      "type": "Feature",
      "properties": {
        "id": "STOP_2145",
        "name": "Fairview Dahlia - Quiapo (Stop)"
      },
      "geometry": {
        "type": "Point",
        "coordinates": [
          121.07635643155226,
          14.669669348125602
        ]
      }
    },
    {
      "type": "Feature",
      "properties": {
        "id": "STOP_2146",
        "name": "Fairview Dahlia - Quiapo (Stop)"
      },
      "geometry": {
        "type": "Point",
        "coordinates": [
          121.07337282942979,
          14.667484538576826
        ]
      }
    },
    {
      "type": "Feature",
      "properties": {
        "id": "STOP_2147",
        "name": "Fairview Dahlia - Quiapo (Stop)"
      },
      "geometry": {
        "type": "Point",
        "coordinates": [
          121.07029524961473,
          14.665482963393211
        ]
      }
    },
    {
      "type": "Feature",
      "properties": {
        "id": "STOP_2148",
        "name": "Fairview Dahlia - Quiapo (Stop)"
      },
      "geometry": {
        "type": "Point",
        "coordinates": [
          121.06812449960861,
          14.664031117988246
        ]
      }
    },
    {
      "type": "Feature",
      "properties": {
        "id": "STOP_2149",
        "name": "Fairview Dahlia - Quiapo (Stop)"
      },
      "geometry": {
        "type": "Point",
        "coordinates": [
          121.06619807619501,
          14.662753117799829
        ]
      }
    },
    {
      "type": "Feature",
      "properties": {
        "id": "STOP_2150",
        "name": "Fairview Dahlia - Quiapo (Stop)"
      },
      "geometry": {
        "type": "Point",
        "coordinates": [
          121.06373601369708,
          14.661094537527655
        ]
      }
    },
    {
      "type": "Feature",
      "properties": {
        "id": "STOP_2151",
        "name": "Fairview Dahlia - Quiapo (Stop)"
      },
      "geometry": {
        "type": "Point",
        "coordinates": [
          121.06112829428506,
          14.659360780048674
        ]
      }
    },
    {
      "type": "Feature",
      "properties": {
        "id": "STOP_2152",
        "name": "Fairview Dahlia - Quiapo (Stop)"
      },
      "geometry": {
        "type": "Point",
        "coordinates": [
          121.05728954234077,
          14.656851763702937
        ]
      }
    },
    {
      "type": "Feature",
      "properties": {
        "id": "STOP_2153",
        "name": "Fairview Dahlia - Quiapo (Stop)"
      },
      "geometry": {
        "type": "Point",
        "coordinates": [
          121.054329426421,
          14.654967650439277
        ]
      }
    },
    {
      "type": "Feature",
      "properties": {
        "id": "STOP_2154",
        "name": "Fairview Dahlia - Quiapo (Stop)"
      },
      "geometry": {
        "type": "Point",
        "coordinates": [
          121.0528540707452,
          14.653872896853871
        ]
      }
    },
    {
      "type": "Feature",
      "properties": {
        "id": "STOP_2155",
        "name": "Fairview Dahlia - Quiapo (Stop)"
      },
      "geometry": {
        "type": "Point",
        "coordinates": [
          121.05169351700177,
          14.653149321651194
        ]
      }
    },
    {
      "type": "Feature",
      "properties": {
        "id": "STOP_2156",
        "name": "Fairview Dahlia - Quiapo (Stop)"
      },
      "geometry": {
        "type": "Point",
        "coordinates": [
          121.05028389803911,
          14.653938616337426
        ]
      }
    },
    {
      "type": "Feature",
      "properties": {
        "id": "STOP_2157",
        "name": "Fairview Dahlia - Quiapo (Stop)"
      },
      "geometry": {
        "type": "Point",
        "coordinates": [
          121.04857357292289,
          14.654366129700776
        ]
      }
    },
    {
      "type": "Feature",
      "properties": {
        "id": "STOP_2158",
        "name": "Fairview Dahlia - Quiapo (Stop)"
      },
      "geometry": {
        "type": "Point",
        "coordinates": [
          121.04700423721566,
          14.65355327626747
        ]
      }
    },
    {
      "type": "Feature",
      "properties": {
        "id": "STOP_2159",
        "name": "Fairview Dahlia - Quiapo (Stop)"
      },
      "geometry": {
        "type": "Point",
        "coordinates": [
          121.04652031263397,
          14.651941724126136
        ]
      }
    },
    {
      "type": "Feature",
      "properties": {
        "id": "STOP_2160",
        "name": "Fairview Dahlia - Quiapo (Stop)"
      },
      "geometry": {
        "type": "Point",
        "coordinates": [
          121.04682576331126,
          14.650367776682156
        ]
      }
    },
    {
      "type": "Feature",
      "properties": {
        "id": "STOP_2161",
        "name": "Fairview Dahlia - Quiapo (Stop)"
      },
      "geometry": {
        "type": "Point",
        "coordinates": [
          121.0443824995914,
          14.64853535710923
        ]
      }
    },
    {
      "type": "Feature",
      "properties": {
        "id": "STOP_2162",
        "name": "Fairview Dahlia - Quiapo (Stop)"
      },
      "geometry": {
        "type": "Point",
        "coordinates": [
          121.04259233307478,
          14.647445294827582
        ]
      }
    },
    {
      "type": "Feature",
      "properties": {
        "id": "STOP_2163",
        "name": "Fairview Dahlia - Quiapo (Stop)"
      },
      "geometry": {
        "type": "Point",
        "coordinates": [
          121.0402994152502,
          14.646096810849079
        ]
      }
    },
    {
      "type": "Feature",
      "properties": {
        "id": "STOP_2164",
        "name": "Fairview Dahlia - Quiapo (Stop)"
      },
      "geometry": {
        "type": "Point",
        "coordinates": [
          121.03759302247022,
          14.644419431613338
        ]
      }
    },
    {
      "type": "Feature",
      "properties": {
        "id": "STOP_2165",
        "name": "Fairview Dahlia - Quiapo (Stop)"
      },
      "geometry": {
        "type": "Point",
        "coordinates": [
          121.03479735578388,
          14.642709161776107
        ]
      }
    },
    {
      "type": "Feature",
      "properties": {
        "id": "STOP_2166",
        "name": "Fairview Dahlia - Quiapo (Stop)"
      },
      "geometry": {
        "type": "Point",
        "coordinates": [
          121.03031959359801,
          14.639838356521397
        ]
      }
    },
    {
      "type": "Feature",
      "properties": {
        "id": "STOP_2167",
        "name": "Fairview Dahlia - Quiapo (Stop)"
      },
      "geometry": {
        "type": "Point",
        "coordinates": [
          121.02687082168644,
          14.637724012110922
        ]
      }
    },
    {
      "type": "Feature",
      "properties": {
        "id": "STOP_2168",
        "name": "Fairview Dahlia - Quiapo (Stop)"
      },
      "geometry": {
        "type": "Point",
        "coordinates": [
          121.0247799453352,
          14.636427214753635
        ]
      }
    },
    {
      "type": "Feature",
      "properties": {
        "id": "STOP_2169",
        "name": "Fairview Dahlia - Quiapo (Stop)"
      },
      "geometry": {
        "type": "Point",
        "coordinates": [
          121.02222860545923,
          14.634881393391682
        ]
      }
    },
    {
      "type": "Feature",
      "properties": {
        "id": "STOP_2170",
        "name": "Fairview Dahlia - Quiapo (Stop)"
      },
      "geometry": {
        "type": "Point",
        "coordinates": [
          121.01864357463013,
          14.632663681760997
        ]
      }
    },
    {
      "type": "Feature",
      "properties": {
        "id": "STOP_2171",
        "name": "Fairview Dahlia - Quiapo (Stop)"
      },
      "geometry": {
        "type": "Point",
        "coordinates": [
          121.01593248628618,
          14.630854748037164
        ]
      }
    },
    {
      "type": "Feature",
      "properties": {
        "id": "STOP_2172",
        "name": "Fairview Dahlia - Quiapo (Stop)"
      },
      "geometry": {
        "type": "Point",
        "coordinates": [
          121.01365838070643,
          14.628763921872439
        ]
      }
    },
    {
      "type": "Feature",
      "properties": {
        "id": "STOP_2173",
        "name": "Fairview Dahlia - Quiapo (Stop)"
      },
      "geometry": {
        "type": "Point",
        "coordinates": [
          121.01039757608079,
          14.625780383063715
        ]
      }
    },
    {
      "type": "Feature",
      "properties": {
        "id": "STOP_2174",
        "name": "Fairview Dahlia - Quiapo (Stop)"
      },
      "geometry": {
        "type": "Point",
        "coordinates": [
          121.00777107721952,
          14.623402948361267
        ]
      }
    },
    {
      "type": "Feature",
      "properties": {
        "id": "STOP_2175",
        "name": "Fairview Dahlia - Quiapo (Stop)"
      },
      "geometry": {
        "type": "Point",
        "coordinates": [
          121.00497073221999,
          14.62083287654835
        ]
      }
    },
    {
      "type": "Feature",
      "properties": {
        "id": "STOP_2176",
        "name": "Fairview Dahlia - Quiapo (Stop)"
      },
      "geometry": {
        "type": "Point",
        "coordinates": [
          121.00208581142495,
          14.61825340609731
        ]
      }
    },
    {
      "type": "Feature",
      "properties": {
        "id": "STOP_2177",
        "name": "Fairview Dahlia - Quiapo (Stop)"
      },
      "geometry": {
        "type": "Point",
        "coordinates": [
          121.00025337169012,
          14.616538459543973
        ]
      }
    },
    {
      "type": "Feature",
      "properties": {
        "id": "STOP_2178",
        "name": "Fairview Dahlia - Quiapo (Stop)"
      },
      "geometry": {
        "type": "Point",
        "coordinates": [
          120.99646632730615,
          14.613089770214108
        ]
      }
    },
    {
      "type": "Feature",
      "properties": {
        "id": "STOP_2179",
        "name": "Fairview Dahlia - Quiapo (Stop)"
      },
      "geometry": {
        "type": "Point",
        "coordinates": [
          120.99246784699618,
          14.60946723641773
        ]
      }
    },
    {
      "type": "Feature",
      "properties": {
        "id": "STOP_2180",
        "name": "Fairview Dahlia - Quiapo (Stop)"
      },
      "geometry": {
        "type": "Point",
        "coordinates": [
          120.98879826606975,
          14.60615480249659
        ]
      }
    },
    {
      "type": "Feature",
      "properties": {
        "id": "STOP_2181",
        "name": "Fairview Dahlia - Quiapo (Stop)"
      },
      "geometry": {
        "type": "Point",
        "coordinates": [
          120.98544345011213,
          14.604773406074788
        ]
      }
    },
    {
      "type": "Feature",
      "properties": {
        "id": "STOP_2182",
        "name": "Fairview Dahlia - Quiapo (Stop)"
      },
      "geometry": {
        "type": "Point",
        "coordinates": [
          120.98477629954274,
          14.602231572453057
        ]
      }
    },
    {
      "type": "Feature",
      "properties": {
        "id": "STOP_2183",
        "name": "Commonwealth Market - Pier South (Start)"
      },
      "geometry": {
        "type": "Point",
        "coordinates": [
          121.08715329995775,
          14.697938515404637
        ]
      }
    },
    {
      "type": "Feature",
      "properties": {
        "id": "STOP_2184",
        "name": "Commonwealth Market - Pier South (Stop)"
      },
      "geometry": {
        "type": "Point",
        "coordinates": [
          121.08717219710351,
          14.693611315881931
        ]
      }
    },
    {
      "type": "Feature",
      "properties": {
        "id": "STOP_2185",
        "name": "Commonwealth Market - Pier South (Stop)"
      },
      "geometry": {
        "type": "Point",
        "coordinates": [
          121.08712062559016,
          14.688804880938754
        ]
      }
    },
    {
      "type": "Feature",
      "properties": {
        "id": "STOP_2186",
        "name": "Commonwealth Market - Pier South (Stop)"
      },
      "geometry": {
        "type": "Point",
        "coordinates": [
          121.08682935349334,
          14.686892637313516
        ]
      }
    },
    {
      "type": "Feature",
      "properties": {
        "id": "STOP_2187",
        "name": "Commonwealth Market - Pier South (Stop)"
      },
      "geometry": {
        "type": "Point",
        "coordinates": [
          121.0859319621919,
          14.684604510393537
        ]
      }
    },
    {
      "type": "Feature",
      "properties": {
        "id": "STOP_2188",
        "name": "Commonwealth Market - Pier South (Stop)"
      },
      "geometry": {
        "type": "Point",
        "coordinates": [
          121.08502046543009,
          14.682715744714242
        ]
      }
    },
    {
      "type": "Feature",
      "properties": {
        "id": "STOP_2189",
        "name": "Commonwealth Market - Pier South (Stop)"
      },
      "geometry": {
        "type": "Point",
        "coordinates": [
          121.08370960986208,
          14.679647678909113
        ]
      }
    },
    {
      "type": "Feature",
      "properties": {
        "id": "STOP_2190",
        "name": "Commonwealth Market - Pier South (Stop)"
      },
      "geometry": {
        "type": "Point",
        "coordinates": [
          121.08288738411161,
          14.67791396149198
        ]
      }
    },
    {
      "type": "Feature",
      "properties": {
        "id": "STOP_2191",
        "name": "Commonwealth Market - Pier South (Stop)"
      },
      "geometry": {
        "type": "Point",
        "coordinates": [
          121.08197118490006,
          14.676184940339839
        ]
      }
    },
    {
      "type": "Feature",
      "properties": {
        "id": "STOP_2192",
        "name": "Commonwealth Market - Pier South (Stop)"
      },
      "geometry": {
        "type": "Point",
        "coordinates": [
          121.08037839370414,
          14.673774640187357
        ]
      }
    },
    {
      "type": "Feature",
      "properties": {
        "id": "STOP_2193",
        "name": "Commonwealth Market - Pier South (Stop)"
      },
      "geometry": {
        "type": "Point",
        "coordinates": [
          121.07845199177352,
          14.671589854365628
        ]
      }
    },
    {
      "type": "Feature",
      "properties": {
        "id": "STOP_2194",
        "name": "Commonwealth Market - Pier South (Stop)"
      },
      "geometry": {
        "type": "Point",
        "coordinates": [
          121.0763094459065,
          14.669625887138094
        ]
      }
    },
    {
      "type": "Feature",
      "properties": {
        "id": "STOP_2195",
        "name": "Commonwealth Market - Pier South (Stop)"
      },
      "geometry": {
        "type": "Point",
        "coordinates": [
          121.07394135865617,
          14.667887436663104
        ]
      }
    },
    {
      "type": "Feature",
      "properties": {
        "id": "STOP_2196",
        "name": "Commonwealth Market - Pier South (Stop)"
      },
      "geometry": {
        "type": "Point",
        "coordinates": [
          121.07037512520976,
          14.66555696453149
        ]
      }
    },
    {
      "type": "Feature",
      "properties": {
        "id": "STOP_2197",
        "name": "Commonwealth Market - Pier South (Stop)"
      },
      "geometry": {
        "type": "Point",
        "coordinates": [
          121.0682842532193,
          14.664076930693177
        ]
      }
    },
    {
      "type": "Feature",
      "properties": {
        "id": "STOP_2198",
        "name": "Commonwealth Market - Pier South (Stop)"
      },
      "geometry": {
        "type": "Point",
        "coordinates": [
          121.06638132069494,
          14.662902295196277
        ]
      }
    },
    {
      "type": "Feature",
      "properties": {
        "id": "STOP_2199",
        "name": "Commonwealth Market - Pier South (Stop)"
      },
      "geometry": {
        "type": "Point",
        "coordinates": [
          121.06392865542085,
          14.661248413506085
        ]
      }
    },
    {
      "type": "Feature",
      "properties": {
        "id": "STOP_2200",
        "name": "Commonwealth Market - Pier South (Stop)"
      },
      "geometry": {
        "type": "Point",
        "coordinates": [
          121.06139141513158,
          14.659552244578078
        ]
      }
    },
    {
      "type": "Feature",
      "properties": {
        "id": "STOP_2201",
        "name": "Commonwealth Market - Pier South (Stop)"
      },
      "geometry": {
        "type": "Point",
        "coordinates": [
          121.05827624730375,
          14.657494288101962
        ]
      }
    },
    {
      "type": "Feature",
      "properties": {
        "id": "STOP_2202",
        "name": "Commonwealth Market - Pier South (Stop)"
      },
      "geometry": {
        "type": "Point",
        "coordinates": [
          121.05506240667637,
          14.655469218008918
        ]
      }
    },
    {
      "type": "Feature",
      "properties": {
        "id": "STOP_2203",
        "name": "Commonwealth Market - Pier South (Stop)"
      },
      "geometry": {
        "type": "Point",
        "coordinates": [
          121.05277419476036,
          14.653815340014965
        ]
      }
    },
    {
      "type": "Feature",
      "properties": {
        "id": "STOP_2204",
        "name": "Commonwealth Market - Pier South (Stop)"
      },
      "geometry": {
        "type": "Point",
        "coordinates": [
          121.05137753233272,
          14.653118775144167
        ]
      }
    },
    {
      "type": "Feature",
      "properties": {
        "id": "STOP_2205",
        "name": "Commonwealth Market - Pier South (Stop)"
      },
      "geometry": {
        "type": "Point",
        "coordinates": [
          121.04995498760996,
          14.654094829790095
        ]
      }
    },
    {
      "type": "Feature",
      "properties": {
        "id": "STOP_2206",
        "name": "Commonwealth Market - Pier South (Stop)"
      },
      "geometry": {
        "type": "Point",
        "coordinates": [
          121.04783588620766,
          14.654193447999969
        ]
      }
    },
    {
      "type": "Feature",
      "properties": {
        "id": "STOP_2207",
        "name": "Commonwealth Market - Pier South (Stop)"
      },
      "geometry": {
        "type": "Point",
        "coordinates": [
          121.04672702448364,
          14.653187971692414
        ]
      }
    },
    {
      "type": "Feature",
      "properties": {
        "id": "STOP_2208",
        "name": "Commonwealth Market - Pier South (Stop)"
      },
      "geometry": {
        "type": "Point",
        "coordinates": [
          121.04657201186195,
          14.651355603497812
        ]
      }
    },
    {
      "type": "Feature",
      "properties": {
        "id": "STOP_2209",
        "name": "Commonwealth Market - Pier South (Stop)"
      },
      "geometry": {
        "type": "Point",
        "coordinates": [
          121.04663782548552,
          14.64999307737103
        ]
      }
    },
    {
      "type": "Feature",
      "properties": {
        "id": "STOP_2210",
        "name": "Commonwealth Market - Pier South (Stop)"
      },
      "geometry": {
        "type": "Point",
        "coordinates": [
          121.04362132610461,
          14.648085470989185
        ]
      }
    },
    {
      "type": "Feature",
      "properties": {
        "id": "STOP_2211",
        "name": "Commonwealth Market - Pier South (Stop)"
      },
      "geometry": {
        "type": "Point",
        "coordinates": [
          121.04050145559006,
          14.646196655770876
        ]
      }
    },
    {
      "type": "Feature",
      "properties": {
        "id": "STOP_2212",
        "name": "Commonwealth Market - Pier South (Stop)"
      },
      "geometry": {
        "type": "Point",
        "coordinates": [
          121.03678486197263,
          14.643983639551442
        ]
      }
    },
    {
      "type": "Feature",
      "properties": {
        "id": "STOP_2213",
        "name": "Commonwealth Market - Pier South (Stop)"
      },
      "geometry": {
        "type": "Point",
        "coordinates": [
          121.03463290673214,
          14.642527096206017
        ]
      }
    },
    {
      "type": "Feature",
      "properties": {
        "id": "STOP_2214",
        "name": "Commonwealth Market - Pier South (Stop)"
      },
      "geometry": {
        "type": "Point",
        "coordinates": [
          121.03082704198779,
          14.640163730110835
        ]
      }
    },
    {
      "type": "Feature",
      "properties": {
        "id": "STOP_2215",
        "name": "Commonwealth Market - Pier South (Stop)"
      },
      "geometry": {
        "type": "Point",
        "coordinates": [
          121.02759910467002,
          14.6381668499352
        ]
      }
    },
    {
      "type": "Feature",
      "properties": {
        "id": "STOP_2216",
        "name": "Commonwealth Market - Pier South (Stop)"
      },
      "geometry": {
        "type": "Point",
        "coordinates": [
          121.02505246346324,
          14.636621028678267
        ]
      }
    },
    {
      "type": "Feature",
      "properties": {
        "id": "STOP_2217",
        "name": "Commonwealth Market - Pier South (Stop)"
      },
      "geometry": {
        "type": "Point",
        "coordinates": [
          121.02172585501243,
          14.63458655931985
        ]
      }
    },
    {
      "type": "Feature",
      "properties": {
        "id": "STOP_2218",
        "name": "Commonwealth Market - Pier South (Stop)"
      },
      "geometry": {
        "type": "Point",
        "coordinates": [
          121.01791059336699,
          14.6322043995335
        ]
      }
    },
    {
      "type": "Feature",
      "properties": {
        "id": "STOP_2219",
        "name": "Commonwealth Market - Pier South (Stop)"
      },
      "geometry": {
        "type": "Point",
        "coordinates": [
          121.01584791213396,
          14.630776048423725
        ]
      }
    },
    {
      "type": "Feature",
      "properties": {
        "id": "STOP_2220",
        "name": "Commonwealth Market - Pier South (Stop)"
      },
      "geometry": {
        "type": "Point",
        "coordinates": [
          121.01352212165595,
          14.628666427614217
        ]
      }
    },
    {
      "type": "Feature",
      "properties": {
        "id": "STOP_2221",
        "name": "Commonwealth Market - Pier South (Stop)"
      },
      "geometry": {
        "type": "Point",
        "coordinates": [
          121.01119163340007,
          14.626519219734133
        ]
      }
    },
    {
      "type": "Feature",
      "properties": {
        "id": "STOP_2222",
        "name": "Commonwealth Market - Pier South (Stop)"
      },
      "geometry": {
        "type": "Point",
        "coordinates": [
          121.00894571826584,
          14.624494171401274
        ]
      }
    },
    {
      "type": "Feature",
      "properties": {
        "id": "STOP_2223",
        "name": "Commonwealth Market - Pier South (Stop)"
      },
      "geometry": {
        "type": "Point",
        "coordinates": [
          121.00580707610122,
          14.621632792988715
        ]
      }
    },
    {
      "type": "Feature",
      "properties": {
        "id": "STOP_2224",
        "name": "Commonwealth Market - Pier South (Stop)"
      },
      "geometry": {
        "type": "Point",
        "coordinates": [
          121.00168643099558,
          14.617986764574985
        ]
      }
    },
    {
      "type": "Feature",
      "properties": {
        "id": "STOP_2225",
        "name": "Commonwealth Market - Pier South (Stop)"
      },
      "geometry": {
        "type": "Point",
        "coordinates": [
          120.9999150746076,
          14.61624362916884
        ]
      }
    },
    {
      "type": "Feature",
      "properties": {
        "id": "STOP_2226",
        "name": "Commonwealth Market - Pier South (Stop)"
      },
      "geometry": {
        "type": "Point",
        "coordinates": [
          120.9963065752511,
          14.612978180316071
        ]
      }
    },
    {
      "type": "Feature",
      "properties": {
        "id": "STOP_2227",
        "name": "Commonwealth Market - Pier South (Stop)"
      },
      "geometry": {
        "type": "Point",
        "coordinates": [
          120.99392910064697,
          14.610816876287393
        ]
      }
    },
    {
      "type": "Feature",
      "properties": {
        "id": "STOP_2228",
        "name": "Commonwealth Market - Pier South (Stop)"
      },
      "geometry": {
        "type": "Point",
        "coordinates": [
          120.991081769188,
          14.608237406695862
        ]
      }
    },
    {
      "type": "Feature",
      "properties": {
        "id": "STOP_2229",
        "name": "Commonwealth Market - Pier South (Stop)"
      },
      "geometry": {
        "type": "Point",
        "coordinates": [
          120.9883143142982,
          14.605690827499162
        ]
      }
    },
    {
      "type": "Feature",
      "properties": {
        "id": "STOP_2230",
        "name": "Commonwealth Market - Pier South (Stop)"
      },
      "geometry": {
        "type": "Point",
        "coordinates": [
          120.98541525852377,
          14.604755786550692
        ]
      }
    },
    {
      "type": "Feature",
      "properties": {
        "id": "STOP_2231",
        "name": "Commonwealth Market - Pier South (Stop)"
      },
      "geometry": {
        "type": "Point",
        "coordinates": [
          120.98449911108146,
          14.60084202304897
        ]
      }
    },
    {
      "type": "Feature",
      "properties": {
        "id": "STOP_2232",
        "name": "Commonwealth Market - Pier South (Stop)"
      },
      "geometry": {
        "type": "Point",
        "coordinates": [
          120.98400111232607,
          14.598309589982707
        ]
      }
    },
    {
      "type": "Feature",
      "properties": {
        "id": "STOP_2233",
        "name": "Commonwealth Market - Pier South (Stop)"
      },
      "geometry": {
        "type": "Point",
        "coordinates": [
          120.98351719075707,
          14.596571181906581
        ]
      }
    },
    {
      "type": "Feature",
      "properties": {
        "id": "STOP_2234",
        "name": "Commonwealth Market - Pier South (Stop)"
      },
      "geometry": {
        "type": "Point",
        "coordinates": [
          120.98058526791206,
          14.594640085609868
        ]
      }
    },
    {
      "type": "Feature",
      "properties": {
        "id": "STOP_2235",
        "name": "Commonwealth Market - Pier South (Stop)"
      },
      "geometry": {
        "type": "Point",
        "coordinates": [
          120.97903942251364,
          14.593954088728685
        ]
      }
    },
    {
      "type": "Feature",
      "properties": {
        "id": "STOP_2236",
        "name": "Commonwealth Market - Pier South (Stop)"
      },
      "geometry": {
        "type": "Point",
        "coordinates": [
          120.97964793148554,
          14.59262446347204
        ]
      }
    },
    {
      "type": "Feature",
      "properties": {
        "id": "STOP_2237",
        "name": "Commonwealth Market - Pier South (Stop)"
      },
      "geometry": {
        "type": "Point",
        "coordinates": [
          120.98043734723502,
          14.590954210403682
        ]
      }
    },
    {
      "type": "Feature",
      "properties": {
        "id": "STOP_2238",
        "name": "Commonwealth Market - Pier South (Stop)"
      },
      "geometry": {
        "type": "Point",
        "coordinates": [
          120.98076393904404,
          14.589502421177277
        ]
      }
    },
    {
      "type": "Feature",
      "properties": {
        "id": "STOP_2239",
        "name": "Commonwealth Market - Pier South (Stop)"
      },
      "geometry": {
        "type": "Point",
        "coordinates": [
          120.9808368007963,
          14.588135196924288
        ]
      }
    },
    {
      "type": "Feature",
      "properties": {
        "id": "STOP_2240",
        "name": "Commonwealth Market - Pier South (Stop)"
      },
      "geometry": {
        "type": "Point",
        "coordinates": [
          120.98023072094239,
          14.58609843958094
        ]
      }
    },
    {
      "type": "Feature",
      "properties": {
        "id": "STOP_2241",
        "name": "Commonwealth Market - Pier South (Stop)"
      },
      "geometry": {
        "type": "Point",
        "coordinates": [
          120.97827376083336,
          14.584623107177105
        ]
      }
    },
    {
      "type": "Feature",
      "properties": {
        "id": "STOP_2242",
        "name": "Commonwealth Market - Pier South (Stop)"
      },
      "geometry": {
        "type": "Point",
        "coordinates": [
          120.97598319158995,
          14.583305162693936
        ]
      }
    },
    {
      "type": "Feature",
      "properties": {
        "id": "STOP_2243",
        "name": "Commonwealth Market - Pier South (Stop)"
      },
      "geometry": {
        "type": "Point",
        "coordinates": [
          120.97469807464014,
          14.584627725166603
        ]
      }
    },
    {
      "type": "Feature",
      "properties": {
        "id": "STOP_2244",
        "name": "Commonwealth Market - Pier South (Stop)"
      },
      "geometry": {
        "type": "Point",
        "coordinates": [
          120.97353510695851,
          14.586629204963035
        ]
      }
    },
    {
      "type": "Feature",
      "properties": {
        "id": "STOP_2245",
        "name": "Commonwealth Market - Pier South (Stop)"
      },
      "geometry": {
        "type": "Point",
        "coordinates": [
          120.97230165831596,
          14.58867061933423
        ]
      }
    },
    {
      "type": "Feature",
      "properties": {
        "id": "STOP_2246",
        "name": "Commonwealth Market - Pier South (Stop)"
      },
      "geometry": {
        "type": "Point",
        "coordinates": [
          120.97119037636917,
          14.590655656009812
        ]
      }
    },
    {
      "type": "Feature",
      "properties": {
        "id": "STOP_2247",
        "name": "Commonwealth Market - Pier South (Stop)"
      },
      "geometry": {
        "type": "Point",
        "coordinates": [
          120.97047851964507,
          14.591017414559929
        ]
      }
    },
    {
      "type": "Feature",
      "properties": {
        "id": "STOP_2248",
        "name": "Commonwealth Market - Pier South (Stop)"
      },
      "geometry": {
        "type": "Point",
        "coordinates": [
          120.97119743661925,
          14.590138835381978
        ]
      }
    },
    {
      "type": "Feature",
      "properties": {
        "id": "STOP_2249",
        "name": "Commonwealth Market - Pier South (Stop)"
      },
      "geometry": {
        "type": "Point",
        "coordinates": [
          120.97423759429726,
          14.585088155147995
        ]
      }
    },
    {
      "type": "Feature",
      "properties": {
        "id": "STOP_2250",
        "name": "Commonwealth Market - Pier South (Stop)"
      },
      "geometry": {
        "type": "Point",
        "coordinates": [
          120.97541701427596,
          14.582793027556415
        ]
      }
    },
    {
      "type": "Feature",
      "properties": {
        "id": "STOP_2251",
        "name": "Commonwealth Market - Pier South (Stop)"
      },
      "geometry": {
        "type": "Point",
        "coordinates": [
          120.97771698018681,
          14.584139162474992
        ]
      }
    },
    {
      "type": "Feature",
      "properties": {
        "id": "STOP_2252",
        "name": "Commonwealth Market - Pier South (Stop)"
      },
      "geometry": {
        "type": "Point",
        "coordinates": [
          120.97959877102326,
          14.585217480861312
        ]
      }
    },
    {
      "type": "Feature",
      "properties": {
        "id": "STOP_2253",
        "name": "Commonwealth Market - Pier South (Stop)"
      },
      "geometry": {
        "type": "Point",
        "coordinates": [
          120.98064183654448,
          14.586850188141554
        ]
      }
    },
    {
      "type": "Feature",
      "properties": {
        "id": "STOP_2254",
        "name": "Commonwealth Market - Pier South (Stop)"
      },
      "geometry": {
        "type": "Point",
        "coordinates": [
          120.98122912022477,
          14.588950373069297
        ]
      }
    },
    {
      "type": "Feature",
      "properties": {
        "id": "STOP_2255",
        "name": "Commonwealth Market - Pier South (Stop)"
      },
      "geometry": {
        "type": "Point",
        "coordinates": [
          120.98059005142807,
          14.591059927178502
        ]
      }
    },
    {
      "type": "Feature",
      "properties": {
        "id": "STOP_2256",
        "name": "Commonwealth Market - Pier South (Stop)"
      },
      "geometry": {
        "type": "Point",
        "coordinates": [
          120.9802047194259,
          14.592800664891373
        ]
      }
    },
    {
      "type": "Feature",
      "properties": {
        "id": "STOP_2257",
        "name": "Commonwealth Market - Pier South (Stop)"
      },
      "geometry": {
        "type": "Point",
        "coordinates": [
          120.98010836350153,
          14.594203126406763
        ]
      }
    },
    {
      "type": "Feature",
      "properties": {
        "id": "STOP_2258",
        "name": "Commonwealth Market - Pier South (Stop)"
      },
      "geometry": {
        "type": "Point",
        "coordinates": [
          120.98229320938222,
          14.595662019646419
        ]
      }
    },
    {
      "type": "Feature",
      "properties": {
        "id": "STOP_2259",
        "name": "Commonwealth Market - Pier South (Stop)"
      },
      "geometry": {
        "type": "Point",
        "coordinates": [
          120.98382494686238,
          14.596850741886483
        ]
      }
    },
    {
      "type": "Feature",
      "properties": {
        "id": "STOP_2260",
        "name": "Commonwealth Market - Pier South (Stop)"
      },
      "geometry": {
        "type": "Point",
        "coordinates": [
          120.9842830135672,
          14.599103620986655
        ]
      }
    },
    {
      "type": "Feature",
      "properties": {
        "id": "STOP_2261",
        "name": "Commonwealth Market - Pier South (Stop)"
      },
      "geometry": {
        "type": "Point",
        "coordinates": [
          120.98476456759855,
          14.601610212646165
        ]
      }
    },
    {
      "type": "Feature",
      "properties": {
        "id": "STOP_2262",
        "name": "Commonwealth Market - Pier South (Stop)"
      },
      "geometry": {
        "type": "Point",
        "coordinates": [
          120.98517565447627,
          14.603574140896816
        ]
      }
    },
    {
      "type": "Feature",
      "properties": {
        "id": "STOP_2263",
        "name": "Commonwealth Market - Pier South (Stop)"
      },
      "geometry": {
        "type": "Point",
        "coordinates": [
          120.98589687011945,
          14.604833320492775
        ]
      }
    },
    {
      "type": "Feature",
      "properties": {
        "id": "STOP_2264",
        "name": "Commonwealth Market - Pier South (Stop)"
      },
      "geometry": {
        "type": "Point",
        "coordinates": [
          120.98805589642981,
          14.605317301208965
        ]
      }
    },
    {
      "type": "Feature",
      "properties": {
        "id": "STOP_2265",
        "name": "Commonwealth Market - Pier South (Stop)"
      },
      "geometry": {
        "type": "Point",
        "coordinates": [
          120.98986484500084,
          14.606940628991097
        ]
      }
    },
    {
      "type": "Feature",
      "properties": {
        "id": "STOP_2266",
        "name": "Commonwealth Market - Pier South (Stop)"
      },
      "geometry": {
        "type": "Point",
        "coordinates": [
          120.9916244576726,
          14.608559257295227
        ]
      }
    },
    {
      "type": "Feature",
      "properties": {
        "id": "STOP_2267",
        "name": "Commonwealth Market - Pier South (Stop)"
      },
      "geometry": {
        "type": "Point",
        "coordinates": [
          120.99345220018947,
          14.610213124913404
        ]
      }
    },
    {
      "type": "Feature",
      "properties": {
        "id": "STOP_2268",
        "name": "Commonwealth Market - Pier South (Stop)"
      },
      "geometry": {
        "type": "Point",
        "coordinates": [
          120.99526819631511,
          14.611855246341996
        ]
      }
    },
    {
      "type": "Feature",
      "properties": {
        "id": "STOP_2269",
        "name": "Commonwealth Market - Pier South (Stop)"
      },
      "geometry": {
        "type": "Point",
        "coordinates": [
          120.99705835049195,
          14.6134668277807
        ]
      }
    },
    {
      "type": "Feature",
      "properties": {
        "id": "STOP_2270",
        "name": "Commonwealth Market - Pier South (Stop)"
      },
      "geometry": {
        "type": "Point",
        "coordinates": [
          120.9987897726591,
          14.615022027450468
        ]
      }
    },
    {
      "type": "Feature",
      "properties": {
        "id": "STOP_2271",
        "name": "Commonwealth Market - Pier South (Stop)"
      },
      "geometry": {
        "type": "Point",
        "coordinates": [
          121.00106387868911,
          14.617094060114507
        ]
      }
    },
    {
      "type": "Feature",
      "properties": {
        "id": "STOP_2272",
        "name": "Commonwealth Market - Pier South (Stop)"
      },
      "geometry": {
        "type": "Point",
        "coordinates": [
          121.00190727215865,
          14.617827024925742
        ]
      }
    },
    {
      "type": "Feature",
      "properties": {
        "id": "STOP_2273",
        "name": "Commonwealth Market - Pier South (Stop)"
      },
      "geometry": {
        "type": "Point",
        "coordinates": [
          121.00416023446162,
          14.619887311190812
        ]
      }
    },
    {
      "type": "Feature",
      "properties": {
        "id": "STOP_2274",
        "name": "Commonwealth Market - Pier South (Stop)"
      },
      "geometry": {
        "type": "Point",
        "coordinates": [
          121.00633567052954,
          14.621872421781758
        ]
      }
    },
    {
      "type": "Feature",
      "properties": {
        "id": "STOP_2275",
        "name": "Commonwealth Market - Pier South (Stop)"
      },
      "geometry": {
        "type": "Point",
        "coordinates": [
          121.00845942208802,
          14.623822293431845
        ]
      }
    },
    {
      "type": "Feature",
      "properties": {
        "id": "STOP_2276",
        "name": "Commonwealth Market - Pier South (Stop)"
      },
      "geometry": {
        "type": "Point",
        "coordinates": [
          121.01105302994176,
          14.626213822508666
        ]
      }
    },
    {
      "type": "Feature",
      "properties": {
        "id": "STOP_2277",
        "name": "Commonwealth Market - Pier South (Stop)"
      },
      "geometry": {
        "type": "Point",
        "coordinates": [
          121.01317678283459,
          14.62810731371225
        ]
      }
    },
    {
      "type": "Feature",
      "properties": {
        "id": "STOP_2278",
        "name": "Commonwealth Market - Pier South (Stop)"
      },
      "geometry": {
        "type": "Point",
        "coordinates": [
          121.01521830998999,
          14.629960866917607
        ]
      }
    },
    {
      "type": "Feature",
      "properties": {
        "id": "STOP_2279",
        "name": "Commonwealth Market - Pier South (Stop)"
      },
      "geometry": {
        "type": "Point",
        "coordinates": [
          121.01718231619813,
          14.631516071826583
        ]
      }
    },
    {
      "type": "Feature",
      "properties": {
        "id": "STOP_2280",
        "name": "Commonwealth Market - Pier South (Stop)"
      },
      "geometry": {
        "type": "Point",
        "coordinates": [
          121.01894898871923,
          14.63263432380286
        ]
      }
    },
    {
      "type": "Feature",
      "properties": {
        "id": "STOP_2281",
        "name": "Commonwealth Market - Pier South (Stop)"
      },
      "geometry": {
        "type": "Point",
        "coordinates": [
          121.02102342018189,
          14.633912327305676
        ]
      }
    },
    {
      "type": "Feature",
      "properties": {
        "id": "STOP_2282",
        "name": "Commonwealth Market - Pier South (Stop)"
      },
      "geometry": {
        "type": "Point",
        "coordinates": [
          121.02299683207154,
          14.635115154603966
        ]
      }
    },
    {
      "type": "Feature",
      "properties": {
        "id": "STOP_2283",
        "name": "Commonwealth Market - Pier South (Stop)"
      },
      "geometry": {
        "type": "Point",
        "coordinates": [
          121.0258441827729,
          14.636881806051148
        ]
      }
    },
    {
      "type": "Feature",
      "properties": {
        "id": "STOP_2284",
        "name": "Commonwealth Market - Pier South (Stop)"
      },
      "geometry": {
        "type": "Point",
        "coordinates": [
          121.02760615723517,
          14.637974216882718
        ]
      }
    },
    {
      "type": "Feature",
      "properties": {
        "id": "STOP_2285",
        "name": "Commonwealth Market - Pier South (Stop)"
      },
      "geometry": {
        "type": "Point",
        "coordinates": [
          121.02986383416906,
          14.639360287035645
        ]
      }
    },
    {
      "type": "Feature",
      "properties": {
        "id": "STOP_2286",
        "name": "Commonwealth Market - Pier South (Stop)"
      },
      "geometry": {
        "type": "Point",
        "coordinates": [
          121.03239872831445,
          14.640922552327899
        ]
      }
    },
    {
      "type": "Feature",
      "properties": {
        "id": "STOP_2287",
        "name": "Commonwealth Market - Pier South (Stop)"
      },
      "geometry": {
        "type": "Point",
        "coordinates": [
          121.03460941851455,
          14.642310970611897
        ]
      }
    },
    {
      "type": "Feature",
      "properties": {
        "id": "STOP_2288",
        "name": "Commonwealth Market - Pier South (Stop)"
      },
      "geometry": {
        "type": "Point",
        "coordinates": [
          121.036923479233,
          14.64370643877434
        ]
      }
    },
    {
      "type": "Feature",
      "properties": {
        "id": "STOP_2289",
        "name": "Commonwealth Market - Pier South (Stop)"
      },
      "geometry": {
        "type": "Point",
        "coordinates": [
          121.03891568600841,
          14.644899869754951
        ]
      }
    },
    {
      "type": "Feature",
      "properties": {
        "id": "STOP_2290",
        "name": "Commonwealth Market - Pier South (Stop)"
      },
      "geometry": {
        "type": "Point",
        "coordinates": [
          121.04167376340718,
          14.646607789562921
        ]
      }
    },
    {
      "type": "Feature",
      "properties": {
        "id": "STOP_2291",
        "name": "Commonwealth Market - Pier South (Stop)"
      },
      "geometry": {
        "type": "Point",
        "coordinates": [
          121.04390559615966,
          14.648057287146834
        ]
      }
    },
    {
      "type": "Feature",
      "properties": {
        "id": "STOP_2292",
        "name": "Commonwealth Market - Pier South (Stop)"
      },
      "geometry": {
        "type": "Point",
        "coordinates": [
          121.04640055229054,
          14.64959136131875
        ]
      }
    },
    {
      "type": "Feature",
      "properties": {
        "id": "STOP_2293",
        "name": "Commonwealth Market - Pier South (Stop)"
      },
      "geometry": {
        "type": "Point",
        "coordinates": [
          121.04800750661087,
          14.649168544010763
        ]
      }
    },
    {
      "type": "Feature",
      "properties": {
        "id": "STOP_2294",
        "name": "Commonwealth Market - Pier South (Stop)"
      },
      "geometry": {
        "type": "Point",
        "coordinates": [
          121.0505354027753,
          14.648618891366661
        ]
      }
    },
    {
      "type": "Feature",
      "properties": {
        "id": "STOP_2295",
        "name": "Commonwealth Market - Pier South (Stop)"
      },
      "geometry": {
        "type": "Point",
        "coordinates": [
          121.05196846075978,
          14.650122402278125
        ]
      }
    },
    {
      "type": "Feature",
      "properties": {
        "id": "STOP_2296",
        "name": "Commonwealth Market - Pier South (Stop)"
      },
      "geometry": {
        "type": "Point",
        "coordinates": [
          121.05178986108415,
          14.652246061979655
        ]
      }
    },
    {
      "type": "Feature",
      "properties": {
        "id": "STOP_2297",
        "name": "Commonwealth Market - Pier South (Stop)"
      },
      "geometry": {
        "type": "Point",
        "coordinates": [
          121.05299738692244,
          14.653585124844902
        ]
      }
    },
    {
      "type": "Feature",
      "properties": {
        "id": "STOP_2298",
        "name": "Commonwealth Market - Pier South (Stop)"
      },
      "geometry": {
        "type": "Point",
        "coordinates": [
          121.05446804982948,
          14.654430864658305
        ]
      }
    },
    {
      "type": "Feature",
      "properties": {
        "id": "STOP_2299",
        "name": "Commonwealth Market - Pier South (Stop)"
      },
      "geometry": {
        "type": "Point",
        "coordinates": [
          121.05785103670094,
          14.656700253843603
        ]
      }
    },
    {
      "type": "Feature",
      "properties": {
        "id": "STOP_2300",
        "name": "Commonwealth Market - Pier South (Stop)"
      },
      "geometry": {
        "type": "Point",
        "coordinates": [
          121.05973517311179,
          14.657935967740318
        ]
      }
    },
    {
      "type": "Feature",
      "properties": {
        "id": "STOP_2301",
        "name": "Commonwealth Market - Pier South (Stop)"
      },
      "geometry": {
        "type": "Point",
        "coordinates": [
          121.06207977081544,
          14.659514673064756
        ]
      }
    },
    {
      "type": "Feature",
      "properties": {
        "id": "STOP_2302",
        "name": "Commonwealth Market - Pier South (Stop)"
      },
      "geometry": {
        "type": "Point",
        "coordinates": [
          121.06476266835077,
          14.66127192408667
        ]
      }
    },
    {
      "type": "Feature",
      "properties": {
        "id": "STOP_2303",
        "name": "Commonwealth Market - Pier South (Stop)"
      },
      "geometry": {
        "type": "Point",
        "coordinates": [
          121.06751604433927,
          14.663094953887056
        ]
      }
    },
    {
      "type": "Feature",
      "properties": {
        "id": "STOP_2304",
        "name": "Commonwealth Market - Pier South (Stop)"
      },
      "geometry": {
        "type": "Point",
        "coordinates": [
          121.06939548252383,
          14.664311874196091
        ]
      }
    },
    {
      "type": "Feature",
      "properties": {
        "id": "STOP_2305",
        "name": "Commonwealth Market - Pier South (Stop)"
      },
      "geometry": {
        "type": "Point",
        "coordinates": [
          121.0712796168154,
          14.665636857146351
        ]
      }
    },
    {
      "type": "Feature",
      "properties": {
        "id": "STOP_2306",
        "name": "Commonwealth Market - Pier South (Stop)"
      },
      "geometry": {
        "type": "Point",
        "coordinates": [
          121.07440887874489,
          14.667774686252015
        ]
      }
    },
    {
      "type": "Feature",
      "properties": {
        "id": "STOP_2307",
        "name": "Commonwealth Market - Pier South (Stop)"
      },
      "geometry": {
        "type": "Point",
        "coordinates": [
          121.0767487733221,
          14.66954132632037
        ]
      }
    },
    {
      "type": "Feature",
      "properties": {
        "id": "STOP_2308",
        "name": "Commonwealth Market - Pier South (Stop)"
      },
      "geometry": {
        "type": "Point",
        "coordinates": [
          121.07876445661277,
          14.671444211874928
        ]
      }
    },
    {
      "type": "Feature",
      "properties": {
        "id": "STOP_2309",
        "name": "Commonwealth Market - Pier South (Stop)"
      },
      "geometry": {
        "type": "Point",
        "coordinates": [
          121.0804418349521,
          14.673384676806858
        ]
      }
    },
    {
      "type": "Feature",
      "properties": {
        "id": "STOP_2310",
        "name": "Commonwealth Market - Pier South (Stop)"
      },
      "geometry": {
        "type": "Point",
        "coordinates": [
          121.08240581464885,
          14.676058094074584
        ]
      }
    },
    {
      "type": "Feature",
      "properties": {
        "id": "STOP_2311",
        "name": "Commonwealth Market - Pier South (Stop)"
      },
      "geometry": {
        "type": "Point",
        "coordinates": [
          121.083307917969,
          14.67778241653863
        ]
      }
    },
    {
      "type": "Feature",
      "properties": {
        "id": "STOP_2312",
        "name": "Commonwealth Market - Pier South (Stop)"
      },
      "geometry": {
        "type": "Point",
        "coordinates": [
          121.08439795062984,
          14.680239689127283
        ]
      }
    },
    {
      "type": "Feature",
      "properties": {
        "id": "STOP_2313",
        "name": "Commonwealth Market - Pier South (Stop)"
      },
      "geometry": {
        "type": "Point",
        "coordinates": [
          121.08574169564632,
          14.683359437755197
        ]
      }
    },
    {
      "type": "Feature",
      "properties": {
        "id": "STOP_2314",
        "name": "Commonwealth Market - Pier South (Stop)"
      },
      "geometry": {
        "type": "Point",
        "coordinates": [
          121.0867988360785,
          14.685882486817475
        ]
      }
    },
    {
      "type": "Feature",
      "properties": {
        "id": "STOP_2315",
        "name": "Commonwealth Market - Pier South (Stop)"
      },
      "geometry": {
        "type": "Point",
        "coordinates": [
          121.08740959542152,
          14.688729713484129
        ]
      }
    },
    {
      "type": "Feature",
      "properties": {
        "id": "STOP_2316",
        "name": "Commonwealth Market - Pier South (Stop)"
      },
      "geometry": {
        "type": "Point",
        "coordinates": [
          121.08749877418897,
          14.692779711497352
        ]
      }
    },
    {
      "type": "Feature",
      "properties": {
        "id": "STOP_2317",
        "name": "Commonwealth Market - Pier South (Stop)"
      },
      "geometry": {
        "type": "Point",
        "coordinates": [
          121.08752214869408,
          14.697797572542255
        ]
      }
    },
    {
      "type": "Feature",
      "properties": {
        "id": "STOP_2318",
        "name": "Commonwealth Market - Pier South (End)"
      },
      "geometry": {
        "type": "Point",
        "coordinates": [
          121.08715095095776,
          14.697924420238257
        ]
      }
    },
    {
      "type": "Feature",
      "properties": {
        "id": "STOP_2319",
        "name": "Proj 2 3 Welcome Rtda (Stop)"
      },
      "geometry": {
        "type": "Point",
        "coordinates": [
          121.06684141227463,
          14.629267842249567
        ]
      }
    },
    {
      "type": "Feature",
      "properties": {
        "id": "STOP_2320",
        "name": "Proj 2 3 Welcome Rtda (Stop)"
      },
      "geometry": {
        "type": "Point",
        "coordinates": [
          121.06916487865276,
          14.630310932777226
        ]
      }
    },
    {
      "type": "Feature",
      "properties": {
        "id": "STOP_2321",
        "name": "Proj 2 3 Welcome Rtda (Stop)"
      },
      "geometry": {
        "type": "Point",
        "coordinates": [
          121.06882182527211,
          14.632448683822222
        ]
      }
    },
    {
      "type": "Feature",
      "properties": {
        "id": "STOP_2322",
        "name": "Proj 2 3 Welcome Rtda (Stop)"
      },
      "geometry": {
        "type": "Point",
        "coordinates": [
          121.06705042622315,
          14.632507373667812
        ]
      }
    },
    {
      "type": "Feature",
      "properties": {
        "id": "STOP_2323",
        "name": "Proj 2 3 Welcome Rtda (Stop)"
      },
      "geometry": {
        "type": "Point",
        "coordinates": [
          121.06529310135721,
          14.633486944525922
        ]
      }
    },
    {
      "type": "Feature",
      "properties": {
        "id": "STOP_2324",
        "name": "Proj 2 3 Welcome Rtda (Stop)"
      },
      "geometry": {
        "type": "Point",
        "coordinates": [
          121.06437451764364,
          14.633242608605418
        ]
      }
    },
    {
      "type": "Feature",
      "properties": {
        "id": "STOP_2325",
        "name": "Proj 2 3 Welcome Rtda (Stop)"
      },
      "geometry": {
        "type": "Point",
        "coordinates": [
          121.06264539663724,
          14.633721803597691
        ]
      }
    },
    {
      "type": "Feature",
      "properties": {
        "id": "STOP_2326",
        "name": "Proj 2 3 Welcome Rtda (Stop)"
      },
      "geometry": {
        "type": "Point",
        "coordinates": [
          121.05885590206722,
          14.634532187460723
        ]
      }
    },
    {
      "type": "Feature",
      "properties": {
        "id": "STOP_2327",
        "name": "Proj 2 3 Welcome Rtda (Stop)"
      },
      "geometry": {
        "type": "Point",
        "coordinates": [
          121.04605447016702,
          14.63082488525286
        ]
      }
    },
    {
      "type": "Feature",
      "properties": {
        "id": "STOP_2328",
        "name": "Proj 2 3 Welcome Rtda (Stop)"
      },
      "geometry": {
        "type": "Point",
        "coordinates": [
          121.04480691559955,
          14.633286803596176
        ]
      }
    },
    {
      "type": "Feature",
      "properties": {
        "id": "STOP_2329",
        "name": "Proj 2 3 Welcome Rtda (Stop)"
      },
      "geometry": {
        "type": "Point",
        "coordinates": [
          121.04158832297846,
          14.633512253105142
        ]
      }
    },
    {
      "type": "Feature",
      "properties": {
        "id": "STOP_2330",
        "name": "Proj 2 3 Welcome Rtda (Stop)"
      },
      "geometry": {
        "type": "Point",
        "coordinates": [
          121.0373782954684,
          14.634414245763185
        ]
      }
    },
    {
      "type": "Feature",
      "properties": {
        "id": "STOP_2331",
        "name": "Proj 2 3 Welcome Rtda (Stop)"
      },
      "geometry": {
        "type": "Point",
        "coordinates": [
          121.03563507861354,
          14.634886392889646
        ]
      }
    },
    {
      "type": "Feature",
      "properties": {
        "id": "STOP_2332",
        "name": "Proj 2 3 Welcome Rtda (Stop)"
      },
      "geometry": {
        "type": "Point",
        "coordinates": [
          121.03522630750341,
          14.63433902349074
        ]
      }
    },
    {
      "type": "Feature",
      "properties": {
        "id": "STOP_2333",
        "name": "Proj 2 3 Welcome Rtda (Stop)"
      },
      "geometry": {
        "type": "Point",
        "coordinates": [
          121.03402357261463,
          14.629105011240192
        ]
      }
    },
    {
      "type": "Feature",
      "properties": {
        "id": "STOP_2334",
        "name": "Proj 2 3 Welcome Rtda (Stop)"
      },
      "geometry": {
        "type": "Point",
        "coordinates": [
          121.03344334489006,
          14.626668892882725
        ]
      }
    },
    {
      "type": "Feature",
      "properties": {
        "id": "STOP_2335",
        "name": "Proj 2 3 Welcome Rtda (Stop)"
      },
      "geometry": {
        "type": "Point",
        "coordinates": [
          121.03298997517943,
          14.624486489411112
        ]
      }
    },
    {
      "type": "Feature",
      "properties": {
        "id": "STOP_2336",
        "name": "Proj 2 3 Welcome Rtda (Stop)"
      },
      "geometry": {
        "type": "Point",
        "coordinates": [
          121.03140418611709,
          14.62401191832467
        ]
      }
    },
    {
      "type": "Feature",
      "properties": {
        "id": "STOP_2337",
        "name": "Proj 2 3 Welcome Rtda (Stop)"
      },
      "geometry": {
        "type": "Point",
        "coordinates": [
          121.02753956053385,
          14.622809048552583
        ]
      }
    },
    {
      "type": "Feature",
      "properties": {
        "id": "STOP_2338",
        "name": "Proj 2 3 Welcome Rtda (Stop)"
      },
      "geometry": {
        "type": "Point",
        "coordinates": [
          121.02457002377392,
          14.621916291367812
        ]
      }
    },
    {
      "type": "Feature",
      "properties": {
        "id": "STOP_2339",
        "name": "Proj 2 3 Welcome Rtda (Stop)"
      },
      "geometry": {
        "type": "Point",
        "coordinates": [
          121.0212175494439,
          14.620861431782961
        ]
      }
    },
    {
      "type": "Feature",
      "properties": {
        "id": "STOP_2340",
        "name": "Proj 2 3 Welcome Rtda (Stop)"
      },
      "geometry": {
        "type": "Point",
        "coordinates": [
          121.01553690268491,
          14.619073574029942
        ]
      }
    },
    {
      "type": "Feature",
      "properties": {
        "id": "STOP_2341",
        "name": "Proj 2 3 Welcome Rtda (Stop)"
      },
      "geometry": {
        "type": "Point",
        "coordinates": [
          121.01265192873957,
          14.618737575693295
        ]
      }
    },
    {
      "type": "Feature",
      "properties": {
        "id": "STOP_2342",
        "name": "Proj 2 3 Welcome Rtda (Stop)"
      },
      "geometry": {
        "type": "Point",
        "coordinates": [
          121.01030260044952,
          14.618504953550573
        ]
      }
    },
    {
      "type": "Feature",
      "properties": {
        "id": "STOP_2343",
        "name": "Proj 2 3 Welcome Rtda (Stop)"
      },
      "geometry": {
        "type": "Point",
        "coordinates": [
          121.00745286394641,
          14.618277018535624
        ]
      }
    },
    {
      "type": "Feature",
      "properties": {
        "id": "STOP_2344",
        "name": "Proj 2 3 Welcome Rtda (Stop)"
      },
      "geometry": {
        "type": "Point",
        "coordinates": [
          121.00469005279186,
          14.618049085473354
        ]
      }
    },
    {
      "type": "Feature",
      "properties": {
        "id": "STOP_2345",
        "name": "Proj 2 3 Welcome Rtda (Stop)"
      },
      "geometry": {
        "type": "Point",
        "coordinates": [
          121.00223970319846,
          14.617814111874642
        ]
      }
    },
    {
      "type": "Feature",
      "properties": {
        "id": "STOP_2346",
        "name": "Proj 2 3 Welcome Rtda (Stop)"
      },
      "geometry": {
        "type": "Point",
        "coordinates": [
          121.0031065786504,
          14.619026311047213
        ]
      }
    },
    {
      "type": "Feature",
      "properties": {
        "id": "STOP_2347",
        "name": "Proj 2 3 Welcome Rtda (Stop)"
      },
      "geometry": {
        "type": "Point",
        "coordinates": [
          121.00257330843203,
          14.617821166926284
        ]
      }
    },
    {
      "type": "Feature",
      "properties": {
        "id": "STOP_2348",
        "name": "Proj 2 3 Welcome Rtda (Stop)"
      },
      "geometry": {
        "type": "Point",
        "coordinates": [
          121.00807543695898,
          14.61829582600684
        ]
      }
    },
    {
      "type": "Feature",
      "properties": {
        "id": "STOP_2349",
        "name": "Proj 2 3 Welcome Rtda (Stop)"
      },
      "geometry": {
        "type": "Point",
        "coordinates": [
          121.01045060909131,
          14.61847911583598
        ]
      }
    },
    {
      "type": "Feature",
      "properties": {
        "id": "STOP_2350",
        "name": "Proj 2 3 Welcome Rtda (Stop)"
      },
      "geometry": {
        "type": "Point",
        "coordinates": [
          121.01475458115411,
          14.618794003384984
        ]
      }
    },
    {
      "type": "Feature",
      "properties": {
        "id": "STOP_2351",
        "name": "Proj 2 3 Welcome Rtda (Stop)"
      },
      "geometry": {
        "type": "Point",
        "coordinates": [
          121.01786977466908,
          14.619768985335519
        ]
      }
    },
    {
      "type": "Feature",
      "properties": {
        "id": "STOP_2352",
        "name": "Proj 2 3 Welcome Rtda (Stop)"
      },
      "geometry": {
        "type": "Point",
        "coordinates": [
          121.02033655672987,
          14.62054662113984
        ]
      }
    },
    {
      "type": "Feature",
      "properties": {
        "id": "STOP_2353",
        "name": "Proj 2 3 Welcome Rtda (Stop)"
      },
      "geometry": {
        "type": "Point",
        "coordinates": [
          121.02371252406462,
          14.621615576365441
        ]
      }
    },
    {
      "type": "Feature",
      "properties": {
        "id": "STOP_2354",
        "name": "Proj 2 3 Welcome Rtda (Stop)"
      },
      "geometry": {
        "type": "Point",
        "coordinates": [
          121.02621454679633,
          14.622365022734806
        ]
      }
    },
    {
      "type": "Feature",
      "properties": {
        "id": "STOP_2355",
        "name": "Proj 2 3 Welcome Rtda (Stop)"
      },
      "geometry": {
        "type": "Point",
        "coordinates": [
          121.02905487019653,
          14.623257777016246
        ]
      }
    },
    {
      "type": "Feature",
      "properties": {
        "id": "STOP_2356",
        "name": "Proj 2 3 Welcome Rtda (Stop)"
      },
      "geometry": {
        "type": "Point",
        "coordinates": [
          121.03146526963047,
          14.623976681915199
        ]
      }
    },
    {
      "type": "Feature",
      "properties": {
        "id": "STOP_2357",
        "name": "Proj 2 3 Welcome Rtda (Stop)"
      },
      "geometry": {
        "type": "Point",
        "coordinates": [
          121.03297823496737,
          14.624213983635165
        ]
      }
    },
    {
      "type": "Feature",
      "properties": {
        "id": "STOP_2358",
        "name": "Proj 2 3 Welcome Rtda (Stop)"
      },
      "geometry": {
        "type": "Point",
        "coordinates": [
          121.03351147646046,
          14.626631307445955
        ]
      }
    },
    {
      "type": "Feature",
      "properties": {
        "id": "STOP_2359",
        "name": "Proj 2 3 Welcome Rtda (Stop)"
      },
      "geometry": {
        "type": "Point",
        "coordinates": [
          121.03407760584452,
          14.629166091276058
        ]
      }
    },
    {
      "type": "Feature",
      "properties": {
        "id": "STOP_2360",
        "name": "Proj 2 3 Welcome Rtda (Stop)"
      },
      "geometry": {
        "type": "Point",
        "coordinates": [
          121.03469306767694,
          14.631851224092568
        ]
      }
    },
    {
      "type": "Feature",
      "properties": {
        "id": "STOP_2361",
        "name": "Proj 2 3 Welcome Rtda (Stop)"
      },
      "geometry": {
        "type": "Point",
        "coordinates": [
          121.03526859534453,
          14.634346071997035
        ]
      }
    },
    {
      "type": "Feature",
      "properties": {
        "id": "STOP_2362",
        "name": "Proj 2 3 Welcome Rtda (Stop)"
      },
      "geometry": {
        "type": "Point",
        "coordinates": [
          121.03779647960909,
          14.6342991450678
        ]
      }
    },
    {
      "type": "Feature",
      "properties": {
        "id": "STOP_2363",
        "name": "Proj 2 3 Welcome Rtda (Stop)"
      },
      "geometry": {
        "type": "Point",
        "coordinates": [
          121.04353593186943,
          14.633040110572859
        ]
      }
    },
    {
      "type": "Feature",
      "properties": {
        "id": "STOP_2364",
        "name": "Proj 2 3 Welcome Rtda (Stop)"
      },
      "geometry": {
        "type": "Point",
        "coordinates": [
          121.04475524517308,
          14.632657220730117
        ]
      }
    },
    {
      "type": "Feature",
      "properties": {
        "id": "STOP_2365",
        "name": "Proj 2 3 Welcome Rtda (Stop)"
      },
      "geometry": {
        "type": "Point",
        "coordinates": [
          121.04567388154597,
          14.63067922720515
        ]
      }
    },
    {
      "type": "Feature",
      "properties": {
        "id": "STOP_2366",
        "name": "Proj 2 3 Welcome Rtda (Stop)"
      },
      "geometry": {
        "type": "Point",
        "coordinates": [
          121.04770839068198,
          14.631266569271343
        ]
      }
    },
    {
      "type": "Feature",
      "properties": {
        "id": "STOP_2367",
        "name": "Proj 2 3 Welcome Rtda (Stop)"
      },
      "geometry": {
        "type": "Point",
        "coordinates": [
          121.05584407771406,
          14.633622985035977
        ]
      }
    },
    {
      "type": "Feature",
      "properties": {
        "id": "STOP_2368",
        "name": "Proj 2 3 Welcome Rtda (Stop)"
      },
      "geometry": {
        "type": "Point",
        "coordinates": [
          121.05906969082797,
          14.634558033302877
        ]
      }
    },
    {
      "type": "Feature",
      "properties": {
        "id": "STOP_2369",
        "name": "Proj 2 3 Welcome Rtda (Stop)"
      },
      "geometry": {
        "type": "Point",
        "coordinates": [
          121.05968290838007,
          14.63280907850426
        ]
      }
    },
    {
      "type": "Feature",
      "properties": {
        "id": "STOP_2370",
        "name": "Proj 2 3 Welcome Rtda (Stop)"
      },
      "geometry": {
        "type": "Point",
        "coordinates": [
          121.06070137161942,
          14.631667397252272
        ]
      }
    },
    {
      "type": "Feature",
      "properties": {
        "id": "STOP_2371",
        "name": "Proj 2 3 Welcome Rtda (Stop)"
      },
      "geometry": {
        "type": "Point",
        "coordinates": [
          121.06161530286481,
          14.62996190914844
        ]
      }
    },
    {
      "type": "Feature",
      "properties": {
        "id": "STOP_2372",
        "name": "Proj 2 3 Welcome Rtda (Stop)"
      },
      "geometry": {
        "type": "Point",
        "coordinates": [
          121.06276884995717,
          14.628940039394942
        ]
      }
    },
    {
      "type": "Feature",
      "properties": {
        "id": "STOP_2373",
        "name": "Proj 2 3 Welcome Rtda (End)"
      },
      "geometry": {
        "type": "Point",
        "coordinates": [
          121.06304549285841,
          14.628566525124912
        ]
      }
    },
    {
      "type": "Feature",
      "properties": {
        "id": "STOP_2374",
        "name": "DIVISORIA - SAN JUAN via CM RECTO (Start)"
      },
      "geometry": {
        "type": "Point",
        "coordinates": [
          121.02964428981545,
          14.609577308925626
        ]
      }
    },
    {
      "type": "Feature",
      "properties": {
        "id": "STOP_2375",
        "name": "DIVISORIA - SAN JUAN via CM RECTO (Stop)"
      },
      "geometry": {
        "type": "Point",
        "coordinates": [
          121.02801270836709,
          14.60827464895613
        ]
      }
    },
    {
      "type": "Feature",
      "properties": {
        "id": "STOP_2376",
        "name": "DIVISORIA - SAN JUAN via CM RECTO (Stop)"
      },
      "geometry": {
        "type": "Point",
        "coordinates": [
          121.0267558292075,
          14.60766618169317
        ]
      }
    },
    {
      "type": "Feature",
      "properties": {
        "id": "STOP_2377",
        "name": "DIVISORIA - SAN JUAN via CM RECTO (Stop)"
      },
      "geometry": {
        "type": "Point",
        "coordinates": [
          121.02591948129728,
          14.607036581211766
        ]
      }
    },
    {
      "type": "Feature",
      "properties": {
        "id": "STOP_2378",
        "name": "DIVISORIA - SAN JUAN via CM RECTO (Stop)"
      },
      "geometry": {
        "type": "Point",
        "coordinates": [
          121.02425851494323,
          14.606503278800838
        ]
      }
    },
    {
      "type": "Feature",
      "properties": {
        "id": "STOP_2379",
        "name": "DIVISORIA - SAN JUAN via CM RECTO (Stop)"
      },
      "geometry": {
        "type": "Point",
        "coordinates": [
          121.0233493366272,
          14.605918311205391
        ]
      }
    },
    {
      "type": "Feature",
      "properties": {
        "id": "STOP_2380",
        "name": "DIVISORIA - SAN JUAN via CM RECTO (Stop)"
      },
      "geometry": {
        "type": "Point",
        "coordinates": [
          121.02165787118705,
          14.603601976394428
        ]
      }
    },
    {
      "type": "Feature",
      "properties": {
        "id": "STOP_2381",
        "name": "DIVISORIA - SAN JUAN via CM RECTO (Stop)"
      },
      "geometry": {
        "type": "Point",
        "coordinates": [
          121.02053257640236,
          14.602078504380048
        ]
      }
    },
    {
      "type": "Feature",
      "properties": {
        "id": "STOP_2382",
        "name": "DIVISORIA - SAN JUAN via CM RECTO (Stop)"
      },
      "geometry": {
        "type": "Point",
        "coordinates": [
          121.01949184711219,
          14.600999030305777
        ]
      }
    },
    {
      "type": "Feature",
      "properties": {
        "id": "STOP_2383",
        "name": "DIVISORIA - SAN JUAN via CM RECTO (Stop)"
      },
      "geometry": {
        "type": "Point",
        "coordinates": [
          121.01687705785879,
          14.600186153396946
        ]
      }
    },
    {
      "type": "Feature",
      "properties": {
        "id": "STOP_2384",
        "name": "DIVISORIA - SAN JUAN via CM RECTO (Stop)"
      },
      "geometry": {
        "type": "Point",
        "coordinates": [
          121.0153899407825,
          14.59971275911964
        ]
      }
    },
    {
      "type": "Feature",
      "properties": {
        "id": "STOP_2385",
        "name": "DIVISORIA - SAN JUAN via CM RECTO (Stop)"
      },
      "geometry": {
        "type": "Point",
        "coordinates": [
          121.01400852003773,
          14.600238945599193
        ]
      }
    },
    {
      "type": "Feature",
      "properties": {
        "id": "STOP_2386",
        "name": "DIVISORIA - SAN JUAN via CM RECTO (Stop)"
      },
      "geometry": {
        "type": "Point",
        "coordinates": [
          121.01254603068604,
          14.6014651875044
        ]
      }
    },
    {
      "type": "Feature",
      "properties": {
        "id": "STOP_2387",
        "name": "DIVISORIA - SAN JUAN via CM RECTO (Stop)"
      },
      "geometry": {
        "type": "Point",
        "coordinates": [
          121.01019432859444,
          14.602265032279709
        ]
      }
    },
    {
      "type": "Feature",
      "properties": {
        "id": "STOP_2388",
        "name": "DIVISORIA - SAN JUAN via CM RECTO (Stop)"
      },
      "geometry": {
        "type": "Point",
        "coordinates": [
          121.00733519553543,
          14.602004208445342
        ]
      }
    },
    {
      "type": "Feature",
      "properties": {
        "id": "STOP_2389",
        "name": "DIVISORIA - SAN JUAN via CM RECTO (Stop)"
      },
      "geometry": {
        "type": "Point",
        "coordinates": [
          121.00217607041144,
          14.601501366824763
        ]
      }
    },
    {
      "type": "Feature",
      "properties": {
        "id": "STOP_2390",
        "name": "DIVISORIA - SAN JUAN via CM RECTO (Stop)"
      },
      "geometry": {
        "type": "Point",
        "coordinates": [
          120.99941795931215,
          14.601214704220276
        ]
      }
    },
    {
      "type": "Feature",
      "properties": {
        "id": "STOP_2391",
        "name": "DIVISORIA - SAN JUAN via CM RECTO (Stop)"
      },
      "geometry": {
        "type": "Point",
        "coordinates": [
          120.99645311318197,
          14.600660229833089
        ]
      }
    },
    {
      "type": "Feature",
      "properties": {
        "id": "STOP_2392",
        "name": "DIVISORIA - SAN JUAN via CM RECTO (Stop)"
      },
      "geometry": {
        "type": "Point",
        "coordinates": [
          120.99393931097151,
          14.601294453397939
        ]
      }
    },
    {
      "type": "Feature",
      "properties": {
        "id": "STOP_2393",
        "name": "DIVISORIA - SAN JUAN via CM RECTO (Stop)"
      },
      "geometry": {
        "type": "Point",
        "coordinates": [
          120.99242163821037,
          14.601425973673125
        ]
      }
    },
    {
      "type": "Feature",
      "properties": {
        "id": "STOP_2394",
        "name": "DIVISORIA - SAN JUAN via CM RECTO (Stop)"
      },
      "geometry": {
        "type": "Point",
        "coordinates": [
          120.99095567617874,
          14.600486266563381
        ]
      }
    },
    {
      "type": "Feature",
      "properties": {
        "id": "STOP_2395",
        "name": "DIVISORIA - SAN JUAN via CM RECTO (Stop)"
      },
      "geometry": {
        "type": "Point",
        "coordinates": [
          120.9883384893587,
          14.601707784159608
        ]
      }
    },
    {
      "type": "Feature",
      "properties": {
        "id": "STOP_2396",
        "name": "DIVISORIA - SAN JUAN via CM RECTO (Stop)"
      },
      "geometry": {
        "type": "Point",
        "coordinates": [
          120.98495071325075,
          14.603258170402281
        ]
      }
    },
    {
      "type": "Feature",
      "properties": {
        "id": "STOP_2397",
        "name": "DIVISORIA - SAN JUAN via CM RECTO (Stop)"
      },
      "geometry": {
        "type": "Point",
        "coordinates": [
          120.98183548335608,
          14.603817206525882
        ]
      }
    },
    {
      "type": "Feature",
      "properties": {
        "id": "STOP_2398",
        "name": "DIVISORIA - SAN JUAN via CM RECTO (Stop)"
      },
      "geometry": {
        "type": "Point",
        "coordinates": [
          120.98014395777162,
          14.604037991943342
        ]
      }
    },
    {
      "type": "Feature",
      "properties": {
        "id": "STOP_2399",
        "name": "DIVISORIA - SAN JUAN via CM RECTO (Stop)"
      },
      "geometry": {
        "type": "Point",
        "coordinates": [
          120.97496597759195,
          14.606081666912962
        ]
      }
    },
    {
      "type": "Feature",
      "properties": {
        "id": "STOP_2400",
        "name": "DIVISORIA - SAN JUAN via CM RECTO (Stop)"
      },
      "geometry": {
        "type": "Point",
        "coordinates": [
          120.97093452107934,
          14.606067481206985
        ]
      }
    },
    {
      "type": "Feature",
      "properties": {
        "id": "STOP_2401",
        "name": "DIVISORIA - SAN JUAN via CM RECTO (Stop)"
      },
      "geometry": {
        "type": "Point",
        "coordinates": [
          120.96931351079876,
          14.604798884640045
        ]
      }
    },
    {
      "type": "Feature",
      "properties": {
        "id": "STOP_2402",
        "name": "DIVISORIA - SAN JUAN via CM RECTO (Stop)"
      },
      "geometry": {
        "type": "Point",
        "coordinates": [
          120.96773010099291,
          14.603060451830958
        ]
      }
    },
    {
      "type": "Feature",
      "properties": {
        "id": "STOP_2403",
        "name": "DIVISORIA - SAN JUAN via CM RECTO (Stop)"
      },
      "geometry": {
        "type": "Point",
        "coordinates": [
          120.97012166504656,
          14.605498960063036
        ]
      }
    },
    {
      "type": "Feature",
      "properties": {
        "id": "STOP_2404",
        "name": "DIVISORIA - SAN JUAN via CM RECTO (Stop)"
      },
      "geometry": {
        "type": "Point",
        "coordinates": [
          120.97333083111745,
          14.606509181919405
        ]
      }
    },
    {
      "type": "Feature",
      "properties": {
        "id": "STOP_2405",
        "name": "DIVISORIA - SAN JUAN via CM RECTO (Stop)"
      },
      "geometry": {
        "type": "Point",
        "coordinates": [
          120.97849001284312,
          14.604625251133326
        ]
      }
    },
    {
      "type": "Feature",
      "properties": {
        "id": "STOP_2406",
        "name": "DIVISORIA - SAN JUAN via CM RECTO (Stop)"
      },
      "geometry": {
        "type": "Point",
        "coordinates": [
          120.98025203024496,
          14.603906439987911
        ]
      }
    },
    {
      "type": "Feature",
      "properties": {
        "id": "STOP_2407",
        "name": "DIVISORIA - SAN JUAN via CM RECTO (Stop)"
      },
      "geometry": {
        "type": "Point",
        "coordinates": [
          120.98245101382737,
          14.603605793670004
        ]
      }
    },
    {
      "type": "Feature",
      "properties": {
        "id": "STOP_2408",
        "name": "DIVISORIA - SAN JUAN via CM RECTO (Stop)"
      },
      "geometry": {
        "type": "Point",
        "coordinates": [
          120.98466879319247,
          14.603258164066727
        ]
      }
    },
    {
      "type": "Feature",
      "properties": {
        "id": "STOP_2409",
        "name": "DIVISORIA - SAN JUAN via CM RECTO (Stop)"
      },
      "geometry": {
        "type": "Point",
        "coordinates": [
          120.9885217434089,
          14.601454076253175
        ]
      }
    },
    {
      "type": "Feature",
      "properties": {
        "id": "STOP_2410",
        "name": "DIVISORIA - SAN JUAN via CM RECTO (Stop)"
      },
      "geometry": {
        "type": "Point",
        "coordinates": [
          120.99081941693298,
          14.600396994455545
        ]
      }
    },
    {
      "type": "Feature",
      "properties": {
        "id": "STOP_2411",
        "name": "DIVISORIA - SAN JUAN via CM RECTO (Stop)"
      },
      "geometry": {
        "type": "Point",
        "coordinates": [
          120.99239814676504,
          14.601346100841223
        ]
      }
    },
    {
      "type": "Feature",
      "properties": {
        "id": "STOP_2412",
        "name": "DIVISORIA - SAN JUAN via CM RECTO (Stop)"
      },
      "geometry": {
        "type": "Point",
        "coordinates": [
          120.99387822973986,
          14.601233373204586
        ]
      }
    },
    {
      "type": "Feature",
      "properties": {
        "id": "STOP_2413",
        "name": "DIVISORIA - SAN JUAN via CM RECTO (Stop)"
      },
      "geometry": {
        "type": "Point",
        "coordinates": [
          120.99579060327397,
          14.60056624752761
        ]
      }
    },
    {
      "type": "Feature",
      "properties": {
        "id": "STOP_2414",
        "name": "DIVISORIA - SAN JUAN via CM RECTO (Stop)"
      },
      "geometry": {
        "type": "Point",
        "coordinates": [
          120.99759488607381,
          14.60080120661757
        ]
      }
    },
    {
      "type": "Feature",
      "properties": {
        "id": "STOP_2415",
        "name": "DIVISORIA - SAN JUAN via CM RECTO (Stop)"
      },
      "geometry": {
        "type": "Point",
        "coordinates": [
          121.00013685634853,
          14.601177133410236
        ]
      }
    },
    {
      "type": "Feature",
      "properties": {
        "id": "STOP_2416",
        "name": "DIVISORIA - SAN JUAN via CM RECTO (Stop)"
      },
      "geometry": {
        "type": "Point",
        "coordinates": [
          121.00295135257204,
          14.60141681357387
        ]
      }
    },
    {
      "type": "Feature",
      "properties": {
        "id": "STOP_2417",
        "name": "DIVISORIA - SAN JUAN via CM RECTO (Stop)"
      },
      "geometry": {
        "type": "Point",
        "coordinates": [
          121.00790373754496,
          14.601867968469469
        ]
      }
    },
    {
      "type": "Feature",
      "properties": {
        "id": "STOP_2418",
        "name": "DIVISORIA - SAN JUAN via CM RECTO (Stop)"
      },
      "geometry": {
        "type": "Point",
        "coordinates": [
          121.01021077866316,
          14.602065351890658
        ]
      }
    },
    {
      "type": "Feature",
      "properties": {
        "id": "STOP_2419",
        "name": "DIVISORIA - SAN JUAN via CM RECTO (Stop)"
      },
      "geometry": {
        "type": "Point",
        "coordinates": [
          121.01192608659662,
          14.60204043034517
        ]
      }
    },
    {
      "type": "Feature",
      "properties": {
        "id": "STOP_2420",
        "name": "DIVISORIA - SAN JUAN via CM RECTO (Stop)"
      },
      "geometry": {
        "type": "Point",
        "coordinates": [
          121.01310342326191,
          14.600911085927097
        ]
      }
    },
    {
      "type": "Feature",
      "properties": {
        "id": "STOP_2421",
        "name": "DIVISORIA - SAN JUAN via CM RECTO (Stop)"
      },
      "geometry": {
        "type": "Point",
        "coordinates": [
          121.01399149824474,
          14.599779973121775
        ]
      }
    },
    {
      "type": "Feature",
      "properties": {
        "id": "STOP_2422",
        "name": "DIVISORIA - SAN JUAN via CM RECTO (Stop)"
      },
      "geometry": {
        "type": "Point",
        "coordinates": [
          121.01560789348444,
          14.597518918521038
        ]
      }
    },
    {
      "type": "Feature",
      "properties": {
        "id": "STOP_2423",
        "name": "DIVISORIA - SAN JUAN via CM RECTO (Stop)"
      },
      "geometry": {
        "type": "Point",
        "coordinates": [
          121.01760482387249,
          14.59765991452565
        ]
      }
    },
    {
      "type": "Feature",
      "properties": {
        "id": "STOP_2424",
        "name": "DIVISORIA - SAN JUAN via CM RECTO (Stop)"
      },
      "geometry": {
        "type": "Point",
        "coordinates": [
          121.01682478742963,
          14.600091303862314
        ]
      }
    },
    {
      "type": "Feature",
      "properties": {
        "id": "STOP_2425",
        "name": "DIVISORIA - SAN JUAN via CM RECTO (Stop)"
      },
      "geometry": {
        "type": "Point",
        "coordinates": [
          121.01991883598964,
          14.601106221485207
        ]
      }
    },
    {
      "type": "Feature",
      "properties": {
        "id": "STOP_2426",
        "name": "DIVISORIA - SAN JUAN via CM RECTO (Stop)"
      },
      "geometry": {
        "type": "Point",
        "coordinates": [
          121.02127670516094,
          14.603037282390087
        ]
      }
    },
    {
      "type": "Feature",
      "properties": {
        "id": "STOP_2427",
        "name": "DIVISORIA - SAN JUAN via CM RECTO (Stop)"
      },
      "geometry": {
        "type": "Point",
        "coordinates": [
          121.02257349671974,
          14.60475456605473
        ]
      }
    },
    {
      "type": "Feature",
      "properties": {
        "id": "STOP_2428",
        "name": "DIVISORIA - SAN JUAN via CM RECTO (Stop)"
      },
      "geometry": {
        "type": "Point",
        "coordinates": [
          121.02361186985617,
          14.606121815290232
        ]
      }
    },
    {
      "type": "Feature",
      "properties": {
        "id": "STOP_2429",
        "name": "DIVISORIA - SAN JUAN via CM RECTO (Stop)"
      },
      "geometry": {
        "type": "Point",
        "coordinates": [
          121.02529632662575,
          14.606778450462528
        ]
      }
    },
    {
      "type": "Feature",
      "properties": {
        "id": "STOP_2430",
        "name": "DIVISORIA - SAN JUAN via CM RECTO (Stop)"
      },
      "geometry": {
        "type": "Point",
        "coordinates": [
          121.02644513754475,
          14.607339931588973
        ]
      }
    },
    {
      "type": "Feature",
      "properties": {
        "id": "STOP_2431",
        "name": "DIVISORIA - SAN JUAN via CM RECTO (Stop)"
      },
      "geometry": {
        "type": "Point",
        "coordinates": [
          121.02781478016145,
          14.608141034588694
        ]
      }
    },
    {
      "type": "Feature",
      "properties": {
        "id": "STOP_2432",
        "name": "DIVISORIA - SAN JUAN via CM RECTO (Stop)"
      },
      "geometry": {
        "type": "Point",
        "coordinates": [
          121.02905520699771,
          14.609044324249869
        ]
      }
    },
    {
      "type": "Feature",
      "properties": {
        "id": "STOP_2433",
        "name": "Pasig-Quiapo via Sta Mesa (Start)"
      },
      "geometry": {
        "type": "Point",
        "coordinates": [
          121.08439046261103,
          14.559387094657456
        ]
      }
    },
    {
      "type": "Feature",
      "properties": {
        "id": "STOP_2434",
        "name": "Pasig-Quiapo via Sta Mesa (Stop)"
      },
      "geometry": {
        "type": "Point",
        "coordinates": [
          121.08129871209869,
          14.560538125864511
        ]
      }
    },
    {
      "type": "Feature",
      "properties": {
        "id": "STOP_2435",
        "name": "Pasig-Quiapo via Sta Mesa (Stop)"
      },
      "geometry": {
        "type": "Point",
        "coordinates": [
          121.07760085085019,
          14.560956197662215
        ]
      }
    },
    {
      "type": "Feature",
      "properties": {
        "id": "STOP_2436",
        "name": "Pasig-Quiapo via Sta Mesa (Stop)"
      },
      "geometry": {
        "type": "Point",
        "coordinates": [
          121.07663879126854,
          14.561268617656644
        ]
      }
    },
    {
      "type": "Feature",
      "properties": {
        "id": "STOP_2437",
        "name": "Pasig-Quiapo via Sta Mesa (Stop)"
      },
      "geometry": {
        "type": "Point",
        "coordinates": [
          121.07658941104026,
          14.563133869598172
        ]
      }
    },
    {
      "type": "Feature",
      "properties": {
        "id": "STOP_2438",
        "name": "Pasig-Quiapo via Sta Mesa (Stop)"
      },
      "geometry": {
        "type": "Point",
        "coordinates": [
          121.0764789564885,
          14.564646742389241
        ]
      }
    },
    {
      "type": "Feature",
      "properties": {
        "id": "STOP_2439",
        "name": "Pasig-Quiapo via Sta Mesa (Stop)"
      },
      "geometry": {
        "type": "Point",
        "coordinates": [
          121.07634620206187,
          14.565366764671715
        ]
      }
    },
    {
      "type": "Feature",
      "properties": {
        "id": "STOP_2440",
        "name": "Pasig-Quiapo via Sta Mesa (Stop)"
      },
      "geometry": {
        "type": "Point",
        "coordinates": [
          121.07760777737484,
          14.5660803580521
        ]
      }
    },
    {
      "type": "Feature",
      "properties": {
        "id": "STOP_2441",
        "name": "Pasig-Quiapo via Sta Mesa (Stop)"
      },
      "geometry": {
        "type": "Point",
        "coordinates": [
          121.075594103618,
          14.566124947286632
        ]
      }
    },
    {
      "type": "Feature",
      "properties": {
        "id": "STOP_2442",
        "name": "Pasig-Quiapo via Sta Mesa (Stop)"
      },
      "geometry": {
        "type": "Point",
        "coordinates": [
          121.07256345816502,
          14.56633160743143
        ]
      }
    },
    {
      "type": "Feature",
      "properties": {
        "id": "STOP_2443",
        "name": "Pasig-Quiapo via Sta Mesa (Stop)"
      },
      "geometry": {
        "type": "Point",
        "coordinates": [
          121.07057122725497,
          14.56615772292287
        ]
      }
    },
    {
      "type": "Feature",
      "properties": {
        "id": "STOP_2444",
        "name": "Pasig-Quiapo via Sta Mesa (Stop)"
      },
      "geometry": {
        "type": "Point",
        "coordinates": [
          121.06997980662153,
          14.565139337829187
        ]
      }
    },
    {
      "type": "Feature",
      "properties": {
        "id": "STOP_2445",
        "name": "Pasig-Quiapo via Sta Mesa (Stop)"
      },
      "geometry": {
        "type": "Point",
        "coordinates": [
          121.0690036991244,
          14.56342323607598
        ]
      }
    },
    {
      "type": "Feature",
      "properties": {
        "id": "STOP_2446",
        "name": "Pasig-Quiapo via Sta Mesa (Stop)"
      },
      "geometry": {
        "type": "Point",
        "coordinates": [
          121.06744492895216,
          14.562884063013094
        ]
      }
    },
    {
      "type": "Feature",
      "properties": {
        "id": "STOP_2447",
        "name": "Pasig-Quiapo via Sta Mesa (Stop)"
      },
      "geometry": {
        "type": "Point",
        "coordinates": [
          121.06584032680551,
          14.563187071819108
        ]
      }
    },
    {
      "type": "Feature",
      "properties": {
        "id": "STOP_2448",
        "name": "Pasig-Quiapo via Sta Mesa (Stop)"
      },
      "geometry": {
        "type": "Point",
        "coordinates": [
          121.06559596529675,
          14.564486165749958
        ]
      }
    },
    {
      "type": "Feature",
      "properties": {
        "id": "STOP_2449",
        "name": "Pasig-Quiapo via Sta Mesa (Stop)"
      },
      "geometry": {
        "type": "Point",
        "coordinates": [
          121.065819115639,
          14.566020188719701
        ]
      }
    },
    {
      "type": "Feature",
      "properties": {
        "id": "STOP_2450",
        "name": "Pasig-Quiapo via Sta Mesa (Stop)"
      },
      "geometry": {
        "type": "Point",
        "coordinates": [
          121.06649034847955,
          14.569786535038252
        ]
      }
    },
    {
      "type": "Feature",
      "properties": {
        "id": "STOP_2451",
        "name": "Pasig-Quiapo via Sta Mesa (Stop)"
      },
      "geometry": {
        "type": "Point",
        "coordinates": [
          121.06232429568932,
          14.573865214245055
        ]
      }
    },
    {
      "type": "Feature",
      "properties": {
        "id": "STOP_2452",
        "name": "Pasig-Quiapo via Sta Mesa (Stop)"
      },
      "geometry": {
        "type": "Point",
        "coordinates": [
          121.0590733388751,
          14.576658322424397
        ]
      }
    },
    {
      "type": "Feature",
      "properties": {
        "id": "STOP_2453",
        "name": "Pasig-Quiapo via Sta Mesa (Stop)"
      },
      "geometry": {
        "type": "Point",
        "coordinates": [
          121.05608962384358,
          14.57923766076989
        ]
      }
    },
    {
      "type": "Feature",
      "properties": {
        "id": "STOP_2454",
        "name": "Pasig-Quiapo via Sta Mesa (Stop)"
      },
      "geometry": {
        "type": "Point",
        "coordinates": [
          121.05375668662806,
          14.581295494627557
        ]
      }
    },
    {
      "type": "Feature",
      "properties": {
        "id": "STOP_2455",
        "name": "Pasig-Quiapo via Sta Mesa (Stop)"
      },
      "geometry": {
        "type": "Point",
        "coordinates": [
          121.05233766035178,
          14.582505293149655
        ]
      }
    },
    {
      "type": "Feature",
      "properties": {
        "id": "STOP_2456",
        "name": "Pasig-Quiapo via Sta Mesa (Stop)"
      },
      "geometry": {
        "type": "Point",
        "coordinates": [
          121.05101496104751,
          14.583534206572752
        ]
      }
    },
    {
      "type": "Feature",
      "properties": {
        "id": "STOP_2457",
        "name": "Pasig-Quiapo via Sta Mesa (Stop)"
      },
      "geometry": {
        "type": "Point",
        "coordinates": [
          121.04940328678401,
          14.584854412479599
        ]
      }
    },
    {
      "type": "Feature",
      "properties": {
        "id": "STOP_2458",
        "name": "Pasig-Quiapo via Sta Mesa (Stop)"
      },
      "geometry": {
        "type": "Point",
        "coordinates": [
          121.04773111639585,
          14.586207505624948
        ]
      }
    },
    {
      "type": "Feature",
      "properties": {
        "id": "STOP_2459",
        "name": "Pasig-Quiapo via Sta Mesa (Stop)"
      },
      "geometry": {
        "type": "Point",
        "coordinates": [
          121.04643895691264,
          14.587300435043595
        ]
      }
    },
    {
      "type": "Feature",
      "properties": {
        "id": "STOP_2460",
        "name": "Pasig-Quiapo via Sta Mesa (Stop)"
      },
      "geometry": {
        "type": "Point",
        "coordinates": [
          121.04466753958806,
          14.588129657639461
        ]
      }
    },
    {
      "type": "Feature",
      "properties": {
        "id": "STOP_2461",
        "name": "Pasig-Quiapo via Sta Mesa (Stop)"
      },
      "geometry": {
        "type": "Point",
        "coordinates": [
          121.04254783454587,
          14.588915999776066
        ]
      }
    },
    {
      "type": "Feature",
      "properties": {
        "id": "STOP_2462",
        "name": "Pasig-Quiapo via Sta Mesa (Stop)"
      },
      "geometry": {
        "type": "Point",
        "coordinates": [
          121.04042402294284,
          14.589500899180727
        ]
      }
    },
    {
      "type": "Feature",
      "properties": {
        "id": "STOP_2463",
        "name": "Pasig-Quiapo via Sta Mesa (Stop)"
      },
      "geometry": {
        "type": "Point",
        "coordinates": [
          121.03556325301324,
          14.589430314355742
        ]
      }
    },
    {
      "type": "Feature",
      "properties": {
        "id": "STOP_2464",
        "name": "Pasig-Quiapo via Sta Mesa (Stop)"
      },
      "geometry": {
        "type": "Point",
        "coordinates": [
          121.03450721099554,
          14.590125649475846
        ]
      }
    },
    {
      "type": "Feature",
      "properties": {
        "id": "STOP_2465",
        "name": "Pasig-Quiapo via Sta Mesa (Stop)"
      },
      "geometry": {
        "type": "Point",
        "coordinates": [
          121.03297777671618,
          14.590884401960277
        ]
      }
    },
    {
      "type": "Feature",
      "properties": {
        "id": "STOP_2466",
        "name": "Pasig-Quiapo via Sta Mesa (Stop)"
      },
      "geometry": {
        "type": "Point",
        "coordinates": [
          121.03076468134847,
          14.591852216574697
        ]
      }
    },
    {
      "type": "Feature",
      "properties": {
        "id": "STOP_2467",
        "name": "Pasig-Quiapo via Sta Mesa (Stop)"
      },
      "geometry": {
        "type": "Point",
        "coordinates": [
          121.0290402489113,
          14.592756614171682
        ]
      }
    },
    {
      "type": "Feature",
      "properties": {
        "id": "STOP_2468",
        "name": "Pasig-Quiapo via Sta Mesa (Stop)"
      },
      "geometry": {
        "type": "Point",
        "coordinates": [
          121.02708323237246,
          14.593663355728584
        ]
      }
    },
    {
      "type": "Feature",
      "properties": {
        "id": "STOP_2469",
        "name": "Pasig-Quiapo via Sta Mesa (Stop)"
      },
      "geometry": {
        "type": "Point",
        "coordinates": [
          121.0254938946582,
          14.594228886379176
        ]
      }
    },
    {
      "type": "Feature",
      "properties": {
        "id": "STOP_2470",
        "name": "Pasig-Quiapo via Sta Mesa (Stop)"
      },
      "geometry": {
        "type": "Point",
        "coordinates": [
          121.02045452770992,
          14.596168025628222
        ]
      }
    },
    {
      "type": "Feature",
      "properties": {
        "id": "STOP_2471",
        "name": "Pasig-Quiapo via Sta Mesa (Stop)"
      },
      "geometry": {
        "type": "Point",
        "coordinates": [
          121.01761179952055,
          14.597615059924383
        ]
      }
    },
    {
      "type": "Feature",
      "properties": {
        "id": "STOP_2472",
        "name": "Pasig-Quiapo via Sta Mesa (Stop)"
      },
      "geometry": {
        "type": "Point",
        "coordinates": [
          121.01583095158392,
          14.599847920603057
        ]
      }
    },
    {
      "type": "Feature",
      "properties": {
        "id": "STOP_2473",
        "name": "Pasig-Quiapo via Sta Mesa (Stop)"
      },
      "geometry": {
        "type": "Point",
        "coordinates": [
          121.01456818483395,
          14.599840844666689
        ]
      }
    },
    {
      "type": "Feature",
      "properties": {
        "id": "STOP_2474",
        "name": "Pasig-Quiapo via Sta Mesa (Stop)"
      },
      "geometry": {
        "type": "Point",
        "coordinates": [
          121.01221762976898,
          14.601807060010929
        ]
      }
    },
    {
      "type": "Feature",
      "properties": {
        "id": "STOP_2475",
        "name": "Pasig-Quiapo via Sta Mesa (Stop)"
      },
      "geometry": {
        "type": "Point",
        "coordinates": [
          121.01016018989192,
          14.602262755739345
        ]
      }
    },
    {
      "type": "Feature",
      "properties": {
        "id": "STOP_2476",
        "name": "Pasig-Quiapo via Sta Mesa (Stop)"
      },
      "geometry": {
        "type": "Point",
        "coordinates": [
          121.00698859621633,
          14.601969036287239
        ]
      }
    },
    {
      "type": "Feature",
      "properties": {
        "id": "STOP_2477",
        "name": "Pasig-Quiapo via Sta Mesa (Stop)"
      },
      "geometry": {
        "type": "Point",
        "coordinates": [
          121.00306286855712,
          14.6015836816558
        ]
      }
    },
    {
      "type": "Feature",
      "properties": {
        "id": "STOP_2478",
        "name": "Pasig-Quiapo via Sta Mesa (Stop)"
      },
      "geometry": {
        "type": "Point",
        "coordinates": [
          121.00078402138851,
          14.601304077378543
        ]
      }
    },
    {
      "type": "Feature",
      "properties": {
        "id": "STOP_2479",
        "name": "Pasig-Quiapo via Sta Mesa (Stop)"
      },
      "geometry": {
        "type": "Point",
        "coordinates": [
          120.99853336383028,
          14.601125488706883
        ]
      }
    },
    {
      "type": "Feature",
      "properties": {
        "id": "STOP_2480",
        "name": "Pasig-Quiapo via Sta Mesa (Stop)"
      },
      "geometry": {
        "type": "Point",
        "coordinates": [
          120.99718720168077,
          14.600867048058843
        ]
      }
    },
    {
      "type": "Feature",
      "properties": {
        "id": "STOP_2481",
        "name": "Pasig-Quiapo via Sta Mesa (Stop)"
      },
      "geometry": {
        "type": "Point",
        "coordinates": [
          120.99595145783022,
          14.600625054190038
        ]
      }
    },
    {
      "type": "Feature",
      "properties": {
        "id": "STOP_2482",
        "name": "Pasig-Quiapo via Sta Mesa (Stop)"
      },
      "geometry": {
        "type": "Point",
        "coordinates": [
          120.9930899474231,
          14.601545870560681
        ]
      }
    },
    {
      "type": "Feature",
      "properties": {
        "id": "STOP_2483",
        "name": "Pasig-Quiapo via Sta Mesa (Stop)"
      },
      "geometry": {
        "type": "Point",
        "coordinates": [
          120.99157229141869,
          14.600970286027747
        ]
      }
    },
    {
      "type": "Feature",
      "properties": {
        "id": "STOP_2484",
        "name": "Pasig-Quiapo via Sta Mesa (Stop)"
      },
      "geometry": {
        "type": "Point",
        "coordinates": [
          120.99072890073231,
          14.600119861955347
        ]
      }
    },
    {
      "type": "Feature",
      "properties": {
        "id": "STOP_2485",
        "name": "Pasig-Quiapo via Sta Mesa (Stop)"
      },
      "geometry": {
        "type": "Point",
        "coordinates": [
          120.98988318135258,
          14.59839847734241
        ]
      }
    },
    {
      "type": "Feature",
      "properties": {
        "id": "STOP_2486",
        "name": "Pasig-Quiapo via Sta Mesa (Stop)"
      },
      "geometry": {
        "type": "Point",
        "coordinates": [
          120.98952670161002,
          14.597062370133752
        ]
      }
    },
    {
      "type": "Feature",
      "properties": {
        "id": "STOP_2487",
        "name": "Pasig-Quiapo via Sta Mesa (Stop)"
      },
      "geometry": {
        "type": "Point",
        "coordinates": [
          120.98907448377275,
          14.59584195815615
        ]
      }
    },
    {
      "type": "Feature",
      "properties": {
        "id": "STOP_2488",
        "name": "Pasig-Quiapo via Sta Mesa (Stop)"
      },
      "geometry": {
        "type": "Point",
        "coordinates": [
          120.98745115877098,
          14.593113342837665
        ]
      }
    },
    {
      "type": "Feature",
      "properties": {
        "id": "STOP_2489",
        "name": "Pasig-Quiapo via Sta Mesa (Stop)"
      },
      "geometry": {
        "type": "Point",
        "coordinates": [
          120.9857108829807,
          14.593398729746653
        ]
      }
    },
    {
      "type": "Feature",
      "properties": {
        "id": "STOP_2490",
        "name": "Pasig-Quiapo via Sta Mesa (Stop)"
      },
      "geometry": {
        "type": "Point",
        "coordinates": [
          120.98483220997392,
          14.5943336857832
        ]
      }
    },
    {
      "type": "Feature",
      "properties": {
        "id": "STOP_2491",
        "name": "Pasig-Quiapo via Sta Mesa (Stop)"
      },
      "geometry": {
        "type": "Point",
        "coordinates": [
          120.98392181703555,
          14.595434258679287
        ]
      }
    },
    {
      "type": "Feature",
      "properties": {
        "id": "STOP_2492",
        "name": "Pasig-Quiapo via Sta Mesa (Stop)"
      },
      "geometry": {
        "type": "Point",
        "coordinates": [
          120.98377847783156,
          14.596693418832404
        ]
      }
    },
    {
      "type": "Feature",
      "properties": {
        "id": "STOP_2493",
        "name": "Pasig-Quiapo via Sta Mesa (Stop)"
      },
      "geometry": {
        "type": "Point",
        "coordinates": [
          120.98423889548461,
          14.598878171608087
        ]
      }
    },
    {
      "type": "Feature",
      "properties": {
        "id": "STOP_2494",
        "name": "Pasig-Quiapo via Sta Mesa (Stop)"
      },
      "geometry": {
        "type": "Point",
        "coordinates": [
          120.98469460907074,
          14.601290795269465
        ]
      }
    },
    {
      "type": "Feature",
      "properties": {
        "id": "STOP_2495",
        "name": "Pasig-Quiapo via Sta Mesa (Stop)"
      },
      "geometry": {
        "type": "Point",
        "coordinates": [
          120.98512685058571,
          14.602806029579002
        ]
      }
    },
    {
      "type": "Feature",
      "properties": {
        "id": "STOP_2496",
        "name": "Pasig-Quiapo via Sta Mesa (Stop)"
      },
      "geometry": {
        "type": "Point",
        "coordinates": [
          120.9870991323314,
          14.602130683094266
        ]
      }
    },
    {
      "type": "Feature",
      "properties": {
        "id": "STOP_2497",
        "name": "Pasig-Quiapo via Sta Mesa (Stop)"
      },
      "geometry": {
        "type": "Point",
        "coordinates": [
          120.98887877265578,
          14.60128854011752
        ]
      }
    },
    {
      "type": "Feature",
      "properties": {
        "id": "STOP_2498",
        "name": "Pasig-Quiapo via Sta Mesa (Stop)"
      },
      "geometry": {
        "type": "Point",
        "coordinates": [
          120.99050452760628,
          14.600615535034047
        ]
      }
    },
    {
      "type": "Feature",
      "properties": {
        "id": "STOP_2499",
        "name": "Pasig-Quiapo via Sta Mesa (Stop)"
      },
      "geometry": {
        "type": "Point",
        "coordinates": [
          120.9916239775699,
          14.60093622400091
        ]
      }
    },
    {
      "type": "Feature",
      "properties": {
        "id": "STOP_2500",
        "name": "Pasig-Quiapo via Sta Mesa (Stop)"
      },
      "geometry": {
        "type": "Point",
        "coordinates": [
          120.9927880584178,
          14.601529419478275
        ]
      }
    },
    {
      "type": "Feature",
      "properties": {
        "id": "STOP_2501",
        "name": "Pasig-Quiapo via Sta Mesa (Stop)"
      },
      "geometry": {
        "type": "Point",
        "coordinates": [
          120.9941959065036,
          14.601115994485838
        ]
      }
    },
    {
      "type": "Feature",
      "properties": {
        "id": "STOP_2502",
        "name": "Pasig-Quiapo via Sta Mesa (Stop)"
      },
      "geometry": {
        "type": "Point",
        "coordinates": [
          120.99548393946917,
          14.600664392538565
        ]
      }
    },
    {
      "type": "Feature",
      "properties": {
        "id": "STOP_2503",
        "name": "Pasig-Quiapo via Sta Mesa (Stop)"
      },
      "geometry": {
        "type": "Point",
        "coordinates": [
          120.99704918075508,
          14.600764268095542
        ]
      }
    },
    {
      "type": "Feature",
      "properties": {
        "id": "STOP_2504",
        "name": "Pasig-Quiapo via Sta Mesa (Stop)"
      },
      "geometry": {
        "type": "Point",
        "coordinates": [
          120.99862322750481,
          14.601055602460722
        ]
      }
    },
    {
      "type": "Feature",
      "properties": {
        "id": "STOP_2505",
        "name": "Pasig-Quiapo via Sta Mesa (Stop)"
      },
      "geometry": {
        "type": "Point",
        "coordinates": [
          121.00027950514038,
          14.601169575175824
        ]
      }
    },
    {
      "type": "Feature",
      "properties": {
        "id": "STOP_2506",
        "name": "Pasig-Quiapo via Sta Mesa (Stop)"
      },
      "geometry": {
        "type": "Point",
        "coordinates": [
          121.00228348197965,
          14.601376348528332
        ]
      }
    },
    {
      "type": "Feature",
      "properties": {
        "id": "STOP_2507",
        "name": "Pasig-Quiapo via Sta Mesa (Stop)"
      },
      "geometry": {
        "type": "Point",
        "coordinates": [
          121.0044378164041,
          14.601573728518158
        ]
      }
    },
    {
      "type": "Feature",
      "properties": {
        "id": "STOP_2508",
        "name": "Pasig-Quiapo via Sta Mesa (Stop)"
      },
      "geometry": {
        "type": "Point",
        "coordinates": [
          121.00782320007052,
          14.601841611736035
        ]
      }
    },
    {
      "type": "Feature",
      "properties": {
        "id": "STOP_2509",
        "name": "Pasig-Quiapo via Sta Mesa (Stop)"
      },
      "geometry": {
        "type": "Point",
        "coordinates": [
          121.01005036328273,
          14.602062485216052
        ]
      }
    },
    {
      "type": "Feature",
      "properties": {
        "id": "STOP_2510",
        "name": "Pasig-Quiapo via Sta Mesa (Stop)"
      },
      "geometry": {
        "type": "Point",
        "coordinates": [
          121.01182176057961,
          14.602078969323697
        ]
      }
    },
    {
      "type": "Feature",
      "properties": {
        "id": "STOP_2511",
        "name": "Pasig-Quiapo via Sta Mesa (Stop)"
      },
      "geometry": {
        "type": "Point",
        "coordinates": [
          121.01330304755244,
          14.600728221013528
        ]
      }
    },
    {
      "type": "Feature",
      "properties": {
        "id": "STOP_2512",
        "name": "Pasig-Quiapo via Sta Mesa (Stop)"
      },
      "geometry": {
        "type": "Point",
        "coordinates": [
          121.01560312121092,
          14.597526920326674
        ]
      }
    },
    {
      "type": "Feature",
      "properties": {
        "id": "STOP_2513",
        "name": "Pasig-Quiapo via Sta Mesa (Stop)"
      },
      "geometry": {
        "type": "Point",
        "coordinates": [
          121.01747260117304,
          14.597628564611744
        ]
      }
    },
    {
      "type": "Feature",
      "properties": {
        "id": "STOP_2514",
        "name": "Pasig-Quiapo via Sta Mesa (Stop)"
      },
      "geometry": {
        "type": "Point",
        "coordinates": [
          121.01988070865097,
          14.595926633934443
        ]
      }
    },
    {
      "type": "Feature",
      "properties": {
        "id": "STOP_2515",
        "name": "Pasig-Quiapo via Sta Mesa (Stop)"
      },
      "geometry": {
        "type": "Point",
        "coordinates": [
          121.0256195858118,
          14.594153127976595
        ]
      }
    },
    {
      "type": "Feature",
      "properties": {
        "id": "STOP_2516",
        "name": "Pasig-Quiapo via Sta Mesa (Stop)"
      },
      "geometry": {
        "type": "Point",
        "coordinates": [
          121.02738688727274,
          14.593515363876687
        ]
      }
    },
    {
      "type": "Feature",
      "properties": {
        "id": "STOP_2517",
        "name": "Pasig-Quiapo via Sta Mesa (Stop)"
      },
      "geometry": {
        "type": "Point",
        "coordinates": [
          121.02918179911184,
          14.59263680890065
        ]
      }
    },
    {
      "type": "Feature",
      "properties": {
        "id": "STOP_2518",
        "name": "Pasig-Quiapo via Sta Mesa (Stop)"
      },
      "geometry": {
        "type": "Point",
        "coordinates": [
          121.03090858029813,
          14.591757077802846
        ]
      }
    },
    {
      "type": "Feature",
      "properties": {
        "id": "STOP_2519",
        "name": "Pasig-Quiapo via Sta Mesa (Stop)"
      },
      "geometry": {
        "type": "Point",
        "coordinates": [
          121.034064943955,
          14.590334717029187
        ]
      }
    },
    {
      "type": "Feature",
      "properties": {
        "id": "STOP_2520",
        "name": "Pasig-Quiapo via Sta Mesa (Stop)"
      },
      "geometry": {
        "type": "Point",
        "coordinates": [
          121.03532185916175,
          14.58942208678083
        ]
      }
    },
    {
      "type": "Feature",
      "properties": {
        "id": "STOP_2521",
        "name": "Pasig-Quiapo via Sta Mesa (Stop)"
      },
      "geometry": {
        "type": "Point",
        "coordinates": [
          121.03726358278384,
          14.589453844430711
        ]
      }
    },
    {
      "type": "Feature",
      "properties": {
        "id": "STOP_2522",
        "name": "Pasig-Quiapo via Sta Mesa (Stop)"
      },
      "geometry": {
        "type": "Point",
        "coordinates": [
          121.03991715342767,
          14.589532601788775
        ]
      }
    },
    {
      "type": "Feature",
      "properties": {
        "id": "STOP_2523",
        "name": "Pasig-Quiapo via Sta Mesa (Stop)"
      },
      "geometry": {
        "type": "Point",
        "coordinates": [
          121.0421584299662,
          14.58902170436217
        ]
      }
    },
    {
      "type": "Feature",
      "properties": {
        "id": "STOP_2524",
        "name": "Pasig-Quiapo via Sta Mesa (Stop)"
      },
      "geometry": {
        "type": "Point",
        "coordinates": [
          121.04370430504066,
          14.588454410856947
        ]
      }
    },
    {
      "type": "Feature",
      "properties": {
        "id": "STOP_2525",
        "name": "Pasig-Quiapo via Sta Mesa (Stop)"
      },
      "geometry": {
        "type": "Point",
        "coordinates": [
          121.04496355980653,
          14.58795406269133
        ]
      }
    },
    {
      "type": "Feature",
      "properties": {
        "id": "STOP_2526",
        "name": "Pasig-Quiapo via Sta Mesa (Stop)"
      },
      "geometry": {
        "type": "Point",
        "coordinates": [
          121.04640724211781,
          14.587249339550082
        ]
      }
    },
    {
      "type": "Feature",
      "properties": {
        "id": "STOP_2527",
        "name": "Pasig-Quiapo via Sta Mesa (Stop)"
      },
      "geometry": {
        "type": "Point",
        "coordinates": [
          121.04875897035853,
          14.58534537772363
        ]
      }
    },
    {
      "type": "Feature",
      "properties": {
        "id": "STOP_2528",
        "name": "Pasig-Quiapo via Sta Mesa (Stop)"
      },
      "geometry": {
        "type": "Point",
        "coordinates": [
          121.05038121787699,
          14.583972315383665
        ]
      }
    },
    {
      "type": "Feature",
      "properties": {
        "id": "STOP_2529",
        "name": "Pasig-Quiapo via Sta Mesa (Stop)"
      },
      "geometry": {
        "type": "Point",
        "coordinates": [
          121.0526648182768,
          14.58194854359054
        ]
      }
    },
    {
      "type": "Feature",
      "properties": {
        "id": "STOP_2530",
        "name": "Pasig-Quiapo via Sta Mesa (Stop)"
      },
      "geometry": {
        "type": "Point",
        "coordinates": [
          121.05381014171152,
          14.580968959074415
        ]
      }
    },
    {
      "type": "Feature",
      "properties": {
        "id": "STOP_2531",
        "name": "Pasig-Quiapo via Sta Mesa (Stop)"
      },
      "geometry": {
        "type": "Point",
        "coordinates": [
          121.0554547091528,
          14.579543040581472
        ]
      }
    },
    {
      "type": "Feature",
      "properties": {
        "id": "STOP_2532",
        "name": "Pasig-Quiapo via Sta Mesa (Stop)"
      },
      "geometry": {
        "type": "Point",
        "coordinates": [
          121.05672454825155,
          14.578522348128043
        ]
      }
    },
    {
      "type": "Feature",
      "properties": {
        "id": "STOP_2533",
        "name": "Pasig-Quiapo via Sta Mesa (Stop)"
      },
      "geometry": {
        "type": "Point",
        "coordinates": [
          121.05813652635884,
          14.577319597014428
        ]
      }
    },
    {
      "type": "Feature",
      "properties": {
        "id": "STOP_2534",
        "name": "Pasig-Quiapo via Sta Mesa (Stop)"
      },
      "geometry": {
        "type": "Point",
        "coordinates": [
          121.06102391578169,
          14.574863588740529
        ]
      }
    },
    {
      "type": "Feature",
      "properties": {
        "id": "STOP_2535",
        "name": "Pasig-Quiapo via Sta Mesa (Stop)"
      },
      "geometry": {
        "type": "Point",
        "coordinates": [
          121.06239478074218,
          14.573652614564354
        ]
      }
    },
    {
      "type": "Feature",
      "properties": {
        "id": "STOP_2536",
        "name": "Pasig-Quiapo via Sta Mesa (Stop)"
      },
      "geometry": {
        "type": "Point",
        "coordinates": [
          121.06444931421925,
          14.57191896204674
        ]
      }
    },
    {
      "type": "Feature",
      "properties": {
        "id": "STOP_2537",
        "name": "Pasig-Quiapo via Sta Mesa (Stop)"
      },
      "geometry": {
        "type": "Point",
        "coordinates": [
          121.06574617129533,
          14.57087125458901
        ]
      }
    },
    {
      "type": "Feature",
      "properties": {
        "id": "STOP_2538",
        "name": "Pasig-Quiapo via Sta Mesa (Stop)"
      },
      "geometry": {
        "type": "Point",
        "coordinates": [
          121.06646038880795,
          14.570025563962643
        ]
      }
    },
    {
      "type": "Feature",
      "properties": {
        "id": "STOP_2539",
        "name": "Pasig-Quiapo via Sta Mesa (Stop)"
      },
      "geometry": {
        "type": "Point",
        "coordinates": [
          121.06618203563666,
          14.568216685071196
        ]
      }
    },
    {
      "type": "Feature",
      "properties": {
        "id": "STOP_2540",
        "name": "Pasig-Quiapo via Sta Mesa (Stop)"
      },
      "geometry": {
        "type": "Point",
        "coordinates": [
          121.0658414274601,
          14.566309139004417
        ]
      }
    },
    {
      "type": "Feature",
      "properties": {
        "id": "STOP_2541",
        "name": "Pasig-Quiapo via Sta Mesa (Stop)"
      },
      "geometry": {
        "type": "Point",
        "coordinates": [
          121.06561239640442,
          14.565086382943905
        ]
      }
    },
    {
      "type": "Feature",
      "properties": {
        "id": "STOP_2542",
        "name": "Pasig-Quiapo via Sta Mesa (Stop)"
      },
      "geometry": {
        "type": "Point",
        "coordinates": [
          121.06537514655132,
          14.563700358327694
        ]
      }
    },
    {
      "type": "Feature",
      "properties": {
        "id": "STOP_2543",
        "name": "Pasig-Quiapo via Sta Mesa (Stop)"
      },
      "geometry": {
        "type": "Point",
        "coordinates": [
          121.06644763559902,
          14.562933373473864
        ]
      }
    },
    {
      "type": "Feature",
      "properties": {
        "id": "STOP_2544",
        "name": "Pasig-Quiapo via Sta Mesa (Stop)"
      },
      "geometry": {
        "type": "Point",
        "coordinates": [
          121.06803226278362,
          14.562867631925556
        ]
      }
    },
    {
      "type": "Feature",
      "properties": {
        "id": "STOP_2545",
        "name": "Pasig-Quiapo via Sta Mesa (Stop)"
      },
      "geometry": {
        "type": "Point",
        "coordinates": [
          121.06914818585214,
          14.563309303842514
        ]
      }
    },
    {
      "type": "Feature",
      "properties": {
        "id": "STOP_2546",
        "name": "Pasig-Quiapo via Sta Mesa (Stop)"
      },
      "geometry": {
        "type": "Point",
        "coordinates": [
          121.07020299121308,
          14.565228611886727
        ]
      }
    },
    {
      "type": "Feature",
      "properties": {
        "id": "STOP_2547",
        "name": "Pasig-Quiapo via Sta Mesa (Stop)"
      },
      "geometry": {
        "type": "Point",
        "coordinates": [
          121.07092421340015,
          14.566210587528515
        ]
      }
    },
    {
      "type": "Feature",
      "properties": {
        "id": "STOP_2548",
        "name": "Pasig-Quiapo via Sta Mesa (Stop)"
      },
      "geometry": {
        "type": "Point",
        "coordinates": [
          121.07558529581634,
          14.566032154272474
        ]
      }
    },
    {
      "type": "Feature",
      "properties": {
        "id": "STOP_2549",
        "name": "Pasig-Quiapo via Sta Mesa (Stop)"
      },
      "geometry": {
        "type": "Point",
        "coordinates": [
          121.07583670721898,
          14.564653188204996
        ]
      }
    },
    {
      "type": "Feature",
      "properties": {
        "id": "STOP_2550",
        "name": "Pasig-Quiapo via Sta Mesa (Stop)"
      },
      "geometry": {
        "type": "Point",
        "coordinates": [
          121.0760293926292,
          14.562964128372323
        ]
      }
    },
    {
      "type": "Feature",
      "properties": {
        "id": "STOP_2551",
        "name": "Pasig-Quiapo via Sta Mesa (Stop)"
      },
      "geometry": {
        "type": "Point",
        "coordinates": [
          121.0764405574474,
          14.561639197163894
        ]
      }
    },
    {
      "type": "Feature",
      "properties": {
        "id": "STOP_2552",
        "name": "Pasig-Quiapo via Sta Mesa (Stop)"
      },
      "geometry": {
        "type": "Point",
        "coordinates": [
          121.07674834099886,
          14.560760608820967
        ]
      }
    },
    {
      "type": "Feature",
      "properties": {
        "id": "STOP_2553",
        "name": "Pasig-Quiapo via Sta Mesa (Stop)"
      },
      "geometry": {
        "type": "Point",
        "coordinates": [
          121.07809451219471,
          14.560636132281715
        ]
      }
    },
    {
      "type": "Feature",
      "properties": {
        "id": "STOP_2554",
        "name": "Pasig-Quiapo via Sta Mesa (Stop)"
      },
      "geometry": {
        "type": "Point",
        "coordinates": [
          121.08027471296934,
          14.559832759979475
        ]
      }
    },
    {
      "type": "Feature",
      "properties": {
        "id": "STOP_2555",
        "name": "Pasig-Quiapo via Sta Mesa (Stop)"
      },
      "geometry": {
        "type": "Point",
        "coordinates": [
          121.08055195384534,
          14.559010551397936
        ]
      }
    },
    {
      "type": "Feature",
      "properties": {
        "id": "STOP_2556",
        "name": "Pasig-Quiapo via Sta Mesa (Stop)"
      },
      "geometry": {
        "type": "Point",
        "coordinates": [
          121.08369538931144,
          14.557875965653594
        ]
      }
    },
    {
      "type": "Feature",
      "properties": {
        "id": "STOP_2557",
        "name": "Pasig-Quiapo via Sta Mesa (Stop)"
      },
      "geometry": {
        "type": "Point",
        "coordinates": [
          121.08466743406119,
          14.557542403220813
        ]
      }
    },
    {
      "type": "Feature",
      "properties": {
        "id": "STOP_2558",
        "name": "Pasig-Quiapo via Sta Mesa (Stop)"
      },
      "geometry": {
        "type": "Point",
        "coordinates": [
          121.08500452459457,
          14.55918155476465
        ]
      }
    },
    {
      "type": "Feature",
      "properties": {
        "id": "STOP_2559",
        "name": "Divisoria - Punta via Sta. Mesa (Start)"
      },
      "geometry": {
        "type": "Point",
        "coordinates": [
          121.02352350570317,
          14.589386583787046
        ]
      }
    },
    {
      "type": "Feature",
      "properties": {
        "id": "STOP_2560",
        "name": "Divisoria - Punta via Sta. Mesa (Stop)"
      },
      "geometry": {
        "type": "Point",
        "coordinates": [
          121.02474278321675,
          14.590514220159704
        ]
      }
    },
    {
      "type": "Feature",
      "properties": {
        "id": "STOP_2561",
        "name": "Divisoria - Punta via Sta. Mesa (Stop)"
      },
      "geometry": {
        "type": "Point",
        "coordinates": [
          121.02553683615761,
          14.59143746784969
        ]
      }
    },
    {
      "type": "Feature",
      "properties": {
        "id": "STOP_2562",
        "name": "Divisoria - Punta via Sta. Mesa (Stop)"
      },
      "geometry": {
        "type": "Point",
        "coordinates": [
          121.02651060077332,
          14.592882238727627
        ]
      }
    },
    {
      "type": "Feature",
      "properties": {
        "id": "STOP_2563",
        "name": "Divisoria - Punta via Sta. Mesa (Stop)"
      },
      "geometry": {
        "type": "Point",
        "coordinates": [
          121.02699219396233,
          14.59373617842823
        ]
      }
    },
    {
      "type": "Feature",
      "properties": {
        "id": "STOP_2564",
        "name": "Divisoria - Punta via Sta. Mesa (Stop)"
      },
      "geometry": {
        "type": "Point",
        "coordinates": [
          121.02564131656484,
          14.594177794911227
        ]
      }
    },
    {
      "type": "Feature",
      "properties": {
        "id": "STOP_2565",
        "name": "Divisoria - Punta via Sta. Mesa (Stop)"
      },
      "geometry": {
        "type": "Point",
        "coordinates": [
          121.0231322052189,
          14.595142079104473
        ]
      }
    },
    {
      "type": "Feature",
      "properties": {
        "id": "STOP_2566",
        "name": "Divisoria - Punta via Sta. Mesa (Stop)"
      },
      "geometry": {
        "type": "Point",
        "coordinates": [
          121.02039050840594,
          14.59616626230024
        ]
      }
    },
    {
      "type": "Feature",
      "properties": {
        "id": "STOP_2567",
        "name": "Divisoria - Punta via Sta. Mesa (Stop)"
      },
      "geometry": {
        "type": "Point",
        "coordinates": [
          121.0176182598407,
          14.59762974247813
        ]
      }
    },
    {
      "type": "Feature",
      "properties": {
        "id": "STOP_2568",
        "name": "Divisoria - Punta via Sta. Mesa (Stop)"
      },
      "geometry": {
        "type": "Point",
        "coordinates": [
          121.01681472744326,
          14.600171542999664
        ]
      }
    },
    {
      "type": "Feature",
      "properties": {
        "id": "STOP_2569",
        "name": "Divisoria - Punta via Sta. Mesa (Stop)"
      },
      "geometry": {
        "type": "Point",
        "coordinates": [
          121.01487888908662,
          14.5996358852248
        ]
      }
    },
    {
      "type": "Feature",
      "properties": {
        "id": "STOP_2570",
        "name": "Divisoria - Punta via Sta. Mesa (Stop)"
      },
      "geometry": {
        "type": "Point",
        "coordinates": [
          121.01300526196367,
          14.601045941644996
        ]
      }
    },
    {
      "type": "Feature",
      "properties": {
        "id": "STOP_2571",
        "name": "Divisoria - Punta via Sta. Mesa (Stop)"
      },
      "geometry": {
        "type": "Point",
        "coordinates": [
          121.01008794829517,
          14.602245135225298
        ]
      }
    },
    {
      "type": "Feature",
      "properties": {
        "id": "STOP_2572",
        "name": "Divisoria - Punta via Sta. Mesa (Stop)"
      },
      "geometry": {
        "type": "Point",
        "coordinates": [
          121.0076892827132,
          14.602066543228275
        ]
      }
    },
    {
      "type": "Feature",
      "properties": {
        "id": "STOP_2573",
        "name": "Divisoria - Punta via Sta. Mesa (Stop)"
      },
      "geometry": {
        "type": "Point",
        "coordinates": [
          121.0056665120973,
          14.601822182487593
        ]
      }
    },
    {
      "type": "Feature",
      "properties": {
        "id": "STOP_2574",
        "name": "Divisoria - Punta via Sta. Mesa (Stop)"
      },
      "geometry": {
        "type": "Point",
        "coordinates": [
          121.00297183206712,
          14.601575457460928
        ]
      }
    },
    {
      "type": "Feature",
      "properties": {
        "id": "STOP_2575",
        "name": "Divisoria - Punta via Sta. Mesa (Stop)"
      },
      "geometry": {
        "type": "Point",
        "coordinates": [
          121.00060136121392,
          14.601281756012101
        ]
      }
    },
    {
      "type": "Feature",
      "properties": {
        "id": "STOP_2576",
        "name": "Divisoria - Punta via Sta. Mesa (Stop)"
      },
      "geometry": {
        "type": "Point",
        "coordinates": [
          120.99875008940121,
          14.60114546165344
        ]
      }
    },
    {
      "type": "Feature",
      "properties": {
        "id": "STOP_2577",
        "name": "Divisoria - Punta via Sta. Mesa (Stop)"
      },
      "geometry": {
        "type": "Point",
        "coordinates": [
          120.9970444801808,
          14.60084472758994
        ]
      }
    },
    {
      "type": "Feature",
      "properties": {
        "id": "STOP_2578",
        "name": "Divisoria - Punta via Sta. Mesa (Stop)"
      },
      "geometry": {
        "type": "Point",
        "coordinates": [
          120.99561138928371,
          14.600729585297822
        ]
      }
    },
    {
      "type": "Feature",
      "properties": {
        "id": "STOP_2579",
        "name": "Divisoria - Punta via Sta. Mesa (Stop)"
      },
      "geometry": {
        "type": "Point",
        "coordinates": [
          120.9932549895433,
          14.601485970041782
        ]
      }
    },
    {
      "type": "Feature",
      "properties": {
        "id": "STOP_2580",
        "name": "Divisoria - Punta via Sta. Mesa (Stop)"
      },
      "geometry": {
        "type": "Point",
        "coordinates": [
          120.99156348138925,
          14.600971460422421
        ]
      }
    },
    {
      "type": "Feature",
      "properties": {
        "id": "STOP_2581",
        "name": "Divisoria - Punta via Sta. Mesa (Stop)"
      },
      "geometry": {
        "type": "Point",
        "coordinates": [
          120.98980148019278,
          14.601006658604662
        ]
      }
    },
    {
      "type": "Feature",
      "properties": {
        "id": "STOP_2582",
        "name": "Divisoria - Punta via Sta. Mesa (Stop)"
      },
      "geometry": {
        "type": "Point",
        "coordinates": [
          120.9871748965935,
          14.602204684137556
        ]
      }
    },
    {
      "type": "Feature",
      "properties": {
        "id": "STOP_2583",
        "name": "Divisoria - Punta via Sta. Mesa (Stop)"
      },
      "geometry": {
        "type": "Point",
        "coordinates": [
          120.98469162330198,
          14.60336277674338
        ]
      }
    },
    {
      "type": "Feature",
      "properties": {
        "id": "STOP_2584",
        "name": "Divisoria - Punta via Sta. Mesa (Stop)"
      },
      "geometry": {
        "type": "Point",
        "coordinates": [
          120.98219897065519,
          14.603762082249066
        ]
      }
    },
    {
      "type": "Feature",
      "properties": {
        "id": "STOP_2585",
        "name": "Divisoria - Punta via Sta. Mesa (Stop)"
      },
      "geometry": {
        "type": "Point",
        "coordinates": [
          120.98043461494306,
          14.604015754625776
        ]
      }
    },
    {
      "type": "Feature",
      "properties": {
        "id": "STOP_2586",
        "name": "Divisoria - Punta via Sta. Mesa (Stop)"
      },
      "geometry": {
        "type": "Point",
        "coordinates": [
          120.97823092072282,
          14.604821475706956
        ]
      }
    },
    {
      "type": "Feature",
      "properties": {
        "id": "STOP_2587",
        "name": "Divisoria - Punta via Sta. Mesa (Stop)"
      },
      "geometry": {
        "type": "Point",
        "coordinates": [
          120.97567717125234,
          14.605817472944779
        ]
      }
    },
    {
      "type": "Feature",
      "properties": {
        "id": "STOP_2588",
        "name": "Divisoria - Punta via Sta. Mesa (Stop)"
      },
      "geometry": {
        "type": "Point",
        "coordinates": [
          120.97341239429444,
          14.606625541844014
        ]
      }
    },
    {
      "type": "Feature",
      "properties": {
        "id": "STOP_2589",
        "name": "Divisoria - Punta via Sta. Mesa (Stop)"
      },
      "geometry": {
        "type": "Point",
        "coordinates": [
          120.97056266856141,
          14.605941864841757
        ]
      }
    },
    {
      "type": "Feature",
      "properties": {
        "id": "STOP_2590",
        "name": "Divisoria - Punta via Sta. Mesa (Stop)"
      },
      "geometry": {
        "type": "Point",
        "coordinates": [
          120.9686714984736,
          14.60410006095587
        ]
      }
    },
    {
      "type": "Feature",
      "properties": {
        "id": "STOP_2591",
        "name": "Divisoria - Punta via Sta. Mesa (Stop)"
      },
      "geometry": {
        "type": "Point",
        "coordinates": [
          120.96751800651535,
          14.602793887929606
        ]
      }
    },
    {
      "type": "Feature",
      "properties": {
        "id": "STOP_2592",
        "name": "Divisoria - Punta via Sta. Mesa (Stop)"
      },
      "geometry": {
        "type": "Point",
        "coordinates": [
          120.96903329076173,
          14.604316194146763
        ]
      }
    },
    {
      "type": "Feature",
      "properties": {
        "id": "STOP_2593",
        "name": "Divisoria - Punta via Sta. Mesa (Stop)"
      },
      "geometry": {
        "type": "Point",
        "coordinates": [
          120.97042171337488,
          14.605737482540524
        ]
      }
    },
    {
      "type": "Feature",
      "properties": {
        "id": "STOP_2594",
        "name": "Divisoria - Punta via Sta. Mesa (Stop)"
      },
      "geometry": {
        "type": "Point",
        "coordinates": [
          120.97285325807653,
          14.60640470584758
        ]
      }
    },
    {
      "type": "Feature",
      "properties": {
        "id": "STOP_2595",
        "name": "Divisoria - Punta via Sta. Mesa (Stop)"
      },
      "geometry": {
        "type": "Point",
        "coordinates": [
          120.97478441899891,
          14.606045323870923
        ]
      }
    },
    {
      "type": "Feature",
      "properties": {
        "id": "STOP_2596",
        "name": "Divisoria - Punta via Sta. Mesa (Stop)"
      },
      "geometry": {
        "type": "Point",
        "coordinates": [
          120.9779630966113,
          14.604823818873806
        ]
      }
    },
    {
      "type": "Feature",
      "properties": {
        "id": "STOP_2597",
        "name": "Divisoria - Punta via Sta. Mesa (Stop)"
      },
      "geometry": {
        "type": "Point",
        "coordinates": [
          120.98029600669703,
          14.603912387351974
        ]
      }
    },
    {
      "type": "Feature",
      "properties": {
        "id": "STOP_2598",
        "name": "Divisoria - Punta via Sta. Mesa (Stop)"
      },
      "geometry": {
        "type": "Point",
        "coordinates": [
          120.98216138387488,
          14.603654018874728
        ]
      }
    },
    {
      "type": "Feature",
      "properties": {
        "id": "STOP_2599",
        "name": "Divisoria - Punta via Sta. Mesa (Stop)"
      },
      "geometry": {
        "type": "Point",
        "coordinates": [
          120.98413952974312,
          14.603367462707125
        ]
      }
    },
    {
      "type": "Feature",
      "properties": {
        "id": "STOP_2600",
        "name": "Divisoria - Punta via Sta. Mesa (Stop)"
      },
      "geometry": {
        "type": "Point",
        "coordinates": [
          120.98613413235951,
          14.60259932389864
        ]
      }
    },
    {
      "type": "Feature",
      "properties": {
        "id": "STOP_2601",
        "name": "Divisoria - Punta via Sta. Mesa (Stop)"
      },
      "geometry": {
        "type": "Point",
        "coordinates": [
          120.98871372945014,
          14.60139424975196
        ]
      }
    },
    {
      "type": "Feature",
      "properties": {
        "id": "STOP_2602",
        "name": "Divisoria - Punta via Sta. Mesa (Stop)"
      },
      "geometry": {
        "type": "Point",
        "coordinates": [
          120.99060731215774,
          14.600565029857663
        ]
      }
    },
    {
      "type": "Feature",
      "properties": {
        "id": "STOP_2603",
        "name": "Divisoria - Punta via Sta. Mesa (Stop)"
      },
      "geometry": {
        "type": "Point",
        "coordinates": [
          120.99184070071951,
          14.601058386512772
        ]
      }
    },
    {
      "type": "Feature",
      "properties": {
        "id": "STOP_2604",
        "name": "Divisoria - Punta via Sta. Mesa (Stop)"
      },
      "geometry": {
        "type": "Point",
        "coordinates": [
          120.99299421276628,
          14.601516503591505
        ]
      }
    },
    {
      "type": "Feature",
      "properties": {
        "id": "STOP_2605",
        "name": "Divisoria - Punta via Sta. Mesa (Stop)"
      },
      "geometry": {
        "type": "Point",
        "coordinates": [
          120.994363885291,
          14.601056094033021
        ]
      }
    },
    {
      "type": "Feature",
      "properties": {
        "id": "STOP_2606",
        "name": "Divisoria - Punta via Sta. Mesa (Stop)"
      },
      "geometry": {
        "type": "Point",
        "coordinates": [
          120.99584397750651,
          14.60055340161964
        ]
      }
    },
    {
      "type": "Feature",
      "properties": {
        "id": "STOP_2607",
        "name": "Divisoria - Punta via Sta. Mesa (Stop)"
      },
      "geometry": {
        "type": "Point",
        "coordinates": [
          120.99721598333052,
          14.600769557511367
        ]
      }
    },
    {
      "type": "Feature",
      "properties": {
        "id": "STOP_2608",
        "name": "Divisoria - Punta via Sta. Mesa (Stop)"
      },
      "geometry": {
        "type": "Point",
        "coordinates": [
          120.99896857867031,
          14.601093784484869
        ]
      }
    },
    {
      "type": "Feature",
      "properties": {
        "id": "STOP_2609",
        "name": "Divisoria - Punta via Sta. Mesa (Stop)"
      },
      "geometry": {
        "type": "Point",
        "coordinates": [
          121.00194753015411,
          14.601253596040912
        ]
      }
    },
    {
      "type": "Feature",
      "properties": {
        "id": "STOP_2610",
        "name": "Divisoria - Punta via Sta. Mesa (Stop)"
      },
      "geometry": {
        "type": "Point",
        "coordinates": [
          121.004160595363,
          14.601559039879138
        ]
      }
    },
    {
      "type": "Feature",
      "properties": {
        "id": "STOP_2611",
        "name": "Divisoria - Punta via Sta. Mesa (Stop)"
      },
      "geometry": {
        "type": "Point",
        "coordinates": [
          121.00688346728658,
          14.601810463910132
        ]
      }
    },
    {
      "type": "Feature",
      "properties": {
        "id": "STOP_2612",
        "name": "Divisoria - Punta via Sta. Mesa (Stop)"
      },
      "geometry": {
        "type": "Point",
        "coordinates": [
          121.00947242801638,
          14.602026647150355
        ]
      }
    },
    {
      "type": "Feature",
      "properties": {
        "id": "STOP_2613",
        "name": "Divisoria - Punta via Sta. Mesa (Stop)"
      },
      "geometry": {
        "type": "Point",
        "coordinates": [
          121.0112837629304,
          14.602087766678068
        ]
      }
    },
    {
      "type": "Feature",
      "properties": {
        "id": "STOP_2614",
        "name": "Divisoria - Punta via Sta. Mesa (Stop)"
      },
      "geometry": {
        "type": "Point",
        "coordinates": [
          121.013320667904,
          14.6007135390008
        ]
      }
    },
    {
      "type": "Feature",
      "properties": {
        "id": "STOP_2615",
        "name": "Divisoria - Punta via Sta. Mesa (Stop)"
      },
      "geometry": {
        "type": "Point",
        "coordinates": [
          121.01560547043343,
          14.59753161875018
        ]
      }
    },
    {
      "type": "Feature",
      "properties": {
        "id": "STOP_2616",
        "name": "Divisoria - Punta via Sta. Mesa (Stop)"
      },
      "geometry": {
        "type": "Point",
        "coordinates": [
          121.01744734607135,
          14.59761858000622
        ]
      }
    },
    {
      "type": "Feature",
      "properties": {
        "id": "STOP_2617",
        "name": "Divisoria - Punta via Sta. Mesa (Stop)"
      },
      "geometry": {
        "type": "Point",
        "coordinates": [
          121.01876886743285,
          14.596728268451884
        ]
      }
    },
    {
      "type": "Feature",
      "properties": {
        "id": "STOP_2618",
        "name": "Divisoria - Punta via Sta. Mesa (Stop)"
      },
      "geometry": {
        "type": "Point",
        "coordinates": [
          121.01995177645763,
          14.59590725475245
        ]
      }
    },
    {
      "type": "Feature",
      "properties": {
        "id": "STOP_2619",
        "name": "Divisoria - Punta via Sta. Mesa (Stop)"
      },
      "geometry": {
        "type": "Point",
        "coordinates": [
          121.02193344725292,
          14.595580762527204
        ]
      }
    },
    {
      "type": "Feature",
      "properties": {
        "id": "STOP_2620",
        "name": "Divisoria - Punta via Sta. Mesa (Stop)"
      },
      "geometry": {
        "type": "Point",
        "coordinates": [
          121.02562780866106,
          14.594145493308954
        ]
      }
    },
    {
      "type": "Feature",
      "properties": {
        "id": "STOP_2621",
        "name": "Divisoria - Punta via Sta. Mesa (Stop)"
      },
      "geometry": {
        "type": "Point",
        "coordinates": [
          121.02679074625902,
          14.593412573617812
        ]
      }
    },
    {
      "type": "Feature",
      "properties": {
        "id": "STOP_2622",
        "name": "Divisoria - Punta via Sta. Mesa (Stop)"
      },
      "geometry": {
        "type": "Point",
        "coordinates": [
          121.02591565424716,
          14.59194313851092
        ]
      }
    },
    {
      "type": "Feature",
      "properties": {
        "id": "STOP_2623",
        "name": "Divisoria - Punta via Sta. Mesa (End)"
      },
      "geometry": {
        "type": "Point",
        "coordinates": [
          121.02552097488346,
          14.591575482132335
        ]
      }
    },
    {
      "type": "Feature",
      "properties": {
        "id": "STOP_2624",
        "name": "Punta - Quiapo (Barbosa) via Sta. Mesa (Start)"
      },
      "geometry": {
        "type": "Point",
        "coordinates": [
          121.02552332435646,
          14.591569609221784
        ]
      }
    },
    {
      "type": "Feature",
      "properties": {
        "id": "STOP_2625",
        "name": "Punta - Quiapo (Barbosa) via Sta. Mesa (Stop)"
      },
      "geometry": {
        "type": "Point",
        "coordinates": [
          121.02641075824897,
          14.592706634878423
        ]
      }
    },
    {
      "type": "Feature",
      "properties": {
        "id": "STOP_2626",
        "name": "Punta - Quiapo (Barbosa) via Sta. Mesa (Stop)"
      },
      "geometry": {
        "type": "Point",
        "coordinates": [
          121.02699865456061,
          14.593739115055131
        ]
      }
    },
    {
      "type": "Feature",
      "properties": {
        "id": "STOP_2627",
        "name": "Punta - Quiapo (Barbosa) via Sta. Mesa (Stop)"
      },
      "geometry": {
        "type": "Point",
        "coordinates": [
          121.02047009218569,
          14.596162153014584
        ]
      }
    },
    {
      "type": "Feature",
      "properties": {
        "id": "STOP_2628",
        "name": "Punta - Quiapo (Barbosa) via Sta. Mesa (Stop)"
      },
      "geometry": {
        "type": "Point",
        "coordinates": [
          121.0176399920204,
          14.59759421153778
        ]
      }
    },
    {
      "type": "Feature",
      "properties": {
        "id": "STOP_2629",
        "name": "Punta - Quiapo (Barbosa) via Sta. Mesa (Stop)"
      },
      "geometry": {
        "type": "Point",
        "coordinates": [
          121.01504628001749,
          14.599598008372546
        ]
      }
    },
    {
      "type": "Feature",
      "properties": {
        "id": "STOP_2630",
        "name": "Punta - Quiapo (Barbosa) via Sta. Mesa (Stop)"
      },
      "geometry": {
        "type": "Point",
        "coordinates": [
          121.01326017038045,
          14.600805449519523
        ]
      }
    },
    {
      "type": "Feature",
      "properties": {
        "id": "STOP_2631",
        "name": "Punta - Quiapo (Barbosa) via Sta. Mesa (Stop)"
      },
      "geometry": {
        "type": "Point",
        "coordinates": [
          121.01175245085537,
          14.602263672467727
        ]
      }
    },
    {
      "type": "Feature",
      "properties": {
        "id": "STOP_2632",
        "name": "Punta - Quiapo (Barbosa) via Sta. Mesa (Stop)"
      },
      "geometry": {
        "type": "Point",
        "coordinates": [
          121.00852916741161,
          14.602156712093226
        ]
      }
    },
    {
      "type": "Feature",
      "properties": {
        "id": "STOP_2633",
        "name": "Punta - Quiapo (Barbosa) via Sta. Mesa (Stop)"
      },
      "geometry": {
        "type": "Point",
        "coordinates": [
          121.00269578604762,
          14.601545792791425
        ]
      }
    },
    {
      "type": "Feature",
      "properties": {
        "id": "STOP_2634",
        "name": "Punta - Quiapo (Barbosa) via Sta. Mesa (Stop)"
      },
      "geometry": {
        "type": "Point",
        "coordinates": [
          121.00048037100296,
          14.601261491568877
        ]
      }
    },
    {
      "type": "Feature",
      "properties": {
        "id": "STOP_2635",
        "name": "Punta - Quiapo (Barbosa) via Sta. Mesa (Stop)"
      },
      "geometry": {
        "type": "Point",
        "coordinates": [
          120.9984341047623,
          14.601113446900913
        ]
      }
    },
    {
      "type": "Feature",
      "properties": {
        "id": "STOP_2636",
        "name": "Punta - Quiapo (Barbosa) via Sta. Mesa (Stop)"
      },
      "geometry": {
        "type": "Point",
        "coordinates": [
          120.99670030542886,
          14.600732839900065
        ]
      }
    },
    {
      "type": "Feature",
      "properties": {
        "id": "STOP_2637",
        "name": "Punta - Quiapo (Barbosa) via Sta. Mesa (Stop)"
      },
      "geometry": {
        "type": "Point",
        "coordinates": [
          120.99443318917011,
          14.60111805535567
        ]
      }
    },
    {
      "type": "Feature",
      "properties": {
        "id": "STOP_2638",
        "name": "Punta - Quiapo (Barbosa) via Sta. Mesa (Stop)"
      },
      "geometry": {
        "type": "Point",
        "coordinates": [
          120.99293195378483,
          14.601585509513754
        ]
      }
    },
    {
      "type": "Feature",
      "properties": {
        "id": "STOP_2639",
        "name": "Punta - Quiapo (Barbosa) via Sta. Mesa (Stop)"
      },
      "geometry": {
        "type": "Point",
        "coordinates": [
          120.99140960306543,
          14.600843132711171
        ]
      }
    },
    {
      "type": "Feature",
      "properties": {
        "id": "STOP_2640",
        "name": "Punta - Quiapo (Barbosa) via Sta. Mesa (Stop)"
      },
      "geometry": {
        "type": "Point",
        "coordinates": [
          120.99044640648675,
          14.599565154202205
        ]
      }
    },
    {
      "type": "Feature",
      "properties": {
        "id": "STOP_2641",
        "name": "Punta - Quiapo (Barbosa) via Sta. Mesa (Stop)"
      },
      "geometry": {
        "type": "Point",
        "coordinates": [
          120.98949027722801,
          14.597472008519096
        ]
      }
    },
    {
      "type": "Feature",
      "properties": {
        "id": "STOP_2642",
        "name": "Punta - Quiapo (Barbosa) via Sta. Mesa (Stop)"
      },
      "geometry": {
        "type": "Point",
        "coordinates": [
          120.98800088092763,
          14.594039815181272
        ]
      }
    },
    {
      "type": "Feature",
      "properties": {
        "id": "STOP_2643",
        "name": "Punta - Quiapo (Barbosa) via Sta. Mesa (Stop)"
      },
      "geometry": {
        "type": "Point",
        "coordinates": [
          120.98569385009486,
          14.593407832457142
        ]
      }
    },
    {
      "type": "Feature",
      "properties": {
        "id": "STOP_2644",
        "name": "Punta - Quiapo (Barbosa) via Sta. Mesa (Stop)"
      },
      "geometry": {
        "type": "Point",
        "coordinates": [
          120.983290412339,
          14.596330165069999
        ]
      }
    },
    {
      "type": "Feature",
      "properties": {
        "id": "STOP_2645",
        "name": "Punta - Quiapo (Barbosa) via Sta. Mesa (Stop)"
      },
      "geometry": {
        "type": "Point",
        "coordinates": [
          120.98407974897471,
          14.597998104447685
        ]
      }
    },
    {
      "type": "Feature",
      "properties": {
        "id": "STOP_2646",
        "name": "Punta - Quiapo (Barbosa) via Sta. Mesa (Stop)"
      },
      "geometry": {
        "type": "Point",
        "coordinates": [
          120.98459653978395,
          14.600640949649655
        ]
      }
    },
    {
      "type": "Feature",
      "properties": {
        "id": "STOP_2647",
        "name": "Punta - Quiapo (Barbosa) via Sta. Mesa (Stop)"
      },
      "geometry": {
        "type": "Point",
        "coordinates": [
          120.98507105956513,
          14.602567292356694
        ]
      }
    },
    {
      "type": "Feature",
      "properties": {
        "id": "STOP_2648",
        "name": "Punta - Quiapo (Barbosa) via Sta. Mesa (Stop)"
      },
      "geometry": {
        "type": "Point",
        "coordinates": [
          120.98687065700814,
          14.602240796026084
        ]
      }
    },
    {
      "type": "Feature",
      "properties": {
        "id": "STOP_2649",
        "name": "Punta - Quiapo (Barbosa) via Sta. Mesa (Stop)"
      },
      "geometry": {
        "type": "Point",
        "coordinates": [
          120.98906730856663,
          14.601209552995048
        ]
      }
    },
    {
      "type": "Feature",
      "properties": {
        "id": "STOP_2650",
        "name": "Punta - Quiapo (Barbosa) via Sta. Mesa (Stop)"
      },
      "geometry": {
        "type": "Point",
        "coordinates": [
          120.99057794474047,
          14.600596449552516
        ]
      }
    },
    {
      "type": "Feature",
      "properties": {
        "id": "STOP_2651",
        "name": "Punta - Quiapo (Barbosa) via Sta. Mesa (Stop)"
      },
      "geometry": {
        "type": "Point",
        "coordinates": [
          120.99164923272063,
          14.600944153069191
        ]
      }
    },
    {
      "type": "Feature",
      "properties": {
        "id": "STOP_2652",
        "name": "Punta - Quiapo (Barbosa) via Sta. Mesa (Stop)"
      },
      "geometry": {
        "type": "Point",
        "coordinates": [
          120.99313869761001,
          14.601482150001985
        ]
      }
    },
    {
      "type": "Feature",
      "properties": {
        "id": "STOP_2653",
        "name": "Punta - Quiapo (Barbosa) via Sta. Mesa (Stop)"
      },
      "geometry": {
        "type": "Point",
        "coordinates": [
          120.99517558617053,
          14.600800932010289
        ]
      }
    },
    {
      "type": "Feature",
      "properties": {
        "id": "STOP_2654",
        "name": "Punta - Quiapo (Barbosa) via Sta. Mesa (Stop)"
      },
      "geometry": {
        "type": "Point",
        "coordinates": [
          120.99660163635937,
          14.600608330856142
        ]
      }
    },
    {
      "type": "Feature",
      "properties": {
        "id": "STOP_2655",
        "name": "Punta - Quiapo (Barbosa) via Sta. Mesa (Stop)"
      },
      "geometry": {
        "type": "Point",
        "coordinates": [
          120.99770816646041,
          14.60086676611879
        ]
      }
    },
    {
      "type": "Feature",
      "properties": {
        "id": "STOP_2656",
        "name": "Punta - Quiapo (Barbosa) via Sta. Mesa (Stop)"
      },
      "geometry": {
        "type": "Point",
        "coordinates": [
          120.99989304005595,
          14.601155765026144
        ]
      }
    },
    {
      "type": "Feature",
      "properties": {
        "id": "STOP_2657",
        "name": "Punta - Quiapo (Barbosa) via Sta. Mesa (Stop)"
      },
      "geometry": {
        "type": "Point",
        "coordinates": [
          121.0019087635645,
          14.60136253864268
        ]
      }
    },
    {
      "type": "Feature",
      "properties": {
        "id": "STOP_2658",
        "name": "Punta - Quiapo (Barbosa) via Sta. Mesa (Stop)"
      },
      "geometry": {
        "type": "Point",
        "coordinates": [
          121.00437320955054,
          14.601581068270518
        ]
      }
    },
    {
      "type": "Feature",
      "properties": {
        "id": "STOP_2659",
        "name": "Punta - Quiapo (Barbosa) via Sta. Mesa (Stop)"
      },
      "geometry": {
        "type": "Point",
        "coordinates": [
          121.00751426239006,
          14.601853644368166
        ]
      }
    },
    {
      "type": "Feature",
      "properties": {
        "id": "STOP_2660",
        "name": "Punta - Quiapo (Barbosa) via Sta. Mesa (Stop)"
      },
      "geometry": {
        "type": "Point",
        "coordinates": [
          121.0098142555071,
          14.602051027630978
        ]
      }
    },
    {
      "type": "Feature",
      "properties": {
        "id": "STOP_2661",
        "name": "Punta - Quiapo (Barbosa) via Sta. Mesa (Stop)"
      },
      "geometry": {
        "type": "Point",
        "coordinates": [
          121.01147523378137,
          14.602081604369467
        ]
      }
    },
    {
      "type": "Feature",
      "properties": {
        "id": "STOP_2662",
        "name": "Punta - Quiapo (Barbosa) via Sta. Mesa (Stop)"
      },
      "geometry": {
        "type": "Point",
        "coordinates": [
          121.01333535169256,
          14.60069445219952
        ]
      }
    },
    {
      "type": "Feature",
      "properties": {
        "id": "STOP_2663",
        "name": "Punta - Quiapo (Barbosa) via Sta. Mesa (Stop)"
      },
      "geometry": {
        "type": "Point",
        "coordinates": [
          121.01560840758087,
          14.597511357092332
        ]
      }
    },
    {
      "type": "Feature",
      "properties": {
        "id": "STOP_2664",
        "name": "Punta - Quiapo (Barbosa) via Sta. Mesa (Stop)"
      },
      "geometry": {
        "type": "Point",
        "coordinates": [
          121.01762061036453,
          14.597579528693572
        ]
      }
    },
    {
      "type": "Feature",
      "properties": {
        "id": "STOP_2665",
        "name": "Punta - Quiapo (Barbosa) via Sta. Mesa (Stop)"
      },
      "geometry": {
        "type": "Point",
        "coordinates": [
          121.01917119753345,
          14.596446081602004
        ]
      }
    },
    {
      "type": "Feature",
      "properties": {
        "id": "STOP_2666",
        "name": "Punta - Quiapo (Barbosa) via Sta. Mesa (Stop)"
      },
      "geometry": {
        "type": "Point",
        "coordinates": [
          121.02008862362717,
          14.59597156677769
        ]
      }
    },
    {
      "type": "Feature",
      "properties": {
        "id": "STOP_2667",
        "name": "Punta - Quiapo (Barbosa) via Sta. Mesa (Stop)"
      },
      "geometry": {
        "type": "Point",
        "coordinates": [
          121.02563661869758,
          14.59414402526614
        ]
      }
    },
    {
      "type": "Feature",
      "properties": {
        "id": "STOP_2668",
        "name": "Punta - Quiapo (Barbosa) via Sta. Mesa (Stop)"
      },
      "geometry": {
        "type": "Point",
        "coordinates": [
          121.02610888013814,
          14.592230624411323
        ]
      }
    },
    {
      "type": "Feature",
      "properties": {
        "id": "STOP_2669",
        "name": "Punta - Quiapo (Barbosa) via Sta. Mesa (End)"
      },
      "geometry": {
        "type": "Point",
        "coordinates": [
          121.02552743564188,
          14.591571664851376
        ]
      }
    },
    {
      "type": "Feature",
      "properties": {
        "id": "STOP_2670",
        "name": "QUIAPO - BACOOD (Start)"
      },
      "geometry": {
        "type": "Point",
        "coordinates": [
          121.02083591478512,
          14.590503487593304
        ]
      }
    },
    {
      "type": "Feature",
      "properties": {
        "id": "STOP_2671",
        "name": "QUIAPO - BACOOD (Stop)"
      },
      "geometry": {
        "type": "Point",
        "coordinates": [
          121.01917254898687,
          14.592084451946068
        ]
      }
    },
    {
      "type": "Feature",
      "properties": {
        "id": "STOP_2672",
        "name": "QUIAPO - BACOOD (Stop)"
      },
      "geometry": {
        "type": "Point",
        "coordinates": [
          121.01725780046336,
          14.593834552000207
        ]
      }
    },
    {
      "type": "Feature",
      "properties": {
        "id": "STOP_2673",
        "name": "QUIAPO - BACOOD (Stop)"
      },
      "geometry": {
        "type": "Point",
        "coordinates": [
          121.01511046304968,
          14.595789025960869
        ]
      }
    },
    {
      "type": "Feature",
      "properties": {
        "id": "STOP_2674",
        "name": "QUIAPO - BACOOD (Stop)"
      },
      "geometry": {
        "type": "Point",
        "coordinates": [
          121.0163391263225,
          14.597405293113146
        ]
      }
    },
    {
      "type": "Feature",
      "properties": {
        "id": "STOP_2675",
        "name": "QUIAPO - BACOOD (Stop)"
      },
      "geometry": {
        "type": "Point",
        "coordinates": [
          121.0168136264448,
          14.600160898228292
        ]
      }
    },
    {
      "type": "Feature",
      "properties": {
        "id": "STOP_2676",
        "name": "QUIAPO - BACOOD (Stop)"
      },
      "geometry": {
        "type": "Point",
        "coordinates": [
          121.01491537798564,
          14.599601749444412
        ]
      }
    },
    {
      "type": "Feature",
      "properties": {
        "id": "STOP_2677",
        "name": "QUIAPO - BACOOD (Stop)"
      },
      "geometry": {
        "type": "Point",
        "coordinates": [
          121.01191287033447,
          14.602093580367544
        ]
      }
    },
    {
      "type": "Feature",
      "properties": {
        "id": "STOP_2678",
        "name": "QUIAPO - BACOOD (Stop)"
      },
      "geometry": {
        "type": "Point",
        "coordinates": [
          121.00842645813675,
          14.60212873979598
        ]
      }
    },
    {
      "type": "Feature",
      "properties": {
        "id": "STOP_2679",
        "name": "QUIAPO - BACOOD (Stop)"
      },
      "geometry": {
        "type": "Point",
        "coordinates": [
          121.00443729880044,
          14.601729288626874
        ]
      }
    },
    {
      "type": "Feature",
      "properties": {
        "id": "STOP_2680",
        "name": "QUIAPO - BACOOD (Stop)"
      },
      "geometry": {
        "type": "Point",
        "coordinates": [
          121.00182954562335,
          14.601419137547781
        ]
      }
    },
    {
      "type": "Feature",
      "properties": {
        "id": "STOP_2681",
        "name": "QUIAPO - BACOOD (Stop)"
      },
      "geometry": {
        "type": "Point",
        "coordinates": [
          120.99947081937862,
          14.601212356222671
        ]
      }
    },
    {
      "type": "Feature",
      "properties": {
        "id": "STOP_2682",
        "name": "QUIAPO - BACOOD (Stop)"
      },
      "geometry": {
        "type": "Point",
        "coordinates": [
          120.99721076827,
          14.600874022732267
        ]
      }
    },
    {
      "type": "Feature",
      "properties": {
        "id": "STOP_2683",
        "name": "QUIAPO - BACOOD (Stop)"
      },
      "geometry": {
        "type": "Point",
        "coordinates": [
          120.99580587121586,
          14.600681357955413
        ]
      }
    },
    {
      "type": "Feature",
      "properties": {
        "id": "STOP_2684",
        "name": "QUIAPO - BACOOD (Stop)"
      },
      "geometry": {
        "type": "Point",
        "coordinates": [
          120.99320748819994,
          14.601517609564905
        ]
      }
    },
    {
      "type": "Feature",
      "properties": {
        "id": "STOP_2685",
        "name": "QUIAPO - BACOOD (Stop)"
      },
      "geometry": {
        "type": "Point",
        "coordinates": [
          120.99155356999928,
          14.600977259750811
        ]
      }
    },
    {
      "type": "Feature",
      "properties": {
        "id": "STOP_2686",
        "name": "QUIAPO - BACOOD (Stop)"
      },
      "geometry": {
        "type": "Point",
        "coordinates": [
          120.98950503096901,
          14.597599085098112
        ]
      }
    },
    {
      "type": "Feature",
      "properties": {
        "id": "STOP_2687",
        "name": "QUIAPO - BACOOD (Stop)"
      },
      "geometry": {
        "type": "Point",
        "coordinates": [
          120.9870853378389,
          14.592505996780242
        ]
      }
    },
    {
      "type": "Feature",
      "properties": {
        "id": "STOP_2688",
        "name": "QUIAPO - BACOOD (Stop)"
      },
      "geometry": {
        "type": "Point",
        "coordinates": [
          120.98526222384056,
          14.593812102878726
        ]
      }
    },
    {
      "type": "Feature",
      "properties": {
        "id": "STOP_2689",
        "name": "QUIAPO - BACOOD (Stop)"
      },
      "geometry": {
        "type": "Point",
        "coordinates": [
          120.98329342263997,
          14.596320988631854
        ]
      }
    },
    {
      "type": "Feature",
      "properties": {
        "id": "STOP_2690",
        "name": "QUIAPO - BACOOD (Stop)"
      },
      "geometry": {
        "type": "Point",
        "coordinates": [
          120.98471230123981,
          14.601343578926516
        ]
      }
    },
    {
      "type": "Feature",
      "properties": {
        "id": "STOP_2691",
        "name": "QUIAPO - BACOOD (Stop)"
      },
      "geometry": {
        "type": "Point",
        "coordinates": [
          120.98518213025879,
          14.602936337199791
        ]
      }
    },
    {
      "type": "Feature",
      "properties": {
        "id": "STOP_2692",
        "name": "QUIAPO - BACOOD (Stop)"
      },
      "geometry": {
        "type": "Point",
        "coordinates": [
          120.98897869395799,
          14.60123796146429
        ]
      }
    },
    {
      "type": "Feature",
      "properties": {
        "id": "STOP_2693",
        "name": "QUIAPO - BACOOD (Stop)"
      },
      "geometry": {
        "type": "Point",
        "coordinates": [
          120.99064908633437,
          14.600561433605993
        ]
      }
    },
    {
      "type": "Feature",
      "properties": {
        "id": "STOP_2694",
        "name": "QUIAPO - BACOOD (Stop)"
      },
      "geometry": {
        "type": "Point",
        "coordinates": [
          120.99246745038681,
          14.601418927146282
        ]
      }
    },
    {
      "type": "Feature",
      "properties": {
        "id": "STOP_2695",
        "name": "QUIAPO - BACOOD (Stop)"
      },
      "geometry": {
        "type": "Point",
        "coordinates": [
          120.99411433984793,
          14.601146458650591
        ]
      }
    },
    {
      "type": "Feature",
      "properties": {
        "id": "STOP_2696",
        "name": "QUIAPO - BACOOD (Stop)"
      },
      "geometry": {
        "type": "Point",
        "coordinates": [
          120.99597502714735,
          14.600516918778697
        ]
      }
    },
    {
      "type": "Feature",
      "properties": {
        "id": "STOP_2697",
        "name": "QUIAPO - BACOOD (Stop)"
      },
      "geometry": {
        "type": "Point",
        "coordinates": [
          120.99751383255428,
          14.600864632801704
        ]
      }
    },
    {
      "type": "Feature",
      "properties": {
        "id": "STOP_2698",
        "name": "QUIAPO - BACOOD (Stop)"
      },
      "geometry": {
        "type": "Point",
        "coordinates": [
          120.9992828750677,
          14.60111133702647
        ]
      }
    },
    {
      "type": "Feature",
      "properties": {
        "id": "STOP_2699",
        "name": "QUIAPO - BACOOD (Stop)"
      },
      "geometry": {
        "type": "Point",
        "coordinates": [
          121.00151708634242,
          14.601329861480345
        ]
      }
    },
    {
      "type": "Feature",
      "properties": {
        "id": "STOP_2700",
        "name": "QUIAPO - BACOOD (Stop)"
      },
      "geometry": {
        "type": "Point",
        "coordinates": [
          121.00351871501633,
          14.60148730188653
        ]
      }
    },
    {
      "type": "Feature",
      "properties": {
        "id": "STOP_2701",
        "name": "QUIAPO - BACOOD (Stop)"
      },
      "geometry": {
        "type": "Point",
        "coordinates": [
          121.00812809808819,
          14.601903211292495
        ]
      }
    },
    {
      "type": "Feature",
      "properties": {
        "id": "STOP_2702",
        "name": "QUIAPO - BACOOD (Stop)"
      },
      "geometry": {
        "type": "Point",
        "coordinates": [
          121.0102612903977,
          14.602020718503141
        ]
      }
    },
    {
      "type": "Feature",
      "properties": {
        "id": "STOP_2703",
        "name": "QUIAPO - BACOOD (Stop)"
      },
      "geometry": {
        "type": "Point",
        "coordinates": [
          121.01189701265143,
          14.602080072195145
        ]
      }
    },
    {
      "type": "Feature",
      "properties": {
        "id": "STOP_2704",
        "name": "QUIAPO - BACOOD (Stop)"
      },
      "geometry": {
        "type": "Point",
        "coordinates": [
          121.01349812122925,
          14.600493820742694
        ]
      }
    },
    {
      "type": "Feature",
      "properties": {
        "id": "STOP_2705",
        "name": "QUIAPO - BACOOD (Stop)"
      },
      "geometry": {
        "type": "Point",
        "coordinates": [
          121.01561259252091,
          14.597503355273343
        ]
      }
    },
    {
      "type": "Feature",
      "properties": {
        "id": "STOP_2706",
        "name": "QUIAPO - BACOOD (Stop)"
      },
      "geometry": {
        "type": "Point",
        "coordinates": [
          121.01510399986248,
          14.59589532645367
        ]
      }
    },
    {
      "type": "Feature",
      "properties": {
        "id": "STOP_2707",
        "name": "QUIAPO - BACOOD (Stop)"
      },
      "geometry": {
        "type": "Point",
        "coordinates": [
          121.02057806956891,
          14.590749558962724
        ]
      }
    },
    {
      "type": "Feature",
      "properties": {
        "id": "STOP_2708",
        "name": "Cubao - Stop n Shop (Start)"
      },
      "geometry": {
        "type": "Point",
        "coordinates": [
          121.05531159293504,
          14.624057089944184
        ]
      }
    },
    {
      "type": "Feature",
      "properties": {
        "id": "STOP_2709",
        "name": "Cubao - Stop n Shop (Stop)"
      },
      "geometry": {
        "type": "Point",
        "coordinates": [
          121.04998571205155,
          14.621576230480391
        ]
      }
    },
    {
      "type": "Feature",
      "properties": {
        "id": "STOP_2710",
        "name": "Cubao - Stop n Shop (Stop)"
      },
      "geometry": {
        "type": "Point",
        "coordinates": [
          121.0484985993575,
          14.620918425150665
        ]
      }
    },
    {
      "type": "Feature",
      "properties": {
        "id": "STOP_2711",
        "name": "Cubao - Stop n Shop (Stop)"
      },
      "geometry": {
        "type": "Point",
        "coordinates": [
          121.04556430490447,
          14.619929352161869
        ]
      }
    },
    {
      "type": "Feature",
      "properties": {
        "id": "STOP_2712",
        "name": "Cubao - Stop n Shop (Stop)"
      },
      "geometry": {
        "type": "Point",
        "coordinates": [
          121.04318680322301,
          14.618912101457088
        ]
      }
    },
    {
      "type": "Feature",
      "properties": {
        "id": "STOP_2713",
        "name": "Cubao - Stop n Shop (Stop)"
      },
      "geometry": {
        "type": "Point",
        "coordinates": [
          121.03959002385992,
          14.61677426191155
        ]
      }
    },
    {
      "type": "Feature",
      "properties": {
        "id": "STOP_2714",
        "name": "Cubao - Stop n Shop (Stop)"
      },
      "geometry": {
        "type": "Point",
        "coordinates": [
          121.0344849920212,
          14.613800078469753
        ]
      }
    },
    {
      "type": "Feature",
      "properties": {
        "id": "STOP_2715",
        "name": "Cubao - Stop n Shop (Stop)"
      },
      "geometry": {
        "type": "Point",
        "coordinates": [
          121.03090464451573,
          14.612230742164448
        ]
      }
    },
    {
      "type": "Feature",
      "properties": {
        "id": "STOP_2716",
        "name": "Cubao - Stop n Shop (Stop)"
      },
      "geometry": {
        "type": "Point",
        "coordinates": [
          121.02281360284684,
          14.609533695502778
        ]
      }
    },
    {
      "type": "Feature",
      "properties": {
        "id": "STOP_2717",
        "name": "Cubao - Stop n Shop (Stop)"
      },
      "geometry": {
        "type": "Point",
        "coordinates": [
          121.02059587783899,
          14.607588520149827
        ]
      }
    },
    {
      "type": "Feature",
      "properties": {
        "id": "STOP_2718",
        "name": "Cubao - Stop n Shop (Stop)"
      },
      "geometry": {
        "type": "Point",
        "coordinates": [
          121.01670312131176,
          14.603808593359833
        ]
      }
    },
    {
      "type": "Feature",
      "properties": {
        "id": "STOP_2719",
        "name": "Cubao - Stop n Shop (Stop)"
      },
      "geometry": {
        "type": "Point",
        "coordinates": [
          121.01669850631914,
          14.600277767613893
        ]
      }
    },
    {
      "type": "Feature",
      "properties": {
        "id": "STOP_2720",
        "name": "Cubao - Stop n Shop (Stop)"
      },
      "geometry": {
        "type": "Point",
        "coordinates": [
          121.01487720065745,
          14.599629351514634
        ]
      }
    },
    {
      "type": "Feature",
      "properties": {
        "id": "STOP_2721",
        "name": "Cubao - Stop n Shop (Stop)"
      },
      "geometry": {
        "type": "Point",
        "coordinates": [
          121.01188996385689,
          14.602113547928601
        ]
      }
    },
    {
      "type": "Feature",
      "properties": {
        "id": "STOP_2722",
        "name": "Cubao - Stop n Shop (Stop)"
      },
      "geometry": {
        "type": "Point",
        "coordinates": [
          121.01495113561054,
          14.602543517651505
        ]
      }
    },
    {
      "type": "Feature",
      "properties": {
        "id": "STOP_2723",
        "name": "Cubao - Stop n Shop (Stop)"
      },
      "geometry": {
        "type": "Point",
        "coordinates": [
          121.01631020987556,
          14.603190748770773
        ]
      }
    },
    {
      "type": "Feature",
      "properties": {
        "id": "STOP_2724",
        "name": "Cubao - Stop n Shop (Stop)"
      },
      "geometry": {
        "type": "Point",
        "coordinates": [
          121.01817788615314,
          14.605051345577596
        ]
      }
    },
    {
      "type": "Feature",
      "properties": {
        "id": "STOP_2725",
        "name": "Cubao - Stop n Shop (Stop)"
      },
      "geometry": {
        "type": "Point",
        "coordinates": [
          121.01982473089883,
          14.606665272956771
        ]
      }
    },
    {
      "type": "Feature",
      "properties": {
        "id": "STOP_2726",
        "name": "Cubao - Stop n Shop (Stop)"
      },
      "geometry": {
        "type": "Point",
        "coordinates": [
          121.02218575586024,
          14.609007463862664
        ]
      }
    },
    {
      "type": "Feature",
      "properties": {
        "id": "STOP_2727",
        "name": "Cubao - Stop n Shop (Stop)"
      },
      "geometry": {
        "type": "Point",
        "coordinates": [
          121.02462903873368,
          14.610031763604217
        ]
      }
    },
    {
      "type": "Feature",
      "properties": {
        "id": "STOP_2728",
        "name": "Cubao - Stop n Shop (Stop)"
      },
      "geometry": {
        "type": "Point",
        "coordinates": [
          121.02846077230882,
          14.611291013085602
        ]
      }
    },
    {
      "type": "Feature",
      "properties": {
        "id": "STOP_2729",
        "name": "Cubao - Stop n Shop (Stop)"
      },
      "geometry": {
        "type": "Point",
        "coordinates": [
          121.0307231630453,
          14.612038104882814
        ]
      }
    },
    {
      "type": "Feature",
      "properties": {
        "id": "STOP_2730",
        "name": "Cubao - Stop n Shop (Stop)"
      },
      "geometry": {
        "type": "Point",
        "coordinates": [
          121.0329127243217,
          14.612789893413941
        ]
      }
    },
    {
      "type": "Feature",
      "properties": {
        "id": "STOP_2731",
        "name": "Cubao - Stop n Shop (Stop)"
      },
      "geometry": {
        "type": "Point",
        "coordinates": [
          121.03534190261271,
          14.61417596739029
        ]
      }
    },
    {
      "type": "Feature",
      "properties": {
        "id": "STOP_2732",
        "name": "Cubao - Stop n Shop (Stop)"
      },
      "geometry": {
        "type": "Point",
        "coordinates": [
          121.03806709306241,
          14.615726490997059
        ]
      }
    },
    {
      "type": "Feature",
      "properties": {
        "id": "STOP_2733",
        "name": "Cubao - Stop n Shop (Stop)"
      },
      "geometry": {
        "type": "Point",
        "coordinates": [
          121.04201861676204,
          14.618078114385757
        ]
      }
    },
    {
      "type": "Feature",
      "properties": {
        "id": "STOP_2734",
        "name": "Cubao - Stop n Shop (Stop)"
      },
      "geometry": {
        "type": "Point",
        "coordinates": [
          121.04411184315634,
          14.61934437235836
        ]
      }
    },
    {
      "type": "Feature",
      "properties": {
        "id": "STOP_2735",
        "name": "Cubao - Stop n Shop (Stop)"
      },
      "geometry": {
        "type": "Point",
        "coordinates": [
          121.04599834393035,
          14.619945806211545
        ]
      }
    },
    {
      "type": "Feature",
      "properties": {
        "id": "STOP_2736",
        "name": "Cubao - Stop n Shop (Stop)"
      },
      "geometry": {
        "type": "Point",
        "coordinates": [
          121.0488786035392,
          14.620941925542477
        ]
      }
    },
    {
      "type": "Feature",
      "properties": {
        "id": "STOP_2737",
        "name": "Cubao - Stop n Shop (Stop)"
      },
      "geometry": {
        "type": "Point",
        "coordinates": [
          121.05041974974097,
          14.621649064980005
        ]
      }
    },
    {
      "type": "Feature",
      "properties": {
        "id": "STOP_2738",
        "name": "Cubao - Stop n Shop (Stop)"
      },
      "geometry": {
        "type": "Point",
        "coordinates": [
          121.05375811657375,
          14.623187856435424
        ]
      }
    },
    {
      "type": "Feature",
      "properties": {
        "id": "STOP_2739",
        "name": "Cubao - Stop n Shop (Stop)"
      },
      "geometry": {
        "type": "Point",
        "coordinates": [
          121.05530865632353,
          14.624054740692818
        ]
      }
    },
    {
      "type": "Feature",
      "properties": {
        "id": "STOP_2740",
        "name": "Proj. 8 - T.M. Kalaw via Quezon Ave. (Start)"
      },
      "geometry": {
        "type": "Point",
        "coordinates": [
          121.01962706435445,
          14.657461559494271
        ]
      }
    },
    {
      "type": "Feature",
      "properties": {
        "id": "STOP_2741",
        "name": "Proj. 8 - T.M. Kalaw via Quezon Ave. (Stop)"
      },
      "geometry": {
        "type": "Point",
        "coordinates": [
          121.01916544626529,
          14.65636389217179
        ]
      }
    },
    {
      "type": "Feature",
      "properties": {
        "id": "STOP_2742",
        "name": "Proj. 8 - T.M. Kalaw via Quezon Ave. (Stop)"
      },
      "geometry": {
        "type": "Point",
        "coordinates": [
          121.01862455137025,
          14.654708585147112
        ]
      }
    },
    {
      "type": "Feature",
      "properties": {
        "id": "STOP_2743",
        "name": "Proj. 8 - T.M. Kalaw via Quezon Ave. (Stop)"
      },
      "geometry": {
        "type": "Point",
        "coordinates": [
          121.01832681801187,
          14.652821595159907
        ]
      }
    },
    {
      "type": "Feature",
      "properties": {
        "id": "STOP_2744",
        "name": "Proj. 8 - T.M. Kalaw via Quezon Ave. (Stop)"
      },
      "geometry": {
        "type": "Point",
        "coordinates": [
          121.01804846452931,
          14.651024461959869
        ]
      }
    },
    {
      "type": "Feature",
      "properties": {
        "id": "STOP_2745",
        "name": "Proj. 8 - T.M. Kalaw via Quezon Ave. (Stop)"
      },
      "geometry": {
        "type": "Point",
        "coordinates": [
          121.01772078309311,
          14.648887283048534
        ]
      }
    },
    {
      "type": "Feature",
      "properties": {
        "id": "STOP_2746",
        "name": "Proj. 8 - T.M. Kalaw via Quezon Ave. (Stop)"
      },
      "geometry": {
        "type": "Point",
        "coordinates": [
          121.0174353839478,
          14.646991483906788
        ]
      }
    },
    {
      "type": "Feature",
      "properties": {
        "id": "STOP_2747",
        "name": "Proj. 8 - T.M. Kalaw via Quezon Ave. (Stop)"
      },
      "geometry": {
        "type": "Point",
        "coordinates": [
          121.01704604130808,
          14.644482545011456
        ]
      }
    },
    {
      "type": "Feature",
      "properties": {
        "id": "STOP_2748",
        "name": "Proj. 8 - T.M. Kalaw via Quezon Ave. (Stop)"
      },
      "geometry": {
        "type": "Point",
        "coordinates": [
          121.0167183568273,
          14.64247398402571
        ]
      }
    },
    {
      "type": "Feature",
      "properties": {
        "id": "STOP_2749",
        "name": "Proj. 8 - T.M. Kalaw via Quezon Ave. (Stop)"
      },
      "geometry": {
        "type": "Point",
        "coordinates": [
          121.01646818763149,
          14.641002800973657
        ]
      }
    },
    {
      "type": "Feature",
      "properties": {
        "id": "STOP_2750",
        "name": "Proj. 8 - T.M. Kalaw via Quezon Ave. (Stop)"
      },
      "geometry": {
        "type": "Point",
        "coordinates": [
          121.01640654358236,
          14.639906904544764
        ]
      }
    },
    {
      "type": "Feature",
      "properties": {
        "id": "STOP_2751",
        "name": "Proj. 8 - T.M. Kalaw via Quezon Ave. (Stop)"
      },
      "geometry": {
        "type": "Point",
        "coordinates": [
          121.017442639149,
          14.638245466360457
        ]
      }
    },
    {
      "type": "Feature",
      "properties": {
        "id": "STOP_2752",
        "name": "Proj. 8 - T.M. Kalaw via Quezon Ave. (Stop)"
      },
      "geometry": {
        "type": "Point",
        "coordinates": [
          121.0181034104424,
          14.637352203411748
        ]
      }
    },
    {
      "type": "Feature",
      "properties": {
        "id": "STOP_2753",
        "name": "Proj. 8 - T.M. Kalaw via Quezon Ave. (Stop)"
      },
      "geometry": {
        "type": "Point",
        "coordinates": [
          121.01806822574447,
          14.635017699527952
        ]
      }
    },
    {
      "type": "Feature",
      "properties": {
        "id": "STOP_2754",
        "name": "Proj. 8 - T.M. Kalaw via Quezon Ave. (Stop)"
      },
      "geometry": {
        "type": "Point",
        "coordinates": [
          121.01805239971671,
          14.633668092104557
        ]
      }
    },
    {
      "type": "Feature",
      "properties": {
        "id": "STOP_2755",
        "name": "Proj. 8 - T.M. Kalaw via Quezon Ave. (Stop)"
      },
      "geometry": {
        "type": "Point",
        "coordinates": [
          121.0180295258966,
          14.632309675079831
        ]
      }
    },
    {
      "type": "Feature",
      "properties": {
        "id": "STOP_2756",
        "name": "Proj. 8 - T.M. Kalaw via Quezon Ave. (Stop)"
      },
      "geometry": {
        "type": "Point",
        "coordinates": [
          121.01619355092234,
          14.631069263901393
        ]
      }
    },
    {
      "type": "Feature",
      "properties": {
        "id": "STOP_2757",
        "name": "Proj. 8 - T.M. Kalaw via Quezon Ave. (Stop)"
      },
      "geometry": {
        "type": "Point",
        "coordinates": [
          121.01491260292639,
          14.629961006874547
        ]
      }
    },
    {
      "type": "Feature",
      "properties": {
        "id": "STOP_2758",
        "name": "Proj. 8 - T.M. Kalaw via Quezon Ave. (Stop)"
      },
      "geometry": {
        "type": "Point",
        "coordinates": [
          121.01327221691945,
          14.628428126498257
        ]
      }
    },
    {
      "type": "Feature",
      "properties": {
        "id": "STOP_2759",
        "name": "Proj. 8 - T.M. Kalaw via Quezon Ave. (Stop)"
      },
      "geometry": {
        "type": "Point",
        "coordinates": [
          121.01182916939918,
          14.627129581807866
        ]
      }
    },
    {
      "type": "Feature",
      "properties": {
        "id": "STOP_2760",
        "name": "Proj. 8 - T.M. Kalaw via Quezon Ave. (Stop)"
      },
      "geometry": {
        "type": "Point",
        "coordinates": [
          121.01071208626608,
          14.626070661359575
        ]
      }
    },
    {
      "type": "Feature",
      "properties": {
        "id": "STOP_2761",
        "name": "Proj. 8 - T.M. Kalaw via Quezon Ave. (Stop)"
      },
      "geometry": {
        "type": "Point",
        "coordinates": [
          121.00845324982363,
          14.624044438144255
        ]
      }
    },
    {
      "type": "Feature",
      "properties": {
        "id": "STOP_2762",
        "name": "Proj. 8 - T.M. Kalaw via Quezon Ave. (Stop)"
      },
      "geometry": {
        "type": "Point",
        "coordinates": [
          121.00327660404166,
          14.61934888739563
        ]
      }
    },
    {
      "type": "Feature",
      "properties": {
        "id": "STOP_2763",
        "name": "Proj. 8 - T.M. Kalaw via Quezon Ave. (Stop)"
      },
      "geometry": {
        "type": "Point",
        "coordinates": [
          121.0017155046663,
          14.617958721826898
        ]
      }
    },
    {
      "type": "Feature",
      "properties": {
        "id": "STOP_2764",
        "name": "Proj. 8 - T.M. Kalaw via Quezon Ave. (Stop)"
      },
      "geometry": {
        "type": "Point",
        "coordinates": [
          121.00013855066896,
          14.616425842886722
        ]
      }
    },
    {
      "type": "Feature",
      "properties": {
        "id": "STOP_2765",
        "name": "Proj. 8 - T.M. Kalaw via Quezon Ave. (Stop)"
      },
      "geometry": {
        "type": "Point",
        "coordinates": [
          120.98835102160606,
          14.605734435078675
        ]
      }
    },
    {
      "type": "Feature",
      "properties": {
        "id": "STOP_2766",
        "name": "Proj. 8 - T.M. Kalaw via Quezon Ave. (Stop)"
      },
      "geometry": {
        "type": "Point",
        "coordinates": [
          120.98572037589831,
          14.604855193315917
        ]
      }
    },
    {
      "type": "Feature",
      "properties": {
        "id": "STOP_2767",
        "name": "Proj. 8 - T.M. Kalaw via Quezon Ave. (Stop)"
      },
      "geometry": {
        "type": "Point",
        "coordinates": [
          120.9849557125408,
          14.60296466916086
        ]
      }
    },
    {
      "type": "Feature",
      "properties": {
        "id": "STOP_2768",
        "name": "Proj. 8 - T.M. Kalaw via Quezon Ave. (Stop)"
      },
      "geometry": {
        "type": "Point",
        "coordinates": [
          120.98429503810296,
          14.599770349441588
        ]
      }
    },
    {
      "type": "Feature",
      "properties": {
        "id": "STOP_2769",
        "name": "Proj. 8 - T.M. Kalaw via Quezon Ave. (Stop)"
      },
      "geometry": {
        "type": "Point",
        "coordinates": [
          120.98373302808794,
          14.596896695760142
        ]
      }
    },
    {
      "type": "Feature",
      "properties": {
        "id": "STOP_2770",
        "name": "Proj. 8 - T.M. Kalaw via Quezon Ave. (Stop)"
      },
      "geometry": {
        "type": "Point",
        "coordinates": [
          120.98083106342477,
          14.59478941123144
        ]
      }
    },
    {
      "type": "Feature",
      "properties": {
        "id": "STOP_2771",
        "name": "Proj. 8 - T.M. Kalaw via Quezon Ave. (Stop)"
      },
      "geometry": {
        "type": "Point",
        "coordinates": [
          120.97919418291362,
          14.594037047816633
        ]
      }
    },
    {
      "type": "Feature",
      "properties": {
        "id": "STOP_2772",
        "name": "Proj. 8 - T.M. Kalaw via Quezon Ave. (Stop)"
      },
      "geometry": {
        "type": "Point",
        "coordinates": [
          120.97932811748963,
          14.593085630741426
        ]
      }
    },
    {
      "type": "Feature",
      "properties": {
        "id": "STOP_2773",
        "name": "Proj. 8 - T.M. Kalaw via Quezon Ave. (Stop)"
      },
      "geometry": {
        "type": "Point",
        "coordinates": [
          120.98014042922222,
          14.591838231556341
        ]
      }
    },
    {
      "type": "Feature",
      "properties": {
        "id": "STOP_2774",
        "name": "Proj. 8 - T.M. Kalaw via Quezon Ave. (Stop)"
      },
      "geometry": {
        "type": "Point",
        "coordinates": [
          120.9806990283105,
          14.589940689616268
        ]
      }
    },
    {
      "type": "Feature",
      "properties": {
        "id": "STOP_2775",
        "name": "Proj. 8 - T.M. Kalaw via Quezon Ave. (Stop)"
      },
      "geometry": {
        "type": "Point",
        "coordinates": [
          120.98112017855121,
          14.588584044525591
        ]
      }
    },
    {
      "type": "Feature",
      "properties": {
        "id": "STOP_2776",
        "name": "Proj. 8 - T.M. Kalaw via Quezon Ave. (Stop)"
      },
      "geometry": {
        "type": "Point",
        "coordinates": [
          120.98207522241964,
          14.586910271414075
        ]
      }
    },
    {
      "type": "Feature",
      "properties": {
        "id": "STOP_2777",
        "name": "Proj. 8 - T.M. Kalaw via Quezon Ave. (Stop)"
      },
      "geometry": {
        "type": "Point",
        "coordinates": [
          120.98307079430123,
          14.585151928545686
        ]
      }
    },
    {
      "type": "Feature",
      "properties": {
        "id": "STOP_2778",
        "name": "Proj. 8 - T.M. Kalaw via Quezon Ave. (Stop)"
      },
      "geometry": {
        "type": "Point",
        "coordinates": [
          120.9834990033601,
          14.583338954368811
        ]
      }
    },
    {
      "type": "Feature",
      "properties": {
        "id": "STOP_2779",
        "name": "Proj. 8 - T.M. Kalaw via Quezon Ave. (Stop)"
      },
      "geometry": {
        "type": "Point",
        "coordinates": [
          120.98115468951784,
          14.582172531136662
        ]
      }
    },
    {
      "type": "Feature",
      "properties": {
        "id": "STOP_2780",
        "name": "Proj. 8 - T.M. Kalaw via Quezon Ave. (Stop)"
      },
      "geometry": {
        "type": "Point",
        "coordinates": [
          120.9796604483338,
          14.584909592140663
        ]
      }
    },
    {
      "type": "Feature",
      "properties": {
        "id": "STOP_2781",
        "name": "Proj. 8 - T.M. Kalaw via Quezon Ave. (Stop)"
      },
      "geometry": {
        "type": "Point",
        "coordinates": [
          120.98044803226469,
          14.586185217500766
        ]
      }
    },
    {
      "type": "Feature",
      "properties": {
        "id": "STOP_2782",
        "name": "Proj. 8 - T.M. Kalaw via Quezon Ave. (Stop)"
      },
      "geometry": {
        "type": "Point",
        "coordinates": [
          120.98115629719939,
          14.588683592067891
        ]
      }
    },
    {
      "type": "Feature",
      "properties": {
        "id": "STOP_2783",
        "name": "Proj. 8 - T.M. Kalaw via Quezon Ave. (Stop)"
      },
      "geometry": {
        "type": "Point",
        "coordinates": [
          120.98050958147321,
          14.591282363861245
        ]
      }
    },
    {
      "type": "Feature",
      "properties": {
        "id": "STOP_2784",
        "name": "Proj. 8 - T.M. Kalaw via Quezon Ave. (Stop)"
      },
      "geometry": {
        "type": "Point",
        "coordinates": [
          120.98019414716308,
          14.592811676460409
        ]
      }
    },
    {
      "type": "Feature",
      "properties": {
        "id": "STOP_2785",
        "name": "Proj. 8 - T.M. Kalaw via Quezon Ave. (Stop)"
      },
      "geometry": {
        "type": "Point",
        "coordinates": [
          120.97999501193424,
          14.594043232428017
        ]
      }
    },
    {
      "type": "Feature",
      "properties": {
        "id": "STOP_2786",
        "name": "Proj. 8 - T.M. Kalaw via Quezon Ave. (Stop)"
      },
      "geometry": {
        "type": "Point",
        "coordinates": [
          120.98180984166315,
          14.595336499780379
        ]
      }
    },
    {
      "type": "Feature",
      "properties": {
        "id": "STOP_2787",
        "name": "Proj. 8 - T.M. Kalaw via Quezon Ave. (Stop)"
      },
      "geometry": {
        "type": "Point",
        "coordinates": [
          120.98351366958556,
          14.596451813844297
        ]
      }
    },
    {
      "type": "Feature",
      "properties": {
        "id": "STOP_2788",
        "name": "Proj. 8 - T.M. Kalaw via Quezon Ave. (Stop)"
      },
      "geometry": {
        "type": "Point",
        "coordinates": [
          120.98414970378299,
          14.598474476773223
        ]
      }
    },
    {
      "type": "Feature",
      "properties": {
        "id": "STOP_2789",
        "name": "Proj. 8 - T.M. Kalaw via Quezon Ave. (Stop)"
      },
      "geometry": {
        "type": "Point",
        "coordinates": [
          120.98505526491417,
          14.602991980678636
        ]
      }
    },
    {
      "type": "Feature",
      "properties": {
        "id": "STOP_2790",
        "name": "Proj. 8 - T.M. Kalaw via Quezon Ave. (Stop)"
      },
      "geometry": {
        "type": "Point",
        "coordinates": [
          120.98553801222167,
          14.604713357147569
        ]
      }
    },
    {
      "type": "Feature",
      "properties": {
        "id": "STOP_2791",
        "name": "Proj. 8 - T.M. Kalaw via Quezon Ave. (Stop)"
      },
      "geometry": {
        "type": "Point",
        "coordinates": [
          120.98727533485172,
          14.605123916342622
        ]
      }
    },
    {
      "type": "Feature",
      "properties": {
        "id": "STOP_2792",
        "name": "Proj. 8 - T.M. Kalaw via Quezon Ave. (Stop)"
      },
      "geometry": {
        "type": "Point",
        "coordinates": [
          120.98896506981828,
          14.606110612194337
        ]
      }
    },
    {
      "type": "Feature",
      "properties": {
        "id": "STOP_2793",
        "name": "Proj. 8 - T.M. Kalaw via Quezon Ave. (Stop)"
      },
      "geometry": {
        "type": "Point",
        "coordinates": [
          121.00003283624193,
          14.616189747373511
        ]
      }
    },
    {
      "type": "Feature",
      "properties": {
        "id": "STOP_2794",
        "name": "Proj. 8 - T.M. Kalaw via Quezon Ave. (Stop)"
      },
      "geometry": {
        "type": "Point",
        "coordinates": [
          121.00168203586504,
          14.617570224530091
        ]
      }
    },
    {
      "type": "Feature",
      "properties": {
        "id": "STOP_2795",
        "name": "Proj. 8 - T.M. Kalaw via Quezon Ave. (Stop)"
      },
      "geometry": {
        "type": "Point",
        "coordinates": [
          121.00786476034585,
          14.623257741439334
        ]
      }
    },
    {
      "type": "Feature",
      "properties": {
        "id": "STOP_2796",
        "name": "Proj. 8 - T.M. Kalaw via Quezon Ave. (Stop)"
      },
      "geometry": {
        "type": "Point",
        "coordinates": [
          121.01234719172038,
          14.62737361508636
        ]
      }
    },
    {
      "type": "Feature",
      "properties": {
        "id": "STOP_2797",
        "name": "Proj. 8 - T.M. Kalaw via Quezon Ave. (Stop)"
      },
      "geometry": {
        "type": "Point",
        "coordinates": [
          121.01431882957685,
          14.629084453702884
        ]
      }
    },
    {
      "type": "Feature",
      "properties": {
        "id": "STOP_2798",
        "name": "Proj. 8 - T.M. Kalaw via Quezon Ave. (Stop)"
      },
      "geometry": {
        "type": "Point",
        "coordinates": [
          121.01607198151852,
          14.630705431068362
        ]
      }
    },
    {
      "type": "Feature",
      "properties": {
        "id": "STOP_2799",
        "name": "Proj. 8 - T.M. Kalaw via Quezon Ave. (Stop)"
      },
      "geometry": {
        "type": "Point",
        "coordinates": [
          121.0195254484326,
          14.632974821823302
        ]
      }
    },
    {
      "type": "Feature",
      "properties": {
        "id": "STOP_2800",
        "name": "Proj. 8 - T.M. Kalaw via Quezon Ave. (Stop)"
      },
      "geometry": {
        "type": "Point",
        "coordinates": [
          121.0217173430504,
          14.634402001243418
        ]
      }
    },
    {
      "type": "Feature",
      "properties": {
        "id": "STOP_2801",
        "name": "Proj. 8 - T.M. Kalaw via Quezon Ave. (Stop)"
      },
      "geometry": {
        "type": "Point",
        "coordinates": [
          121.01869555219702,
          14.632724614927444
        ]
      }
    },
    {
      "type": "Feature",
      "properties": {
        "id": "STOP_2802",
        "name": "Proj. 8 - T.M. Kalaw via Quezon Ave. (Stop)"
      },
      "geometry": {
        "type": "Point",
        "coordinates": [
          121.01802067529914,
          14.634023112049984
        ]
      }
    },
    {
      "type": "Feature",
      "properties": {
        "id": "STOP_2803",
        "name": "Proj. 8 - T.M. Kalaw via Quezon Ave. (Stop)"
      },
      "geometry": {
        "type": "Point",
        "coordinates": [
          121.01817393422337,
          14.635504864245341
        ]
      }
    },
    {
      "type": "Feature",
      "properties": {
        "id": "STOP_2804",
        "name": "Proj. 8 - T.M. Kalaw via Quezon Ave. (Stop)"
      },
      "geometry": {
        "type": "Point",
        "coordinates": [
          121.01820208548811,
          14.63722446866614
        ]
      }
    },
    {
      "type": "Feature",
      "properties": {
        "id": "STOP_2805",
        "name": "Proj. 8 - T.M. Kalaw via Quezon Ave. (Stop)"
      },
      "geometry": {
        "type": "Point",
        "coordinates": [
          121.01653870181059,
          14.639560696297535
        ]
      }
    },
    {
      "type": "Feature",
      "properties": {
        "id": "STOP_2806",
        "name": "Proj. 8 - T.M. Kalaw via Quezon Ave. (Stop)"
      },
      "geometry": {
        "type": "Point",
        "coordinates": [
          121.01647700040901,
          14.640885635543818
        ]
      }
    },
    {
      "type": "Feature",
      "properties": {
        "id": "STOP_2807",
        "name": "Proj. 8 - T.M. Kalaw via Quezon Ave. (Stop)"
      },
      "geometry": {
        "type": "Point",
        "coordinates": [
          121.0167447857264,
          14.642520674681611
        ]
      }
    },
    {
      "type": "Feature",
      "properties": {
        "id": "STOP_2808",
        "name": "Proj. 8 - T.M. Kalaw via Quezon Ave. (Stop)"
      },
      "geometry": {
        "type": "Point",
        "coordinates": [
          121.01701961862824,
          14.644173332872603
        ]
      }
    },
    {
      "type": "Feature",
      "properties": {
        "id": "STOP_2809",
        "name": "Proj. 8 - T.M. Kalaw via Quezon Ave. (Stop)"
      },
      "geometry": {
        "type": "Point",
        "coordinates": [
          121.01726273840434,
          14.645704420003481
        ]
      }
    },
    {
      "type": "Feature",
      "properties": {
        "id": "STOP_2810",
        "name": "Proj. 8 - T.M. Kalaw via Quezon Ave. (Stop)"
      },
      "geometry": {
        "type": "Point",
        "coordinates": [
          121.01755694888656,
          14.647543838886914
        ]
      }
    },
    {
      "type": "Feature",
      "properties": {
        "id": "STOP_2811",
        "name": "Proj. 8 - T.M. Kalaw via Quezon Ave. (Stop)"
      },
      "geometry": {
        "type": "Point",
        "coordinates": [
          121.01781768157154,
          14.649374447577163
        ]
      }
    },
    {
      "type": "Feature",
      "properties": {
        "id": "STOP_2812",
        "name": "Proj. 8 - T.M. Kalaw via Quezon Ave. (Stop)"
      },
      "geometry": {
        "type": "Point",
        "coordinates": [
          121.01812070076284,
          14.651268485231265
        ]
      }
    },
    {
      "type": "Feature",
      "properties": {
        "id": "STOP_2813",
        "name": "Proj. 8 - T.M. Kalaw via Quezon Ave. (Stop)"
      },
      "geometry": {
        "type": "Point",
        "coordinates": [
          121.01847480815665,
          14.653576567992049
        ]
      }
    },
    {
      "type": "Feature",
      "properties": {
        "id": "STOP_2814",
        "name": "Proj. 8 - T.M. Kalaw via Quezon Ave. (Stop)"
      },
      "geometry": {
        "type": "Point",
        "coordinates": [
          121.01901744975535,
          14.655877607436219
        ]
      }
    },
    {
      "type": "Feature",
      "properties": {
        "id": "STOP_2815",
        "name": "Proj. 8 - T.M. Kalaw via Quezon Ave. (Stop)"
      },
      "geometry": {
        "type": "Point",
        "coordinates": [
          121.01960239939633,
          14.657332941030441
        ]
      }
    },
    {
      "type": "Feature",
      "properties": {
        "id": "STOP_2816",
        "name": "Cubao - Remedios via Quiapo, L. Guinto (Start)"
      },
      "geometry": {
        "type": "Point",
        "coordinates": [
          120.98672995016516,
          14.572197315058506
        ]
      }
    },
    {
      "type": "Feature",
      "properties": {
        "id": "STOP_2817",
        "name": "Cubao - Remedios via Quiapo, L. Guinto (Stop)"
      },
      "geometry": {
        "type": "Point",
        "coordinates": [
          120.98919698323022,
          14.571793947845457
        ]
      }
    },
    {
      "type": "Feature",
      "properties": {
        "id": "STOP_2818",
        "name": "Cubao - Remedios via Quiapo, L. Guinto (Stop)"
      },
      "geometry": {
        "type": "Point",
        "coordinates": [
          120.98990213295734,
          14.573355672803643
        ]
      }
    },
    {
      "type": "Feature",
      "properties": {
        "id": "STOP_2819",
        "name": "Cubao - Remedios via Quiapo, L. Guinto (Stop)"
      },
      "geometry": {
        "type": "Point",
        "coordinates": [
          120.98487520799199,
          14.582181137349151
        ]
      }
    },
    {
      "type": "Feature",
      "properties": {
        "id": "STOP_2820",
        "name": "Cubao - Remedios via Quiapo, L. Guinto (Stop)"
      },
      "geometry": {
        "type": "Point",
        "coordinates": [
          120.9826239381761,
          14.586262775152258
        ]
      }
    },
    {
      "type": "Feature",
      "properties": {
        "id": "STOP_2821",
        "name": "Cubao - Remedios via Quiapo, L. Guinto (Stop)"
      },
      "geometry": {
        "type": "Point",
        "coordinates": [
          120.98151186460603,
          14.588301334299052
        ]
      }
    },
    {
      "type": "Feature",
      "properties": {
        "id": "STOP_2822",
        "name": "Cubao - Remedios via Quiapo, L. Guinto (Stop)"
      },
      "geometry": {
        "type": "Point",
        "coordinates": [
          120.98047548219807,
          14.591437159687107
        ]
      }
    },
    {
      "type": "Feature",
      "properties": {
        "id": "STOP_2823",
        "name": "Cubao - Remedios via Quiapo, L. Guinto (Stop)"
      },
      "geometry": {
        "type": "Point",
        "coordinates": [
          120.98000982960002,
          14.593484773666635
        ]
      }
    },
    {
      "type": "Feature",
      "properties": {
        "id": "STOP_2824",
        "name": "Cubao - Remedios via Quiapo, L. Guinto (Stop)"
      },
      "geometry": {
        "type": "Point",
        "coordinates": [
          120.98271637804301,
          14.595921191186779
        ]
      }
    },
    {
      "type": "Feature",
      "properties": {
        "id": "STOP_2825",
        "name": "Cubao - Remedios via Quiapo, L. Guinto (Stop)"
      },
      "geometry": {
        "type": "Point",
        "coordinates": [
          120.983830641845,
          14.59683541500748
        ]
      }
    },
    {
      "type": "Feature",
      "properties": {
        "id": "STOP_2826",
        "name": "Cubao - Remedios via Quiapo, L. Guinto (Stop)"
      },
      "geometry": {
        "type": "Point",
        "coordinates": [
          120.9845945021632,
          14.600717104373565
        ]
      }
    },
    {
      "type": "Feature",
      "properties": {
        "id": "STOP_2827",
        "name": "Cubao - Remedios via Quiapo, L. Guinto (Stop)"
      },
      "geometry": {
        "type": "Point",
        "coordinates": [
          120.98514705910007,
          14.603475533641099
        ]
      }
    },
    {
      "type": "Feature",
      "properties": {
        "id": "STOP_2828",
        "name": "Cubao - Remedios via Quiapo, L. Guinto (Stop)"
      },
      "geometry": {
        "type": "Point",
        "coordinates": [
          120.98558522825034,
          14.604734120617962
        ]
      }
    },
    {
      "type": "Feature",
      "properties": {
        "id": "STOP_2829",
        "name": "Cubao - Remedios via Quiapo, L. Guinto (Stop)"
      },
      "geometry": {
        "type": "Point",
        "coordinates": [
          120.98729168012544,
          14.605140971775798
        ]
      }
    },
    {
      "type": "Feature",
      "properties": {
        "id": "STOP_2830",
        "name": "Cubao - Remedios via Quiapo, L. Guinto (Stop)"
      },
      "geometry": {
        "type": "Point",
        "coordinates": [
          120.98914276844552,
          14.606275569099616
        ]
      }
    },
    {
      "type": "Feature",
      "properties": {
        "id": "STOP_2831",
        "name": "Cubao - Remedios via Quiapo, L. Guinto (Stop)"
      },
      "geometry": {
        "type": "Point",
        "coordinates": [
          120.99199283602563,
          14.608899575774625
        ]
      }
    },
    {
      "type": "Feature",
      "properties": {
        "id": "STOP_2832",
        "name": "Cubao - Remedios via Quiapo, L. Guinto (Stop)"
      },
      "geometry": {
        "type": "Point",
        "coordinates": [
          120.99398178250466,
          14.610662475984926
        ]
      }
    },
    {
      "type": "Feature",
      "properties": {
        "id": "STOP_2833",
        "name": "Cubao - Remedios via Quiapo, L. Guinto (Stop)"
      },
      "geometry": {
        "type": "Point",
        "coordinates": [
          121.00155559692159,
          14.617517442067719
        ]
      }
    },
    {
      "type": "Feature",
      "properties": {
        "id": "STOP_2834",
        "name": "Cubao - Remedios via Quiapo, L. Guinto (Stop)"
      },
      "geometry": {
        "type": "Point",
        "coordinates": [
          121.00373556333734,
          14.617935604217012
        ]
      }
    },
    {
      "type": "Feature",
      "properties": {
        "id": "STOP_2835",
        "name": "Cubao - Remedios via Quiapo, L. Guinto (Stop)"
      },
      "geometry": {
        "type": "Point",
        "coordinates": [
          121.00870689415002,
          14.618344788795758
        ]
      }
    },
    {
      "type": "Feature",
      "properties": {
        "id": "STOP_2836",
        "name": "Cubao - Remedios via Quiapo, L. Guinto (Stop)"
      },
      "geometry": {
        "type": "Point",
        "coordinates": [
          121.01085409372537,
          14.618498521878582
        ]
      }
    },
    {
      "type": "Feature",
      "properties": {
        "id": "STOP_2837",
        "name": "Cubao - Remedios via Quiapo, L. Guinto (Stop)"
      },
      "geometry": {
        "type": "Point",
        "coordinates": [
          121.01467384848681,
          14.618783376667936
        ]
      }
    },
    {
      "type": "Feature",
      "properties": {
        "id": "STOP_2838",
        "name": "Cubao - Remedios via Quiapo, L. Guinto (Stop)"
      },
      "geometry": {
        "type": "Point",
        "coordinates": [
          121.01765504894325,
          14.619698772477586
        ]
      }
    },
    {
      "type": "Feature",
      "properties": {
        "id": "STOP_2839",
        "name": "Cubao - Remedios via Quiapo, L. Guinto (Stop)"
      },
      "geometry": {
        "type": "Point",
        "coordinates": [
          121.02086113833799,
          14.620713051453373
        ]
      }
    },
    {
      "type": "Feature",
      "properties": {
        "id": "STOP_2840",
        "name": "Cubao - Remedios via Quiapo, L. Guinto (Stop)"
      },
      "geometry": {
        "type": "Point",
        "coordinates": [
          121.02391692517887,
          14.621656699826907
        ]
      }
    },
    {
      "type": "Feature",
      "properties": {
        "id": "STOP_2841",
        "name": "Cubao - Remedios via Quiapo, L. Guinto (Stop)"
      },
      "geometry": {
        "type": "Point",
        "coordinates": [
          121.02622571689206,
          14.622365284014043
        ]
      }
    },
    {
      "type": "Feature",
      "properties": {
        "id": "STOP_2842",
        "name": "Cubao - Remedios via Quiapo, L. Guinto (Stop)"
      },
      "geometry": {
        "type": "Point",
        "coordinates": [
          121.03084894996522,
          14.623819743688404
        ]
      }
    },
    {
      "type": "Feature",
      "properties": {
        "id": "STOP_2843",
        "name": "Cubao - Remedios via Quiapo, L. Guinto (Stop)"
      },
      "geometry": {
        "type": "Point",
        "coordinates": [
          121.03298710599402,
          14.624086480123445
        ]
      }
    },
    {
      "type": "Feature",
      "properties": {
        "id": "STOP_2844",
        "name": "Cubao - Remedios via Quiapo, L. Guinto (Stop)"
      },
      "geometry": {
        "type": "Point",
        "coordinates": [
          121.03874612050463,
          14.62452958345482
        ]
      }
    },
    {
      "type": "Feature",
      "properties": {
        "id": "STOP_2845",
        "name": "Cubao - Remedios via Quiapo, L. Guinto (Stop)"
      },
      "geometry": {
        "type": "Point",
        "coordinates": [
          121.0413114592571,
          14.624699146424945
        ]
      }
    },
    {
      "type": "Feature",
      "properties": {
        "id": "STOP_2846",
        "name": "Cubao - Remedios via Quiapo, L. Guinto (Stop)"
      },
      "geometry": {
        "type": "Point",
        "coordinates": [
          121.04295012611003,
          14.624201967578697
        ]
      }
    },
    {
      "type": "Feature",
      "properties": {
        "id": "STOP_2847",
        "name": "Cubao - Remedios via Quiapo, L. Guinto (Stop)"
      },
      "geometry": {
        "type": "Point",
        "coordinates": [
          121.0457844686555,
          14.622753325631297
        ]
      }
    },
    {
      "type": "Feature",
      "properties": {
        "id": "STOP_2848",
        "name": "Cubao - Remedios via Quiapo, L. Guinto (Stop)"
      },
      "geometry": {
        "type": "Point",
        "coordinates": [
          121.04749321108045,
          14.621878716477871
        ]
      }
    },
    {
      "type": "Feature",
      "properties": {
        "id": "STOP_2849",
        "name": "Cubao - Remedios via Quiapo, L. Guinto (Stop)"
      },
      "geometry": {
        "type": "Point",
        "coordinates": [
          121.04916576314551,
          14.622140922309748
        ]
      }
    },
    {
      "type": "Feature",
      "properties": {
        "id": "STOP_2850",
        "name": "Cubao - Remedios via Quiapo, L. Guinto (Stop)"
      },
      "geometry": {
        "type": "Point",
        "coordinates": [
          121.04904034154447,
          14.6212854825557
        ]
      }
    },
    {
      "type": "Feature",
      "properties": {
        "id": "STOP_2851",
        "name": "Cubao - Remedios via Quiapo, L. Guinto (Stop)"
      },
      "geometry": {
        "type": "Point",
        "coordinates": [
          121.04753050450252,
          14.621883237458063
        ]
      }
    },
    {
      "type": "Feature",
      "properties": {
        "id": "STOP_2852",
        "name": "Cubao - Remedios via Quiapo, L. Guinto (Stop)"
      },
      "geometry": {
        "type": "Point",
        "coordinates": [
          121.04508379356709,
          14.623123961562191
        ]
      }
    },
    {
      "type": "Feature",
      "properties": {
        "id": "STOP_2853",
        "name": "Cubao - Remedios via Quiapo, L. Guinto (Stop)"
      },
      "geometry": {
        "type": "Point",
        "coordinates": [
          121.04290944118894,
          14.624247168088278
        ]
      }
    },
    {
      "type": "Feature",
      "properties": {
        "id": "STOP_2854",
        "name": "Cubao - Remedios via Quiapo, L. Guinto (Stop)"
      },
      "geometry": {
        "type": "Point",
        "coordinates": [
          121.03877889288317,
          14.62456009515205
        ]
      }
    },
    {
      "type": "Feature",
      "properties": {
        "id": "STOP_2855",
        "name": "Cubao - Remedios via Quiapo, L. Guinto (Stop)"
      },
      "geometry": {
        "type": "Point",
        "coordinates": [
          121.03297806425489,
          14.62412377109492
        ]
      }
    },
    {
      "type": "Feature",
      "properties": {
        "id": "STOP_2856",
        "name": "Cubao - Remedios via Quiapo, L. Guinto (Stop)"
      },
      "geometry": {
        "type": "Point",
        "coordinates": [
          121.03106140763515,
          14.623922581700475
        ]
      }
    },
    {
      "type": "Feature",
      "properties": {
        "id": "STOP_2857",
        "name": "Cubao - Remedios via Quiapo, L. Guinto (Stop)"
      },
      "geometry": {
        "type": "Point",
        "coordinates": [
          121.02454073827195,
          14.62190758174351
        ]
      }
    },
    {
      "type": "Feature",
      "properties": {
        "id": "STOP_2858",
        "name": "Cubao - Remedios via Quiapo, L. Guinto (Stop)"
      },
      "geometry": {
        "type": "Point",
        "coordinates": [
          121.02143748763577,
          14.620934551378346
        ]
      }
    },
    {
      "type": "Feature",
      "properties": {
        "id": "STOP_2859",
        "name": "Cubao - Remedios via Quiapo, L. Guinto (Stop)"
      },
      "geometry": {
        "type": "Point",
        "coordinates": [
          121.01760758382196,
          14.619725327247634
        ]
      }
    },
    {
      "type": "Feature",
      "properties": {
        "id": "STOP_2860",
        "name": "Cubao - Remedios via Quiapo, L. Guinto (Stop)"
      },
      "geometry": {
        "type": "Point",
        "coordinates": [
          121.01501287654337,
          14.618953454641753
        ]
      }
    },
    {
      "type": "Feature",
      "properties": {
        "id": "STOP_2861",
        "name": "Cubao - Remedios via Quiapo, L. Guinto (Stop)"
      },
      "geometry": {
        "type": "Point",
        "coordinates": [
          121.01051619036653,
          14.618556711119913
        ]
      }
    },
    {
      "type": "Feature",
      "properties": {
        "id": "STOP_2862",
        "name": "Cubao - Remedios via Quiapo, L. Guinto (Stop)"
      },
      "geometry": {
        "type": "Point",
        "coordinates": [
          121.00259811203593,
          14.617878511863703
        ]
      }
    },
    {
      "type": "Feature",
      "properties": {
        "id": "STOP_2863",
        "name": "Cubao - Remedios via Quiapo, L. Guinto (Stop)"
      },
      "geometry": {
        "type": "Point",
        "coordinates": [
          121.00309646410182,
          14.618937931433246
        ]
      }
    },
    {
      "type": "Feature",
      "properties": {
        "id": "STOP_2864",
        "name": "Cubao - Remedios via Quiapo, L. Guinto (Stop)"
      },
      "geometry": {
        "type": "Point",
        "coordinates": [
          121.00168385361859,
          14.617958158832256
        ]
      }
    },
    {
      "type": "Feature",
      "properties": {
        "id": "STOP_2865",
        "name": "Cubao - Remedios via Quiapo, L. Guinto (Stop)"
      },
      "geometry": {
        "type": "Point",
        "coordinates": [
          120.9886845154545,
          14.606048421649389
        ]
      }
    },
    {
      "type": "Feature",
      "properties": {
        "id": "STOP_2866",
        "name": "Cubao - Remedios via Quiapo, L. Guinto (Stop)"
      },
      "geometry": {
        "type": "Point",
        "coordinates": [
          120.98724929867744,
          14.605243804061486
        ]
      }
    },
    {
      "type": "Feature",
      "properties": {
        "id": "STOP_2867",
        "name": "Cubao - Remedios via Quiapo, L. Guinto (Stop)"
      },
      "geometry": {
        "type": "Point",
        "coordinates": [
          120.98541966712482,
          14.60475332750233
        ]
      }
    },
    {
      "type": "Feature",
      "properties": {
        "id": "STOP_2868",
        "name": "Cubao - Remedios via Quiapo, L. Guinto (Stop)"
      },
      "geometry": {
        "type": "Point",
        "coordinates": [
          120.9848885660181,
          14.602678570238451
        ]
      }
    },
    {
      "type": "Feature",
      "properties": {
        "id": "STOP_2869",
        "name": "Cubao - Remedios via Quiapo, L. Guinto (Stop)"
      },
      "geometry": {
        "type": "Point",
        "coordinates": [
          120.98445917448537,
          14.600606075336783
        ]
      }
    },
    {
      "type": "Feature",
      "properties": {
        "id": "STOP_2870",
        "name": "Cubao - Remedios via Quiapo, L. Guinto (Stop)"
      },
      "geometry": {
        "type": "Point",
        "coordinates": [
          120.98395972917604,
          14.597991161790619
        ]
      }
    },
    {
      "type": "Feature",
      "properties": {
        "id": "STOP_2871",
        "name": "Cubao - Remedios via Quiapo, L. Guinto (Stop)"
      },
      "geometry": {
        "type": "Point",
        "coordinates": [
          120.98339923157884,
          14.596494982095564
        ]
      }
    },
    {
      "type": "Feature",
      "properties": {
        "id": "STOP_2872",
        "name": "Cubao - Remedios via Quiapo, L. Guinto (Stop)"
      },
      "geometry": {
        "type": "Point",
        "coordinates": [
          120.98013101333231,
          14.59433880077152
        ]
      }
    },
    {
      "type": "Feature",
      "properties": {
        "id": "STOP_2873",
        "name": "Cubao - Remedios via Quiapo, L. Guinto (Stop)"
      },
      "geometry": {
        "type": "Point",
        "coordinates": [
          120.97901222023704,
          14.593798618623135
        ]
      }
    },
    {
      "type": "Feature",
      "properties": {
        "id": "STOP_2874",
        "name": "Cubao - Remedios via Quiapo, L. Guinto (Stop)"
      },
      "geometry": {
        "type": "Point",
        "coordinates": [
          120.97951626990469,
          14.592872000786691
        ]
      }
    },
    {
      "type": "Feature",
      "properties": {
        "id": "STOP_2875",
        "name": "Cubao - Remedios via Quiapo, L. Guinto (Stop)"
      },
      "geometry": {
        "type": "Point",
        "coordinates": [
          120.98094707804248,
          14.588959849826121
        ]
      }
    },
    {
      "type": "Feature",
      "properties": {
        "id": "STOP_2876",
        "name": "Cubao - Remedios via Quiapo, L. Guinto (Stop)"
      },
      "geometry": {
        "type": "Point",
        "coordinates": [
          120.98174270671731,
          14.587551843404244
        ]
      }
    },
    {
      "type": "Feature",
      "properties": {
        "id": "STOP_2877",
        "name": "Cubao - Remedios via Quiapo, L. Guinto (Stop)"
      },
      "geometry": {
        "type": "Point",
        "coordinates": [
          120.98390921411779,
          14.583655529515978
        ]
      }
    },
    {
      "type": "Feature",
      "properties": {
        "id": "STOP_2878",
        "name": "Cubao - Remedios via Quiapo, L. Guinto (Stop)"
      },
      "geometry": {
        "type": "Point",
        "coordinates": [
          120.98603729458875,
          14.579898209163689
        ]
      }
    },
    {
      "type": "Feature",
      "properties": {
        "id": "STOP_2879",
        "name": "Cubao - Remedios via Quiapo, L. Guinto (Stop)"
      },
      "geometry": {
        "type": "Point",
        "coordinates": [
          120.98758560493066,
          14.577206499314512
        ]
      }
    },
    {
      "type": "Feature",
      "properties": {
        "id": "STOP_2880",
        "name": "Cubao - Remedios via Quiapo, L. Guinto (Stop)"
      },
      "geometry": {
        "type": "Point",
        "coordinates": [
          120.98901185927495,
          14.574702372633146
        ]
      }
    },
    {
      "type": "Feature",
      "properties": {
        "id": "STOP_2881",
        "name": "Cubao - Remedios via Quiapo, L. Guinto (Stop)"
      },
      "geometry": {
        "type": "Point",
        "coordinates": [
          120.98672797259168,
          14.572192512363493
        ]
      }
    },
    {
      "type": "Feature",
      "properties": {
        "id": "STOP_2882",
        "name": "Marikina - Pasig (Start)"
      },
      "geometry": {
        "type": "Point",
        "coordinates": [
          121.09493876506234,
          14.634144058506019
        ]
      }
    },
    {
      "type": "Feature",
      "properties": {
        "id": "STOP_2883",
        "name": "Marikina - Pasig (Stop)"
      },
      "geometry": {
        "type": "Point",
        "coordinates": [
          121.09523715291816,
          14.632471612548263
        ]
      }
    },
    {
      "type": "Feature",
      "properties": {
        "id": "STOP_2884",
        "name": "Marikina - Pasig (Stop)"
      },
      "geometry": {
        "type": "Point",
        "coordinates": [
          121.09776406354963,
          14.632828760553709
        ]
      }
    },
    {
      "type": "Feature",
      "properties": {
        "id": "STOP_2885",
        "name": "Marikina - Pasig (Stop)"
      },
      "geometry": {
        "type": "Point",
        "coordinates": [
          121.10127191727369,
          14.632751996931608
        ]
      }
    },
    {
      "type": "Feature",
      "properties": {
        "id": "STOP_2886",
        "name": "Marikina - Pasig (Stop)"
      },
      "geometry": {
        "type": "Point",
        "coordinates": [
          121.10179635778864,
          14.629759674509259
        ]
      }
    },
    {
      "type": "Feature",
      "properties": {
        "id": "STOP_2887",
        "name": "Marikina - Pasig (Stop)"
      },
      "geometry": {
        "type": "Point",
        "coordinates": [
          121.10213545305774,
          14.627092798180543
        ]
      }
    },
    {
      "type": "Feature",
      "properties": {
        "id": "STOP_2888",
        "name": "Marikina - Pasig (Stop)"
      },
      "geometry": {
        "type": "Point",
        "coordinates": [
          121.10227564211868,
          14.624737807209616
        ]
      }
    },
    {
      "type": "Feature",
      "properties": {
        "id": "STOP_2889",
        "name": "Marikina - Pasig (Stop)"
      },
      "geometry": {
        "type": "Point",
        "coordinates": [
          121.10203612232242,
          14.622084478327832
        ]
      }
    },
    {
      "type": "Feature",
      "properties": {
        "id": "STOP_2890",
        "name": "Marikina - Pasig (Stop)"
      },
      "geometry": {
        "type": "Point",
        "coordinates": [
          121.10097385704985,
          14.620597327665184
        ]
      }
    },
    {
      "type": "Feature",
      "properties": {
        "id": "STOP_2891",
        "name": "Marikina - Pasig (Stop)"
      },
      "geometry": {
        "type": "Point",
        "coordinates": [
          121.09255234188308,
          14.61883880312009
        ]
      }
    },
    {
      "type": "Feature",
      "properties": {
        "id": "STOP_2892",
        "name": "Marikina - Pasig (Stop)"
      },
      "geometry": {
        "type": "Point",
        "coordinates": [
          121.09101653020656,
          14.618685083776759
        ]
      }
    },
    {
      "type": "Feature",
      "properties": {
        "id": "STOP_2893",
        "name": "Marikina - Pasig (Stop)"
      },
      "geometry": {
        "type": "Point",
        "coordinates": [
          121.09239865427601,
          14.618546120457168
        ]
      }
    },
    {
      "type": "Feature",
      "properties": {
        "id": "STOP_2894",
        "name": "Marikina - Pasig (Stop)"
      },
      "geometry": {
        "type": "Point",
        "coordinates": [
          121.09239191993362,
          14.616592288827212
        ]
      }
    },
    {
      "type": "Feature",
      "properties": {
        "id": "STOP_2895",
        "name": "Marikina - Pasig (Stop)"
      },
      "geometry": {
        "type": "Point",
        "coordinates": [
          121.09228572145389,
          14.615259974521942
        ]
      }
    },
    {
      "type": "Feature",
      "properties": {
        "id": "STOP_2896",
        "name": "Marikina - Pasig (Stop)"
      },
      "geometry": {
        "type": "Point",
        "coordinates": [
          121.09220551155094,
          14.614091515958057
        ]
      }
    },
    {
      "type": "Feature",
      "properties": {
        "id": "STOP_2897",
        "name": "Marikina - Pasig (Stop)"
      },
      "geometry": {
        "type": "Point",
        "coordinates": [
          121.09208802616867,
          14.612161412598102
        ]
      }
    },
    {
      "type": "Feature",
      "properties": {
        "id": "STOP_2898",
        "name": "Marikina - Pasig (Stop)"
      },
      "geometry": {
        "type": "Point",
        "coordinates": [
          121.09201121794172,
          14.610513819043836
        ]
      }
    },
    {
      "type": "Feature",
      "properties": {
        "id": "STOP_2899",
        "name": "Marikina - Pasig (Stop)"
      },
      "geometry": {
        "type": "Point",
        "coordinates": [
          121.09199542858028,
          14.609157776034847
        ]
      }
    },
    {
      "type": "Feature",
      "properties": {
        "id": "STOP_2900",
        "name": "Marikina - Pasig (Stop)"
      },
      "geometry": {
        "type": "Point",
        "coordinates": [
          121.0922779902875,
          14.60768195596576
        ]
      }
    },
    {
      "type": "Feature",
      "properties": {
        "id": "STOP_2901",
        "name": "Marikina - Pasig (Stop)"
      },
      "geometry": {
        "type": "Point",
        "coordinates": [
          121.09215145269718,
          14.60623098748814
        ]
      }
    },
    {
      "type": "Feature",
      "properties": {
        "id": "STOP_2902",
        "name": "Marikina - Pasig (Stop)"
      },
      "geometry": {
        "type": "Point",
        "coordinates": [
          121.09202040051775,
          14.604533671164866
        ]
      }
    },
    {
      "type": "Feature",
      "properties": {
        "id": "STOP_2903",
        "name": "Marikina - Pasig (Stop)"
      },
      "geometry": {
        "type": "Point",
        "coordinates": [
          121.09214248372129,
          14.60319797190554
        ]
      }
    },
    {
      "type": "Feature",
      "properties": {
        "id": "STOP_2904",
        "name": "Marikina - Pasig (Stop)"
      },
      "geometry": {
        "type": "Point",
        "coordinates": [
          121.09221823242052,
          14.601867356767391
        ]
      }
    },
    {
      "type": "Feature",
      "properties": {
        "id": "STOP_2905",
        "name": "Marikina - Pasig (Stop)"
      },
      "geometry": {
        "type": "Point",
        "coordinates": [
          121.09181143474063,
          14.600145173475209
        ]
      }
    },
    {
      "type": "Feature",
      "properties": {
        "id": "STOP_2906",
        "name": "Marikina - Pasig (Stop)"
      },
      "geometry": {
        "type": "Point",
        "coordinates": [
          121.09118086389057,
          14.598929241073497
        ]
      }
    },
    {
      "type": "Feature",
      "properties": {
        "id": "STOP_2907",
        "name": "Marikina - Pasig (Stop)"
      },
      "geometry": {
        "type": "Point",
        "coordinates": [
          121.09138996717724,
          14.597515571329208
        ]
      }
    },
    {
      "type": "Feature",
      "properties": {
        "id": "STOP_2908",
        "name": "Marikina - Pasig (Stop)"
      },
      "geometry": {
        "type": "Point",
        "coordinates": [
          121.09169852075799,
          14.596064612651073
        ]
      }
    },
    {
      "type": "Feature",
      "properties": {
        "id": "STOP_2909",
        "name": "Marikina - Pasig (Stop)"
      },
      "geometry": {
        "type": "Point",
        "coordinates": [
          121.09219242197294,
          14.594187634751256
        ]
      }
    },
    {
      "type": "Feature",
      "properties": {
        "id": "STOP_2910",
        "name": "Marikina - Pasig (Stop)"
      },
      "geometry": {
        "type": "Point",
        "coordinates": [
          121.09273604869692,
          14.592276756909392
        ]
      }
    },
    {
      "type": "Feature",
      "properties": {
        "id": "STOP_2911",
        "name": "Marikina - Pasig (Stop)"
      },
      "geometry": {
        "type": "Point",
        "coordinates": [
          121.09331923355667,
          14.59018055413856
        ]
      }
    },
    {
      "type": "Feature",
      "properties": {
        "id": "STOP_2912",
        "name": "Marikina - Pasig (Stop)"
      },
      "geometry": {
        "type": "Point",
        "coordinates": [
          121.09412619528504,
          14.587422155597219
        ]
      }
    },
    {
      "type": "Feature",
      "properties": {
        "id": "STOP_2913",
        "name": "Marikina - Pasig (Stop)"
      },
      "geometry": {
        "type": "Point",
        "coordinates": [
          121.0956541679948,
          14.584547379621009
        ]
      }
    },
    {
      "type": "Feature",
      "properties": {
        "id": "STOP_2914",
        "name": "Marikina - Pasig (Stop)"
      },
      "geometry": {
        "type": "Point",
        "coordinates": [
          121.10043694016201,
          14.577812475591543
        ]
      }
    },
    {
      "type": "Feature",
      "properties": {
        "id": "STOP_2915",
        "name": "Marikina - Pasig (Stop)"
      },
      "geometry": {
        "type": "Point",
        "coordinates": [
          121.09878251263859,
          14.575744473447243
        ]
      }
    },
    {
      "type": "Feature",
      "properties": {
        "id": "STOP_2916",
        "name": "Marikina - Pasig (Stop)"
      },
      "geometry": {
        "type": "Point",
        "coordinates": [
          121.09650422290896,
          14.575498074483143
        ]
      }
    },
    {
      "type": "Feature",
      "properties": {
        "id": "STOP_2917",
        "name": "Marikina - Pasig (Stop)"
      },
      "geometry": {
        "type": "Point",
        "coordinates": [
          121.09374903073201,
          14.575138661246585
        ]
      }
    },
    {
      "type": "Feature",
      "properties": {
        "id": "STOP_2918",
        "name": "Marikina - Pasig (Stop)"
      },
      "geometry": {
        "type": "Point",
        "coordinates": [
          121.08960831186484,
          14.57543689751107
        ]
      }
    },
    {
      "type": "Feature",
      "properties": {
        "id": "STOP_2919",
        "name": "Marikina - Pasig (Stop)"
      },
      "geometry": {
        "type": "Point",
        "coordinates": [
          121.08711077029467,
          14.575658328310139
        ]
      }
    },
    {
      "type": "Feature",
      "properties": {
        "id": "STOP_2920",
        "name": "Marikina - Pasig (Stop)"
      },
      "geometry": {
        "type": "Point",
        "coordinates": [
          121.085625798856,
          14.57611934940202
        ]
      }
    },
    {
      "type": "Feature",
      "properties": {
        "id": "STOP_2921",
        "name": "Marikina - Pasig (Stop)"
      },
      "geometry": {
        "type": "Point",
        "coordinates": [
          121.08446181260878,
          14.575111331569563
        ]
      }
    },
    {
      "type": "Feature",
      "properties": {
        "id": "STOP_2922",
        "name": "Marikina - Pasig (Stop)"
      },
      "geometry": {
        "type": "Point",
        "coordinates": [
          121.08368885514673,
          14.57360610691397
        ]
      }
    },
    {
      "type": "Feature",
      "properties": {
        "id": "STOP_2923",
        "name": "Marikina - Pasig (Stop)"
      },
      "geometry": {
        "type": "Point",
        "coordinates": [
          121.08294528003655,
          14.572118963489196
        ]
      }
    },
    {
      "type": "Feature",
      "properties": {
        "id": "STOP_2924",
        "name": "Marikina - Pasig (Stop)"
      },
      "geometry": {
        "type": "Point",
        "coordinates": [
          121.08224125700846,
          14.570701883156296
        ]
      }
    },
    {
      "type": "Feature",
      "properties": {
        "id": "STOP_2925",
        "name": "Marikina - Pasig (Stop)"
      },
      "geometry": {
        "type": "Point",
        "coordinates": [
          121.0814603884771,
          14.569210218755392
        ]
      }
    },
    {
      "type": "Feature",
      "properties": {
        "id": "STOP_2926",
        "name": "Marikina - Pasig (Stop)"
      },
      "geometry": {
        "type": "Point",
        "coordinates": [
          121.08069759889767,
          14.567834948418042
        ]
      }
    },
    {
      "type": "Feature",
      "properties": {
        "id": "STOP_2927",
        "name": "Marikina - Pasig (Stop)"
      },
      "geometry": {
        "type": "Point",
        "coordinates": [
          121.07920814311191,
          14.56677381160489
        ]
      }
    },
    {
      "type": "Feature",
      "properties": {
        "id": "STOP_2928",
        "name": "Marikina - Pasig (Stop)"
      },
      "geometry": {
        "type": "Point",
        "coordinates": [
          121.07705982263253,
          14.566233606332165
        ]
      }
    },
    {
      "type": "Feature",
      "properties": {
        "id": "STOP_2929",
        "name": "Marikina - Pasig (Stop)"
      },
      "geometry": {
        "type": "Point",
        "coordinates": [
          121.0759738141645,
          14.56520863972754
        ]
      }
    },
    {
      "type": "Feature",
      "properties": {
        "id": "STOP_2930",
        "name": "Marikina - Pasig (Stop)"
      },
      "geometry": {
        "type": "Point",
        "coordinates": [
          121.07601228794964,
          14.56309321417569
        ]
      }
    },
    {
      "type": "Feature",
      "properties": {
        "id": "STOP_2931",
        "name": "Marikina - Pasig (Stop)"
      },
      "geometry": {
        "type": "Point",
        "coordinates": [
          121.07645871531058,
          14.561611747706477
        ]
      }
    },
    {
      "type": "Feature",
      "properties": {
        "id": "STOP_2932",
        "name": "Marikina - Pasig (Stop)"
      },
      "geometry": {
        "type": "Point",
        "coordinates": [
          121.07743741036698,
          14.560664799990567
        ]
      }
    },
    {
      "type": "Feature",
      "properties": {
        "id": "STOP_2933",
        "name": "Marikina - Pasig (Stop)"
      },
      "geometry": {
        "type": "Point",
        "coordinates": [
          121.08061077319861,
          14.55971338149516
        ]
      }
    },
    {
      "type": "Feature",
      "properties": {
        "id": "STOP_2934",
        "name": "Marikina - Pasig (Stop)"
      },
      "geometry": {
        "type": "Point",
        "coordinates": [
          121.0825466799994,
          14.558295230523266
        ]
      }
    },
    {
      "type": "Feature",
      "properties": {
        "id": "STOP_2935",
        "name": "Marikina - Pasig (Stop)"
      },
      "geometry": {
        "type": "Point",
        "coordinates": [
          121.08526795868906,
          14.559088576626799
        ]
      }
    },
    {
      "type": "Feature",
      "properties": {
        "id": "STOP_2936",
        "name": "Marikina - Pasig (Stop)"
      },
      "geometry": {
        "type": "Point",
        "coordinates": [
          121.0809475222668,
          14.560675049254613
        ]
      }
    },
    {
      "type": "Feature",
      "properties": {
        "id": "STOP_2937",
        "name": "Marikina - Pasig (Stop)"
      },
      "geometry": {
        "type": "Point",
        "coordinates": [
          121.07757075596646,
          14.56096087228357
        ]
      }
    },
    {
      "type": "Feature",
      "properties": {
        "id": "STOP_2938",
        "name": "Marikina - Pasig (Stop)"
      },
      "geometry": {
        "type": "Point",
        "coordinates": [
          121.0767288003935,
          14.562053597651555
        ]
      }
    },
    {
      "type": "Feature",
      "properties": {
        "id": "STOP_2939",
        "name": "Marikina - Pasig (Stop)"
      },
      "geometry": {
        "type": "Point",
        "coordinates": [
          121.07655358889255,
          14.563948663206206
        ]
      }
    },
    {
      "type": "Feature",
      "properties": {
        "id": "STOP_2940",
        "name": "Marikina - Pasig (Stop)"
      },
      "geometry": {
        "type": "Point",
        "coordinates": [
          121.07602805897595,
          14.56522220137321
        ]
      }
    },
    {
      "type": "Feature",
      "properties": {
        "id": "STOP_2941",
        "name": "Marikina - Pasig (Stop)"
      },
      "geometry": {
        "type": "Point",
        "coordinates": [
          121.0775378627419,
          14.566027950624898
        ]
      }
    },
    {
      "type": "Feature",
      "properties": {
        "id": "STOP_2942",
        "name": "Marikina - Pasig (Stop)"
      },
      "geometry": {
        "type": "Point",
        "coordinates": [
          121.07952796088321,
          14.56687891209687
        ]
      }
    },
    {
      "type": "Feature",
      "properties": {
        "id": "STOP_2943",
        "name": "Marikina - Pasig (Stop)"
      },
      "geometry": {
        "type": "Point",
        "coordinates": [
          121.08056538300305,
          14.567555826680497
        ]
      }
    },
    {
      "type": "Feature",
      "properties": {
        "id": "STOP_2944",
        "name": "Marikina - Pasig (Stop)"
      },
      "geometry": {
        "type": "Point",
        "coordinates": [
          121.08128749181344,
          14.568801142021945
        ]
      }
    },
    {
      "type": "Feature",
      "properties": {
        "id": "STOP_2945",
        "name": "Marikina - Pasig (Stop)"
      },
      "geometry": {
        "type": "Point",
        "coordinates": [
          121.08203445810112,
          14.570252124382337
        ]
      }
    },
    {
      "type": "Feature",
      "properties": {
        "id": "STOP_2946",
        "name": "Marikina - Pasig (Stop)"
      },
      "geometry": {
        "type": "Point",
        "coordinates": [
          121.0829622327121,
          14.57207376245085
        ]
      }
    },
    {
      "type": "Feature",
      "properties": {
        "id": "STOP_2947",
        "name": "Marikina - Pasig (Stop)"
      },
      "geometry": {
        "type": "Point",
        "coordinates": [
          121.08388774593087,
          14.573945122033514
        ]
      }
    },
    {
      "type": "Feature",
      "properties": {
        "id": "STOP_2948",
        "name": "Marikina - Pasig (Stop)"
      },
      "geometry": {
        "type": "Point",
        "coordinates": [
          121.08475562720548,
          14.575668445674255
        ]
      }
    },
    {
      "type": "Feature",
      "properties": {
        "id": "STOP_2949",
        "name": "Marikina - Pasig (Stop)"
      },
      "geometry": {
        "type": "Point",
        "coordinates": [
          121.0859829184328,
          14.575875269765143
        ]
      }
    },
    {
      "type": "Feature",
      "properties": {
        "id": "STOP_2950",
        "name": "Marikina - Pasig (Stop)"
      },
      "geometry": {
        "type": "Point",
        "coordinates": [
          121.08750291726629,
          14.57566398730504
        ]
      }
    },
    {
      "type": "Feature",
      "properties": {
        "id": "STOP_2951",
        "name": "Marikina - Pasig (Stop)"
      },
      "geometry": {
        "type": "Point",
        "coordinates": [
          121.08961509306899,
          14.575413166918246
        ]
      }
    },
    {
      "type": "Feature",
      "properties": {
        "id": "STOP_2952",
        "name": "Marikina - Pasig (Stop)"
      },
      "geometry": {
        "type": "Point",
        "coordinates": [
          121.0919329470997,
          14.575214332789276
        ]
      }
    },
    {
      "type": "Feature",
      "properties": {
        "id": "STOP_2953",
        "name": "Marikina - Pasig (Stop)"
      },
      "geometry": {
        "type": "Point",
        "coordinates": [
          121.09375807217684,
          14.575113800669138
        ]
      }
    },
    {
      "type": "Feature",
      "properties": {
        "id": "STOP_2954",
        "name": "Marikina - Pasig (Stop)"
      },
      "geometry": {
        "type": "Point",
        "coordinates": [
          121.09653360617133,
          14.575477734505062
        ]
      }
    },
    {
      "type": "Feature",
      "properties": {
        "id": "STOP_2955",
        "name": "Marikina - Pasig (Stop)"
      },
      "geometry": {
        "type": "Point",
        "coordinates": [
          121.09852259249165,
          14.57555688171195
        ]
      }
    },
    {
      "type": "Feature",
      "properties": {
        "id": "STOP_2956",
        "name": "Marikina - Pasig (Stop)"
      },
      "geometry": {
        "type": "Point",
        "coordinates": [
          121.10087486893197,
          14.577292104095097
        ]
      }
    },
    {
      "type": "Feature",
      "properties": {
        "id": "STOP_2957",
        "name": "Marikina - Pasig (Stop)"
      },
      "geometry": {
        "type": "Point",
        "coordinates": [
          121.09748613127307,
          14.58201840135689
        ]
      }
    },
    {
      "type": "Feature",
      "properties": {
        "id": "STOP_2958",
        "name": "Marikina - Pasig (Stop)"
      },
      "geometry": {
        "type": "Point",
        "coordinates": [
          121.0951727242289,
          14.585315792940078
        ]
      }
    },
    {
      "type": "Feature",
      "properties": {
        "id": "STOP_2959",
        "name": "Marikina - Pasig (Stop)"
      },
      "geometry": {
        "type": "Point",
        "coordinates": [
          121.09422903723878,
          14.587328364961996
        ]
      }
    },
    {
      "type": "Feature",
      "properties": {
        "id": "STOP_2960",
        "name": "Marikina - Pasig (Stop)"
      },
      "geometry": {
        "type": "Point",
        "coordinates": [
          121.0933203610656,
          14.590290167608728
        ]
      }
    },
    {
      "type": "Feature",
      "properties": {
        "id": "STOP_2961",
        "name": "Marikina - Pasig (Stop)"
      },
      "geometry": {
        "type": "Point",
        "coordinates": [
          121.092140429046,
          14.594525514203166
        ]
      }
    },
    {
      "type": "Feature",
      "properties": {
        "id": "STOP_2962",
        "name": "Marikina - Pasig (Stop)"
      },
      "geometry": {
        "type": "Point",
        "coordinates": [
          121.09159792854625,
          14.596600247228322
        ]
      }
    },
    {
      "type": "Feature",
      "properties": {
        "id": "STOP_2963",
        "name": "Marikina - Pasig (Stop)"
      },
      "geometry": {
        "type": "Point",
        "coordinates": [
          121.09133570246678,
          14.59834162607935
        ]
      }
    },
    {
      "type": "Feature",
      "properties": {
        "id": "STOP_2964",
        "name": "Marikina - Pasig (Stop)"
      },
      "geometry": {
        "type": "Point",
        "coordinates": [
          121.0918035257865,
          14.600069460916988
        ]
      }
    },
    {
      "type": "Feature",
      "properties": {
        "id": "STOP_2965",
        "name": "Marikina - Pasig (Stop)"
      },
      "geometry": {
        "type": "Point",
        "coordinates": [
          121.09220241684223,
          14.601617618559365
        ]
      }
    },
    {
      "type": "Feature",
      "properties": {
        "id": "STOP_2966",
        "name": "Marikina - Pasig (Stop)"
      },
      "geometry": {
        "type": "Point",
        "coordinates": [
          121.0922306410202,
          14.602819977000685
        ]
      }
    },
    {
      "type": "Feature",
      "properties": {
        "id": "STOP_2967",
        "name": "Marikina - Pasig (Stop)"
      },
      "geometry": {
        "type": "Point",
        "coordinates": [
          121.09205317949713,
          14.604285629101327
        ]
      }
    },
    {
      "type": "Feature",
      "properties": {
        "id": "STOP_2968",
        "name": "Marikina - Pasig (Stop)"
      },
      "geometry": {
        "type": "Point",
        "coordinates": [
          121.09220230334472,
          14.60640670915735
        ]
      }
    },
    {
      "type": "Feature",
      "properties": {
        "id": "STOP_2969",
        "name": "Marikina - Pasig (Stop)"
      },
      "geometry": {
        "type": "Point",
        "coordinates": [
          121.0923220518846,
          14.608212508642952
        ]
      }
    },
    {
      "type": "Feature",
      "properties": {
        "id": "STOP_2970",
        "name": "Marikina - Pasig (Stop)"
      },
      "geometry": {
        "type": "Point",
        "coordinates": [
          121.09197620740298,
          14.609552723025717
        ]
      }
    },
    {
      "type": "Feature",
      "properties": {
        "id": "STOP_2971",
        "name": "Marikina - Pasig (Stop)"
      },
      "geometry": {
        "type": "Point",
        "coordinates": [
          121.0920959448037,
          14.611828617307042
        ]
      }
    },
    {
      "type": "Feature",
      "properties": {
        "id": "STOP_2972",
        "name": "Marikina - Pasig (Stop)"
      },
      "geometry": {
        "type": "Point",
        "coordinates": [
          121.09219309324203,
          14.613548533596596
        ]
      }
    },
    {
      "type": "Feature",
      "properties": {
        "id": "STOP_2973",
        "name": "Marikina - Pasig (Stop)"
      },
      "geometry": {
        "type": "Point",
        "coordinates": [
          121.0923377003342,
          14.61551479870734
        ]
      }
    },
    {
      "type": "Feature",
      "properties": {
        "id": "STOP_2974",
        "name": "Marikina - Pasig (Stop)"
      },
      "geometry": {
        "type": "Point",
        "coordinates": [
          121.09247778721361,
          14.617472023437308
        ]
      }
    },
    {
      "type": "Feature",
      "properties": {
        "id": "STOP_2975",
        "name": "Marikina - Pasig (Stop)"
      },
      "geometry": {
        "type": "Point",
        "coordinates": [
          121.09356717735726,
          14.618861991650798
        ]
      }
    },
    {
      "type": "Feature",
      "properties": {
        "id": "STOP_2976",
        "name": "Marikina - Pasig (Stop)"
      },
      "geometry": {
        "type": "Point",
        "coordinates": [
          121.09702528726214,
          14.619592072319493
        ]
      }
    },
    {
      "type": "Feature",
      "properties": {
        "id": "STOP_2977",
        "name": "Marikina - Pasig (Stop)"
      },
      "geometry": {
        "type": "Point",
        "coordinates": [
          121.10183273787277,
          14.620615992549105
        ]
      }
    },
    {
      "type": "Feature",
      "properties": {
        "id": "STOP_2978",
        "name": "Marikina - Pasig (Stop)"
      },
      "geometry": {
        "type": "Point",
        "coordinates": [
          121.1045901850102,
          14.621196892779485
        ]
      }
    },
    {
      "type": "Feature",
      "properties": {
        "id": "STOP_2979",
        "name": "Marikina - Pasig (Stop)"
      },
      "geometry": {
        "type": "Point",
        "coordinates": [
          121.10207909582736,
          14.62084200519586
        ]
      }
    },
    {
      "type": "Feature",
      "properties": {
        "id": "STOP_2980",
        "name": "Marikina - Pasig (Stop)"
      },
      "geometry": {
        "type": "Point",
        "coordinates": [
          121.1021106964061,
          14.622631982232512
        ]
      }
    },
    {
      "type": "Feature",
      "properties": {
        "id": "STOP_2981",
        "name": "Marikina - Pasig (Stop)"
      },
      "geometry": {
        "type": "Point",
        "coordinates": [
          121.10229712377658,
          14.624331559906953
        ]
      }
    },
    {
      "type": "Feature",
      "properties": {
        "id": "STOP_2982",
        "name": "Marikina - Pasig (Stop)"
      },
      "geometry": {
        "type": "Point",
        "coordinates": [
          121.10229313443625,
          14.625765009931495
        ]
      }
    },
    {
      "type": "Feature",
      "properties": {
        "id": "STOP_2983",
        "name": "Marikina - Pasig (Stop)"
      },
      "geometry": {
        "type": "Point",
        "coordinates": [
          121.10209870937386,
          14.627734657558227
        ]
      }
    },
    {
      "type": "Feature",
      "properties": {
        "id": "STOP_2984",
        "name": "Marikina - Pasig (Stop)"
      },
      "geometry": {
        "type": "Point",
        "coordinates": [
          121.10183195674597,
          14.629734814526419
        ]
      }
    },
    {
      "type": "Feature",
      "properties": {
        "id": "STOP_2985",
        "name": "Marikina - Pasig (Stop)"
      },
      "geometry": {
        "type": "Point",
        "coordinates": [
          121.10161040874398,
          14.631720282053648
        ]
      }
    },
    {
      "type": "Feature",
      "properties": {
        "id": "STOP_2986",
        "name": "Marikina - Pasig (Stop)"
      },
      "geometry": {
        "type": "Point",
        "coordinates": [
          121.09783894381016,
          14.632378160548672
        ]
      }
    },
    {
      "type": "Feature",
      "properties": {
        "id": "STOP_2987",
        "name": "Marikina - Pasig (Stop)"
      },
      "geometry": {
        "type": "Point",
        "coordinates": [
          121.09752048399255,
          14.634580875250427
        ]
      }
    },
    {
      "type": "Feature",
      "properties": {
        "id": "STOP_2988",
        "name": "Marikina - Pasig (Stop)"
      },
      "geometry": {
        "type": "Point",
        "coordinates": [
          121.09618466883411,
          14.635795068479721
        ]
      }
    },
    {
      "type": "Feature",
      "properties": {
        "id": "STOP_2989",
        "name": "Marikina - Pasig (Stop)"
      },
      "geometry": {
        "type": "Point",
        "coordinates": [
          121.09440757831231,
          14.635684285075556
        ]
      }
    },
    {
      "type": "Feature",
      "properties": {
        "id": "STOP_2990",
        "name": "Marikina - Pasig (Stop)"
      },
      "geometry": {
        "type": "Point",
        "coordinates": [
          121.09484156727191,
          14.634506797744933
        ]
      }
    }
  ]
}