fid,agency_id,route_long_name,route_desc,route_type,route_id,service_id,trip_id
1,LRTA,Baclaran - Roosevelt,Urban railway line serving 20 stations between Balaran and Roosevelt,2,ROUTE_880747,880772,882210
1,LRTA,Baclaran - Roosevelt,Urban railway line serving 20 stations between Balaran and Roosevelt,2,ROUTE_880747,880772,882210
1,LRTA,Baclaran - Roosevelt,Urban railway line serving 20 stations between Balaran and Roosevelt,2,ROUTE_880747,880772,882210
1,LRTA,Baclaran - Roosevelt,Urban railway line serving 20 stations between Balaran and Roosevelt,2,ROUTE_880747,880772,882210
1,LRTA,Baclaran - Roosevelt,Urban railway line serving 20 stations between Balaran and Roosevelt,2,ROUTE_880747,880772,882210
1,LRTA,Baclaran - Roosevelt,Urban railway line serving 20 stations between Balaran and Roosevelt,2,ROUTE_880747,880772,882210
1,LRTA,Baclaran - Roosevelt,Urban railway line serving 20 stations between Balaran and Roosevelt,2,ROUTE_880747,880772,882210
1,LRTA,Baclaran - Roosevelt,Urban railway line serving 20 stations between Balaran and Roosevelt,2,ROUTE_880747,880772,882210
1,LRTA,Baclaran - Roosevelt,Urban railway line serving 20 stations between Balaran and Roosevelt,2,ROUTE_880747,880772,882210
1,LRTA,Baclaran - Roosevelt,Urban railway line serving 20 stations between Balaran and Roosevelt,2,ROUTE_880747,880772,882210
1,LRTA,Baclaran - Roosevelt,Urban railway line serving 20 stations between Balaran and Roosevelt,2,ROUTE_880747,880772,882210
1,LRTA,Baclaran - Roosevelt,Urban railway line serving 20 stations between Balaran and Roosevelt,2,ROUTE_880747,880772,882210
1,LRTA,Baclaran - Roosevelt,Urban railway line serving 20 stations between Balaran and Roosevelt,2,ROUTE_880747,880772,882210
1,LRTA,Baclaran - Roosevelt,Urban railway line serving 20 stations between Balaran and Roosevelt,2,ROUTE_880747,880772,882210
1,LRTA,Baclaran - Roosevelt,Urban railway line serving 20 stations between Balaran and Roosevelt,2,ROUTE_880747,880772,882210
1,LRTA,Baclaran - Roosevelt,Urban railway line serving 20 stations between Balaran and Roosevelt,2,ROUTE_880747,880772,882210
1,LRTA,Baclaran - Roosevelt,Urban railway line serving 20 stations between Balaran and Roosevelt,2,ROUTE_880747,880772,882210
1,LRTA,Baclaran - Roosevelt,Urban railway line serving 20 stations between Balaran and Roosevelt,2,ROUTE_880747,880772,882210
1,LRTA,Baclaran - Roosevelt,Urban railway line serving 20 stations between Balaran and Roosevelt,2,ROUTE_880747,880772,882210
1,LRTA,Baclaran - Roosevelt,Urban railway line serving 20 stations between Balaran and Roosevelt,2,ROUTE_880747,880772,882210
1,LRTA,Baclaran - Roosevelt,Urban railway line serving 20 stations between Balaran and Roosevelt,2,ROUTE_880747,880772,882210
1,LRTA,Baclaran - Roosevelt,Urban railway line serving 20 stations between Balaran and Roosevelt,2,ROUTE_880747,880772,882210
1,LRTA,Baclaran - Roosevelt,Urban railway line serving 20 stations between Balaran and Roosevelt,2,ROUTE_880747,880772,882210
1,LRTA,Baclaran - Roosevelt,Urban railway line serving 20 stations between Balaran and Roosevelt,2,ROUTE_880747,880772,882210
1,LRTA,Baclaran - Roosevelt,Urban railway line serving 20 stations between Balaran and Roosevelt,2,ROUTE_880747,880772,882210
1,LRTA,Baclaran - Roosevelt,Urban railway line serving 20 stations between Balaran and Roosevelt,2,ROUTE_880747,880772,882210
1,LRTA,Baclaran - Roosevelt,Urban railway line serving 20 stations between Balaran and Roosevelt,2,ROUTE_880747,880772,882210
1,LRTA,Baclaran - Roosevelt,Urban railway line serving 20 stations between Balaran and Roosevelt,2,ROUTE_880747,880772,882210
1,LRTA,Baclaran - Roosevelt,Urban railway line serving 20 stations between Balaran and Roosevelt,2,ROUTE_880747,880772,882210
1,LRTA,Baclaran - Roosevelt,Urban railway line serving 20 stations between Balaran and Roosevelt,2,ROUTE_880747,880772,882210
1,LRTA,Baclaran - Roosevelt,Urban railway line serving 20 stations between Balaran and Roosevelt,2,ROUTE_880747,880772,882210
1,LRTA,Baclaran - Roosevelt,Urban railway line serving 20 stations between Balaran and Roosevelt,2,ROUTE_880747,880772,882210
1,LRTA,Baclaran - Roosevelt,Urban railway line serving 20 stations between Balaran and Roosevelt,2,ROUTE_880747,880772,882210
1,LRTA,Baclaran - Roosevelt,Urban railway line serving 20 stations between Balaran and Roosevelt,2,ROUTE_880747,880772,882210
1,LRTA,Baclaran - Roosevelt,Urban railway line serving 20 stations between Balaran and Roosevelt,2,ROUTE_880747,880772,882210
1,LRTA,Baclaran - Roosevelt,Urban railway line serving 20 stations between Balaran and Roosevelt,2,ROUTE_880747,880772,882210
1,LRTA,Baclaran - Roosevelt,Urban railway line serving 20 stations between Balaran and Roosevelt,2,ROUTE_880747,880772,882210
1,LRTA,Baclaran - Roosevelt,Urban railway line serving 20 stations between Balaran and Roosevelt,2,ROUTE_880747,880772,882210
1,LRTA,Baclaran - Roosevelt,Urban railway line serving 20 stations between Balaran and Roosevelt,2,ROUTE_880747,880772,882210
1,LRTA,Baclaran - Roosevelt,Urban railway line serving 20 stations between Balaran and Roosevelt,2,ROUTE_880747,880772,882210
1,LRTA,Baclaran - Roosevelt,Urban railway line serving 20 stations between Balaran and Roosevelt,2,ROUTE_880747,880772,882210
1,LRTA,Baclaran - Roosevelt,Urban railway line serving 20 stations between Balaran and Roosevelt,2,ROUTE_880747,880772,882210
1,LRTA,Baclaran - Roosevelt,Urban railway line serving 20 stations between Balaran and Roosevelt,2,ROUTE_880747,880772,882210
1,LRTA,Baclaran - Roosevelt,Urban railway line serving 20 stations between Balaran and Roosevelt,2,ROUTE_880747,880772,882210
1,LRTA,Baclaran - Roosevelt,Urban railway line serving 20 stations between Balaran and Roosevelt,2,ROUTE_880747,880772,882210
1,LRTA,Baclaran - Roosevelt,Urban railway line serving 20 stations between Balaran and Roosevelt,2,ROUTE_880747,880772,882210
1,LRTA,Baclaran - Roosevelt,Urban railway line serving 20 stations between Balaran and Roosevelt,2,ROUTE_880747,880772,882210
1,LRTA,Baclaran - Roosevelt,Urban railway line serving 20 stations between Balaran and Roosevelt,2,ROUTE_880747,880772,882210
1,LRTA,Baclaran - Roosevelt,Urban railway line serving 20 stations between Balaran and Roosevelt,2,ROUTE_880747,880772,882210
1,LRTA,Baclaran - Roosevelt,Urban railway line serving 20 stations between Balaran and Roosevelt,2,ROUTE_880747,880772,882210
1,LRTA,Baclaran - Roosevelt,Urban railway line serving 20 stations between Balaran and Roosevelt,2,ROUTE_880747,880772,882210
1,LRTA,Baclaran - Roosevelt,Urban railway line serving 20 stations between Balaran and Roosevelt,2,ROUTE_880747,880772,882210
1,LRTA,Baclaran - Roosevelt,Urban railway line serving 20 stations between Balaran and Roosevelt,2,ROUTE_880747,880772,882210
1,LRTA,Baclaran - Roosevelt,Urban railway line serving 20 stations between Balaran and Roosevelt,2,ROUTE_880747,880772,882210
1,LRTA,Baclaran - Roosevelt,Urban railway line serving 20 stations between Balaran and Roosevelt,2,ROUTE_880747,880772,882210
1,LRTA,Baclaran - Roosevelt,Urban railway line serving 20 stations between Balaran and Roosevelt,2,ROUTE_880747,880772,882210
1,LRTA,Baclaran - Roosevelt,Urban railway line serving 20 stations between Balaran and Roosevelt,2,ROUTE_880747,880772,882210
1,LRTA,Baclaran - Roosevelt,Urban railway line serving 20 stations between Balaran and Roosevelt,2,ROUTE_880747,880772,882210
1,LRTA,Baclaran - Roosevelt,Urban railway line serving 20 stations between Balaran and Roosevelt,2,ROUTE_880747,880772,882210
1,LRTA,Baclaran - Roosevelt,Urban railway line serving 20 stations between Balaran and Roosevelt,2,ROUTE_880747,880772,882210
1,LRTA,Baclaran - Roosevelt,Urban railway line serving 20 stations between Balaran and Roosevelt,2,ROUTE_880747,880772,882211
1,LRTA,Baclaran - Roosevelt,Urban railway line serving 20 stations between Balaran and Roosevelt,2,ROUTE_880747,880772,882211
1,LRTA,Baclaran - Roosevelt,Urban railway line serving 20 stations between Balaran and Roosevelt,2,ROUTE_880747,880772,882211
1,LRTA,Baclaran - Roosevelt,Urban railway line serving 20 stations between Balaran and Roosevelt,2,ROUTE_880747,880772,882211
1,LRTA,Baclaran - Roosevelt,Urban railway line serving 20 stations between Balaran and Roosevelt,2,ROUTE_880747,880772,882211
1,LRTA,Baclaran - Roosevelt,Urban railway line serving 20 stations between Balaran and Roosevelt,2,ROUTE_880747,880772,882211
1,LRTA,Baclaran - Roosevelt,Urban railway line serving 20 stations between Balaran and Roosevelt,2,ROUTE_880747,880772,882211
1,LRTA,Baclaran - Roosevelt,Urban railway line serving 20 stations between Balaran and Roosevelt,2,ROUTE_880747,880772,882211
1,LRTA,Baclaran - Roosevelt,Urban railway line serving 20 stations between Balaran and Roosevelt,2,ROUTE_880747,880772,882211
1,LRTA,Baclaran - Roosevelt,Urban railway line serving 20 stations between Balaran and Roosevelt,2,ROUTE_880747,880772,882211
1,LRTA,Baclaran - Roosevelt,Urban railway line serving 20 stations between Balaran and Roosevelt,2,ROUTE_880747,880772,882211
1,LRTA,Baclaran - Roosevelt,Urban railway line serving 20 stations between Balaran and Roosevelt,2,ROUTE_880747,880772,882211
1,LRTA,Baclaran - Roosevelt,Urban railway line serving 20 stations between Balaran and Roosevelt,2,ROUTE_880747,880772,882211
1,LRTA,Baclaran - Roosevelt,Urban railway line serving 20 stations between Balaran and Roosevelt,2,ROUTE_880747,880772,882211
1,LRTA,Baclaran - Roosevelt,Urban railway line serving 20 stations between Balaran and Roosevelt,2,ROUTE_880747,880772,882211
1,LRTA,Baclaran - Roosevelt,Urban railway line serving 20 stations between Balaran and Roosevelt,2,ROUTE_880747,880772,882211
1,LRTA,Baclaran - Roosevelt,Urban railway line serving 20 stations between Balaran and Roosevelt,2,ROUTE_880747,880772,882211
1,LRTA,Baclaran - Roosevelt,Urban railway line serving 20 stations between Balaran and Roosevelt,2,ROUTE_880747,880772,882211
1,LRTA,Baclaran - Roosevelt,Urban railway line serving 20 stations between Balaran and Roosevelt,2,ROUTE_880747,880772,882211
1,LRTA,Baclaran - Roosevelt,Urban railway line serving 20 stations between Balaran and Roosevelt,2,ROUTE_880747,880772,882211
1,LRTA,Baclaran - Roosevelt,Urban railway line serving 20 stations between Balaran and Roosevelt,2,ROUTE_880747,880772,882211
1,LRTA,Baclaran - Roosevelt,Urban railway line serving 20 stations between Balaran and Roosevelt,2,ROUTE_880747,880772,882211
1,LRTA,Baclaran - Roosevelt,Urban railway line serving 20 stations between Balaran and Roosevelt,2,ROUTE_880747,880772,882211
1,LRTA,Baclaran - Roosevelt,Urban railway line serving 20 stations between Balaran and Roosevelt,2,ROUTE_880747,880772,882211
1,LRTA,Baclaran - Roosevelt,Urban railway line serving 20 stations between Balaran and Roosevelt,2,ROUTE_880747,880772,882211
1,LRTA,Baclaran - Roosevelt,Urban railway line serving 20 stations between Balaran and Roosevelt,2,ROUTE_880747,880772,882211
1,LRTA,Baclaran - Roosevelt,Urban railway line serving 20 stations between Balaran and Roosevelt,2,ROUTE_880747,880772,882211
1,LRTA,Baclaran - Roosevelt,Urban railway line serving 20 stations between Balaran and Roosevelt,2,ROUTE_880747,880772,882211
1,LRTA,Baclaran - Roosevelt,Urban railway line serving 20 stations between Balaran and Roosevelt,2,ROUTE_880747,880772,882211
1,LRTA,Baclaran - Roosevelt,Urban railway line serving 20 stations between Balaran and Roosevelt,2,ROUTE_880747,880772,882211
1,LRTA,Baclaran - Roosevelt,Urban railway line serving 20 stations between Balaran and Roosevelt,2,ROUTE_880747,880772,882211
1,LRTA,Baclaran - Roosevelt,Urban railway line serving 20 stations between Balaran and Roosevelt,2,ROUTE_880747,880772,882211
1,LRTA,Baclaran - Roosevelt,Urban railway line serving 20 stations between Balaran and Roosevelt,2,ROUTE_880747,880772,882211
1,LRTA,Baclaran - Roosevelt,Urban railway line serving 20 stations between Balaran and Roosevelt,2,ROUTE_880747,880772,882211
1,LRTA,Baclaran - Roosevelt,Urban railway line serving 20 stations between Balaran and Roosevelt,2,ROUTE_880747,880772,882211
1,LRTA,Baclaran - Roosevelt,Urban railway line serving 20 stations between Balaran and Roosevelt,2,ROUTE_880747,880772,882211
1,LRTA,Baclaran - Roosevelt,Urban railway line serving 20 stations between Balaran and Roosevelt,2,ROUTE_880747,880772,882211
1,LRTA,Baclaran - Roosevelt,Urban railway line serving 20 stations between Balaran and Roosevelt,2,ROUTE_880747,880772,882211
1,LRTA,Baclaran - Roosevelt,Urban railway line serving 20 stations between Balaran and Roosevelt,2,ROUTE_880747,880772,882211
1,LRTA,Baclaran - Roosevelt,Urban railway line serving 20 stations between Balaran and Roosevelt,2,ROUTE_880747,880772,882211
1,LRTA,Baclaran - Roosevelt,Urban railway line serving 20 stations between Balaran and Roosevelt,2,ROUTE_880747,880772,882211
1,LRTA,Baclaran - Roosevelt,Urban railway line serving 20 stations between Balaran and Roosevelt,2,ROUTE_880747,880772,882211
1,LRTA,Baclaran - Roosevelt,Urban railway line serving 20 stations between Balaran and Roosevelt,2,ROUTE_880747,880772,882211
1,LRTA,Baclaran - Roosevelt,Urban railway line serving 20 stations between Balaran and Roosevelt,2,ROUTE_880747,880772,882211
1,LRTA,Baclaran - Roosevelt,Urban railway line serving 20 stations between Balaran and Roosevelt,2,ROUTE_880747,880772,882211
1,LRTA,Baclaran - Roosevelt,Urban railway line serving 20 stations between Balaran and Roosevelt,2,ROUTE_880747,880772,882211
1,LRTA,Baclaran - Roosevelt,Urban railway line serving 20 stations between Balaran and Roosevelt,2,ROUTE_880747,880772,882211
1,LRTA,Baclaran - Roosevelt,Urban railway line serving 20 stations between Balaran and Roosevelt,2,ROUTE_880747,880772,882211
1,LRTA,Baclaran - Roosevelt,Urban railway line serving 20 stations between Balaran and Roosevelt,2,ROUTE_880747,880772,882211
1,LRTA,Baclaran - Roosevelt,Urban railway line serving 20 stations between Balaran and Roosevelt,2,ROUTE_880747,880772,882211
1,LRTA,Baclaran - Roosevelt,Urban railway line serving 20 stations between Balaran and Roosevelt,2,ROUTE_880747,880772,882211
1,LRTA,Baclaran - Roosevelt,Urban railway line serving 20 stations between Balaran and Roosevelt,2,ROUTE_880747,880772,882211
1,LRTA,Baclaran - Roosevelt,Urban railway line serving 20 stations between Balaran and Roosevelt,2,ROUTE_880747,880772,882211
1,LRTA,Baclaran - Roosevelt,Urban railway line serving 20 stations between Balaran and Roosevelt,2,ROUTE_880747,880772,882211
1,LRTA,Baclaran - Roosevelt,Urban railway line serving 20 stations between Balaran and Roosevelt,2,ROUTE_880747,880772,882211
1,LRTA,Baclaran - Roosevelt,Urban railway line serving 20 stations between Balaran and Roosevelt,2,ROUTE_880747,880772,882211
1,LRTA,Baclaran - Roosevelt,Urban railway line serving 20 stations between Balaran and Roosevelt,2,ROUTE_880747,880772,882211
1,LRTA,Baclaran - Roosevelt,Urban railway line serving 20 stations between Balaran and Roosevelt,2,ROUTE_880747,880772,882211
1,LRTA,Baclaran - Roosevelt,Urban railway line serving 20 stations between Balaran and Roosevelt,2,ROUTE_880747,880772,882211
1,LRTA,Baclaran - Roosevelt,Urban railway line serving 20 stations between Balaran and Roosevelt,2,ROUTE_880747,880772,882211
1,LRTA,Baclaran - Roosevelt,Urban railway line serving 20 stations between Balaran and Roosevelt,2,ROUTE_880747,880772,882212
1,LRTA,Baclaran - Roosevelt,Urban railway line serving 20 stations between Balaran and Roosevelt,2,ROUTE_880747,880772,882212
1,LRTA,Baclaran - Roosevelt,Urban railway line serving 20 stations between Balaran and Roosevelt,2,ROUTE_880747,880772,882212
1,LRTA,Baclaran - Roosevelt,Urban railway line serving 20 stations between Balaran and Roosevelt,2,ROUTE_880747,880772,882212
1,LRTA,Baclaran - Roosevelt,Urban railway line serving 20 stations between Balaran and Roosevelt,2,ROUTE_880747,880772,882212
1,LRTA,Baclaran - Roosevelt,Urban railway line serving 20 stations between Balaran and Roosevelt,2,ROUTE_880747,880772,882212
1,LRTA,Baclaran - Roosevelt,Urban railway line serving 20 stations between Balaran and Roosevelt,2,ROUTE_880747,880772,882212
1,LRTA,Baclaran - Roosevelt,Urban railway line serving 20 stations between Balaran and Roosevelt,2,ROUTE_880747,880772,882212
1,LRTA,Baclaran - Roosevelt,Urban railway line serving 20 stations between Balaran and Roosevelt,2,ROUTE_880747,880772,882212
1,LRTA,Baclaran - Roosevelt,Urban railway line serving 20 stations between Balaran and Roosevelt,2,ROUTE_880747,880772,882212
1,LRTA,Baclaran - Roosevelt,Urban railway line serving 20 stations between Balaran and Roosevelt,2,ROUTE_880747,880772,882212
1,LRTA,Baclaran - Roosevelt,Urban railway line serving 20 stations between Balaran and Roosevelt,2,ROUTE_880747,880772,882212
1,LRTA,Baclaran - Roosevelt,Urban railway line serving 20 stations between Balaran and Roosevelt,2,ROUTE_880747,880772,882212
1,LRTA,Baclaran - Roosevelt,Urban railway line serving 20 stations between Balaran and Roosevelt,2,ROUTE_880747,880772,882212
1,LRTA,Baclaran - Roosevelt,Urban railway line serving 20 stations between Balaran and Roosevelt,2,ROUTE_880747,880772,882212
1,LRTA,Baclaran - Roosevelt,Urban railway line serving 20 stations between Balaran and Roosevelt,2,ROUTE_880747,880772,882212
1,LRTA,Baclaran - Roosevelt,Urban railway line serving 20 stations between Balaran and Roosevelt,2,ROUTE_880747,880772,882212
1,LRTA,Baclaran - Roosevelt,Urban railway line serving 20 stations between Balaran and Roosevelt,2,ROUTE_880747,880772,882212
1,LRTA,Baclaran - Roosevelt,Urban railway line serving 20 stations between Balaran and Roosevelt,2,ROUTE_880747,880772,882212
1,LRTA,Baclaran - Roosevelt,Urban railway line serving 20 stations between Balaran and Roosevelt,2,ROUTE_880747,880772,882212
1,LRTA,Baclaran - Roosevelt,Urban railway line serving 20 stations between Balaran and Roosevelt,2,ROUTE_880747,880772,882212
1,LRTA,Baclaran - Roosevelt,Urban railway line serving 20 stations between Balaran and Roosevelt,2,ROUTE_880747,880772,882212
1,LRTA,Baclaran - Roosevelt,Urban railway line serving 20 stations between Balaran and Roosevelt,2,ROUTE_880747,880772,882212
1,LRTA,Baclaran - Roosevelt,Urban railway line serving 20 stations between Balaran and Roosevelt,2,ROUTE_880747,880772,882212
1,LRTA,Baclaran - Roosevelt,Urban railway line serving 20 stations between Balaran and Roosevelt,2,ROUTE_880747,880772,882212
1,LRTA,Baclaran - Roosevelt,Urban railway line serving 20 stations between Balaran and Roosevelt,2,ROUTE_880747,880772,882212
1,LRTA,Baclaran - Roosevelt,Urban railway line serving 20 stations between Balaran and Roosevelt,2,ROUTE_880747,880772,882212
1,LRTA,Baclaran - Roosevelt,Urban railway line serving 20 stations between Balaran and Roosevelt,2,ROUTE_880747,880772,882212
1,LRTA,Baclaran - Roosevelt,Urban railway line serving 20 stations between Balaran and Roosevelt,2,ROUTE_880747,880772,882212
1,LRTA,Baclaran - Roosevelt,Urban railway line serving 20 stations between Balaran and Roosevelt,2,ROUTE_880747,880772,882212
1,LRTA,Baclaran - Roosevelt,Urban railway line serving 20 stations between Balaran and Roosevelt,2,ROUTE_880747,880772,882212
1,LRTA,Baclaran - Roosevelt,Urban railway line serving 20 stations between Balaran and Roosevelt,2,ROUTE_880747,880772,882212
1,LRTA,Baclaran - Roosevelt,Urban railway line serving 20 stations between Balaran and Roosevelt,2,ROUTE_880747,880772,882212
1,LRTA,Baclaran - Roosevelt,Urban railway line serving 20 stations between Balaran and Roosevelt,2,ROUTE_880747,880772,882212
1,LRTA,Baclaran - Roosevelt,Urban railway line serving 20 stations between Balaran and Roosevelt,2,ROUTE_880747,880772,882212
1,LRTA,Baclaran - Roosevelt,Urban railway line serving 20 stations between Balaran and Roosevelt,2,ROUTE_880747,880772,882212
1,LRTA,Baclaran - Roosevelt,Urban railway line serving 20 stations between Balaran and Roosevelt,2,ROUTE_880747,880772,882212
1,LRTA,Baclaran - Roosevelt,Urban railway line serving 20 stations between Balaran and Roosevelt,2,ROUTE_880747,880772,882212
1,LRTA,Baclaran - Roosevelt,Urban railway line serving 20 stations between Balaran and Roosevelt,2,ROUTE_880747,880772,882212
1,LRTA,Baclaran - Roosevelt,Urban railway line serving 20 stations between Balaran and Roosevelt,2,ROUTE_880747,880772,882212
1,LRTA,Baclaran - Roosevelt,Urban railway line serving 20 stations between Balaran and Roosevelt,2,ROUTE_880747,880772,882212
1,LRTA,Baclaran - Roosevelt,Urban railway line serving 20 stations between Balaran and Roosevelt,2,ROUTE_880747,880772,882212
1,LRTA,Baclaran - Roosevelt,Urban railway line serving 20 stations between Balaran and Roosevelt,2,ROUTE_880747,880772,882212
1,LRTA,Baclaran - Roosevelt,Urban railway line serving 20 stations between Balaran and Roosevelt,2,ROUTE_880747,880772,882212
1,LRTA,Baclaran - Roosevelt,Urban railway line serving 20 stations between Balaran and Roosevelt,2,ROUTE_880747,880772,882212
1,LRTA,Baclaran - Roosevelt,Urban railway line serving 20 stations between Balaran and Roosevelt,2,ROUTE_880747,880772,882212
1,LRTA,Baclaran - Roosevelt,Urban railway line serving 20 stations between Balaran and Roosevelt,2,ROUTE_880747,880772,882212
1,LRTA,Baclaran - Roosevelt,Urban railway line serving 20 stations between Balaran and Roosevelt,2,ROUTE_880747,880772,882212
1,LRTA,Baclaran - Roosevelt,Urban railway line serving 20 stations between Balaran and Roosevelt,2,ROUTE_880747,880772,882212
1,LRTA,Baclaran - Roosevelt,Urban railway line serving 20 stations between Balaran and Roosevelt,2,ROUTE_880747,880772,882212
1,LRTA,Baclaran - Roosevelt,Urban railway line serving 20 stations between Balaran and Roosevelt,2,ROUTE_880747,880772,882212
1,LRTA,Baclaran - Roosevelt,Urban railway line serving 20 stations between Balaran and Roosevelt,2,ROUTE_880747,880772,882212
1,LRTA,Baclaran - Roosevelt,Urban railway line serving 20 stations between Balaran and Roosevelt,2,ROUTE_880747,880772,882212
1,LRTA,Baclaran - Roosevelt,Urban railway line serving 20 stations between Balaran and Roosevelt,2,ROUTE_880747,880772,882212
1,LRTA,Baclaran - Roosevelt,Urban railway line serving 20 stations between Balaran and Roosevelt,2,ROUTE_880747,880772,882212
1,LRTA,Baclaran - Roosevelt,Urban railway line serving 20 stations between Balaran and Roosevelt,2,ROUTE_880747,880772,882212
1,LRTA,Baclaran - Roosevelt,Urban railway line serving 20 stations between Balaran and Roosevelt,2,ROUTE_880747,880772,882212
1,LRTA,Baclaran - Roosevelt,Urban railway line serving 20 stations between Balaran and Roosevelt,2,ROUTE_880747,880772,882212
1,LRTA,Baclaran - Roosevelt,Urban railway line serving 20 stations between Balaran and Roosevelt,2,ROUTE_880747,880772,882212
1,LRTA,Baclaran - Roosevelt,Urban railway line serving 20 stations between Balaran and Roosevelt,2,ROUTE_880747,880772,882212
1,LRTA,Baclaran - Roosevelt,Urban railway line serving 20 stations between Balaran and Roosevelt,2,ROUTE_880747,880772,882213
1,LRTA,Baclaran - Roosevelt,Urban railway line serving 20 stations between Balaran and Roosevelt,2,ROUTE_880747,880772,882213
1,LRTA,Baclaran - Roosevelt,Urban railway line serving 20 stations between Balaran and Roosevelt,2,ROUTE_880747,880772,882213
1,LRTA,Baclaran - Roosevelt,Urban railway line serving 20 stations between Balaran and Roosevelt,2,ROUTE_880747,880772,882213
1,LRTA,Baclaran - Roosevelt,Urban railway line serving 20 stations between Balaran and Roosevelt,2,ROUTE_880747,880772,882213
1,LRTA,Baclaran - Roosevelt,Urban railway line serving 20 stations between Balaran and Roosevelt,2,ROUTE_880747,880772,882213
1,LRTA,Baclaran - Roosevelt,Urban railway line serving 20 stations between Balaran and Roosevelt,2,ROUTE_880747,880772,882213
1,LRTA,Baclaran - Roosevelt,Urban railway line serving 20 stations between Balaran and Roosevelt,2,ROUTE_880747,880772,882213
1,LRTA,Baclaran - Roosevelt,Urban railway line serving 20 stations between Balaran and Roosevelt,2,ROUTE_880747,880772,882213
1,LRTA,Baclaran - Roosevelt,Urban railway line serving 20 stations between Balaran and Roosevelt,2,ROUTE_880747,880772,882213
1,LRTA,Baclaran - Roosevelt,Urban railway line serving 20 stations between Balaran and Roosevelt,2,ROUTE_880747,880772,882213
1,LRTA,Baclaran - Roosevelt,Urban railway line serving 20 stations between Balaran and Roosevelt,2,ROUTE_880747,880772,882213
1,LRTA,Baclaran - Roosevelt,Urban railway line serving 20 stations between Balaran and Roosevelt,2,ROUTE_880747,880772,882213
1,LRTA,Baclaran - Roosevelt,Urban railway line serving 20 stations between Balaran and Roosevelt,2,ROUTE_880747,880772,882213
1,LRTA,Baclaran - Roosevelt,Urban railway line serving 20 stations between Balaran and Roosevelt,2,ROUTE_880747,880772,882213
1,LRTA,Baclaran - Roosevelt,Urban railway line serving 20 stations between Balaran and Roosevelt,2,ROUTE_880747,880772,882213
1,LRTA,Baclaran - Roosevelt,Urban railway line serving 20 stations between Balaran and Roosevelt,2,ROUTE_880747,880772,882213
1,LRTA,Baclaran - Roosevelt,Urban railway line serving 20 stations between Balaran and Roosevelt,2,ROUTE_880747,880772,882213
1,LRTA,Baclaran - Roosevelt,Urban railway line serving 20 stations between Balaran and Roosevelt,2,ROUTE_880747,880772,882213
1,LRTA,Baclaran - Roosevelt,Urban railway line serving 20 stations between Balaran and Roosevelt,2,ROUTE_880747,880772,882213
1,LRTA,Baclaran - Roosevelt,Urban railway line serving 20 stations between Balaran and Roosevelt,2,ROUTE_880747,880772,882213
1,LRTA,Baclaran - Roosevelt,Urban railway line serving 20 stations between Balaran and Roosevelt,2,ROUTE_880747,880772,882213
1,LRTA,Baclaran - Roosevelt,Urban railway line serving 20 stations between Balaran and Roosevelt,2,ROUTE_880747,880772,882213
1,LRTA,Baclaran - Roosevelt,Urban railway line serving 20 stations between Balaran and Roosevelt,2,ROUTE_880747,880772,882213
1,LRTA,Baclaran - Roosevelt,Urban railway line serving 20 stations between Balaran and Roosevelt,2,ROUTE_880747,880772,882213
1,LRTA,Baclaran - Roosevelt,Urban railway line serving 20 stations between Balaran and Roosevelt,2,ROUTE_880747,880772,882213
1,LRTA,Baclaran - Roosevelt,Urban railway line serving 20 stations between Balaran and Roosevelt,2,ROUTE_880747,880772,882213
1,LRTA,Baclaran - Roosevelt,Urban railway line serving 20 stations between Balaran and Roosevelt,2,ROUTE_880747,880772,882213
1,LRTA,Baclaran - Roosevelt,Urban railway line serving 20 stations between Balaran and Roosevelt,2,ROUTE_880747,880772,882213
1,LRTA,Baclaran - Roosevelt,Urban railway line serving 20 stations between Balaran and Roosevelt,2,ROUTE_880747,880772,882213
1,LRTA,Baclaran - Roosevelt,Urban railway line serving 20 stations between Balaran and Roosevelt,2,ROUTE_880747,880772,882213
1,LRTA,Baclaran - Roosevelt,Urban railway line serving 20 stations between Balaran and Roosevelt,2,ROUTE_880747,880772,882213
1,LRTA,Baclaran - Roosevelt,Urban railway line serving 20 stations between Balaran and Roosevelt,2,ROUTE_880747,880772,882213
1,LRTA,Baclaran - Roosevelt,Urban railway line serving 20 stations between Balaran and Roosevelt,2,ROUTE_880747,880772,882213
1,LRTA,Baclaran - Roosevelt,Urban railway line serving 20 stations between Balaran and Roosevelt,2,ROUTE_880747,880772,882213
1,LRTA,Baclaran - Roosevelt,Urban railway line serving 20 stations between Balaran and Roosevelt,2,ROUTE_880747,880772,882213
1,LRTA,Baclaran - Roosevelt,Urban railway line serving 20 stations between Balaran and Roosevelt,2,ROUTE_880747,880772,882213
1,LRTA,Baclaran - Roosevelt,Urban railway line serving 20 stations between Balaran and Roosevelt,2,ROUTE_880747,880772,882213
1,LRTA,Baclaran - Roosevelt,Urban railway line serving 20 stations between Balaran and Roosevelt,2,ROUTE_880747,880772,882213
1,LRTA,Baclaran - Roosevelt,Urban railway line serving 20 stations between Balaran and Roosevelt,2,ROUTE_880747,880772,882213
1,LRTA,Baclaran - Roosevelt,Urban railway line serving 20 stations between Balaran and Roosevelt,2,ROUTE_880747,880772,882213
1,LRTA,Baclaran - Roosevelt,Urban railway line serving 20 stations between Balaran and Roosevelt,2,ROUTE_880747,880772,882213
1,LRTA,Baclaran - Roosevelt,Urban railway line serving 20 stations between Balaran and Roosevelt,2,ROUTE_880747,880772,882213
1,LRTA,Baclaran - Roosevelt,Urban railway line serving 20 stations between Balaran and Roosevelt,2,ROUTE_880747,880772,882213
1,LRTA,Baclaran - Roosevelt,Urban railway line serving 20 stations between Balaran and Roosevelt,2,ROUTE_880747,880772,882213
1,LRTA,Baclaran - Roosevelt,Urban railway line serving 20 stations between Balaran and Roosevelt,2,ROUTE_880747,880772,882213
1,LRTA,Baclaran - Roosevelt,Urban railway line serving 20 stations between Balaran and Roosevelt,2,ROUTE_880747,880772,882213
1,LRTA,Baclaran - Roosevelt,Urban railway line serving 20 stations between Balaran and Roosevelt,2,ROUTE_880747,880772,882213
1,LRTA,Baclaran - Roosevelt,Urban railway line serving 20 stations between Balaran and Roosevelt,2,ROUTE_880747,880772,882213
1,LRTA,Baclaran - Roosevelt,Urban railway line serving 20 stations between Balaran and Roosevelt,2,ROUTE_880747,880772,882213
1,LRTA,Baclaran - Roosevelt,Urban railway line serving 20 stations between Balaran and Roosevelt,2,ROUTE_880747,880772,882213
1,LRTA,Baclaran - Roosevelt,Urban railway line serving 20 stations between Balaran and Roosevelt,2,ROUTE_880747,880772,882213
1,LRTA,Baclaran - Roosevelt,Urban railway line serving 20 stations between Balaran and Roosevelt,2,ROUTE_880747,880772,882213
1,LRTA,Baclaran - Roosevelt,Urban railway line serving 20 stations between Balaran and Roosevelt,2,ROUTE_880747,880772,882213
1,LRTA,Baclaran - Roosevelt,Urban railway line serving 20 stations between Balaran and Roosevelt,2,ROUTE_880747,880772,882213
1,LRTA,Baclaran - Roosevelt,Urban railway line serving 20 stations between Balaran and Roosevelt,2,ROUTE_880747,880772,882213
1,LRTA,Baclaran - Roosevelt,Urban railway line serving 20 stations between Balaran and Roosevelt,2,ROUTE_880747,880772,882213
1,LRTA,Baclaran - Roosevelt,Urban railway line serving 20 stations between Balaran and Roosevelt,2,ROUTE_880747,880772,882213
1,LRTA,Baclaran - Roosevelt,Urban railway line serving 20 stations between Balaran and Roosevelt,2,ROUTE_880747,880772,882213
1,LRTA,Baclaran - Roosevelt,Urban railway line serving 20 stations between Balaran and Roosevelt,2,ROUTE_880747,880772,882213
1,LRTA,Baclaran - Roosevelt,Urban railway line serving 20 stations between Balaran and Roosevelt,2,ROUTE_880747,880772,882214
1,LRTA,Baclaran - Roosevelt,Urban railway line serving 20 stations between Balaran and Roosevelt,2,ROUTE_880747,880772,882214
1,LRTA,Baclaran - Roosevelt,Urban railway line serving 20 stations between Balaran and Roosevelt,2,ROUTE_880747,880772,882214
1,LRTA,Baclaran - Roosevelt,Urban railway line serving 20 stations between Balaran and Roosevelt,2,ROUTE_880747,880772,882214
1,LRTA,Baclaran - Roosevelt,Urban railway line serving 20 stations between Balaran and Roosevelt,2,ROUTE_880747,880772,882214
1,LRTA,Baclaran - Roosevelt,Urban railway line serving 20 stations between Balaran and Roosevelt,2,ROUTE_880747,880772,882214
1,LRTA,Baclaran - Roosevelt,Urban railway line serving 20 stations between Balaran and Roosevelt,2,ROUTE_880747,880772,882214
1,LRTA,Baclaran - Roosevelt,Urban railway line serving 20 stations between Balaran and Roosevelt,2,ROUTE_880747,880772,882214
1,LRTA,Baclaran - Roosevelt,Urban railway line serving 20 stations between Balaran and Roosevelt,2,ROUTE_880747,880772,882214
1,LRTA,Baclaran - Roosevelt,Urban railway line serving 20 stations between Balaran and Roosevelt,2,ROUTE_880747,880772,882214
1,LRTA,Baclaran - Roosevelt,Urban railway line serving 20 stations between Balaran and Roosevelt,2,ROUTE_880747,880772,882214
1,LRTA,Baclaran - Roosevelt,Urban railway line serving 20 stations between Balaran and Roosevelt,2,ROUTE_880747,880772,882214
1,LRTA,Baclaran - Roosevelt,Urban railway line serving 20 stations between Balaran and Roosevelt,2,ROUTE_880747,880772,882214
1,LRTA,Baclaran - Roosevelt,Urban railway line serving 20 stations between Balaran and Roosevelt,2,ROUTE_880747,880772,882214
1,LRTA,Baclaran - Roosevelt,Urban railway line serving 20 stations between Balaran and Roosevelt,2,ROUTE_880747,880772,882214
1,LRTA,Baclaran - Roosevelt,Urban railway line serving 20 stations between Balaran and Roosevelt,2,ROUTE_880747,880772,882214
1,LRTA,Baclaran - Roosevelt,Urban railway line serving 20 stations between Balaran and Roosevelt,2,ROUTE_880747,880772,882214
1,LRTA,Baclaran - Roosevelt,Urban railway line serving 20 stations between Balaran and Roosevelt,2,ROUTE_880747,880772,882214
1,LRTA,Baclaran - Roosevelt,Urban railway line serving 20 stations between Balaran and Roosevelt,2,ROUTE_880747,880772,882214
1,LRTA,Baclaran - Roosevelt,Urban railway line serving 20 stations between Balaran and Roosevelt,2,ROUTE_880747,880772,882214
1,LRTA,Baclaran - Roosevelt,Urban railway line serving 20 stations between Balaran and Roosevelt,2,ROUTE_880747,880772,882214
1,LRTA,Baclaran - Roosevelt,Urban railway line serving 20 stations between Balaran and Roosevelt,2,ROUTE_880747,880772,882214
1,LRTA,Baclaran - Roosevelt,Urban railway line serving 20 stations between Balaran and Roosevelt,2,ROUTE_880747,880772,882214
1,LRTA,Baclaran - Roosevelt,Urban railway line serving 20 stations between Balaran and Roosevelt,2,ROUTE_880747,880772,882214
1,LRTA,Baclaran - Roosevelt,Urban railway line serving 20 stations between Balaran and Roosevelt,2,ROUTE_880747,880772,882214
1,LRTA,Baclaran - Roosevelt,Urban railway line serving 20 stations between Balaran and Roosevelt,2,ROUTE_880747,880772,882214
1,LRTA,Baclaran - Roosevelt,Urban railway line serving 20 stations between Balaran and Roosevelt,2,ROUTE_880747,880772,882214
1,LRTA,Baclaran - Roosevelt,Urban railway line serving 20 stations between Balaran and Roosevelt,2,ROUTE_880747,880772,882214
1,LRTA,Baclaran - Roosevelt,Urban railway line serving 20 stations between Balaran and Roosevelt,2,ROUTE_880747,880772,882214
1,LRTA,Baclaran - Roosevelt,Urban railway line serving 20 stations between Balaran and Roosevelt,2,ROUTE_880747,880772,882214
1,LRTA,Baclaran - Roosevelt,Urban railway line serving 20 stations between Balaran and Roosevelt,2,ROUTE_880747,880772,882214
1,LRTA,Baclaran - Roosevelt,Urban railway line serving 20 stations between Balaran and Roosevelt,2,ROUTE_880747,880772,882214
1,LRTA,Baclaran - Roosevelt,Urban railway line serving 20 stations between Balaran and Roosevelt,2,ROUTE_880747,880772,882214
1,LRTA,Baclaran - Roosevelt,Urban railway line serving 20 stations between Balaran and Roosevelt,2,ROUTE_880747,880772,882214
1,LRTA,Baclaran - Roosevelt,Urban railway line serving 20 stations between Balaran and Roosevelt,2,ROUTE_880747,880772,882214
1,LRTA,Baclaran - Roosevelt,Urban railway line serving 20 stations between Balaran and Roosevelt,2,ROUTE_880747,880772,882214
1,LRTA,Baclaran - Roosevelt,Urban railway line serving 20 stations between Balaran and Roosevelt,2,ROUTE_880747,880772,882214
1,LRTA,Baclaran - Roosevelt,Urban railway line serving 20 stations between Balaran and Roosevelt,2,ROUTE_880747,880772,882214
1,LRTA,Baclaran - Roosevelt,Urban railway line serving 20 stations between Balaran and Roosevelt,2,ROUTE_880747,880772,882214
1,LRTA,Baclaran - Roosevelt,Urban railway line serving 20 stations between Balaran and Roosevelt,2,ROUTE_880747,880772,882214
1,LRTA,Baclaran - Roosevelt,Urban railway line serving 20 stations between Balaran and Roosevelt,2,ROUTE_880747,880772,882214
1,LRTA,Baclaran - Roosevelt,Urban railway line serving 20 stations between Balaran and Roosevelt,2,ROUTE_880747,880772,882214
1,LRTA,Baclaran - Roosevelt,Urban railway line serving 20 stations between Balaran and Roosevelt,2,ROUTE_880747,880772,882214
1,LRTA,Baclaran - Roosevelt,Urban railway line serving 20 stations between Balaran and Roosevelt,2,ROUTE_880747,880772,882214
1,LRTA,Baclaran - Roosevelt,Urban railway line serving 20 stations between Balaran and Roosevelt,2,ROUTE_880747,880772,882214
1,LRTA,Baclaran - Roosevelt,Urban railway line serving 20 stations between Balaran and Roosevelt,2,ROUTE_880747,880772,882214
1,LRTA,Baclaran - Roosevelt,Urban railway line serving 20 stations between Balaran and Roosevelt,2,ROUTE_880747,880772,882214
1,LRTA,Baclaran - Roosevelt,Urban railway line serving 20 stations between Balaran and Roosevelt,2,ROUTE_880747,880772,882214
1,LRTA,Baclaran - Roosevelt,Urban railway line serving 20 stations between Balaran and Roosevelt,2,ROUTE_880747,880772,882214
1,LRTA,Baclaran - Roosevelt,Urban railway line serving 20 stations between Balaran and Roosevelt,2,ROUTE_880747,880772,882214
1,LRTA,Baclaran - Roosevelt,Urban railway line serving 20 stations between Balaran and Roosevelt,2,ROUTE_880747,880772,882214
1,LRTA,Baclaran - Roosevelt,Urban railway line serving 20 stations between Balaran and Roosevelt,2,ROUTE_880747,880772,882214
1,LRTA,Baclaran - Roosevelt,Urban railway line serving 20 stations between Balaran and Roosevelt,2,ROUTE_880747,880772,882214
1,LRTA,Baclaran - Roosevelt,Urban railway line serving 20 stations between Balaran and Roosevelt,2,ROUTE_880747,880772,882214
1,LRTA,Baclaran - Roosevelt,Urban railway line serving 20 stations between Balaran and Roosevelt,2,ROUTE_880747,880772,882214
1,LRTA,Baclaran - Roosevelt,Urban railway line serving 20 stations between Balaran and Roosevelt,2,ROUTE_880747,880772,882214
1,LRTA,Baclaran - Roosevelt,Urban railway line serving 20 stations between Balaran and Roosevelt,2,ROUTE_880747,880772,882214
1,LRTA,Baclaran - Roosevelt,Urban railway line serving 20 stations between Balaran and Roosevelt,2,ROUTE_880747,880772,882214
1,LRTA,Baclaran - Roosevelt,Urban railway line serving 20 stations between Balaran and Roosevelt,2,ROUTE_880747,880772,882214
1,LRTA,Baclaran - Roosevelt,Urban railway line serving 20 stations between Balaran and Roosevelt,2,ROUTE_880747,880772,882214
1,LRTA,Baclaran - Roosevelt,Urban railway line serving 20 stations between Balaran and Roosevelt,2,ROUTE_880747,880772,882217
1,LRTA,Baclaran - Roosevelt,Urban railway line serving 20 stations between Balaran and Roosevelt,2,ROUTE_880747,880772,882217
1,LRTA,Baclaran - Roosevelt,Urban railway line serving 20 stations between Balaran and Roosevelt,2,ROUTE_880747,880772,882217
1,LRTA,Baclaran - Roosevelt,Urban railway line serving 20 stations between Balaran and Roosevelt,2,ROUTE_880747,880772,882217
1,LRTA,Baclaran - Roosevelt,Urban railway line serving 20 stations between Balaran and Roosevelt,2,ROUTE_880747,880772,882217
1,LRTA,Baclaran - Roosevelt,Urban railway line serving 20 stations between Balaran and Roosevelt,2,ROUTE_880747,880772,882217
1,LRTA,Baclaran - Roosevelt,Urban railway line serving 20 stations between Balaran and Roosevelt,2,ROUTE_880747,880772,882217
1,LRTA,Baclaran - Roosevelt,Urban railway line serving 20 stations between Balaran and Roosevelt,2,ROUTE_880747,880772,882217
1,LRTA,Baclaran - Roosevelt,Urban railway line serving 20 stations between Balaran and Roosevelt,2,ROUTE_880747,880772,882217
1,LRTA,Baclaran - Roosevelt,Urban railway line serving 20 stations between Balaran and Roosevelt,2,ROUTE_880747,880772,882217
1,LRTA,Baclaran - Roosevelt,Urban railway line serving 20 stations between Balaran and Roosevelt,2,ROUTE_880747,880772,882217
1,LRTA,Baclaran - Roosevelt,Urban railway line serving 20 stations between Balaran and Roosevelt,2,ROUTE_880747,880772,882217
1,LRTA,Baclaran - Roosevelt,Urban railway line serving 20 stations between Balaran and Roosevelt,2,ROUTE_880747,880772,882217
1,LRTA,Baclaran - Roosevelt,Urban railway line serving 20 stations between Balaran and Roosevelt,2,ROUTE_880747,880772,882217
1,LRTA,Baclaran - Roosevelt,Urban railway line serving 20 stations between Balaran and Roosevelt,2,ROUTE_880747,880772,882217
1,LRTA,Baclaran - Roosevelt,Urban railway line serving 20 stations between Balaran and Roosevelt,2,ROUTE_880747,880772,882217
1,LRTA,Baclaran - Roosevelt,Urban railway line serving 20 stations between Balaran and Roosevelt,2,ROUTE_880747,880772,882217
1,LRTA,Baclaran - Roosevelt,Urban railway line serving 20 stations between Balaran and Roosevelt,2,ROUTE_880747,880772,882217
1,LRTA,Baclaran - Roosevelt,Urban railway line serving 20 stations between Balaran and Roosevelt,2,ROUTE_880747,880772,882217
1,LRTA,Baclaran - Roosevelt,Urban railway line serving 20 stations between Balaran and Roosevelt,2,ROUTE_880747,880772,882217
1,LRTA,Baclaran - Roosevelt,Urban railway line serving 20 stations between Balaran and Roosevelt,2,ROUTE_880747,880772,882217
1,LRTA,Baclaran - Roosevelt,Urban railway line serving 20 stations between Balaran and Roosevelt,2,ROUTE_880747,880772,882217
1,LRTA,Baclaran - Roosevelt,Urban railway line serving 20 stations between Balaran and Roosevelt,2,ROUTE_880747,880772,882217
1,LRTA,Baclaran - Roosevelt,Urban railway line serving 20 stations between Balaran and Roosevelt,2,ROUTE_880747,880772,882217
1,LRTA,Baclaran - Roosevelt,Urban railway line serving 20 stations between Balaran and Roosevelt,2,ROUTE_880747,880772,882217
1,LRTA,Baclaran - Roosevelt,Urban railway line serving 20 stations between Balaran and Roosevelt,2,ROUTE_880747,880772,882217
1,LRTA,Baclaran - Roosevelt,Urban railway line serving 20 stations between Balaran and Roosevelt,2,ROUTE_880747,880772,882217
1,LRTA,Baclaran - Roosevelt,Urban railway line serving 20 stations between Balaran and Roosevelt,2,ROUTE_880747,880772,882217
1,LRTA,Baclaran - Roosevelt,Urban railway line serving 20 stations between Balaran and Roosevelt,2,ROUTE_880747,880772,882217
1,LRTA,Baclaran - Roosevelt,Urban railway line serving 20 stations between Balaran and Roosevelt,2,ROUTE_880747,880772,882217
1,LRTA,Baclaran - Roosevelt,Urban railway line serving 20 stations between Balaran and Roosevelt,2,ROUTE_880747,880772,882217
1,LRTA,Baclaran - Roosevelt,Urban railway line serving 20 stations between Balaran and Roosevelt,2,ROUTE_880747,880772,882217
1,LRTA,Baclaran - Roosevelt,Urban railway line serving 20 stations between Balaran and Roosevelt,2,ROUTE_880747,880772,882217
1,LRTA,Baclaran - Roosevelt,Urban railway line serving 20 stations between Balaran and Roosevelt,2,ROUTE_880747,880772,882217
1,LRTA,Baclaran - Roosevelt,Urban railway line serving 20 stations between Balaran and Roosevelt,2,ROUTE_880747,880772,882217
1,LRTA,Baclaran - Roosevelt,Urban railway line serving 20 stations between Balaran and Roosevelt,2,ROUTE_880747,880772,882217
1,LRTA,Baclaran - Roosevelt,Urban railway line serving 20 stations between Balaran and Roosevelt,2,ROUTE_880747,880772,882217
1,LRTA,Baclaran - Roosevelt,Urban railway line serving 20 stations between Balaran and Roosevelt,2,ROUTE_880747,880772,882217
1,LRTA,Baclaran - Roosevelt,Urban railway line serving 20 stations between Balaran and Roosevelt,2,ROUTE_880747,880772,882217
1,LRTA,Baclaran - Roosevelt,Urban railway line serving 20 stations between Balaran and Roosevelt,2,ROUTE_880747,880772,882217
1,LRTA,Baclaran - Roosevelt,Urban railway line serving 20 stations between Balaran and Roosevelt,2,ROUTE_880747,880772,882217
1,LRTA,Baclaran - Roosevelt,Urban railway line serving 20 stations between Balaran and Roosevelt,2,ROUTE_880747,880772,882217
1,LRTA,Baclaran - Roosevelt,Urban railway line serving 20 stations between Balaran and Roosevelt,2,ROUTE_880747,880772,882217
1,LRTA,Baclaran - Roosevelt,Urban railway line serving 20 stations between Balaran and Roosevelt,2,ROUTE_880747,880772,882217
1,LRTA,Baclaran - Roosevelt,Urban railway line serving 20 stations between Balaran and Roosevelt,2,ROUTE_880747,880772,882217
1,LRTA,Baclaran - Roosevelt,Urban railway line serving 20 stations between Balaran and Roosevelt,2,ROUTE_880747,880772,882217
1,LRTA,Baclaran - Roosevelt,Urban railway line serving 20 stations between Balaran and Roosevelt,2,ROUTE_880747,880772,882217
1,LRTA,Baclaran - Roosevelt,Urban railway line serving 20 stations between Balaran and Roosevelt,2,ROUTE_880747,880772,882217
1,LRTA,Baclaran - Roosevelt,Urban railway line serving 20 stations between Balaran and Roosevelt,2,ROUTE_880747,880772,882217
1,LRTA,Baclaran - Roosevelt,Urban railway line serving 20 stations between Balaran and Roosevelt,2,ROUTE_880747,880772,882217
1,LRTA,Baclaran - Roosevelt,Urban railway line serving 20 stations between Balaran and Roosevelt,2,ROUTE_880747,880772,882217
1,LRTA,Baclaran - Roosevelt,Urban railway line serving 20 stations between Balaran and Roosevelt,2,ROUTE_880747,880772,882217
1,LRTA,Baclaran - Roosevelt,Urban railway line serving 20 stations between Balaran and Roosevelt,2,ROUTE_880747,880772,882217
1,LRTA,Baclaran - Roosevelt,Urban railway line serving 20 stations between Balaran and Roosevelt,2,ROUTE_880747,880772,882217
1,LRTA,Baclaran - Roosevelt,Urban railway line serving 20 stations between Balaran and Roosevelt,2,ROUTE_880747,880772,882217
1,LRTA,Baclaran - Roosevelt,Urban railway line serving 20 stations between Balaran and Roosevelt,2,ROUTE_880747,880772,882217
1,LRTA,Baclaran - Roosevelt,Urban railway line serving 20 stations between Balaran and Roosevelt,2,ROUTE_880747,880772,882217
1,LRTA,Baclaran - Roosevelt,Urban railway line serving 20 stations between Balaran and Roosevelt,2,ROUTE_880747,880772,882217
1,LRTA,Baclaran - Roosevelt,Urban railway line serving 20 stations between Balaran and Roosevelt,2,ROUTE_880747,880772,882217
1,LRTA,Baclaran - Roosevelt,Urban railway line serving 20 stations between Balaran and Roosevelt,2,ROUTE_880747,880772,882217
1,LRTA,Baclaran - Roosevelt,Urban railway line serving 20 stations between Balaran and Roosevelt,2,ROUTE_880747,880772,882218
1,LRTA,Baclaran - Roosevelt,Urban railway line serving 20 stations between Balaran and Roosevelt,2,ROUTE_880747,880772,882218
1,LRTA,Baclaran - Roosevelt,Urban railway line serving 20 stations between Balaran and Roosevelt,2,ROUTE_880747,880772,882218
1,LRTA,Baclaran - Roosevelt,Urban railway line serving 20 stations between Balaran and Roosevelt,2,ROUTE_880747,880772,882218
1,LRTA,Baclaran - Roosevelt,Urban railway line serving 20 stations between Balaran and Roosevelt,2,ROUTE_880747,880772,882218
1,LRTA,Baclaran - Roosevelt,Urban railway line serving 20 stations between Balaran and Roosevelt,2,ROUTE_880747,880772,882218
1,LRTA,Baclaran - Roosevelt,Urban railway line serving 20 stations between Balaran and Roosevelt,2,ROUTE_880747,880772,882218
1,LRTA,Baclaran - Roosevelt,Urban railway line serving 20 stations between Balaran and Roosevelt,2,ROUTE_880747,880772,882218
1,LRTA,Baclaran - Roosevelt,Urban railway line serving 20 stations between Balaran and Roosevelt,2,ROUTE_880747,880772,882218
1,LRTA,Baclaran - Roosevelt,Urban railway line serving 20 stations between Balaran and Roosevelt,2,ROUTE_880747,880772,882218
1,LRTA,Baclaran - Roosevelt,Urban railway line serving 20 stations between Balaran and Roosevelt,2,ROUTE_880747,880772,882218
1,LRTA,Baclaran - Roosevelt,Urban railway line serving 20 stations between Balaran and Roosevelt,2,ROUTE_880747,880772,882218
1,LRTA,Baclaran - Roosevelt,Urban railway line serving 20 stations between Balaran and Roosevelt,2,ROUTE_880747,880772,882218
1,LRTA,Baclaran - Roosevelt,Urban railway line serving 20 stations between Balaran and Roosevelt,2,ROUTE_880747,880772,882218
1,LRTA,Baclaran - Roosevelt,Urban railway line serving 20 stations between Balaran and Roosevelt,2,ROUTE_880747,880772,882218
1,LRTA,Baclaran - Roosevelt,Urban railway line serving 20 stations between Balaran and Roosevelt,2,ROUTE_880747,880772,882218
1,LRTA,Baclaran - Roosevelt,Urban railway line serving 20 stations between Balaran and Roosevelt,2,ROUTE_880747,880772,882218
1,LRTA,Baclaran - Roosevelt,Urban railway line serving 20 stations between Balaran and Roosevelt,2,ROUTE_880747,880772,882218
1,LRTA,Baclaran - Roosevelt,Urban railway line serving 20 stations between Balaran and Roosevelt,2,ROUTE_880747,880772,882218
1,LRTA,Baclaran - Roosevelt,Urban railway line serving 20 stations between Balaran and Roosevelt,2,ROUTE_880747,880772,882218
1,LRTA,Baclaran - Roosevelt,Urban railway line serving 20 stations between Balaran and Roosevelt,2,ROUTE_880747,880772,882218
1,LRTA,Baclaran - Roosevelt,Urban railway line serving 20 stations between Balaran and Roosevelt,2,ROUTE_880747,880772,882218
1,LRTA,Baclaran - Roosevelt,Urban railway line serving 20 stations between Balaran and Roosevelt,2,ROUTE_880747,880772,882218
1,LRTA,Baclaran - Roosevelt,Urban railway line serving 20 stations between Balaran and Roosevelt,2,ROUTE_880747,880772,882218
1,LRTA,Baclaran - Roosevelt,Urban railway line serving 20 stations between Balaran and Roosevelt,2,ROUTE_880747,880772,882218
1,LRTA,Baclaran - Roosevelt,Urban railway line serving 20 stations between Balaran and Roosevelt,2,ROUTE_880747,880772,882218
1,LRTA,Baclaran - Roosevelt,Urban railway line serving 20 stations between Balaran and Roosevelt,2,ROUTE_880747,880772,882218
1,LRTA,Baclaran - Roosevelt,Urban railway line serving 20 stations between Balaran and Roosevelt,2,ROUTE_880747,880772,882218
1,LRTA,Baclaran - Roosevelt,Urban railway line serving 20 stations between Balaran and Roosevelt,2,ROUTE_880747,880772,882218
1,LRTA,Baclaran - Roosevelt,Urban railway line serving 20 stations between Balaran and Roosevelt,2,ROUTE_880747,880772,882218
1,LRTA,Baclaran - Roosevelt,Urban railway line serving 20 stations between Balaran and Roosevelt,2,ROUTE_880747,880772,882218
1,LRTA,Baclaran - Roosevelt,Urban railway line serving 20 stations between Balaran and Roosevelt,2,ROUTE_880747,880772,882218
1,LRTA,Baclaran - Roosevelt,Urban railway line serving 20 stations between Balaran and Roosevelt,2,ROUTE_880747,880772,882218
1,LRTA,Baclaran - Roosevelt,Urban railway line serving 20 stations between Balaran and Roosevelt,2,ROUTE_880747,880772,882218
1,LRTA,Baclaran - Roosevelt,Urban railway line serving 20 stations between Balaran and Roosevelt,2,ROUTE_880747,880772,882218
1,LRTA,Baclaran - Roosevelt,Urban railway line serving 20 stations between Balaran and Roosevelt,2,ROUTE_880747,880772,882218
1,LRTA,Baclaran - Roosevelt,Urban railway line serving 20 stations between Balaran and Roosevelt,2,ROUTE_880747,880772,882218
1,LRTA,Baclaran - Roosevelt,Urban railway line serving 20 stations between Balaran and Roosevelt,2,ROUTE_880747,880772,882218
1,LRTA,Baclaran - Roosevelt,Urban railway line serving 20 stations between Balaran and Roosevelt,2,ROUTE_880747,880772,882218
1,LRTA,Baclaran - Roosevelt,Urban railway line serving 20 stations between Balaran and Roosevelt,2,ROUTE_880747,880772,882218
1,LRTA,Baclaran - Roosevelt,Urban railway line serving 20 stations between Balaran and Roosevelt,2,ROUTE_880747,880772,882218
1,LRTA,Baclaran - Roosevelt,Urban railway line serving 20 stations between Balaran and Roosevelt,2,ROUTE_880747,880772,882218
1,LRTA,Baclaran - Roosevelt,Urban railway line serving 20 stations between Balaran and Roosevelt,2,ROUTE_880747,880772,882218
1,LRTA,Baclaran - Roosevelt,Urban railway line serving 20 stations between Balaran and Roosevelt,2,ROUTE_880747,880772,882218
1,LRTA,Baclaran - Roosevelt,Urban railway line serving 20 stations between Balaran and Roosevelt,2,ROUTE_880747,880772,882218
1,LRTA,Baclaran - Roosevelt,Urban railway line serving 20 stations between Balaran and Roosevelt,2,ROUTE_880747,880772,882218
1,LRTA,Baclaran - Roosevelt,Urban railway line serving 20 stations between Balaran and Roosevelt,2,ROUTE_880747,880772,882218
1,LRTA,Baclaran - Roosevelt,Urban railway line serving 20 stations between Balaran and Roosevelt,2,ROUTE_880747,880772,882218
1,LRTA,Baclaran - Roosevelt,Urban railway line serving 20 stations between Balaran and Roosevelt,2,ROUTE_880747,880772,882218
1,LRTA,Baclaran - Roosevelt,Urban railway line serving 20 stations between Balaran and Roosevelt,2,ROUTE_880747,880772,882218
1,LRTA,Baclaran - Roosevelt,Urban railway line serving 20 stations between Balaran and Roosevelt,2,ROUTE_880747,880772,882218
1,LRTA,Baclaran - Roosevelt,Urban railway line serving 20 stations between Balaran and Roosevelt,2,ROUTE_880747,880772,882218
1,LRTA,Baclaran - Roosevelt,Urban railway line serving 20 stations between Balaran and Roosevelt,2,ROUTE_880747,880772,882218
1,LRTA,Baclaran - Roosevelt,Urban railway line serving 20 stations between Balaran and Roosevelt,2,ROUTE_880747,880772,882218
1,LRTA,Baclaran - Roosevelt,Urban railway line serving 20 stations between Balaran and Roosevelt,2,ROUTE_880747,880772,882218
1,LRTA,Baclaran - Roosevelt,Urban railway line serving 20 stations between Balaran and Roosevelt,2,ROUTE_880747,880772,882218
1,LRTA,Baclaran - Roosevelt,Urban railway line serving 20 stations between Balaran and Roosevelt,2,ROUTE_880747,880772,882218
1,LRTA,Baclaran - Roosevelt,Urban railway line serving 20 stations between Balaran and Roosevelt,2,ROUTE_880747,880772,882218
1,LRTA,Baclaran - Roosevelt,Urban railway line serving 20 stations between Balaran and Roosevelt,2,ROUTE_880747,880772,882218
1,LRTA,Baclaran - Roosevelt,Urban railway line serving 20 stations between Balaran and Roosevelt,2,ROUTE_880747,880772,882218
1,LRTA,Baclaran - Roosevelt,Urban railway line serving 20 stations between Balaran and Roosevelt,2,ROUTE_880747,880772,882219
1,LRTA,Baclaran - Roosevelt,Urban railway line serving 20 stations between Balaran and Roosevelt,2,ROUTE_880747,880772,882219
1,LRTA,Baclaran - Roosevelt,Urban railway line serving 20 stations between Balaran and Roosevelt,2,ROUTE_880747,880772,882219
1,LRTA,Baclaran - Roosevelt,Urban railway line serving 20 stations between Balaran and Roosevelt,2,ROUTE_880747,880772,882219
1,LRTA,Baclaran - Roosevelt,Urban railway line serving 20 stations between Balaran and Roosevelt,2,ROUTE_880747,880772,882219
1,LRTA,Baclaran - Roosevelt,Urban railway line serving 20 stations between Balaran and Roosevelt,2,ROUTE_880747,880772,882219
1,LRTA,Baclaran - Roosevelt,Urban railway line serving 20 stations between Balaran and Roosevelt,2,ROUTE_880747,880772,882219
1,LRTA,Baclaran - Roosevelt,Urban railway line serving 20 stations between Balaran and Roosevelt,2,ROUTE_880747,880772,882219
1,LRTA,Baclaran - Roosevelt,Urban railway line serving 20 stations between Balaran and Roosevelt,2,ROUTE_880747,880772,882219
1,LRTA,Baclaran - Roosevelt,Urban railway line serving 20 stations between Balaran and Roosevelt,2,ROUTE_880747,880772,882219
1,LRTA,Baclaran - Roosevelt,Urban railway line serving 20 stations between Balaran and Roosevelt,2,ROUTE_880747,880772,882219
1,LRTA,Baclaran - Roosevelt,Urban railway line serving 20 stations between Balaran and Roosevelt,2,ROUTE_880747,880772,882219
1,LRTA,Baclaran - Roosevelt,Urban railway line serving 20 stations between Balaran and Roosevelt,2,ROUTE_880747,880772,882219
1,LRTA,Baclaran - Roosevelt,Urban railway line serving 20 stations between Balaran and Roosevelt,2,ROUTE_880747,880772,882219
1,LRTA,Baclaran - Roosevelt,Urban railway line serving 20 stations between Balaran and Roosevelt,2,ROUTE_880747,880772,882219
1,LRTA,Baclaran - Roosevelt,Urban railway line serving 20 stations between Balaran and Roosevelt,2,ROUTE_880747,880772,882219
1,LRTA,Baclaran - Roosevelt,Urban railway line serving 20 stations between Balaran and Roosevelt,2,ROUTE_880747,880772,882219
1,LRTA,Baclaran - Roosevelt,Urban railway line serving 20 stations between Balaran and Roosevelt,2,ROUTE_880747,880772,882219
1,LRTA,Baclaran - Roosevelt,Urban railway line serving 20 stations between Balaran and Roosevelt,2,ROUTE_880747,880772,882219
1,LRTA,Baclaran - Roosevelt,Urban railway line serving 20 stations between Balaran and Roosevelt,2,ROUTE_880747,880772,882219
1,LRTA,Baclaran - Roosevelt,Urban railway line serving 20 stations between Balaran and Roosevelt,2,ROUTE_880747,880772,882219
1,LRTA,Baclaran - Roosevelt,Urban railway line serving 20 stations between Balaran and Roosevelt,2,ROUTE_880747,880772,882219
1,LRTA,Baclaran - Roosevelt,Urban railway line serving 20 stations between Balaran and Roosevelt,2,ROUTE_880747,880772,882219
1,LRTA,Baclaran - Roosevelt,Urban railway line serving 20 stations between Balaran and Roosevelt,2,ROUTE_880747,880772,882219
1,LRTA,Baclaran - Roosevelt,Urban railway line serving 20 stations between Balaran and Roosevelt,2,ROUTE_880747,880772,882219
1,LRTA,Baclaran - Roosevelt,Urban railway line serving 20 stations between Balaran and Roosevelt,2,ROUTE_880747,880772,882219
1,LRTA,Baclaran - Roosevelt,Urban railway line serving 20 stations between Balaran and Roosevelt,2,ROUTE_880747,880772,882219
1,LRTA,Baclaran - Roosevelt,Urban railway line serving 20 stations between Balaran and Roosevelt,2,ROUTE_880747,880772,882219
1,LRTA,Baclaran - Roosevelt,Urban railway line serving 20 stations between Balaran and Roosevelt,2,ROUTE_880747,880772,882219
1,LRTA,Baclaran - Roosevelt,Urban railway line serving 20 stations between Balaran and Roosevelt,2,ROUTE_880747,880772,882219
1,LRTA,Baclaran - Roosevelt,Urban railway line serving 20 stations between Balaran and Roosevelt,2,ROUTE_880747,880772,882219
1,LRTA,Baclaran - Roosevelt,Urban railway line serving 20 stations between Balaran and Roosevelt,2,ROUTE_880747,880772,882219
1,LRTA,Baclaran - Roosevelt,Urban railway line serving 20 stations between Balaran and Roosevelt,2,ROUTE_880747,880772,882219
1,LRTA,Baclaran - Roosevelt,Urban railway line serving 20 stations between Balaran and Roosevelt,2,ROUTE_880747,880772,882219
1,LRTA,Baclaran - Roosevelt,Urban railway line serving 20 stations between Balaran and Roosevelt,2,ROUTE_880747,880772,882219
1,LRTA,Baclaran - Roosevelt,Urban railway line serving 20 stations between Balaran and Roosevelt,2,ROUTE_880747,880772,882219
1,LRTA,Baclaran - Roosevelt,Urban railway line serving 20 stations between Balaran and Roosevelt,2,ROUTE_880747,880772,882219
1,LRTA,Baclaran - Roosevelt,Urban railway line serving 20 stations between Balaran and Roosevelt,2,ROUTE_880747,880772,882219
1,LRTA,Baclaran - Roosevelt,Urban railway line serving 20 stations between Balaran and Roosevelt,2,ROUTE_880747,880772,882219
1,LRTA,Baclaran - Roosevelt,Urban railway line serving 20 stations between Balaran and Roosevelt,2,ROUTE_880747,880772,882219
1,LRTA,Baclaran - Roosevelt,Urban railway line serving 20 stations between Balaran and Roosevelt,2,ROUTE_880747,880772,882219
1,LRTA,Baclaran - Roosevelt,Urban railway line serving 20 stations between Balaran and Roosevelt,2,ROUTE_880747,880772,882219
1,LRTA,Baclaran - Roosevelt,Urban railway line serving 20 stations between Balaran and Roosevelt,2,ROUTE_880747,880772,882219
1,LRTA,Baclaran - Roosevelt,Urban railway line serving 20 stations between Balaran and Roosevelt,2,ROUTE_880747,880772,882219
1,LRTA,Baclaran - Roosevelt,Urban railway line serving 20 stations between Balaran and Roosevelt,2,ROUTE_880747,880772,882219
1,LRTA,Baclaran - Roosevelt,Urban railway line serving 20 stations between Balaran and Roosevelt,2,ROUTE_880747,880772,882219
1,LRTA,Baclaran - Roosevelt,Urban railway line serving 20 stations between Balaran and Roosevelt,2,ROUTE_880747,880772,882219
1,LRTA,Baclaran - Roosevelt,Urban railway line serving 20 stations between Balaran and Roosevelt,2,ROUTE_880747,880772,882219
1,LRTA,Baclaran - Roosevelt,Urban railway line serving 20 stations between Balaran and Roosevelt,2,ROUTE_880747,880772,882219
1,LRTA,Baclaran - Roosevelt,Urban railway line serving 20 stations between Balaran and Roosevelt,2,ROUTE_880747,880772,882219
1,LRTA,Baclaran - Roosevelt,Urban railway line serving 20 stations between Balaran and Roosevelt,2,ROUTE_880747,880772,882219
1,LRTA,Baclaran - Roosevelt,Urban railway line serving 20 stations between Balaran and Roosevelt,2,ROUTE_880747,880772,882219
1,LRTA,Baclaran - Roosevelt,Urban railway line serving 20 stations between Balaran and Roosevelt,2,ROUTE_880747,880772,882219
1,LRTA,Baclaran - Roosevelt,Urban railway line serving 20 stations between Balaran and Roosevelt,2,ROUTE_880747,880772,882219
1,LRTA,Baclaran - Roosevelt,Urban railway line serving 20 stations between Balaran and Roosevelt,2,ROUTE_880747,880772,882219
1,LRTA,Baclaran - Roosevelt,Urban railway line serving 20 stations between Balaran and Roosevelt,2,ROUTE_880747,880772,882219
1,LRTA,Baclaran - Roosevelt,Urban railway line serving 20 stations between Balaran and Roosevelt,2,ROUTE_880747,880772,882219
1,LRTA,Baclaran - Roosevelt,Urban railway line serving 20 stations between Balaran and Roosevelt,2,ROUTE_880747,880772,882219
1,LRTA,Baclaran - Roosevelt,Urban railway line serving 20 stations between Balaran and Roosevelt,2,ROUTE_880747,880772,882219
1,LRTA,Baclaran - Roosevelt,Urban railway line serving 20 stations between Balaran and Roosevelt,2,ROUTE_880747,880772,882219
1,LRTA,Baclaran - Roosevelt,Urban railway line serving 20 stations between Balaran and Roosevelt,2,ROUTE_880747,880772,882220
1,LRTA,Baclaran - Roosevelt,Urban railway line serving 20 stations between Balaran and Roosevelt,2,ROUTE_880747,880772,882220
1,LRTA,Baclaran - Roosevelt,Urban railway line serving 20 stations between Balaran and Roosevelt,2,ROUTE_880747,880772,882220
1,LRTA,Baclaran - Roosevelt,Urban railway line serving 20 stations between Balaran and Roosevelt,2,ROUTE_880747,880772,882220
1,LRTA,Baclaran - Roosevelt,Urban railway line serving 20 stations between Balaran and Roosevelt,2,ROUTE_880747,880772,882220
1,LRTA,Baclaran - Roosevelt,Urban railway line serving 20 stations between Balaran and Roosevelt,2,ROUTE_880747,880772,882220
1,LRTA,Baclaran - Roosevelt,Urban railway line serving 20 stations between Balaran and Roosevelt,2,ROUTE_880747,880772,882220
1,LRTA,Baclaran - Roosevelt,Urban railway line serving 20 stations between Balaran and Roosevelt,2,ROUTE_880747,880772,882220
1,LRTA,Baclaran - Roosevelt,Urban railway line serving 20 stations between Balaran and Roosevelt,2,ROUTE_880747,880772,882220
1,LRTA,Baclaran - Roosevelt,Urban railway line serving 20 stations between Balaran and Roosevelt,2,ROUTE_880747,880772,882220
1,LRTA,Baclaran - Roosevelt,Urban railway line serving 20 stations between Balaran and Roosevelt,2,ROUTE_880747,880772,882220
1,LRTA,Baclaran - Roosevelt,Urban railway line serving 20 stations between Balaran and Roosevelt,2,ROUTE_880747,880772,882220
1,LRTA,Baclaran - Roosevelt,Urban railway line serving 20 stations between Balaran and Roosevelt,2,ROUTE_880747,880772,882220
1,LRTA,Baclaran - Roosevelt,Urban railway line serving 20 stations between Balaran and Roosevelt,2,ROUTE_880747,880772,882220
1,LRTA,Baclaran - Roosevelt,Urban railway line serving 20 stations between Balaran and Roosevelt,2,ROUTE_880747,880772,882220
1,LRTA,Baclaran - Roosevelt,Urban railway line serving 20 stations between Balaran and Roosevelt,2,ROUTE_880747,880772,882220
1,LRTA,Baclaran - Roosevelt,Urban railway line serving 20 stations between Balaran and Roosevelt,2,ROUTE_880747,880772,882220
1,LRTA,Baclaran - Roosevelt,Urban railway line serving 20 stations between Balaran and Roosevelt,2,ROUTE_880747,880772,882220
1,LRTA,Baclaran - Roosevelt,Urban railway line serving 20 stations between Balaran and Roosevelt,2,ROUTE_880747,880772,882220
1,LRTA,Baclaran - Roosevelt,Urban railway line serving 20 stations between Balaran and Roosevelt,2,ROUTE_880747,880772,882220
1,LRTA,Baclaran - Roosevelt,Urban railway line serving 20 stations between Balaran and Roosevelt,2,ROUTE_880747,880772,882220
1,LRTA,Baclaran - Roosevelt,Urban railway line serving 20 stations between Balaran and Roosevelt,2,ROUTE_880747,880772,882220
1,LRTA,Baclaran - Roosevelt,Urban railway line serving 20 stations between Balaran and Roosevelt,2,ROUTE_880747,880772,882220
1,LRTA,Baclaran - Roosevelt,Urban railway line serving 20 stations between Balaran and Roosevelt,2,ROUTE_880747,880772,882220
1,LRTA,Baclaran - Roosevelt,Urban railway line serving 20 stations between Balaran and Roosevelt,2,ROUTE_880747,880772,882220
1,LRTA,Baclaran - Roosevelt,Urban railway line serving 20 stations between Balaran and Roosevelt,2,ROUTE_880747,880772,882220
1,LRTA,Baclaran - Roosevelt,Urban railway line serving 20 stations between Balaran and Roosevelt,2,ROUTE_880747,880772,882220
1,LRTA,Baclaran - Roosevelt,Urban railway line serving 20 stations between Balaran and Roosevelt,2,ROUTE_880747,880772,882220
1,LRTA,Baclaran - Roosevelt,Urban railway line serving 20 stations between Balaran and Roosevelt,2,ROUTE_880747,880772,882220
1,LRTA,Baclaran - Roosevelt,Urban railway line serving 20 stations between Balaran and Roosevelt,2,ROUTE_880747,880772,882220
1,LRTA,Baclaran - Roosevelt,Urban railway line serving 20 stations between Balaran and Roosevelt,2,ROUTE_880747,880772,882220
1,LRTA,Baclaran - Roosevelt,Urban railway line serving 20 stations between Balaran and Roosevelt,2,ROUTE_880747,880772,882220
1,LRTA,Baclaran - Roosevelt,Urban railway line serving 20 stations between Balaran and Roosevelt,2,ROUTE_880747,880772,882220
1,LRTA,Baclaran - Roosevelt,Urban railway line serving 20 stations between Balaran and Roosevelt,2,ROUTE_880747,880772,882220
1,LRTA,Baclaran - Roosevelt,Urban railway line serving 20 stations between Balaran and Roosevelt,2,ROUTE_880747,880772,882220
1,LRTA,Baclaran - Roosevelt,Urban railway line serving 20 stations between Balaran and Roosevelt,2,ROUTE_880747,880772,882220
1,LRTA,Baclaran - Roosevelt,Urban railway line serving 20 stations between Balaran and Roosevelt,2,ROUTE_880747,880772,882220
1,LRTA,Baclaran - Roosevelt,Urban railway line serving 20 stations between Balaran and Roosevelt,2,ROUTE_880747,880772,882220
1,LRTA,Baclaran - Roosevelt,Urban railway line serving 20 stations between Balaran and Roosevelt,2,ROUTE_880747,880772,882220
1,LRTA,Baclaran - Roosevelt,Urban railway line serving 20 stations between Balaran and Roosevelt,2,ROUTE_880747,880772,882220
1,LRTA,Baclaran - Roosevelt,Urban railway line serving 20 stations between Balaran and Roosevelt,2,ROUTE_880747,880772,882220
1,LRTA,Baclaran - Roosevelt,Urban railway line serving 20 stations between Balaran and Roosevelt,2,ROUTE_880747,880772,882220
1,LRTA,Baclaran - Roosevelt,Urban railway line serving 20 stations between Balaran and Roosevelt,2,ROUTE_880747,880772,882220
1,LRTA,Baclaran - Roosevelt,Urban railway line serving 20 stations between Balaran and Roosevelt,2,ROUTE_880747,880772,882220
1,LRTA,Baclaran - Roosevelt,Urban railway line serving 20 stations between Balaran and Roosevelt,2,ROUTE_880747,880772,882220
1,LRTA,Baclaran - Roosevelt,Urban railway line serving 20 stations between Balaran and Roosevelt,2,ROUTE_880747,880772,882220
1,LRTA,Baclaran - Roosevelt,Urban railway line serving 20 stations between Balaran and Roosevelt,2,ROUTE_880747,880772,882220
1,LRTA,Baclaran - Roosevelt,Urban railway line serving 20 stations between Balaran and Roosevelt,2,ROUTE_880747,880772,882220
1,LRTA,Baclaran - Roosevelt,Urban railway line serving 20 stations between Balaran and Roosevelt,2,ROUTE_880747,880772,882220
1,LRTA,Baclaran - Roosevelt,Urban railway line serving 20 stations between Balaran and Roosevelt,2,ROUTE_880747,880772,882220
1,LRTA,Baclaran - Roosevelt,Urban railway line serving 20 stations between Balaran and Roosevelt,2,ROUTE_880747,880772,882220
1,LRTA,Baclaran - Roosevelt,Urban railway line serving 20 stations between Balaran and Roosevelt,2,ROUTE_880747,880772,882220
1,LRTA,Baclaran - Roosevelt,Urban railway line serving 20 stations between Balaran and Roosevelt,2,ROUTE_880747,880772,882220
1,LRTA,Baclaran - Roosevelt,Urban railway line serving 20 stations between Balaran and Roosevelt,2,ROUTE_880747,880772,882220
1,LRTA,Baclaran - Roosevelt,Urban railway line serving 20 stations between Balaran and Roosevelt,2,ROUTE_880747,880772,882220
1,LRTA,Baclaran - Roosevelt,Urban railway line serving 20 stations between Balaran and Roosevelt,2,ROUTE_880747,880772,882220
1,LRTA,Baclaran - Roosevelt,Urban railway line serving 20 stations between Balaran and Roosevelt,2,ROUTE_880747,880772,882220
1,LRTA,Baclaran - Roosevelt,Urban railway line serving 20 stations between Balaran and Roosevelt,2,ROUTE_880747,880772,882220
1,LRTA,Baclaran - Roosevelt,Urban railway line serving 20 stations between Balaran and Roosevelt,2,ROUTE_880747,880772,882220
1,LRTA,Baclaran - Roosevelt,Urban railway line serving 20 stations between Balaran and Roosevelt,2,ROUTE_880747,880772,882220
1,LRTA,Baclaran - Roosevelt,Urban railway line serving 20 stations between Balaran and Roosevelt,2,ROUTE_880747,880772,882221
1,LRTA,Baclaran - Roosevelt,Urban railway line serving 20 stations between Balaran and Roosevelt,2,ROUTE_880747,880772,882221
1,LRTA,Baclaran - Roosevelt,Urban railway line serving 20 stations between Balaran and Roosevelt,2,ROUTE_880747,880772,882221
1,LRTA,Baclaran - Roosevelt,Urban railway line serving 20 stations between Balaran and Roosevelt,2,ROUTE_880747,880772,882221
1,LRTA,Baclaran - Roosevelt,Urban railway line serving 20 stations between Balaran and Roosevelt,2,ROUTE_880747,880772,882221
1,LRTA,Baclaran - Roosevelt,Urban railway line serving 20 stations between Balaran and Roosevelt,2,ROUTE_880747,880772,882221
1,LRTA,Baclaran - Roosevelt,Urban railway line serving 20 stations between Balaran and Roosevelt,2,ROUTE_880747,880772,882221
1,LRTA,Baclaran - Roosevelt,Urban railway line serving 20 stations between Balaran and Roosevelt,2,ROUTE_880747,880772,882221
1,LRTA,Baclaran - Roosevelt,Urban railway line serving 20 stations between Balaran and Roosevelt,2,ROUTE_880747,880772,882221
1,LRTA,Baclaran - Roosevelt,Urban railway line serving 20 stations between Balaran and Roosevelt,2,ROUTE_880747,880772,882221
1,LRTA,Baclaran - Roosevelt,Urban railway line serving 20 stations between Balaran and Roosevelt,2,ROUTE_880747,880772,882221
1,LRTA,Baclaran - Roosevelt,Urban railway line serving 20 stations between Balaran and Roosevelt,2,ROUTE_880747,880772,882221
1,LRTA,Baclaran - Roosevelt,Urban railway line serving 20 stations between Balaran and Roosevelt,2,ROUTE_880747,880772,882221
1,LRTA,Baclaran - Roosevelt,Urban railway line serving 20 stations between Balaran and Roosevelt,2,ROUTE_880747,880772,882221
1,LRTA,Baclaran - Roosevelt,Urban railway line serving 20 stations between Balaran and Roosevelt,2,ROUTE_880747,880772,882221
1,LRTA,Baclaran - Roosevelt,Urban railway line serving 20 stations between Balaran and Roosevelt,2,ROUTE_880747,880772,882221
1,LRTA,Baclaran - Roosevelt,Urban railway line serving 20 stations between Balaran and Roosevelt,2,ROUTE_880747,880772,882221
1,LRTA,Baclaran - Roosevelt,Urban railway line serving 20 stations between Balaran and Roosevelt,2,ROUTE_880747,880772,882221
1,LRTA,Baclaran - Roosevelt,Urban railway line serving 20 stations between Balaran and Roosevelt,2,ROUTE_880747,880772,882221
1,LRTA,Baclaran - Roosevelt,Urban railway line serving 20 stations between Balaran and Roosevelt,2,ROUTE_880747,880772,882221
1,LRTA,Baclaran - Roosevelt,Urban railway line serving 20 stations between Balaran and Roosevelt,2,ROUTE_880747,880772,882221
1,LRTA,Baclaran - Roosevelt,Urban railway line serving 20 stations between Balaran and Roosevelt,2,ROUTE_880747,880772,882221
1,LRTA,Baclaran - Roosevelt,Urban railway line serving 20 stations between Balaran and Roosevelt,2,ROUTE_880747,880772,882221
1,LRTA,Baclaran - Roosevelt,Urban railway line serving 20 stations between Balaran and Roosevelt,2,ROUTE_880747,880772,882221
1,LRTA,Baclaran - Roosevelt,Urban railway line serving 20 stations between Balaran and Roosevelt,2,ROUTE_880747,880772,882221
1,LRTA,Baclaran - Roosevelt,Urban railway line serving 20 stations between Balaran and Roosevelt,2,ROUTE_880747,880772,882221
1,LRTA,Baclaran - Roosevelt,Urban railway line serving 20 stations between Balaran and Roosevelt,2,ROUTE_880747,880772,882221
1,LRTA,Baclaran - Roosevelt,Urban railway line serving 20 stations between Balaran and Roosevelt,2,ROUTE_880747,880772,882221
1,LRTA,Baclaran - Roosevelt,Urban railway line serving 20 stations between Balaran and Roosevelt,2,ROUTE_880747,880772,882221
1,LRTA,Baclaran - Roosevelt,Urban railway line serving 20 stations between Balaran and Roosevelt,2,ROUTE_880747,880772,882221
1,LRTA,Baclaran - Roosevelt,Urban railway line serving 20 stations between Balaran and Roosevelt,2,ROUTE_880747,880772,882221
1,LRTA,Baclaran - Roosevelt,Urban railway line serving 20 stations between Balaran and Roosevelt,2,ROUTE_880747,880772,882221
1,LRTA,Baclaran - Roosevelt,Urban railway line serving 20 stations between Balaran and Roosevelt,2,ROUTE_880747,880772,882221
1,LRTA,Baclaran - Roosevelt,Urban railway line serving 20 stations between Balaran and Roosevelt,2,ROUTE_880747,880772,882221
1,LRTA,Baclaran - Roosevelt,Urban railway line serving 20 stations between Balaran and Roosevelt,2,ROUTE_880747,880772,882221
1,LRTA,Baclaran - Roosevelt,Urban railway line serving 20 stations between Balaran and Roosevelt,2,ROUTE_880747,880772,882221
1,LRTA,Baclaran - Roosevelt,Urban railway line serving 20 stations between Balaran and Roosevelt,2,ROUTE_880747,880772,882221
1,LRTA,Baclaran - Roosevelt,Urban railway line serving 20 stations between Balaran and Roosevelt,2,ROUTE_880747,880772,882221
1,LRTA,Baclaran - Roosevelt,Urban railway line serving 20 stations between Balaran and Roosevelt,2,ROUTE_880747,880772,882221
1,LRTA,Baclaran - Roosevelt,Urban railway line serving 20 stations between Balaran and Roosevelt,2,ROUTE_880747,880772,882221
1,LRTA,Baclaran - Roosevelt,Urban railway line serving 20 stations between Balaran and Roosevelt,2,ROUTE_880747,880772,882221
1,LRTA,Baclaran - Roosevelt,Urban railway line serving 20 stations between Balaran and Roosevelt,2,ROUTE_880747,880772,882221
1,LRTA,Baclaran - Roosevelt,Urban railway line serving 20 stations between Balaran and Roosevelt,2,ROUTE_880747,880772,882221
1,LRTA,Baclaran - Roosevelt,Urban railway line serving 20 stations between Balaran and Roosevelt,2,ROUTE_880747,880772,882221
1,LRTA,Baclaran - Roosevelt,Urban railway line serving 20 stations between Balaran and Roosevelt,2,ROUTE_880747,880772,882221
1,LRTA,Baclaran - Roosevelt,Urban railway line serving 20 stations between Balaran and Roosevelt,2,ROUTE_880747,880772,882221
1,LRTA,Baclaran - Roosevelt,Urban railway line serving 20 stations between Balaran and Roosevelt,2,ROUTE_880747,880772,882221
1,LRTA,Baclaran - Roosevelt,Urban railway line serving 20 stations between Balaran and Roosevelt,2,ROUTE_880747,880772,882221
1,LRTA,Baclaran - Roosevelt,Urban railway line serving 20 stations between Balaran and Roosevelt,2,ROUTE_880747,880772,882221
1,LRTA,Baclaran - Roosevelt,Urban railway line serving 20 stations between Balaran and Roosevelt,2,ROUTE_880747,880772,882221
1,LRTA,Baclaran - Roosevelt,Urban railway line serving 20 stations between Balaran and Roosevelt,2,ROUTE_880747,880772,882221
1,LRTA,Baclaran - Roosevelt,Urban railway line serving 20 stations between Balaran and Roosevelt,2,ROUTE_880747,880772,882221
1,LRTA,Baclaran - Roosevelt,Urban railway line serving 20 stations between Balaran and Roosevelt,2,ROUTE_880747,880772,882221
1,LRTA,Baclaran - Roosevelt,Urban railway line serving 20 stations between Balaran and Roosevelt,2,ROUTE_880747,880772,882221
1,LRTA,Baclaran - Roosevelt,Urban railway line serving 20 stations between Balaran and Roosevelt,2,ROUTE_880747,880772,882221
1,LRTA,Baclaran - Roosevelt,Urban railway line serving 20 stations between Balaran and Roosevelt,2,ROUTE_880747,880772,882221
1,LRTA,Baclaran - Roosevelt,Urban railway line serving 20 stations between Balaran and Roosevelt,2,ROUTE_880747,880772,882221
1,LRTA,Baclaran - Roosevelt,Urban railway line serving 20 stations between Balaran and Roosevelt,2,ROUTE_880747,880772,882221
1,LRTA,Baclaran - Roosevelt,Urban railway line serving 20 stations between Balaran and Roosevelt,2,ROUTE_880747,880772,882221
1,LRTA,Baclaran - Roosevelt,Urban railway line serving 20 stations between Balaran and Roosevelt,2,ROUTE_880747,880772,882221
1,LRTA,Baclaran - Roosevelt,Urban railway line serving 20 stations between Balaran and Roosevelt,2,ROUTE_880747,881397,882215
1,LRTA,Baclaran - Roosevelt,Urban railway line serving 20 stations between Balaran and Roosevelt,2,ROUTE_880747,881397,882215
1,LRTA,Baclaran - Roosevelt,Urban railway line serving 20 stations between Balaran and Roosevelt,2,ROUTE_880747,881397,882215
1,LRTA,Baclaran - Roosevelt,Urban railway line serving 20 stations between Balaran and Roosevelt,2,ROUTE_880747,881397,882215
1,LRTA,Baclaran - Roosevelt,Urban railway line serving 20 stations between Balaran and Roosevelt,2,ROUTE_880747,881397,882215
1,LRTA,Baclaran - Roosevelt,Urban railway line serving 20 stations between Balaran and Roosevelt,2,ROUTE_880747,881397,882215
1,LRTA,Baclaran - Roosevelt,Urban railway line serving 20 stations between Balaran and Roosevelt,2,ROUTE_880747,881397,882215
1,LRTA,Baclaran - Roosevelt,Urban railway line serving 20 stations between Balaran and Roosevelt,2,ROUTE_880747,881397,882215
1,LRTA,Baclaran - Roosevelt,Urban railway line serving 20 stations between Balaran and Roosevelt,2,ROUTE_880747,881397,882215
1,LRTA,Baclaran - Roosevelt,Urban railway line serving 20 stations between Balaran and Roosevelt,2,ROUTE_880747,881397,882215
1,LRTA,Baclaran - Roosevelt,Urban railway line serving 20 stations between Balaran and Roosevelt,2,ROUTE_880747,881397,882215
1,LRTA,Baclaran - Roosevelt,Urban railway line serving 20 stations between Balaran and Roosevelt,2,ROUTE_880747,881397,882215
1,LRTA,Baclaran - Roosevelt,Urban railway line serving 20 stations between Balaran and Roosevelt,2,ROUTE_880747,881397,882215
1,LRTA,Baclaran - Roosevelt,Urban railway line serving 20 stations between Balaran and Roosevelt,2,ROUTE_880747,881397,882215
1,LRTA,Baclaran - Roosevelt,Urban railway line serving 20 stations between Balaran and Roosevelt,2,ROUTE_880747,881397,882215
1,LRTA,Baclaran - Roosevelt,Urban railway line serving 20 stations between Balaran and Roosevelt,2,ROUTE_880747,881397,882215
1,LRTA,Baclaran - Roosevelt,Urban railway line serving 20 stations between Balaran and Roosevelt,2,ROUTE_880747,881397,882215
1,LRTA,Baclaran - Roosevelt,Urban railway line serving 20 stations between Balaran and Roosevelt,2,ROUTE_880747,881397,882215
1,LRTA,Baclaran - Roosevelt,Urban railway line serving 20 stations between Balaran and Roosevelt,2,ROUTE_880747,881397,882215
1,LRTA,Baclaran - Roosevelt,Urban railway line serving 20 stations between Balaran and Roosevelt,2,ROUTE_880747,881397,882215
1,LRTA,Baclaran - Roosevelt,Urban railway line serving 20 stations between Balaran and Roosevelt,2,ROUTE_880747,881397,882215
1,LRTA,Baclaran - Roosevelt,Urban railway line serving 20 stations between Balaran and Roosevelt,2,ROUTE_880747,881397,882215
1,LRTA,Baclaran - Roosevelt,Urban railway line serving 20 stations between Balaran and Roosevelt,2,ROUTE_880747,881397,882215
1,LRTA,Baclaran - Roosevelt,Urban railway line serving 20 stations between Balaran and Roosevelt,2,ROUTE_880747,881397,882215
1,LRTA,Baclaran - Roosevelt,Urban railway line serving 20 stations between Balaran and Roosevelt,2,ROUTE_880747,881397,882215
1,LRTA,Baclaran - Roosevelt,Urban railway line serving 20 stations between Balaran and Roosevelt,2,ROUTE_880747,881397,882215
1,LRTA,Baclaran - Roosevelt,Urban railway line serving 20 stations between Balaran and Roosevelt,2,ROUTE_880747,881397,882215
1,LRTA,Baclaran - Roosevelt,Urban railway line serving 20 stations between Balaran and Roosevelt,2,ROUTE_880747,881397,882215
1,LRTA,Baclaran - Roosevelt,Urban railway line serving 20 stations between Balaran and Roosevelt,2,ROUTE_880747,881397,882215
1,LRTA,Baclaran - Roosevelt,Urban railway line serving 20 stations between Balaran and Roosevelt,2,ROUTE_880747,881397,882215
1,LRTA,Baclaran - Roosevelt,Urban railway line serving 20 stations between Balaran and Roosevelt,2,ROUTE_880747,881397,882215
1,LRTA,Baclaran - Roosevelt,Urban railway line serving 20 stations between Balaran and Roosevelt,2,ROUTE_880747,881397,882215
1,LRTA,Baclaran - Roosevelt,Urban railway line serving 20 stations between Balaran and Roosevelt,2,ROUTE_880747,881397,882215
1,LRTA,Baclaran - Roosevelt,Urban railway line serving 20 stations between Balaran and Roosevelt,2,ROUTE_880747,881397,882215
1,LRTA,Baclaran - Roosevelt,Urban railway line serving 20 stations between Balaran and Roosevelt,2,ROUTE_880747,881397,882215
1,LRTA,Baclaran - Roosevelt,Urban railway line serving 20 stations between Balaran and Roosevelt,2,ROUTE_880747,881397,882215
1,LRTA,Baclaran - Roosevelt,Urban railway line serving 20 stations between Balaran and Roosevelt,2,ROUTE_880747,881397,882215
1,LRTA,Baclaran - Roosevelt,Urban railway line serving 20 stations between Balaran and Roosevelt,2,ROUTE_880747,881397,882215
1,LRTA,Baclaran - Roosevelt,Urban railway line serving 20 stations between Balaran and Roosevelt,2,ROUTE_880747,881397,882215
1,LRTA,Baclaran - Roosevelt,Urban railway line serving 20 stations between Balaran and Roosevelt,2,ROUTE_880747,881397,882215
1,LRTA,Baclaran - Roosevelt,Urban railway line serving 20 stations between Balaran and Roosevelt,2,ROUTE_880747,881397,882215
1,LRTA,Baclaran - Roosevelt,Urban railway line serving 20 stations between Balaran and Roosevelt,2,ROUTE_880747,881397,882215
1,LRTA,Baclaran - Roosevelt,Urban railway line serving 20 stations between Balaran and Roosevelt,2,ROUTE_880747,881397,882215
1,LRTA,Baclaran - Roosevelt,Urban railway line serving 20 stations between Balaran and Roosevelt,2,ROUTE_880747,881397,882215
1,LRTA,Baclaran - Roosevelt,Urban railway line serving 20 stations between Balaran and Roosevelt,2,ROUTE_880747,881397,882215
1,LRTA,Baclaran - Roosevelt,Urban railway line serving 20 stations between Balaran and Roosevelt,2,ROUTE_880747,881397,882215
1,LRTA,Baclaran - Roosevelt,Urban railway line serving 20 stations between Balaran and Roosevelt,2,ROUTE_880747,881397,882215
1,LRTA,Baclaran - Roosevelt,Urban railway line serving 20 stations between Balaran and Roosevelt,2,ROUTE_880747,881397,882215
1,LRTA,Baclaran - Roosevelt,Urban railway line serving 20 stations between Balaran and Roosevelt,2,ROUTE_880747,881397,882215
1,LRTA,Baclaran - Roosevelt,Urban railway line serving 20 stations between Balaran and Roosevelt,2,ROUTE_880747,881397,882215
1,LRTA,Baclaran - Roosevelt,Urban railway line serving 20 stations between Balaran and Roosevelt,2,ROUTE_880747,881397,882215
1,LRTA,Baclaran - Roosevelt,Urban railway line serving 20 stations between Balaran and Roosevelt,2,ROUTE_880747,881397,882215
1,LRTA,Baclaran - Roosevelt,Urban railway line serving 20 stations between Balaran and Roosevelt,2,ROUTE_880747,881397,882215
1,LRTA,Baclaran - Roosevelt,Urban railway line serving 20 stations between Balaran and Roosevelt,2,ROUTE_880747,881397,882215
1,LRTA,Baclaran - Roosevelt,Urban railway line serving 20 stations between Balaran and Roosevelt,2,ROUTE_880747,881397,882215
1,LRTA,Baclaran - Roosevelt,Urban railway line serving 20 stations between Balaran and Roosevelt,2,ROUTE_880747,881397,882215
1,LRTA,Baclaran - Roosevelt,Urban railway line serving 20 stations between Balaran and Roosevelt,2,ROUTE_880747,881397,882215
1,LRTA,Baclaran - Roosevelt,Urban railway line serving 20 stations between Balaran and Roosevelt,2,ROUTE_880747,881397,882215
1,LRTA,Baclaran - Roosevelt,Urban railway line serving 20 stations between Balaran and Roosevelt,2,ROUTE_880747,881397,882215
1,LRTA,Baclaran - Roosevelt,Urban railway line serving 20 stations between Balaran and Roosevelt,2,ROUTE_880747,881397,882215
1,LRTA,Baclaran - Roosevelt,Urban railway line serving 20 stations between Balaran and Roosevelt,2,ROUTE_880747,881397,882222
1,LRTA,Baclaran - Roosevelt,Urban railway line serving 20 stations between Balaran and Roosevelt,2,ROUTE_880747,881397,882222
1,LRTA,Baclaran - Roosevelt,Urban railway line serving 20 stations between Balaran and Roosevelt,2,ROUTE_880747,881397,882222
1,LRTA,Baclaran - Roosevelt,Urban railway line serving 20 stations between Balaran and Roosevelt,2,ROUTE_880747,881397,882222
1,LRTA,Baclaran - Roosevelt,Urban railway line serving 20 stations between Balaran and Roosevelt,2,ROUTE_880747,881397,882222
1,LRTA,Baclaran - Roosevelt,Urban railway line serving 20 stations between Balaran and Roosevelt,2,ROUTE_880747,881397,882222
1,LRTA,Baclaran - Roosevelt,Urban railway line serving 20 stations between Balaran and Roosevelt,2,ROUTE_880747,881397,882222
1,LRTA,Baclaran - Roosevelt,Urban railway line serving 20 stations between Balaran and Roosevelt,2,ROUTE_880747,881397,882222
1,LRTA,Baclaran - Roosevelt,Urban railway line serving 20 stations between Balaran and Roosevelt,2,ROUTE_880747,881397,882222
1,LRTA,Baclaran - Roosevelt,Urban railway line serving 20 stations between Balaran and Roosevelt,2,ROUTE_880747,881397,882222
1,LRTA,Baclaran - Roosevelt,Urban railway line serving 20 stations between Balaran and Roosevelt,2,ROUTE_880747,881397,882222
1,LRTA,Baclaran - Roosevelt,Urban railway line serving 20 stations between Balaran and Roosevelt,2,ROUTE_880747,881397,882222
1,LRTA,Baclaran - Roosevelt,Urban railway line serving 20 stations between Balaran and Roosevelt,2,ROUTE_880747,881397,882222
1,LRTA,Baclaran - Roosevelt,Urban railway line serving 20 stations between Balaran and Roosevelt,2,ROUTE_880747,881397,882222
1,LRTA,Baclaran - Roosevelt,Urban railway line serving 20 stations between Balaran and Roosevelt,2,ROUTE_880747,881397,882222
1,LRTA,Baclaran - Roosevelt,Urban railway line serving 20 stations between Balaran and Roosevelt,2,ROUTE_880747,881397,882222
1,LRTA,Baclaran - Roosevelt,Urban railway line serving 20 stations between Balaran and Roosevelt,2,ROUTE_880747,881397,882222
1,LRTA,Baclaran - Roosevelt,Urban railway line serving 20 stations between Balaran and Roosevelt,2,ROUTE_880747,881397,882222
1,LRTA,Baclaran - Roosevelt,Urban railway line serving 20 stations between Balaran and Roosevelt,2,ROUTE_880747,881397,882222
1,LRTA,Baclaran - Roosevelt,Urban railway line serving 20 stations between Balaran and Roosevelt,2,ROUTE_880747,881397,882222
1,LRTA,Baclaran - Roosevelt,Urban railway line serving 20 stations between Balaran and Roosevelt,2,ROUTE_880747,881397,882222
1,LRTA,Baclaran - Roosevelt,Urban railway line serving 20 stations between Balaran and Roosevelt,2,ROUTE_880747,881397,882222
1,LRTA,Baclaran - Roosevelt,Urban railway line serving 20 stations between Balaran and Roosevelt,2,ROUTE_880747,881397,882222
1,LRTA,Baclaran - Roosevelt,Urban railway line serving 20 stations between Balaran and Roosevelt,2,ROUTE_880747,881397,882222
1,LRTA,Baclaran - Roosevelt,Urban railway line serving 20 stations between Balaran and Roosevelt,2,ROUTE_880747,881397,882222
1,LRTA,Baclaran - Roosevelt,Urban railway line serving 20 stations between Balaran and Roosevelt,2,ROUTE_880747,881397,882222
1,LRTA,Baclaran - Roosevelt,Urban railway line serving 20 stations between Balaran and Roosevelt,2,ROUTE_880747,881397,882222
1,LRTA,Baclaran - Roosevelt,Urban railway line serving 20 stations between Balaran and Roosevelt,2,ROUTE_880747,881397,882222
1,LRTA,Baclaran - Roosevelt,Urban railway line serving 20 stations between Balaran and Roosevelt,2,ROUTE_880747,881397,882222
1,LRTA,Baclaran - Roosevelt,Urban railway line serving 20 stations between Balaran and Roosevelt,2,ROUTE_880747,881397,882222
1,LRTA,Baclaran - Roosevelt,Urban railway line serving 20 stations between Balaran and Roosevelt,2,ROUTE_880747,881397,882222
1,LRTA,Baclaran - Roosevelt,Urban railway line serving 20 stations between Balaran and Roosevelt,2,ROUTE_880747,881397,882222
1,LRTA,Baclaran - Roosevelt,Urban railway line serving 20 stations between Balaran and Roosevelt,2,ROUTE_880747,881397,882222
1,LRTA,Baclaran - Roosevelt,Urban railway line serving 20 stations between Balaran and Roosevelt,2,ROUTE_880747,881397,882222
1,LRTA,Baclaran - Roosevelt,Urban railway line serving 20 stations between Balaran and Roosevelt,2,ROUTE_880747,881397,882222
1,LRTA,Baclaran - Roosevelt,Urban railway line serving 20 stations between Balaran and Roosevelt,2,ROUTE_880747,881397,882222
1,LRTA,Baclaran - Roosevelt,Urban railway line serving 20 stations between Balaran and Roosevelt,2,ROUTE_880747,881397,882222
1,LRTA,Baclaran - Roosevelt,Urban railway line serving 20 stations between Balaran and Roosevelt,2,ROUTE_880747,881397,882222
1,LRTA,Baclaran - Roosevelt,Urban railway line serving 20 stations between Balaran and Roosevelt,2,ROUTE_880747,881397,882222
1,LRTA,Baclaran - Roosevelt,Urban railway line serving 20 stations between Balaran and Roosevelt,2,ROUTE_880747,881397,882222
1,LRTA,Baclaran - Roosevelt,Urban railway line serving 20 stations between Balaran and Roosevelt,2,ROUTE_880747,881397,882222
1,LRTA,Baclaran - Roosevelt,Urban railway line serving 20 stations between Balaran and Roosevelt,2,ROUTE_880747,881397,882222
1,LRTA,Baclaran - Roosevelt,Urban railway line serving 20 stations between Balaran and Roosevelt,2,ROUTE_880747,881397,882222
1,LRTA,Baclaran - Roosevelt,Urban railway line serving 20 stations between Balaran and Roosevelt,2,ROUTE_880747,881397,882222
1,LRTA,Baclaran - Roosevelt,Urban railway line serving 20 stations between Balaran and Roosevelt,2,ROUTE_880747,881397,882222
1,LRTA,Baclaran - Roosevelt,Urban railway line serving 20 stations between Balaran and Roosevelt,2,ROUTE_880747,881397,882222
1,LRTA,Baclaran - Roosevelt,Urban railway line serving 20 stations between Balaran and Roosevelt,2,ROUTE_880747,881397,882222
1,LRTA,Baclaran - Roosevelt,Urban railway line serving 20 stations between Balaran and Roosevelt,2,ROUTE_880747,881397,882222
1,LRTA,Baclaran - Roosevelt,Urban railway line serving 20 stations between Balaran and Roosevelt,2,ROUTE_880747,881397,882222
1,LRTA,Baclaran - Roosevelt,Urban railway line serving 20 stations between Balaran and Roosevelt,2,ROUTE_880747,881397,882222
1,LRTA,Baclaran - Roosevelt,Urban railway line serving 20 stations between Balaran and Roosevelt,2,ROUTE_880747,881397,882222
1,LRTA,Baclaran - Roosevelt,Urban railway line serving 20 stations between Balaran and Roosevelt,2,ROUTE_880747,881397,882222
1,LRTA,Baclaran - Roosevelt,Urban railway line serving 20 stations between Balaran and Roosevelt,2,ROUTE_880747,881397,882222
1,LRTA,Baclaran - Roosevelt,Urban railway line serving 20 stations between Balaran and Roosevelt,2,ROUTE_880747,881397,882222
1,LRTA,Baclaran - Roosevelt,Urban railway line serving 20 stations between Balaran and Roosevelt,2,ROUTE_880747,881397,882222
1,LRTA,Baclaran - Roosevelt,Urban railway line serving 20 stations between Balaran and Roosevelt,2,ROUTE_880747,881397,882222
1,LRTA,Baclaran - Roosevelt,Urban railway line serving 20 stations between Balaran and Roosevelt,2,ROUTE_880747,881397,882222
1,LRTA,Baclaran - Roosevelt,Urban railway line serving 20 stations between Balaran and Roosevelt,2,ROUTE_880747,881397,882222
1,LRTA,Baclaran - Roosevelt,Urban railway line serving 20 stations between Balaran and Roosevelt,2,ROUTE_880747,881397,882222
1,LRTA,Baclaran - Roosevelt,Urban railway line serving 20 stations between Balaran and Roosevelt,2,ROUTE_880747,881397,882222
1,LRTA,Baclaran - Roosevelt,Urban railway line serving 20 stations between Balaran and Roosevelt,2,ROUTE_880747,881397,882223
1,LRTA,Baclaran - Roosevelt,Urban railway line serving 20 stations between Balaran and Roosevelt,2,ROUTE_880747,881397,882223
1,LRTA,Baclaran - Roosevelt,Urban railway line serving 20 stations between Balaran and Roosevelt,2,ROUTE_880747,881397,882223
1,LRTA,Baclaran - Roosevelt,Urban railway line serving 20 stations between Balaran and Roosevelt,2,ROUTE_880747,881397,882223
1,LRTA,Baclaran - Roosevelt,Urban railway line serving 20 stations between Balaran and Roosevelt,2,ROUTE_880747,881397,882223
1,LRTA,Baclaran - Roosevelt,Urban railway line serving 20 stations between Balaran and Roosevelt,2,ROUTE_880747,881397,882223
1,LRTA,Baclaran - Roosevelt,Urban railway line serving 20 stations between Balaran and Roosevelt,2,ROUTE_880747,881397,882223
1,LRTA,Baclaran - Roosevelt,Urban railway line serving 20 stations between Balaran and Roosevelt,2,ROUTE_880747,881397,882223
1,LRTA,Baclaran - Roosevelt,Urban railway line serving 20 stations between Balaran and Roosevelt,2,ROUTE_880747,881397,882223
1,LRTA,Baclaran - Roosevelt,Urban railway line serving 20 stations between Balaran and Roosevelt,2,ROUTE_880747,881397,882223
1,LRTA,Baclaran - Roosevelt,Urban railway line serving 20 stations between Balaran and Roosevelt,2,ROUTE_880747,881397,882223
1,LRTA,Baclaran - Roosevelt,Urban railway line serving 20 stations between Balaran and Roosevelt,2,ROUTE_880747,881397,882223
1,LRTA,Baclaran - Roosevelt,Urban railway line serving 20 stations between Balaran and Roosevelt,2,ROUTE_880747,881397,882223
1,LRTA,Baclaran - Roosevelt,Urban railway line serving 20 stations between Balaran and Roosevelt,2,ROUTE_880747,881397,882223
1,LRTA,Baclaran - Roosevelt,Urban railway line serving 20 stations between Balaran and Roosevelt,2,ROUTE_880747,881397,882223
1,LRTA,Baclaran - Roosevelt,Urban railway line serving 20 stations between Balaran and Roosevelt,2,ROUTE_880747,881397,882223
1,LRTA,Baclaran - Roosevelt,Urban railway line serving 20 stations between Balaran and Roosevelt,2,ROUTE_880747,881397,882223
1,LRTA,Baclaran - Roosevelt,Urban railway line serving 20 stations between Balaran and Roosevelt,2,ROUTE_880747,881397,882223
1,LRTA,Baclaran - Roosevelt,Urban railway line serving 20 stations between Balaran and Roosevelt,2,ROUTE_880747,881397,882223
1,LRTA,Baclaran - Roosevelt,Urban railway line serving 20 stations between Balaran and Roosevelt,2,ROUTE_880747,881397,882223
1,LRTA,Baclaran - Roosevelt,Urban railway line serving 20 stations between Balaran and Roosevelt,2,ROUTE_880747,881397,882223
1,LRTA,Baclaran - Roosevelt,Urban railway line serving 20 stations between Balaran and Roosevelt,2,ROUTE_880747,881397,882223
1,LRTA,Baclaran - Roosevelt,Urban railway line serving 20 stations between Balaran and Roosevelt,2,ROUTE_880747,881397,882223
1,LRTA,Baclaran - Roosevelt,Urban railway line serving 20 stations between Balaran and Roosevelt,2,ROUTE_880747,881397,882223
1,LRTA,Baclaran - Roosevelt,Urban railway line serving 20 stations between Balaran and Roosevelt,2,ROUTE_880747,881397,882223
1,LRTA,Baclaran - Roosevelt,Urban railway line serving 20 stations between Balaran and Roosevelt,2,ROUTE_880747,881397,882223
1,LRTA,Baclaran - Roosevelt,Urban railway line serving 20 stations between Balaran and Roosevelt,2,ROUTE_880747,881397,882223
1,LRTA,Baclaran - Roosevelt,Urban railway line serving 20 stations between Balaran and Roosevelt,2,ROUTE_880747,881397,882223
1,LRTA,Baclaran - Roosevelt,Urban railway line serving 20 stations between Balaran and Roosevelt,2,ROUTE_880747,881397,882223
1,LRTA,Baclaran - Roosevelt,Urban railway line serving 20 stations between Balaran and Roosevelt,2,ROUTE_880747,881397,882223
1,LRTA,Baclaran - Roosevelt,Urban railway line serving 20 stations between Balaran and Roosevelt,2,ROUTE_880747,881397,882223
1,LRTA,Baclaran - Roosevelt,Urban railway line serving 20 stations between Balaran and Roosevelt,2,ROUTE_880747,881397,882223
1,LRTA,Baclaran - Roosevelt,Urban railway line serving 20 stations between Balaran and Roosevelt,2,ROUTE_880747,881397,882223
1,LRTA,Baclaran - Roosevelt,Urban railway line serving 20 stations between Balaran and Roosevelt,2,ROUTE_880747,881397,882223
1,LRTA,Baclaran - Roosevelt,Urban railway line serving 20 stations between Balaran and Roosevelt,2,ROUTE_880747,881397,882223
1,LRTA,Baclaran - Roosevelt,Urban railway line serving 20 stations between Balaran and Roosevelt,2,ROUTE_880747,881397,882223
1,LRTA,Baclaran - Roosevelt,Urban railway line serving 20 stations between Balaran and Roosevelt,2,ROUTE_880747,881397,882223
1,LRTA,Baclaran - Roosevelt,Urban railway line serving 20 stations between Balaran and Roosevelt,2,ROUTE_880747,881397,882223
1,LRTA,Baclaran - Roosevelt,Urban railway line serving 20 stations between Balaran and Roosevelt,2,ROUTE_880747,881397,882223
1,LRTA,Baclaran - Roosevelt,Urban railway line serving 20 stations between Balaran and Roosevelt,2,ROUTE_880747,881397,882223
1,LRTA,Baclaran - Roosevelt,Urban railway line serving 20 stations between Balaran and Roosevelt,2,ROUTE_880747,881397,882223
1,LRTA,Baclaran - Roosevelt,Urban railway line serving 20 stations between Balaran and Roosevelt,2,ROUTE_880747,881397,882223
1,LRTA,Baclaran - Roosevelt,Urban railway line serving 20 stations between Balaran and Roosevelt,2,ROUTE_880747,881397,882223
1,LRTA,Baclaran - Roosevelt,Urban railway line serving 20 stations between Balaran and Roosevelt,2,ROUTE_880747,881397,882223
1,LRTA,Baclaran - Roosevelt,Urban railway line serving 20 stations between Balaran and Roosevelt,2,ROUTE_880747,881397,882223
1,LRTA,Baclaran - Roosevelt,Urban railway line serving 20 stations between Balaran and Roosevelt,2,ROUTE_880747,881397,882223
1,LRTA,Baclaran - Roosevelt,Urban railway line serving 20 stations between Balaran and Roosevelt,2,ROUTE_880747,881397,882223
1,LRTA,Baclaran - Roosevelt,Urban railway line serving 20 stations between Balaran and Roosevelt,2,ROUTE_880747,881397,882223
1,LRTA,Baclaran - Roosevelt,Urban railway line serving 20 stations between Balaran and Roosevelt,2,ROUTE_880747,881397,882223
1,LRTA,Baclaran - Roosevelt,Urban railway line serving 20 stations between Balaran and Roosevelt,2,ROUTE_880747,881397,882223
1,LRTA,Baclaran - Roosevelt,Urban railway line serving 20 stations between Balaran and Roosevelt,2,ROUTE_880747,881397,882223
1,LRTA,Baclaran - Roosevelt,Urban railway line serving 20 stations between Balaran and Roosevelt,2,ROUTE_880747,881397,882223
1,LRTA,Baclaran - Roosevelt,Urban railway line serving 20 stations between Balaran and Roosevelt,2,ROUTE_880747,881397,882223
1,LRTA,Baclaran - Roosevelt,Urban railway line serving 20 stations between Balaran and Roosevelt,2,ROUTE_880747,881397,882223
1,LRTA,Baclaran - Roosevelt,Urban railway line serving 20 stations between Balaran and Roosevelt,2,ROUTE_880747,881397,882223
1,LRTA,Baclaran - Roosevelt,Urban railway line serving 20 stations between Balaran and Roosevelt,2,ROUTE_880747,881397,882223
1,LRTA,Baclaran - Roosevelt,Urban railway line serving 20 stations between Balaran and Roosevelt,2,ROUTE_880747,881397,882223
1,LRTA,Baclaran - Roosevelt,Urban railway line serving 20 stations between Balaran and Roosevelt,2,ROUTE_880747,881397,882223
1,LRTA,Baclaran - Roosevelt,Urban railway line serving 20 stations between Balaran and Roosevelt,2,ROUTE_880747,881397,882223
1,LRTA,Baclaran - Roosevelt,Urban railway line serving 20 stations between Balaran and Roosevelt,2,ROUTE_880747,881397,882223
1,LRTA,Baclaran - Roosevelt,Urban railway line serving 20 stations between Balaran and Roosevelt,2,ROUTE_880747,881445,882216
1,LRTA,Baclaran - Roosevelt,Urban railway line serving 20 stations between Balaran and Roosevelt,2,ROUTE_880747,881445,882216
1,LRTA,Baclaran - Roosevelt,Urban railway line serving 20 stations between Balaran and Roosevelt,2,ROUTE_880747,881445,882216
1,LRTA,Baclaran - Roosevelt,Urban railway line serving 20 stations between Balaran and Roosevelt,2,ROUTE_880747,881445,882216
1,LRTA,Baclaran - Roosevelt,Urban railway line serving 20 stations between Balaran and Roosevelt,2,ROUTE_880747,881445,882216
1,LRTA,Baclaran - Roosevelt,Urban railway line serving 20 stations between Balaran and Roosevelt,2,ROUTE_880747,881445,882216
1,LRTA,Baclaran - Roosevelt,Urban railway line serving 20 stations between Balaran and Roosevelt,2,ROUTE_880747,881445,882216
1,LRTA,Baclaran - Roosevelt,Urban railway line serving 20 stations between Balaran and Roosevelt,2,ROUTE_880747,881445,882216
1,LRTA,Baclaran - Roosevelt,Urban railway line serving 20 stations between Balaran and Roosevelt,2,ROUTE_880747,881445,882216
1,LRTA,Baclaran - Roosevelt,Urban railway line serving 20 stations between Balaran and Roosevelt,2,ROUTE_880747,881445,882216
1,LRTA,Baclaran - Roosevelt,Urban railway line serving 20 stations between Balaran and Roosevelt,2,ROUTE_880747,881445,882216
1,LRTA,Baclaran - Roosevelt,Urban railway line serving 20 stations between Balaran and Roosevelt,2,ROUTE_880747,881445,882216
1,LRTA,Baclaran - Roosevelt,Urban railway line serving 20 stations between Balaran and Roosevelt,2,ROUTE_880747,881445,882216
1,LRTA,Baclaran - Roosevelt,Urban railway line serving 20 stations between Balaran and Roosevelt,2,ROUTE_880747,881445,882216
1,LRTA,Baclaran - Roosevelt,Urban railway line serving 20 stations between Balaran and Roosevelt,2,ROUTE_880747,881445,882216
1,LRTA,Baclaran - Roosevelt,Urban railway line serving 20 stations between Balaran and Roosevelt,2,ROUTE_880747,881445,882216
1,LRTA,Baclaran - Roosevelt,Urban railway line serving 20 stations between Balaran and Roosevelt,2,ROUTE_880747,881445,882216
1,LRTA,Baclaran - Roosevelt,Urban railway line serving 20 stations between Balaran and Roosevelt,2,ROUTE_880747,881445,882216
1,LRTA,Baclaran - Roosevelt,Urban railway line serving 20 stations between Balaran and Roosevelt,2,ROUTE_880747,881445,882216
1,LRTA,Baclaran - Roosevelt,Urban railway line serving 20 stations between Balaran and Roosevelt,2,ROUTE_880747,881445,882216
1,LRTA,Baclaran - Roosevelt,Urban railway line serving 20 stations between Balaran and Roosevelt,2,ROUTE_880747,881445,882216
1,LRTA,Baclaran - Roosevelt,Urban railway line serving 20 stations between Balaran and Roosevelt,2,ROUTE_880747,881445,882216
1,LRTA,Baclaran - Roosevelt,Urban railway line serving 20 stations between Balaran and Roosevelt,2,ROUTE_880747,881445,882216
1,LRTA,Baclaran - Roosevelt,Urban railway line serving 20 stations between Balaran and Roosevelt,2,ROUTE_880747,881445,882216
1,LRTA,Baclaran - Roosevelt,Urban railway line serving 20 stations between Balaran and Roosevelt,2,ROUTE_880747,881445,882216
1,LRTA,Baclaran - Roosevelt,Urban railway line serving 20 stations between Balaran and Roosevelt,2,ROUTE_880747,881445,882216
1,LRTA,Baclaran - Roosevelt,Urban railway line serving 20 stations between Balaran and Roosevelt,2,ROUTE_880747,881445,882216
1,LRTA,Baclaran - Roosevelt,Urban railway line serving 20 stations between Balaran and Roosevelt,2,ROUTE_880747,881445,882216
1,LRTA,Baclaran - Roosevelt,Urban railway line serving 20 stations between Balaran and Roosevelt,2,ROUTE_880747,881445,882216
1,LRTA,Baclaran - Roosevelt,Urban railway line serving 20 stations between Balaran and Roosevelt,2,ROUTE_880747,881445,882216
1,LRTA,Baclaran - Roosevelt,Urban railway line serving 20 stations between Balaran and Roosevelt,2,ROUTE_880747,881445,882216
1,LRTA,Baclaran - Roosevelt,Urban railway line serving 20 stations between Balaran and Roosevelt,2,ROUTE_880747,881445,882216
1,LRTA,Baclaran - Roosevelt,Urban railway line serving 20 stations between Balaran and Roosevelt,2,ROUTE_880747,881445,882216
1,LRTA,Baclaran - Roosevelt,Urban railway line serving 20 stations between Balaran and Roosevelt,2,ROUTE_880747,881445,882216
1,LRTA,Baclaran - Roosevelt,Urban railway line serving 20 stations between Balaran and Roosevelt,2,ROUTE_880747,881445,882216
1,LRTA,Baclaran - Roosevelt,Urban railway line serving 20 stations between Balaran and Roosevelt,2,ROUTE_880747,881445,882216
1,LRTA,Baclaran - Roosevelt,Urban railway line serving 20 stations between Balaran and Roosevelt,2,ROUTE_880747,881445,882216
1,LRTA,Baclaran - Roosevelt,Urban railway line serving 20 stations between Balaran and Roosevelt,2,ROUTE_880747,881445,882216
1,LRTA,Baclaran - Roosevelt,Urban railway line serving 20 stations between Balaran and Roosevelt,2,ROUTE_880747,881445,882216
1,LRTA,Baclaran - Roosevelt,Urban railway line serving 20 stations between Balaran and Roosevelt,2,ROUTE_880747,881445,882216
1,LRTA,Baclaran - Roosevelt,Urban railway line serving 20 stations between Balaran and Roosevelt,2,ROUTE_880747,881445,882216
1,LRTA,Baclaran - Roosevelt,Urban railway line serving 20 stations between Balaran and Roosevelt,2,ROUTE_880747,881445,882216
1,LRTA,Baclaran - Roosevelt,Urban railway line serving 20 stations between Balaran and Roosevelt,2,ROUTE_880747,881445,882216
1,LRTA,Baclaran - Roosevelt,Urban railway line serving 20 stations between Balaran and Roosevelt,2,ROUTE_880747,881445,882216
1,LRTA,Baclaran - Roosevelt,Urban railway line serving 20 stations between Balaran and Roosevelt,2,ROUTE_880747,881445,882216
1,LRTA,Baclaran - Roosevelt,Urban railway line serving 20 stations between Balaran and Roosevelt,2,ROUTE_880747,881445,882216
1,LRTA,Baclaran - Roosevelt,Urban railway line serving 20 stations between Balaran and Roosevelt,2,ROUTE_880747,881445,882216
1,LRTA,Baclaran - Roosevelt,Urban railway line serving 20 stations between Balaran and Roosevelt,2,ROUTE_880747,881445,882216
1,LRTA,Baclaran - Roosevelt,Urban railway line serving 20 stations between Balaran and Roosevelt,2,ROUTE_880747,881445,882216
1,LRTA,Baclaran - Roosevelt,Urban railway line serving 20 stations between Balaran and Roosevelt,2,ROUTE_880747,881445,882216
1,LRTA,Baclaran - Roosevelt,Urban railway line serving 20 stations between Balaran and Roosevelt,2,ROUTE_880747,881445,882216
1,LRTA,Baclaran - Roosevelt,Urban railway line serving 20 stations between Balaran and Roosevelt,2,ROUTE_880747,881445,882216
1,LRTA,Baclaran - Roosevelt,Urban railway line serving 20 stations between Balaran and Roosevelt,2,ROUTE_880747,881445,882216
1,LRTA,Baclaran - Roosevelt,Urban railway line serving 20 stations between Balaran and Roosevelt,2,ROUTE_880747,881445,882216
1,LRTA,Baclaran - Roosevelt,Urban railway line serving 20 stations between Balaran and Roosevelt,2,ROUTE_880747,881445,882216
1,LRTA,Baclaran - Roosevelt,Urban railway line serving 20 stations between Balaran and Roosevelt,2,ROUTE_880747,881445,882216
1,LRTA,Baclaran - Roosevelt,Urban railway line serving 20 stations between Balaran and Roosevelt,2,ROUTE_880747,881445,882216
1,LRTA,Baclaran - Roosevelt,Urban railway line serving 20 stations between Balaran and Roosevelt,2,ROUTE_880747,881445,882216
1,LRTA,Baclaran - Roosevelt,Urban railway line serving 20 stations between Balaran and Roosevelt,2,ROUTE_880747,881445,882216
1,LRTA,Baclaran - Roosevelt,Urban railway line serving 20 stations between Balaran and Roosevelt,2,ROUTE_880747,881445,882216
2,LRTA,Recto - Santolan,Light rail line serving 11 stations between Recto and Santolan,2,ROUTE_880801,880772,880815
2,LRTA,Recto - Santolan,Light rail line serving 11 stations between Recto and Santolan,2,ROUTE_880801,880772,880815
2,LRTA,Recto - Santolan,Light rail line serving 11 stations between Recto and Santolan,2,ROUTE_880801,880772,880815
2,LRTA,Recto - Santolan,Light rail line serving 11 stations between Recto and Santolan,2,ROUTE_880801,880772,880815
2,LRTA,Recto - Santolan,Light rail line serving 11 stations between Recto and Santolan,2,ROUTE_880801,880772,880815
2,LRTA,Recto - Santolan,Light rail line serving 11 stations between Recto and Santolan,2,ROUTE_880801,880772,880815
2,LRTA,Recto - Santolan,Light rail line serving 11 stations between Recto and Santolan,2,ROUTE_880801,880772,880815
2,LRTA,Recto - Santolan,Light rail line serving 11 stations between Recto and Santolan,2,ROUTE_880801,880772,880815
2,LRTA,Recto - Santolan,Light rail line serving 11 stations between Recto and Santolan,2,ROUTE_880801,880772,880815
2,LRTA,Recto - Santolan,Light rail line serving 11 stations between Recto and Santolan,2,ROUTE_880801,880772,880815
2,LRTA,Recto - Santolan,Light rail line serving 11 stations between Recto and Santolan,2,ROUTE_880801,880772,880815
2,LRTA,Recto - Santolan,Light rail line serving 11 stations between Recto and Santolan,2,ROUTE_880801,880772,880815
2,LRTA,Recto - Santolan,Light rail line serving 11 stations between Recto and Santolan,2,ROUTE_880801,880772,880815
2,LRTA,Recto - Santolan,Light rail line serving 11 stations between Recto and Santolan,2,ROUTE_880801,880772,880815
2,LRTA,Recto - Santolan,Light rail line serving 11 stations between Recto and Santolan,2,ROUTE_880801,880772,880815
2,LRTA,Recto - Santolan,Light rail line serving 11 stations between Recto and Santolan,2,ROUTE_880801,880772,880815
2,LRTA,Recto - Santolan,Light rail line serving 11 stations between Recto and Santolan,2,ROUTE_880801,880772,880815
2,LRTA,Recto - Santolan,Light rail line serving 11 stations between Recto and Santolan,2,ROUTE_880801,880772,880815
2,LRTA,Recto - Santolan,Light rail line serving 11 stations between Recto and Santolan,2,ROUTE_880801,880772,880815
2,LRTA,Recto - Santolan,Light rail line serving 11 stations between Recto and Santolan,2,ROUTE_880801,880772,880815
2,LRTA,Recto - Santolan,Light rail line serving 11 stations between Recto and Santolan,2,ROUTE_880801,880772,880815
2,LRTA,Recto - Santolan,Light rail line serving 11 stations between Recto and Santolan,2,ROUTE_880801,880772,880815
2,LRTA,Recto - Santolan,Light rail line serving 11 stations between Recto and Santolan,2,ROUTE_880801,880772,880815
2,LRTA,Recto - Santolan,Light rail line serving 11 stations between Recto and Santolan,2,ROUTE_880801,880772,880815
2,LRTA,Recto - Santolan,Light rail line serving 11 stations between Recto and Santolan,2,ROUTE_880801,880772,880815
2,LRTA,Recto - Santolan,Light rail line serving 11 stations between Recto and Santolan,2,ROUTE_880801,880772,880815
2,LRTA,Recto - Santolan,Light rail line serving 11 stations between Recto and Santolan,2,ROUTE_880801,880772,880815
2,LRTA,Recto - Santolan,Light rail line serving 11 stations between Recto and Santolan,2,ROUTE_880801,880772,880815
2,LRTA,Recto - Santolan,Light rail line serving 11 stations between Recto and Santolan,2,ROUTE_880801,880772,880815
2,LRTA,Recto - Santolan,Light rail line serving 11 stations between Recto and Santolan,2,ROUTE_880801,880772,880815
2,LRTA,Recto - Santolan,Light rail line serving 11 stations between Recto and Santolan,2,ROUTE_880801,880772,880815
2,LRTA,Recto - Santolan,Light rail line serving 11 stations between Recto and Santolan,2,ROUTE_880801,880772,880815
2,LRTA,Recto - Santolan,Light rail line serving 11 stations between Recto and Santolan,2,ROUTE_880801,880772,880815
2,LRTA,Recto - Santolan,Light rail line serving 11 stations between Recto and Santolan,2,ROUTE_880801,880772,880815
2,LRTA,Recto - Santolan,Light rail line serving 11 stations between Recto and Santolan,2,ROUTE_880801,880772,880815
2,LRTA,Recto - Santolan,Light rail line serving 11 stations between Recto and Santolan,2,ROUTE_880801,880772,880815
2,LRTA,Recto - Santolan,Light rail line serving 11 stations between Recto and Santolan,2,ROUTE_880801,880772,880815
2,LRTA,Recto - Santolan,Light rail line serving 11 stations between Recto and Santolan,2,ROUTE_880801,880772,880815
2,LRTA,Recto - Santolan,Light rail line serving 11 stations between Recto and Santolan,2,ROUTE_880801,880772,880815
2,LRTA,Recto - Santolan,Light rail line serving 11 stations between Recto and Santolan,2,ROUTE_880801,880772,880815
2,LRTA,Recto - Santolan,Light rail line serving 11 stations between Recto and Santolan,2,ROUTE_880801,880772,880815
2,LRTA,Recto - Santolan,Light rail line serving 11 stations between Recto and Santolan,2,ROUTE_880801,880772,880815
2,LRTA,Recto - Santolan,Light rail line serving 11 stations between Recto and Santolan,2,ROUTE_880801,880772,880815
2,LRTA,Recto - Santolan,Light rail line serving 11 stations between Recto and Santolan,2,ROUTE_880801,880772,880815
2,LRTA,Recto - Santolan,Light rail line serving 11 stations between Recto and Santolan,2,ROUTE_880801,880772,880815
2,LRTA,Recto - Santolan,Light rail line serving 11 stations between Recto and Santolan,2,ROUTE_880801,880772,880815
2,LRTA,Recto - Santolan,Light rail line serving 11 stations between Recto and Santolan,2,ROUTE_880801,880772,880815
2,LRTA,Recto - Santolan,Light rail line serving 11 stations between Recto and Santolan,2,ROUTE_880801,880772,880815
2,LRTA,Recto - Santolan,Light rail line serving 11 stations between Recto and Santolan,2,ROUTE_880801,880772,880815
2,LRTA,Recto - Santolan,Light rail line serving 11 stations between Recto and Santolan,2,ROUTE_880801,880772,880815
2,LRTA,Recto - Santolan,Light rail line serving 11 stations between Recto and Santolan,2,ROUTE_880801,880772,880815
2,LRTA,Recto - Santolan,Light rail line serving 11 stations between Recto and Santolan,2,ROUTE_880801,880772,880815
2,LRTA,Recto - Santolan,Light rail line serving 11 stations between Recto and Santolan,2,ROUTE_880801,880772,880815
2,LRTA,Recto - Santolan,Light rail line serving 11 stations between Recto and Santolan,2,ROUTE_880801,880772,880815
2,LRTA,Recto - Santolan,Light rail line serving 11 stations between Recto and Santolan,2,ROUTE_880801,880772,880815
2,LRTA,Recto - Santolan,Light rail line serving 11 stations between Recto and Santolan,2,ROUTE_880801,880772,880815
2,LRTA,Recto - Santolan,Light rail line serving 11 stations between Recto and Santolan,2,ROUTE_880801,880772,882129
2,LRTA,Recto - Santolan,Light rail line serving 11 stations between Recto and Santolan,2,ROUTE_880801,880772,882129
2,LRTA,Recto - Santolan,Light rail line serving 11 stations between Recto and Santolan,2,ROUTE_880801,880772,882129
2,LRTA,Recto - Santolan,Light rail line serving 11 stations between Recto and Santolan,2,ROUTE_880801,880772,882129
2,LRTA,Recto - Santolan,Light rail line serving 11 stations between Recto and Santolan,2,ROUTE_880801,880772,882129
2,LRTA,Recto - Santolan,Light rail line serving 11 stations between Recto and Santolan,2,ROUTE_880801,880772,882129
2,LRTA,Recto - Santolan,Light rail line serving 11 stations between Recto and Santolan,2,ROUTE_880801,880772,882129
2,LRTA,Recto - Santolan,Light rail line serving 11 stations between Recto and Santolan,2,ROUTE_880801,880772,882129
2,LRTA,Recto - Santolan,Light rail line serving 11 stations between Recto and Santolan,2,ROUTE_880801,880772,882129
2,LRTA,Recto - Santolan,Light rail line serving 11 stations between Recto and Santolan,2,ROUTE_880801,880772,882129
2,LRTA,Recto - Santolan,Light rail line serving 11 stations between Recto and Santolan,2,ROUTE_880801,880772,882129
2,LRTA,Recto - Santolan,Light rail line serving 11 stations between Recto and Santolan,2,ROUTE_880801,880772,882129
2,LRTA,Recto - Santolan,Light rail line serving 11 stations between Recto and Santolan,2,ROUTE_880801,880772,882129
2,LRTA,Recto - Santolan,Light rail line serving 11 stations between Recto and Santolan,2,ROUTE_880801,880772,882129
2,LRTA,Recto - Santolan,Light rail line serving 11 stations between Recto and Santolan,2,ROUTE_880801,880772,882129
2,LRTA,Recto - Santolan,Light rail line serving 11 stations between Recto and Santolan,2,ROUTE_880801,880772,882129
2,LRTA,Recto - Santolan,Light rail line serving 11 stations between Recto and Santolan,2,ROUTE_880801,880772,882129
2,LRTA,Recto - Santolan,Light rail line serving 11 stations between Recto and Santolan,2,ROUTE_880801,880772,882129
2,LRTA,Recto - Santolan,Light rail line serving 11 stations between Recto and Santolan,2,ROUTE_880801,880772,882129
2,LRTA,Recto - Santolan,Light rail line serving 11 stations between Recto and Santolan,2,ROUTE_880801,880772,882129
2,LRTA,Recto - Santolan,Light rail line serving 11 stations between Recto and Santolan,2,ROUTE_880801,880772,882129
2,LRTA,Recto - Santolan,Light rail line serving 11 stations between Recto and Santolan,2,ROUTE_880801,880772,882129
2,LRTA,Recto - Santolan,Light rail line serving 11 stations between Recto and Santolan,2,ROUTE_880801,880772,882129
2,LRTA,Recto - Santolan,Light rail line serving 11 stations between Recto and Santolan,2,ROUTE_880801,880772,882129
2,LRTA,Recto - Santolan,Light rail line serving 11 stations between Recto and Santolan,2,ROUTE_880801,880772,882129
2,LRTA,Recto - Santolan,Light rail line serving 11 stations between Recto and Santolan,2,ROUTE_880801,880772,882129
2,LRTA,Recto - Santolan,Light rail line serving 11 stations between Recto and Santolan,2,ROUTE_880801,880772,882129
2,LRTA,Recto - Santolan,Light rail line serving 11 stations between Recto and Santolan,2,ROUTE_880801,880772,882129
2,LRTA,Recto - Santolan,Light rail line serving 11 stations between Recto and Santolan,2,ROUTE_880801,880772,882129
2,LRTA,Recto - Santolan,Light rail line serving 11 stations between Recto and Santolan,2,ROUTE_880801,880772,882129
2,LRTA,Recto - Santolan,Light rail line serving 11 stations between Recto and Santolan,2,ROUTE_880801,880772,882129
2,LRTA,Recto - Santolan,Light rail line serving 11 stations between Recto and Santolan,2,ROUTE_880801,880772,882129
2,LRTA,Recto - Santolan,Light rail line serving 11 stations between Recto and Santolan,2,ROUTE_880801,880772,882129
2,LRTA,Recto - Santolan,Light rail line serving 11 stations between Recto and Santolan,2,ROUTE_880801,880772,882129
2,LRTA,Recto - Santolan,Light rail line serving 11 stations between Recto and Santolan,2,ROUTE_880801,880772,882129
2,LRTA,Recto - Santolan,Light rail line serving 11 stations between Recto and Santolan,2,ROUTE_880801,880772,882129
2,LRTA,Recto - Santolan,Light rail line serving 11 stations between Recto and Santolan,2,ROUTE_880801,880772,882129
2,LRTA,Recto - Santolan,Light rail line serving 11 stations between Recto and Santolan,2,ROUTE_880801,880772,882129
2,LRTA,Recto - Santolan,Light rail line serving 11 stations between Recto and Santolan,2,ROUTE_880801,880772,882129
2,LRTA,Recto - Santolan,Light rail line serving 11 stations between Recto and Santolan,2,ROUTE_880801,880772,882129
2,LRTA,Recto - Santolan,Light rail line serving 11 stations between Recto and Santolan,2,ROUTE_880801,880772,882129
2,LRTA,Recto - Santolan,Light rail line serving 11 stations between Recto and Santolan,2,ROUTE_880801,880772,882129
2,LRTA,Recto - Santolan,Light rail line serving 11 stations between Recto and Santolan,2,ROUTE_880801,880772,882129
2,LRTA,Recto - Santolan,Light rail line serving 11 stations between Recto and Santolan,2,ROUTE_880801,880772,882129
2,LRTA,Recto - Santolan,Light rail line serving 11 stations between Recto and Santolan,2,ROUTE_880801,880772,882129
2,LRTA,Recto - Santolan,Light rail line serving 11 stations between Recto and Santolan,2,ROUTE_880801,880772,882129
2,LRTA,Recto - Santolan,Light rail line serving 11 stations between Recto and Santolan,2,ROUTE_880801,880772,882129
2,LRTA,Recto - Santolan,Light rail line serving 11 stations between Recto and Santolan,2,ROUTE_880801,880772,882129
2,LRTA,Recto - Santolan,Light rail line serving 11 stations between Recto and Santolan,2,ROUTE_880801,880772,882129
2,LRTA,Recto - Santolan,Light rail line serving 11 stations between Recto and Santolan,2,ROUTE_880801,880772,882129
2,LRTA,Recto - Santolan,Light rail line serving 11 stations between Recto and Santolan,2,ROUTE_880801,880772,882129
2,LRTA,Recto - Santolan,Light rail line serving 11 stations between Recto and Santolan,2,ROUTE_880801,880772,882129
2,LRTA,Recto - Santolan,Light rail line serving 11 stations between Recto and Santolan,2,ROUTE_880801,880772,882129
2,LRTA,Recto - Santolan,Light rail line serving 11 stations between Recto and Santolan,2,ROUTE_880801,880772,882129
2,LRTA,Recto - Santolan,Light rail line serving 11 stations between Recto and Santolan,2,ROUTE_880801,880772,882129
2,LRTA,Recto - Santolan,Light rail line serving 11 stations between Recto and Santolan,2,ROUTE_880801,880772,882129
2,LRTA,Recto - Santolan,Light rail line serving 11 stations between Recto and Santolan,2,ROUTE_880801,880772,882130
2,LRTA,Recto - Santolan,Light rail line serving 11 stations between Recto and Santolan,2,ROUTE_880801,880772,882130
2,LRTA,Recto - Santolan,Light rail line serving 11 stations between Recto and Santolan,2,ROUTE_880801,880772,882130
2,LRTA,Recto - Santolan,Light rail line serving 11 stations between Recto and Santolan,2,ROUTE_880801,880772,882130
2,LRTA,Recto - Santolan,Light rail line serving 11 stations between Recto and Santolan,2,ROUTE_880801,880772,882130
2,LRTA,Recto - Santolan,Light rail line serving 11 stations between Recto and Santolan,2,ROUTE_880801,880772,882130
2,LRTA,Recto - Santolan,Light rail line serving 11 stations between Recto and Santolan,2,ROUTE_880801,880772,882130
2,LRTA,Recto - Santolan,Light rail line serving 11 stations between Recto and Santolan,2,ROUTE_880801,880772,882130
2,LRTA,Recto - Santolan,Light rail line serving 11 stations between Recto and Santolan,2,ROUTE_880801,880772,882130
2,LRTA,Recto - Santolan,Light rail line serving 11 stations between Recto and Santolan,2,ROUTE_880801,880772,882130
2,LRTA,Recto - Santolan,Light rail line serving 11 stations between Recto and Santolan,2,ROUTE_880801,880772,882130
2,LRTA,Recto - Santolan,Light rail line serving 11 stations between Recto and Santolan,2,ROUTE_880801,880772,882130
2,LRTA,Recto - Santolan,Light rail line serving 11 stations between Recto and Santolan,2,ROUTE_880801,880772,882130
2,LRTA,Recto - Santolan,Light rail line serving 11 stations between Recto and Santolan,2,ROUTE_880801,880772,882130
2,LRTA,Recto - Santolan,Light rail line serving 11 stations between Recto and Santolan,2,ROUTE_880801,880772,882130
2,LRTA,Recto - Santolan,Light rail line serving 11 stations between Recto and Santolan,2,ROUTE_880801,880772,882130
2,LRTA,Recto - Santolan,Light rail line serving 11 stations between Recto and Santolan,2,ROUTE_880801,880772,882130
2,LRTA,Recto - Santolan,Light rail line serving 11 stations between Recto and Santolan,2,ROUTE_880801,880772,882130
2,LRTA,Recto - Santolan,Light rail line serving 11 stations between Recto and Santolan,2,ROUTE_880801,880772,882130
2,LRTA,Recto - Santolan,Light rail line serving 11 stations between Recto and Santolan,2,ROUTE_880801,880772,882130
2,LRTA,Recto - Santolan,Light rail line serving 11 stations between Recto and Santolan,2,ROUTE_880801,880772,882130
2,LRTA,Recto - Santolan,Light rail line serving 11 stations between Recto and Santolan,2,ROUTE_880801,880772,882130
2,LRTA,Recto - Santolan,Light rail line serving 11 stations between Recto and Santolan,2,ROUTE_880801,880772,882130
2,LRTA,Recto - Santolan,Light rail line serving 11 stations between Recto and Santolan,2,ROUTE_880801,880772,882130
2,LRTA,Recto - Santolan,Light rail line serving 11 stations between Recto and Santolan,2,ROUTE_880801,880772,882130
2,LRTA,Recto - Santolan,Light rail line serving 11 stations between Recto and Santolan,2,ROUTE_880801,880772,882130
2,LRTA,Recto - Santolan,Light rail line serving 11 stations between Recto and Santolan,2,ROUTE_880801,880772,882130
2,LRTA,Recto - Santolan,Light rail line serving 11 stations between Recto and Santolan,2,ROUTE_880801,880772,882130
2,LRTA,Recto - Santolan,Light rail line serving 11 stations between Recto and Santolan,2,ROUTE_880801,880772,882130
2,LRTA,Recto - Santolan,Light rail line serving 11 stations between Recto and Santolan,2,ROUTE_880801,880772,882130
2,LRTA,Recto - Santolan,Light rail line serving 11 stations between Recto and Santolan,2,ROUTE_880801,880772,882130
2,LRTA,Recto - Santolan,Light rail line serving 11 stations between Recto and Santolan,2,ROUTE_880801,880772,882130
2,LRTA,Recto - Santolan,Light rail line serving 11 stations between Recto and Santolan,2,ROUTE_880801,880772,882130
2,LRTA,Recto - Santolan,Light rail line serving 11 stations between Recto and Santolan,2,ROUTE_880801,880772,882130
2,LRTA,Recto - Santolan,Light rail line serving 11 stations between Recto and Santolan,2,ROUTE_880801,880772,882130
2,LRTA,Recto - Santolan,Light rail line serving 11 stations between Recto and Santolan,2,ROUTE_880801,880772,882130
2,LRTA,Recto - Santolan,Light rail line serving 11 stations between Recto and Santolan,2,ROUTE_880801,880772,882130
2,LRTA,Recto - Santolan,Light rail line serving 11 stations between Recto and Santolan,2,ROUTE_880801,880772,882130
2,LRTA,Recto - Santolan,Light rail line serving 11 stations between Recto and Santolan,2,ROUTE_880801,880772,882130
2,LRTA,Recto - Santolan,Light rail line serving 11 stations between Recto and Santolan,2,ROUTE_880801,880772,882130
2,LRTA,Recto - Santolan,Light rail line serving 11 stations between Recto and Santolan,2,ROUTE_880801,880772,882130
2,LRTA,Recto - Santolan,Light rail line serving 11 stations between Recto and Santolan,2,ROUTE_880801,880772,882130
2,LRTA,Recto - Santolan,Light rail line serving 11 stations between Recto and Santolan,2,ROUTE_880801,880772,882130
2,LRTA,Recto - Santolan,Light rail line serving 11 stations between Recto and Santolan,2,ROUTE_880801,880772,882130
2,LRTA,Recto - Santolan,Light rail line serving 11 stations between Recto and Santolan,2,ROUTE_880801,880772,882130
2,LRTA,Recto - Santolan,Light rail line serving 11 stations between Recto and Santolan,2,ROUTE_880801,880772,882130
2,LRTA,Recto - Santolan,Light rail line serving 11 stations between Recto and Santolan,2,ROUTE_880801,880772,882130
2,LRTA,Recto - Santolan,Light rail line serving 11 stations between Recto and Santolan,2,ROUTE_880801,880772,882130
2,LRTA,Recto - Santolan,Light rail line serving 11 stations between Recto and Santolan,2,ROUTE_880801,880772,882130
2,LRTA,Recto - Santolan,Light rail line serving 11 stations between Recto and Santolan,2,ROUTE_880801,880772,882130
2,LRTA,Recto - Santolan,Light rail line serving 11 stations between Recto and Santolan,2,ROUTE_880801,880772,882130
2,LRTA,Recto - Santolan,Light rail line serving 11 stations between Recto and Santolan,2,ROUTE_880801,880772,882130
2,LRTA,Recto - Santolan,Light rail line serving 11 stations between Recto and Santolan,2,ROUTE_880801,880772,882130
2,LRTA,Recto - Santolan,Light rail line serving 11 stations between Recto and Santolan,2,ROUTE_880801,880772,882130
2,LRTA,Recto - Santolan,Light rail line serving 11 stations between Recto and Santolan,2,ROUTE_880801,880772,882130
2,LRTA,Recto - Santolan,Light rail line serving 11 stations between Recto and Santolan,2,ROUTE_880801,880772,882130
2,LRTA,Recto - Santolan,Light rail line serving 11 stations between Recto and Santolan,2,ROUTE_880801,880772,882131
2,LRTA,Recto - Santolan,Light rail line serving 11 stations between Recto and Santolan,2,ROUTE_880801,880772,882131
2,LRTA,Recto - Santolan,Light rail line serving 11 stations between Recto and Santolan,2,ROUTE_880801,880772,882131
2,LRTA,Recto - Santolan,Light rail line serving 11 stations between Recto and Santolan,2,ROUTE_880801,880772,882131
2,LRTA,Recto - Santolan,Light rail line serving 11 stations between Recto and Santolan,2,ROUTE_880801,880772,882131
2,LRTA,Recto - Santolan,Light rail line serving 11 stations between Recto and Santolan,2,ROUTE_880801,880772,882131
2,LRTA,Recto - Santolan,Light rail line serving 11 stations between Recto and Santolan,2,ROUTE_880801,880772,882131
2,LRTA,Recto - Santolan,Light rail line serving 11 stations between Recto and Santolan,2,ROUTE_880801,880772,882131
2,LRTA,Recto - Santolan,Light rail line serving 11 stations between Recto and Santolan,2,ROUTE_880801,880772,882131
2,LRTA,Recto - Santolan,Light rail line serving 11 stations between Recto and Santolan,2,ROUTE_880801,880772,882131
2,LRTA,Recto - Santolan,Light rail line serving 11 stations between Recto and Santolan,2,ROUTE_880801,880772,882131
2,LRTA,Recto - Santolan,Light rail line serving 11 stations between Recto and Santolan,2,ROUTE_880801,880772,882131
2,LRTA,Recto - Santolan,Light rail line serving 11 stations between Recto and Santolan,2,ROUTE_880801,880772,882131
2,LRTA,Recto - Santolan,Light rail line serving 11 stations between Recto and Santolan,2,ROUTE_880801,880772,882131
2,LRTA,Recto - Santolan,Light rail line serving 11 stations between Recto and Santolan,2,ROUTE_880801,880772,882131
2,LRTA,Recto - Santolan,Light rail line serving 11 stations between Recto and Santolan,2,ROUTE_880801,880772,882131
2,LRTA,Recto - Santolan,Light rail line serving 11 stations between Recto and Santolan,2,ROUTE_880801,880772,882131
2,LRTA,Recto - Santolan,Light rail line serving 11 stations between Recto and Santolan,2,ROUTE_880801,880772,882131
2,LRTA,Recto - Santolan,Light rail line serving 11 stations between Recto and Santolan,2,ROUTE_880801,880772,882131
2,LRTA,Recto - Santolan,Light rail line serving 11 stations between Recto and Santolan,2,ROUTE_880801,880772,882131
2,LRTA,Recto - Santolan,Light rail line serving 11 stations between Recto and Santolan,2,ROUTE_880801,880772,882131
2,LRTA,Recto - Santolan,Light rail line serving 11 stations between Recto and Santolan,2,ROUTE_880801,880772,882131
2,LRTA,Recto - Santolan,Light rail line serving 11 stations between Recto and Santolan,2,ROUTE_880801,880772,882131
2,LRTA,Recto - Santolan,Light rail line serving 11 stations between Recto and Santolan,2,ROUTE_880801,880772,882131
2,LRTA,Recto - Santolan,Light rail line serving 11 stations between Recto and Santolan,2,ROUTE_880801,880772,882131
2,LRTA,Recto - Santolan,Light rail line serving 11 stations between Recto and Santolan,2,ROUTE_880801,880772,882131
2,LRTA,Recto - Santolan,Light rail line serving 11 stations between Recto and Santolan,2,ROUTE_880801,880772,882131
2,LRTA,Recto - Santolan,Light rail line serving 11 stations between Recto and Santolan,2,ROUTE_880801,880772,882131
2,LRTA,Recto - Santolan,Light rail line serving 11 stations between Recto and Santolan,2,ROUTE_880801,880772,882131
2,LRTA,Recto - Santolan,Light rail line serving 11 stations between Recto and Santolan,2,ROUTE_880801,880772,882131
2,LRTA,Recto - Santolan,Light rail line serving 11 stations between Recto and Santolan,2,ROUTE_880801,880772,882131
2,LRTA,Recto - Santolan,Light rail line serving 11 stations between Recto and Santolan,2,ROUTE_880801,880772,882131
2,LRTA,Recto - Santolan,Light rail line serving 11 stations between Recto and Santolan,2,ROUTE_880801,880772,882131
2,LRTA,Recto - Santolan,Light rail line serving 11 stations between Recto and Santolan,2,ROUTE_880801,880772,882131
2,LRTA,Recto - Santolan,Light rail line serving 11 stations between Recto and Santolan,2,ROUTE_880801,880772,882131
2,LRTA,Recto - Santolan,Light rail line serving 11 stations between Recto and Santolan,2,ROUTE_880801,880772,882131
2,LRTA,Recto - Santolan,Light rail line serving 11 stations between Recto and Santolan,2,ROUTE_880801,880772,882131
2,LRTA,Recto - Santolan,Light rail line serving 11 stations between Recto and Santolan,2,ROUTE_880801,880772,882131
2,LRTA,Recto - Santolan,Light rail line serving 11 stations between Recto and Santolan,2,ROUTE_880801,880772,882131
2,LRTA,Recto - Santolan,Light rail line serving 11 stations between Recto and Santolan,2,ROUTE_880801,880772,882131
2,LRTA,Recto - Santolan,Light rail line serving 11 stations between Recto and Santolan,2,ROUTE_880801,880772,882131
2,LRTA,Recto - Santolan,Light rail line serving 11 stations between Recto and Santolan,2,ROUTE_880801,880772,882131
2,LRTA,Recto - Santolan,Light rail line serving 11 stations between Recto and Santolan,2,ROUTE_880801,880772,882131
2,LRTA,Recto - Santolan,Light rail line serving 11 stations between Recto and Santolan,2,ROUTE_880801,880772,882131
2,LRTA,Recto - Santolan,Light rail line serving 11 stations between Recto and Santolan,2,ROUTE_880801,880772,882131
2,LRTA,Recto - Santolan,Light rail line serving 11 stations between Recto and Santolan,2,ROUTE_880801,880772,882131
2,LRTA,Recto - Santolan,Light rail line serving 11 stations between Recto and Santolan,2,ROUTE_880801,880772,882131
2,LRTA,Recto - Santolan,Light rail line serving 11 stations between Recto and Santolan,2,ROUTE_880801,880772,882131
2,LRTA,Recto - Santolan,Light rail line serving 11 stations between Recto and Santolan,2,ROUTE_880801,880772,882131
2,LRTA,Recto - Santolan,Light rail line serving 11 stations between Recto and Santolan,2,ROUTE_880801,880772,882131
2,LRTA,Recto - Santolan,Light rail line serving 11 stations between Recto and Santolan,2,ROUTE_880801,880772,882131
2,LRTA,Recto - Santolan,Light rail line serving 11 stations between Recto and Santolan,2,ROUTE_880801,880772,882131
2,LRTA,Recto - Santolan,Light rail line serving 11 stations between Recto and Santolan,2,ROUTE_880801,880772,882131
2,LRTA,Recto - Santolan,Light rail line serving 11 stations between Recto and Santolan,2,ROUTE_880801,880772,882131
2,LRTA,Recto - Santolan,Light rail line serving 11 stations between Recto and Santolan,2,ROUTE_880801,880772,882131
2,LRTA,Recto - Santolan,Light rail line serving 11 stations between Recto and Santolan,2,ROUTE_880801,880772,882131
2,LRTA,Recto - Santolan,Light rail line serving 11 stations between Recto and Santolan,2,ROUTE_880801,880772,882132
2,LRTA,Recto - Santolan,Light rail line serving 11 stations between Recto and Santolan,2,ROUTE_880801,880772,882132
2,LRTA,Recto - Santolan,Light rail line serving 11 stations between Recto and Santolan,2,ROUTE_880801,880772,882132
2,LRTA,Recto - Santolan,Light rail line serving 11 stations between Recto and Santolan,2,ROUTE_880801,880772,882132
2,LRTA,Recto - Santolan,Light rail line serving 11 stations between Recto and Santolan,2,ROUTE_880801,880772,882132
2,LRTA,Recto - Santolan,Light rail line serving 11 stations between Recto and Santolan,2,ROUTE_880801,880772,882132
2,LRTA,Recto - Santolan,Light rail line serving 11 stations between Recto and Santolan,2,ROUTE_880801,880772,882132
2,LRTA,Recto - Santolan,Light rail line serving 11 stations between Recto and Santolan,2,ROUTE_880801,880772,882132
2,LRTA,Recto - Santolan,Light rail line serving 11 stations between Recto and Santolan,2,ROUTE_880801,880772,882132
2,LRTA,Recto - Santolan,Light rail line serving 11 stations between Recto and Santolan,2,ROUTE_880801,880772,882132
2,LRTA,Recto - Santolan,Light rail line serving 11 stations between Recto and Santolan,2,ROUTE_880801,880772,882132
2,LRTA,Recto - Santolan,Light rail line serving 11 stations between Recto and Santolan,2,ROUTE_880801,880772,882132
2,LRTA,Recto - Santolan,Light rail line serving 11 stations between Recto and Santolan,2,ROUTE_880801,880772,882132
2,LRTA,Recto - Santolan,Light rail line serving 11 stations between Recto and Santolan,2,ROUTE_880801,880772,882132
2,LRTA,Recto - Santolan,Light rail line serving 11 stations between Recto and Santolan,2,ROUTE_880801,880772,882132
2,LRTA,Recto - Santolan,Light rail line serving 11 stations between Recto and Santolan,2,ROUTE_880801,880772,882132
2,LRTA,Recto - Santolan,Light rail line serving 11 stations between Recto and Santolan,2,ROUTE_880801,880772,882132
2,LRTA,Recto - Santolan,Light rail line serving 11 stations between Recto and Santolan,2,ROUTE_880801,880772,882132
2,LRTA,Recto - Santolan,Light rail line serving 11 stations between Recto and Santolan,2,ROUTE_880801,880772,882132
2,LRTA,Recto - Santolan,Light rail line serving 11 stations between Recto and Santolan,2,ROUTE_880801,880772,882132
2,LRTA,Recto - Santolan,Light rail line serving 11 stations between Recto and Santolan,2,ROUTE_880801,880772,882132
2,LRTA,Recto - Santolan,Light rail line serving 11 stations between Recto and Santolan,2,ROUTE_880801,880772,882132
2,LRTA,Recto - Santolan,Light rail line serving 11 stations between Recto and Santolan,2,ROUTE_880801,880772,882132
2,LRTA,Recto - Santolan,Light rail line serving 11 stations between Recto and Santolan,2,ROUTE_880801,880772,882132
2,LRTA,Recto - Santolan,Light rail line serving 11 stations between Recto and Santolan,2,ROUTE_880801,880772,882132
2,LRTA,Recto - Santolan,Light rail line serving 11 stations between Recto and Santolan,2,ROUTE_880801,880772,882132
2,LRTA,Recto - Santolan,Light rail line serving 11 stations between Recto and Santolan,2,ROUTE_880801,880772,882132
2,LRTA,Recto - Santolan,Light rail line serving 11 stations between Recto and Santolan,2,ROUTE_880801,880772,882132
2,LRTA,Recto - Santolan,Light rail line serving 11 stations between Recto and Santolan,2,ROUTE_880801,880772,882132
2,LRTA,Recto - Santolan,Light rail line serving 11 stations between Recto and Santolan,2,ROUTE_880801,880772,882132
2,LRTA,Recto - Santolan,Light rail line serving 11 stations between Recto and Santolan,2,ROUTE_880801,880772,882132
2,LRTA,Recto - Santolan,Light rail line serving 11 stations between Recto and Santolan,2,ROUTE_880801,880772,882132
2,LRTA,Recto - Santolan,Light rail line serving 11 stations between Recto and Santolan,2,ROUTE_880801,880772,882132
2,LRTA,Recto - Santolan,Light rail line serving 11 stations between Recto and Santolan,2,ROUTE_880801,880772,882132
2,LRTA,Recto - Santolan,Light rail line serving 11 stations between Recto and Santolan,2,ROUTE_880801,880772,882132
2,LRTA,Recto - Santolan,Light rail line serving 11 stations between Recto and Santolan,2,ROUTE_880801,880772,882132
2,LRTA,Recto - Santolan,Light rail line serving 11 stations between Recto and Santolan,2,ROUTE_880801,880772,882132
2,LRTA,Recto - Santolan,Light rail line serving 11 stations between Recto and Santolan,2,ROUTE_880801,880772,882132
2,LRTA,Recto - Santolan,Light rail line serving 11 stations between Recto and Santolan,2,ROUTE_880801,880772,882132
2,LRTA,Recto - Santolan,Light rail line serving 11 stations between Recto and Santolan,2,ROUTE_880801,880772,882132
2,LRTA,Recto - Santolan,Light rail line serving 11 stations between Recto and Santolan,2,ROUTE_880801,880772,882132
2,LRTA,Recto - Santolan,Light rail line serving 11 stations between Recto and Santolan,2,ROUTE_880801,880772,882132
2,LRTA,Recto - Santolan,Light rail line serving 11 stations between Recto and Santolan,2,ROUTE_880801,880772,882132
2,LRTA,Recto - Santolan,Light rail line serving 11 stations between Recto and Santolan,2,ROUTE_880801,880772,882132
2,LRTA,Recto - Santolan,Light rail line serving 11 stations between Recto and Santolan,2,ROUTE_880801,880772,882132
2,LRTA,Recto - Santolan,Light rail line serving 11 stations between Recto and Santolan,2,ROUTE_880801,880772,882132
2,LRTA,Recto - Santolan,Light rail line serving 11 stations between Recto and Santolan,2,ROUTE_880801,880772,882132
2,LRTA,Recto - Santolan,Light rail line serving 11 stations between Recto and Santolan,2,ROUTE_880801,880772,882132
2,LRTA,Recto - Santolan,Light rail line serving 11 stations between Recto and Santolan,2,ROUTE_880801,880772,882132
2,LRTA,Recto - Santolan,Light rail line serving 11 stations between Recto and Santolan,2,ROUTE_880801,880772,882132
2,LRTA,Recto - Santolan,Light rail line serving 11 stations between Recto and Santolan,2,ROUTE_880801,880772,882132
2,LRTA,Recto - Santolan,Light rail line serving 11 stations between Recto and Santolan,2,ROUTE_880801,880772,882132
2,LRTA,Recto - Santolan,Light rail line serving 11 stations between Recto and Santolan,2,ROUTE_880801,880772,882132
2,LRTA,Recto - Santolan,Light rail line serving 11 stations between Recto and Santolan,2,ROUTE_880801,880772,882132
2,LRTA,Recto - Santolan,Light rail line serving 11 stations between Recto and Santolan,2,ROUTE_880801,880772,882132
2,LRTA,Recto - Santolan,Light rail line serving 11 stations between Recto and Santolan,2,ROUTE_880801,880772,882132
2,LRTA,Recto - Santolan,Light rail line serving 11 stations between Recto and Santolan,2,ROUTE_880801,880772,882135
2,LRTA,Recto - Santolan,Light rail line serving 11 stations between Recto and Santolan,2,ROUTE_880801,880772,882135
2,LRTA,Recto - Santolan,Light rail line serving 11 stations between Recto and Santolan,2,ROUTE_880801,880772,882135
2,LRTA,Recto - Santolan,Light rail line serving 11 stations between Recto and Santolan,2,ROUTE_880801,880772,882135
2,LRTA,Recto - Santolan,Light rail line serving 11 stations between Recto and Santolan,2,ROUTE_880801,880772,882135
2,LRTA,Recto - Santolan,Light rail line serving 11 stations between Recto and Santolan,2,ROUTE_880801,880772,882135
2,LRTA,Recto - Santolan,Light rail line serving 11 stations between Recto and Santolan,2,ROUTE_880801,880772,882135
2,LRTA,Recto - Santolan,Light rail line serving 11 stations between Recto and Santolan,2,ROUTE_880801,880772,882135
2,LRTA,Recto - Santolan,Light rail line serving 11 stations between Recto and Santolan,2,ROUTE_880801,880772,882135
2,LRTA,Recto - Santolan,Light rail line serving 11 stations between Recto and Santolan,2,ROUTE_880801,880772,882135
2,LRTA,Recto - Santolan,Light rail line serving 11 stations between Recto and Santolan,2,ROUTE_880801,880772,882135
2,LRTA,Recto - Santolan,Light rail line serving 11 stations between Recto and Santolan,2,ROUTE_880801,880772,882135
2,LRTA,Recto - Santolan,Light rail line serving 11 stations between Recto and Santolan,2,ROUTE_880801,880772,882135
2,LRTA,Recto - Santolan,Light rail line serving 11 stations between Recto and Santolan,2,ROUTE_880801,880772,882135
2,LRTA,Recto - Santolan,Light rail line serving 11 stations between Recto and Santolan,2,ROUTE_880801,880772,882135
2,LRTA,Recto - Santolan,Light rail line serving 11 stations between Recto and Santolan,2,ROUTE_880801,880772,882135
2,LRTA,Recto - Santolan,Light rail line serving 11 stations between Recto and Santolan,2,ROUTE_880801,880772,882135
2,LRTA,Recto - Santolan,Light rail line serving 11 stations between Recto and Santolan,2,ROUTE_880801,880772,882135
2,LRTA,Recto - Santolan,Light rail line serving 11 stations between Recto and Santolan,2,ROUTE_880801,880772,882135
2,LRTA,Recto - Santolan,Light rail line serving 11 stations between Recto and Santolan,2,ROUTE_880801,880772,882135
2,LRTA,Recto - Santolan,Light rail line serving 11 stations between Recto and Santolan,2,ROUTE_880801,880772,882135
2,LRTA,Recto - Santolan,Light rail line serving 11 stations between Recto and Santolan,2,ROUTE_880801,880772,882135
2,LRTA,Recto - Santolan,Light rail line serving 11 stations between Recto and Santolan,2,ROUTE_880801,880772,882135
2,LRTA,Recto - Santolan,Light rail line serving 11 stations between Recto and Santolan,2,ROUTE_880801,880772,882135
2,LRTA,Recto - Santolan,Light rail line serving 11 stations between Recto and Santolan,2,ROUTE_880801,880772,882135
2,LRTA,Recto - Santolan,Light rail line serving 11 stations between Recto and Santolan,2,ROUTE_880801,880772,882135
2,LRTA,Recto - Santolan,Light rail line serving 11 stations between Recto and Santolan,2,ROUTE_880801,880772,882135
2,LRTA,Recto - Santolan,Light rail line serving 11 stations between Recto and Santolan,2,ROUTE_880801,880772,882135
2,LRTA,Recto - Santolan,Light rail line serving 11 stations between Recto and Santolan,2,ROUTE_880801,880772,882135
2,LRTA,Recto - Santolan,Light rail line serving 11 stations between Recto and Santolan,2,ROUTE_880801,880772,882135
2,LRTA,Recto - Santolan,Light rail line serving 11 stations between Recto and Santolan,2,ROUTE_880801,880772,882135
2,LRTA,Recto - Santolan,Light rail line serving 11 stations between Recto and Santolan,2,ROUTE_880801,880772,882135
2,LRTA,Recto - Santolan,Light rail line serving 11 stations between Recto and Santolan,2,ROUTE_880801,880772,882135
2,LRTA,Recto - Santolan,Light rail line serving 11 stations between Recto and Santolan,2,ROUTE_880801,880772,882135
2,LRTA,Recto - Santolan,Light rail line serving 11 stations between Recto and Santolan,2,ROUTE_880801,880772,882135
2,LRTA,Recto - Santolan,Light rail line serving 11 stations between Recto and Santolan,2,ROUTE_880801,880772,882135
2,LRTA,Recto - Santolan,Light rail line serving 11 stations between Recto and Santolan,2,ROUTE_880801,880772,882135
2,LRTA,Recto - Santolan,Light rail line serving 11 stations between Recto and Santolan,2,ROUTE_880801,880772,882135
2,LRTA,Recto - Santolan,Light rail line serving 11 stations between Recto and Santolan,2,ROUTE_880801,880772,882135
2,LRTA,Recto - Santolan,Light rail line serving 11 stations between Recto and Santolan,2,ROUTE_880801,880772,882135
2,LRTA,Recto - Santolan,Light rail line serving 11 stations between Recto and Santolan,2,ROUTE_880801,880772,882135
2,LRTA,Recto - Santolan,Light rail line serving 11 stations between Recto and Santolan,2,ROUTE_880801,880772,882135
2,LRTA,Recto - Santolan,Light rail line serving 11 stations between Recto and Santolan,2,ROUTE_880801,880772,882135
2,LRTA,Recto - Santolan,Light rail line serving 11 stations between Recto and Santolan,2,ROUTE_880801,880772,882135
2,LRTA,Recto - Santolan,Light rail line serving 11 stations between Recto and Santolan,2,ROUTE_880801,880772,882135
2,LRTA,Recto - Santolan,Light rail line serving 11 stations between Recto and Santolan,2,ROUTE_880801,880772,882135
2,LRTA,Recto - Santolan,Light rail line serving 11 stations between Recto and Santolan,2,ROUTE_880801,880772,882135
2,LRTA,Recto - Santolan,Light rail line serving 11 stations between Recto and Santolan,2,ROUTE_880801,880772,882135
2,LRTA,Recto - Santolan,Light rail line serving 11 stations between Recto and Santolan,2,ROUTE_880801,880772,882135
2,LRTA,Recto - Santolan,Light rail line serving 11 stations between Recto and Santolan,2,ROUTE_880801,880772,882135
2,LRTA,Recto - Santolan,Light rail line serving 11 stations between Recto and Santolan,2,ROUTE_880801,880772,882135
2,LRTA,Recto - Santolan,Light rail line serving 11 stations between Recto and Santolan,2,ROUTE_880801,880772,882135
2,LRTA,Recto - Santolan,Light rail line serving 11 stations between Recto and Santolan,2,ROUTE_880801,880772,882135
2,LRTA,Recto - Santolan,Light rail line serving 11 stations between Recto and Santolan,2,ROUTE_880801,880772,882135
2,LRTA,Recto - Santolan,Light rail line serving 11 stations between Recto and Santolan,2,ROUTE_880801,880772,882135
2,LRTA,Recto - Santolan,Light rail line serving 11 stations between Recto and Santolan,2,ROUTE_880801,880772,882135
2,LRTA,Recto - Santolan,Light rail line serving 11 stations between Recto and Santolan,2,ROUTE_880801,880772,882136
2,LRTA,Recto - Santolan,Light rail line serving 11 stations between Recto and Santolan,2,ROUTE_880801,880772,882136
2,LRTA,Recto - Santolan,Light rail line serving 11 stations between Recto and Santolan,2,ROUTE_880801,880772,882136
2,LRTA,Recto - Santolan,Light rail line serving 11 stations between Recto and Santolan,2,ROUTE_880801,880772,882136
2,LRTA,Recto - Santolan,Light rail line serving 11 stations between Recto and Santolan,2,ROUTE_880801,880772,882136
2,LRTA,Recto - Santolan,Light rail line serving 11 stations between Recto and Santolan,2,ROUTE_880801,880772,882136
2,LRTA,Recto - Santolan,Light rail line serving 11 stations between Recto and Santolan,2,ROUTE_880801,880772,882136
2,LRTA,Recto - Santolan,Light rail line serving 11 stations between Recto and Santolan,2,ROUTE_880801,880772,882136
2,LRTA,Recto - Santolan,Light rail line serving 11 stations between Recto and Santolan,2,ROUTE_880801,880772,882136
2,LRTA,Recto - Santolan,Light rail line serving 11 stations between Recto and Santolan,2,ROUTE_880801,880772,882136
2,LRTA,Recto - Santolan,Light rail line serving 11 stations between Recto and Santolan,2,ROUTE_880801,880772,882136
2,LRTA,Recto - Santolan,Light rail line serving 11 stations between Recto and Santolan,2,ROUTE_880801,880772,882136
2,LRTA,Recto - Santolan,Light rail line serving 11 stations between Recto and Santolan,2,ROUTE_880801,880772,882136
2,LRTA,Recto - Santolan,Light rail line serving 11 stations between Recto and Santolan,2,ROUTE_880801,880772,882136
2,LRTA,Recto - Santolan,Light rail line serving 11 stations between Recto and Santolan,2,ROUTE_880801,880772,882136
2,LRTA,Recto - Santolan,Light rail line serving 11 stations between Recto and Santolan,2,ROUTE_880801,880772,882136
2,LRTA,Recto - Santolan,Light rail line serving 11 stations between Recto and Santolan,2,ROUTE_880801,880772,882136
2,LRTA,Recto - Santolan,Light rail line serving 11 stations between Recto and Santolan,2,ROUTE_880801,880772,882136
2,LRTA,Recto - Santolan,Light rail line serving 11 stations between Recto and Santolan,2,ROUTE_880801,880772,882136
2,LRTA,Recto - Santolan,Light rail line serving 11 stations between Recto and Santolan,2,ROUTE_880801,880772,882136
2,LRTA,Recto - Santolan,Light rail line serving 11 stations between Recto and Santolan,2,ROUTE_880801,880772,882136
2,LRTA,Recto - Santolan,Light rail line serving 11 stations between Recto and Santolan,2,ROUTE_880801,880772,882136
2,LRTA,Recto - Santolan,Light rail line serving 11 stations between Recto and Santolan,2,ROUTE_880801,880772,882136
2,LRTA,Recto - Santolan,Light rail line serving 11 stations between Recto and Santolan,2,ROUTE_880801,880772,882136
2,LRTA,Recto - Santolan,Light rail line serving 11 stations between Recto and Santolan,2,ROUTE_880801,880772,882136
2,LRTA,Recto - Santolan,Light rail line serving 11 stations between Recto and Santolan,2,ROUTE_880801,880772,882136
2,LRTA,Recto - Santolan,Light rail line serving 11 stations between Recto and Santolan,2,ROUTE_880801,880772,882136
2,LRTA,Recto - Santolan,Light rail line serving 11 stations between Recto and Santolan,2,ROUTE_880801,880772,882136
2,LRTA,Recto - Santolan,Light rail line serving 11 stations between Recto and Santolan,2,ROUTE_880801,880772,882136
2,LRTA,Recto - Santolan,Light rail line serving 11 stations between Recto and Santolan,2,ROUTE_880801,880772,882136
2,LRTA,Recto - Santolan,Light rail line serving 11 stations between Recto and Santolan,2,ROUTE_880801,880772,882136
2,LRTA,Recto - Santolan,Light rail line serving 11 stations between Recto and Santolan,2,ROUTE_880801,880772,882136
2,LRTA,Recto - Santolan,Light rail line serving 11 stations between Recto and Santolan,2,ROUTE_880801,880772,882136
2,LRTA,Recto - Santolan,Light rail line serving 11 stations between Recto and Santolan,2,ROUTE_880801,880772,882136
2,LRTA,Recto - Santolan,Light rail line serving 11 stations between Recto and Santolan,2,ROUTE_880801,880772,882136
2,LRTA,Recto - Santolan,Light rail line serving 11 stations between Recto and Santolan,2,ROUTE_880801,880772,882136
2,LRTA,Recto - Santolan,Light rail line serving 11 stations between Recto and Santolan,2,ROUTE_880801,880772,882136
2,LRTA,Recto - Santolan,Light rail line serving 11 stations between Recto and Santolan,2,ROUTE_880801,880772,882136
2,LRTA,Recto - Santolan,Light rail line serving 11 stations between Recto and Santolan,2,ROUTE_880801,880772,882136
2,LRTA,Recto - Santolan,Light rail line serving 11 stations between Recto and Santolan,2,ROUTE_880801,880772,882136
2,LRTA,Recto - Santolan,Light rail line serving 11 stations between Recto and Santolan,2,ROUTE_880801,880772,882136
2,LRTA,Recto - Santolan,Light rail line serving 11 stations between Recto and Santolan,2,ROUTE_880801,880772,882136
2,LRTA,Recto - Santolan,Light rail line serving 11 stations between Recto and Santolan,2,ROUTE_880801,880772,882136
2,LRTA,Recto - Santolan,Light rail line serving 11 stations between Recto and Santolan,2,ROUTE_880801,880772,882136
2,LRTA,Recto - Santolan,Light rail line serving 11 stations between Recto and Santolan,2,ROUTE_880801,880772,882136
2,LRTA,Recto - Santolan,Light rail line serving 11 stations between Recto and Santolan,2,ROUTE_880801,880772,882136
2,LRTA,Recto - Santolan,Light rail line serving 11 stations between Recto and Santolan,2,ROUTE_880801,880772,882136
2,LRTA,Recto - Santolan,Light rail line serving 11 stations between Recto and Santolan,2,ROUTE_880801,880772,882136
2,LRTA,Recto - Santolan,Light rail line serving 11 stations between Recto and Santolan,2,ROUTE_880801,880772,882136
2,LRTA,Recto - Santolan,Light rail line serving 11 stations between Recto and Santolan,2,ROUTE_880801,880772,882136
2,LRTA,Recto - Santolan,Light rail line serving 11 stations between Recto and Santolan,2,ROUTE_880801,880772,882136
2,LRTA,Recto - Santolan,Light rail line serving 11 stations between Recto and Santolan,2,ROUTE_880801,880772,882136
2,LRTA,Recto - Santolan,Light rail line serving 11 stations between Recto and Santolan,2,ROUTE_880801,880772,882136
2,LRTA,Recto - Santolan,Light rail line serving 11 stations between Recto and Santolan,2,ROUTE_880801,880772,882136
2,LRTA,Recto - Santolan,Light rail line serving 11 stations between Recto and Santolan,2,ROUTE_880801,880772,882136
2,LRTA,Recto - Santolan,Light rail line serving 11 stations between Recto and Santolan,2,ROUTE_880801,880772,882136
2,LRTA,Recto - Santolan,Light rail line serving 11 stations between Recto and Santolan,2,ROUTE_880801,880772,882137
2,LRTA,Recto - Santolan,Light rail line serving 11 stations between Recto and Santolan,2,ROUTE_880801,880772,882137
2,LRTA,Recto - Santolan,Light rail line serving 11 stations between Recto and Santolan,2,ROUTE_880801,880772,882137
2,LRTA,Recto - Santolan,Light rail line serving 11 stations between Recto and Santolan,2,ROUTE_880801,880772,882137
2,LRTA,Recto - Santolan,Light rail line serving 11 stations between Recto and Santolan,2,ROUTE_880801,880772,882137
2,LRTA,Recto - Santolan,Light rail line serving 11 stations between Recto and Santolan,2,ROUTE_880801,880772,882137
2,LRTA,Recto - Santolan,Light rail line serving 11 stations between Recto and Santolan,2,ROUTE_880801,880772,882137
2,LRTA,Recto - Santolan,Light rail line serving 11 stations between Recto and Santolan,2,ROUTE_880801,880772,882137
2,LRTA,Recto - Santolan,Light rail line serving 11 stations between Recto and Santolan,2,ROUTE_880801,880772,882137
2,LRTA,Recto - Santolan,Light rail line serving 11 stations between Recto and Santolan,2,ROUTE_880801,880772,882137
2,LRTA,Recto - Santolan,Light rail line serving 11 stations between Recto and Santolan,2,ROUTE_880801,880772,882137
2,LRTA,Recto - Santolan,Light rail line serving 11 stations between Recto and Santolan,2,ROUTE_880801,880772,882137
2,LRTA,Recto - Santolan,Light rail line serving 11 stations between Recto and Santolan,2,ROUTE_880801,880772,882137
2,LRTA,Recto - Santolan,Light rail line serving 11 stations between Recto and Santolan,2,ROUTE_880801,880772,882137
2,LRTA,Recto - Santolan,Light rail line serving 11 stations between Recto and Santolan,2,ROUTE_880801,880772,882137
2,LRTA,Recto - Santolan,Light rail line serving 11 stations between Recto and Santolan,2,ROUTE_880801,880772,882137
2,LRTA,Recto - Santolan,Light rail line serving 11 stations between Recto and Santolan,2,ROUTE_880801,880772,882137
2,LRTA,Recto - Santolan,Light rail line serving 11 stations between Recto and Santolan,2,ROUTE_880801,880772,882137
2,LRTA,Recto - Santolan,Light rail line serving 11 stations between Recto and Santolan,2,ROUTE_880801,880772,882137
2,LRTA,Recto - Santolan,Light rail line serving 11 stations between Recto and Santolan,2,ROUTE_880801,880772,882137
2,LRTA,Recto - Santolan,Light rail line serving 11 stations between Recto and Santolan,2,ROUTE_880801,880772,882137
2,LRTA,Recto - Santolan,Light rail line serving 11 stations between Recto and Santolan,2,ROUTE_880801,880772,882137
2,LRTA,Recto - Santolan,Light rail line serving 11 stations between Recto and Santolan,2,ROUTE_880801,880772,882137
2,LRTA,Recto - Santolan,Light rail line serving 11 stations between Recto and Santolan,2,ROUTE_880801,880772,882137
2,LRTA,Recto - Santolan,Light rail line serving 11 stations between Recto and Santolan,2,ROUTE_880801,880772,882137
2,LRTA,Recto - Santolan,Light rail line serving 11 stations between Recto and Santolan,2,ROUTE_880801,880772,882137
2,LRTA,Recto - Santolan,Light rail line serving 11 stations between Recto and Santolan,2,ROUTE_880801,880772,882137
2,LRTA,Recto - Santolan,Light rail line serving 11 stations between Recto and Santolan,2,ROUTE_880801,880772,882137
2,LRTA,Recto - Santolan,Light rail line serving 11 stations between Recto and Santolan,2,ROUTE_880801,880772,882137
2,LRTA,Recto - Santolan,Light rail line serving 11 stations between Recto and Santolan,2,ROUTE_880801,880772,882137
2,LRTA,Recto - Santolan,Light rail line serving 11 stations between Recto and Santolan,2,ROUTE_880801,880772,882137
2,LRTA,Recto - Santolan,Light rail line serving 11 stations between Recto and Santolan,2,ROUTE_880801,880772,882137
2,LRTA,Recto - Santolan,Light rail line serving 11 stations between Recto and Santolan,2,ROUTE_880801,880772,882137
2,LRTA,Recto - Santolan,Light rail line serving 11 stations between Recto and Santolan,2,ROUTE_880801,880772,882137
2,LRTA,Recto - Santolan,Light rail line serving 11 stations between Recto and Santolan,2,ROUTE_880801,880772,882137
2,LRTA,Recto - Santolan,Light rail line serving 11 stations between Recto and Santolan,2,ROUTE_880801,880772,882137
2,LRTA,Recto - Santolan,Light rail line serving 11 stations between Recto and Santolan,2,ROUTE_880801,880772,882137
2,LRTA,Recto - Santolan,Light rail line serving 11 stations between Recto and Santolan,2,ROUTE_880801,880772,882137
2,LRTA,Recto - Santolan,Light rail line serving 11 stations between Recto and Santolan,2,ROUTE_880801,880772,882137
2,LRTA,Recto - Santolan,Light rail line serving 11 stations between Recto and Santolan,2,ROUTE_880801,880772,882137
2,LRTA,Recto - Santolan,Light rail line serving 11 stations between Recto and Santolan,2,ROUTE_880801,880772,882137
2,LRTA,Recto - Santolan,Light rail line serving 11 stations between Recto and Santolan,2,ROUTE_880801,880772,882137
2,LRTA,Recto - Santolan,Light rail line serving 11 stations between Recto and Santolan,2,ROUTE_880801,880772,882137
2,LRTA,Recto - Santolan,Light rail line serving 11 stations between Recto and Santolan,2,ROUTE_880801,880772,882137
2,LRTA,Recto - Santolan,Light rail line serving 11 stations between Recto and Santolan,2,ROUTE_880801,880772,882137
2,LRTA,Recto - Santolan,Light rail line serving 11 stations between Recto and Santolan,2,ROUTE_880801,880772,882137
2,LRTA,Recto - Santolan,Light rail line serving 11 stations between Recto and Santolan,2,ROUTE_880801,880772,882137
2,LRTA,Recto - Santolan,Light rail line serving 11 stations between Recto and Santolan,2,ROUTE_880801,880772,882137
2,LRTA,Recto - Santolan,Light rail line serving 11 stations between Recto and Santolan,2,ROUTE_880801,880772,882137
2,LRTA,Recto - Santolan,Light rail line serving 11 stations between Recto and Santolan,2,ROUTE_880801,880772,882137
2,LRTA,Recto - Santolan,Light rail line serving 11 stations between Recto and Santolan,2,ROUTE_880801,880772,882137
2,LRTA,Recto - Santolan,Light rail line serving 11 stations between Recto and Santolan,2,ROUTE_880801,880772,882137
2,LRTA,Recto - Santolan,Light rail line serving 11 stations between Recto and Santolan,2,ROUTE_880801,880772,882137
2,LRTA,Recto - Santolan,Light rail line serving 11 stations between Recto and Santolan,2,ROUTE_880801,880772,882137
2,LRTA,Recto - Santolan,Light rail line serving 11 stations between Recto and Santolan,2,ROUTE_880801,880772,882137
2,LRTA,Recto - Santolan,Light rail line serving 11 stations between Recto and Santolan,2,ROUTE_880801,880772,882137
2,LRTA,Recto - Santolan,Light rail line serving 11 stations between Recto and Santolan,2,ROUTE_880801,880772,882138
2,LRTA,Recto - Santolan,Light rail line serving 11 stations between Recto and Santolan,2,ROUTE_880801,880772,882138
2,LRTA,Recto - Santolan,Light rail line serving 11 stations between Recto and Santolan,2,ROUTE_880801,880772,882138
2,LRTA,Recto - Santolan,Light rail line serving 11 stations between Recto and Santolan,2,ROUTE_880801,880772,882138
2,LRTA,Recto - Santolan,Light rail line serving 11 stations between Recto and Santolan,2,ROUTE_880801,880772,882138
2,LRTA,Recto - Santolan,Light rail line serving 11 stations between Recto and Santolan,2,ROUTE_880801,880772,882138
2,LRTA,Recto - Santolan,Light rail line serving 11 stations between Recto and Santolan,2,ROUTE_880801,880772,882138
2,LRTA,Recto - Santolan,Light rail line serving 11 stations between Recto and Santolan,2,ROUTE_880801,880772,882138
2,LRTA,Recto - Santolan,Light rail line serving 11 stations between Recto and Santolan,2,ROUTE_880801,880772,882138
2,LRTA,Recto - Santolan,Light rail line serving 11 stations between Recto and Santolan,2,ROUTE_880801,880772,882138
2,LRTA,Recto - Santolan,Light rail line serving 11 stations between Recto and Santolan,2,ROUTE_880801,880772,882138
2,LRTA,Recto - Santolan,Light rail line serving 11 stations between Recto and Santolan,2,ROUTE_880801,880772,882138
2,LRTA,Recto - Santolan,Light rail line serving 11 stations between Recto and Santolan,2,ROUTE_880801,880772,882138
2,LRTA,Recto - Santolan,Light rail line serving 11 stations between Recto and Santolan,2,ROUTE_880801,880772,882138
2,LRTA,Recto - Santolan,Light rail line serving 11 stations between Recto and Santolan,2,ROUTE_880801,880772,882138
2,LRTA,Recto - Santolan,Light rail line serving 11 stations between Recto and Santolan,2,ROUTE_880801,880772,882138
2,LRTA,Recto - Santolan,Light rail line serving 11 stations between Recto and Santolan,2,ROUTE_880801,880772,882138
2,LRTA,Recto - Santolan,Light rail line serving 11 stations between Recto and Santolan,2,ROUTE_880801,880772,882138
2,LRTA,Recto - Santolan,Light rail line serving 11 stations between Recto and Santolan,2,ROUTE_880801,880772,882138
2,LRTA,Recto - Santolan,Light rail line serving 11 stations between Recto and Santolan,2,ROUTE_880801,880772,882138
2,LRTA,Recto - Santolan,Light rail line serving 11 stations between Recto and Santolan,2,ROUTE_880801,880772,882138
2,LRTA,Recto - Santolan,Light rail line serving 11 stations between Recto and Santolan,2,ROUTE_880801,880772,882138
2,LRTA,Recto - Santolan,Light rail line serving 11 stations between Recto and Santolan,2,ROUTE_880801,880772,882138
2,LRTA,Recto - Santolan,Light rail line serving 11 stations between Recto and Santolan,2,ROUTE_880801,880772,882138
2,LRTA,Recto - Santolan,Light rail line serving 11 stations between Recto and Santolan,2,ROUTE_880801,880772,882138
2,LRTA,Recto - Santolan,Light rail line serving 11 stations between Recto and Santolan,2,ROUTE_880801,880772,882138
2,LRTA,Recto - Santolan,Light rail line serving 11 stations between Recto and Santolan,2,ROUTE_880801,880772,882138
2,LRTA,Recto - Santolan,Light rail line serving 11 stations between Recto and Santolan,2,ROUTE_880801,880772,882138
2,LRTA,Recto - Santolan,Light rail line serving 11 stations between Recto and Santolan,2,ROUTE_880801,880772,882138
2,LRTA,Recto - Santolan,Light rail line serving 11 stations between Recto and Santolan,2,ROUTE_880801,880772,882138
2,LRTA,Recto - Santolan,Light rail line serving 11 stations between Recto and Santolan,2,ROUTE_880801,880772,882138
2,LRTA,Recto - Santolan,Light rail line serving 11 stations between Recto and Santolan,2,ROUTE_880801,880772,882138
2,LRTA,Recto - Santolan,Light rail line serving 11 stations between Recto and Santolan,2,ROUTE_880801,880772,882138
2,LRTA,Recto - Santolan,Light rail line serving 11 stations between Recto and Santolan,2,ROUTE_880801,880772,882138
2,LRTA,Recto - Santolan,Light rail line serving 11 stations between Recto and Santolan,2,ROUTE_880801,880772,882138
2,LRTA,Recto - Santolan,Light rail line serving 11 stations between Recto and Santolan,2,ROUTE_880801,880772,882138
2,LRTA,Recto - Santolan,Light rail line serving 11 stations between Recto and Santolan,2,ROUTE_880801,880772,882138
2,LRTA,Recto - Santolan,Light rail line serving 11 stations between Recto and Santolan,2,ROUTE_880801,880772,882138
2,LRTA,Recto - Santolan,Light rail line serving 11 stations between Recto and Santolan,2,ROUTE_880801,880772,882138
2,LRTA,Recto - Santolan,Light rail line serving 11 stations between Recto and Santolan,2,ROUTE_880801,880772,882138
2,LRTA,Recto - Santolan,Light rail line serving 11 stations between Recto and Santolan,2,ROUTE_880801,880772,882138
2,LRTA,Recto - Santolan,Light rail line serving 11 stations between Recto and Santolan,2,ROUTE_880801,880772,882138
2,LRTA,Recto - Santolan,Light rail line serving 11 stations between Recto and Santolan,2,ROUTE_880801,880772,882138
2,LRTA,Recto - Santolan,Light rail line serving 11 stations between Recto and Santolan,2,ROUTE_880801,880772,882138
2,LRTA,Recto - Santolan,Light rail line serving 11 stations between Recto and Santolan,2,ROUTE_880801,880772,882138
2,LRTA,Recto - Santolan,Light rail line serving 11 stations between Recto and Santolan,2,ROUTE_880801,880772,882138
2,LRTA,Recto - Santolan,Light rail line serving 11 stations between Recto and Santolan,2,ROUTE_880801,880772,882138
2,LRTA,Recto - Santolan,Light rail line serving 11 stations between Recto and Santolan,2,ROUTE_880801,880772,882138
2,LRTA,Recto - Santolan,Light rail line serving 11 stations between Recto and Santolan,2,ROUTE_880801,880772,882138
2,LRTA,Recto - Santolan,Light rail line serving 11 stations between Recto and Santolan,2,ROUTE_880801,880772,882138
2,LRTA,Recto - Santolan,Light rail line serving 11 stations between Recto and Santolan,2,ROUTE_880801,880772,882138
2,LRTA,Recto - Santolan,Light rail line serving 11 stations between Recto and Santolan,2,ROUTE_880801,880772,882138
2,LRTA,Recto - Santolan,Light rail line serving 11 stations between Recto and Santolan,2,ROUTE_880801,880772,882138
2,LRTA,Recto - Santolan,Light rail line serving 11 stations between Recto and Santolan,2,ROUTE_880801,880772,882138
2,LRTA,Recto - Santolan,Light rail line serving 11 stations between Recto and Santolan,2,ROUTE_880801,880772,882138
2,LRTA,Recto - Santolan,Light rail line serving 11 stations between Recto and Santolan,2,ROUTE_880801,880772,882138
2,LRTA,Recto - Santolan,Light rail line serving 11 stations between Recto and Santolan,2,ROUTE_880801,880772,882139
2,LRTA,Recto - Santolan,Light rail line serving 11 stations between Recto and Santolan,2,ROUTE_880801,880772,882139
2,LRTA,Recto - Santolan,Light rail line serving 11 stations between Recto and Santolan,2,ROUTE_880801,880772,882139
2,LRTA,Recto - Santolan,Light rail line serving 11 stations between Recto and Santolan,2,ROUTE_880801,880772,882139
2,LRTA,Recto - Santolan,Light rail line serving 11 stations between Recto and Santolan,2,ROUTE_880801,880772,882139
2,LRTA,Recto - Santolan,Light rail line serving 11 stations between Recto and Santolan,2,ROUTE_880801,880772,882139
2,LRTA,Recto - Santolan,Light rail line serving 11 stations between Recto and Santolan,2,ROUTE_880801,880772,882139
2,LRTA,Recto - Santolan,Light rail line serving 11 stations between Recto and Santolan,2,ROUTE_880801,880772,882139
2,LRTA,Recto - Santolan,Light rail line serving 11 stations between Recto and Santolan,2,ROUTE_880801,880772,882139
2,LRTA,Recto - Santolan,Light rail line serving 11 stations between Recto and Santolan,2,ROUTE_880801,880772,882139
2,LRTA,Recto - Santolan,Light rail line serving 11 stations between Recto and Santolan,2,ROUTE_880801,880772,882139
2,LRTA,Recto - Santolan,Light rail line serving 11 stations between Recto and Santolan,2,ROUTE_880801,880772,882139
2,LRTA,Recto - Santolan,Light rail line serving 11 stations between Recto and Santolan,2,ROUTE_880801,880772,882139
2,LRTA,Recto - Santolan,Light rail line serving 11 stations between Recto and Santolan,2,ROUTE_880801,880772,882139
2,LRTA,Recto - Santolan,Light rail line serving 11 stations between Recto and Santolan,2,ROUTE_880801,880772,882139
2,LRTA,Recto - Santolan,Light rail line serving 11 stations between Recto and Santolan,2,ROUTE_880801,880772,882139
2,LRTA,Recto - Santolan,Light rail line serving 11 stations between Recto and Santolan,2,ROUTE_880801,880772,882139
2,LRTA,Recto - Santolan,Light rail line serving 11 stations between Recto and Santolan,2,ROUTE_880801,880772,882139
2,LRTA,Recto - Santolan,Light rail line serving 11 stations between Recto and Santolan,2,ROUTE_880801,880772,882139
2,LRTA,Recto - Santolan,Light rail line serving 11 stations between Recto and Santolan,2,ROUTE_880801,880772,882139
2,LRTA,Recto - Santolan,Light rail line serving 11 stations between Recto and Santolan,2,ROUTE_880801,880772,882139
2,LRTA,Recto - Santolan,Light rail line serving 11 stations between Recto and Santolan,2,ROUTE_880801,880772,882139
2,LRTA,Recto - Santolan,Light rail line serving 11 stations between Recto and Santolan,2,ROUTE_880801,880772,882139
2,LRTA,Recto - Santolan,Light rail line serving 11 stations between Recto and Santolan,2,ROUTE_880801,880772,882139
2,LRTA,Recto - Santolan,Light rail line serving 11 stations between Recto and Santolan,2,ROUTE_880801,880772,882139
2,LRTA,Recto - Santolan,Light rail line serving 11 stations between Recto and Santolan,2,ROUTE_880801,880772,882139
2,LRTA,Recto - Santolan,Light rail line serving 11 stations between Recto and Santolan,2,ROUTE_880801,880772,882139
2,LRTA,Recto - Santolan,Light rail line serving 11 stations between Recto and Santolan,2,ROUTE_880801,880772,882139
2,LRTA,Recto - Santolan,Light rail line serving 11 stations between Recto and Santolan,2,ROUTE_880801,880772,882139
2,LRTA,Recto - Santolan,Light rail line serving 11 stations between Recto and Santolan,2,ROUTE_880801,880772,882139
2,LRTA,Recto - Santolan,Light rail line serving 11 stations between Recto and Santolan,2,ROUTE_880801,880772,882139
2,LRTA,Recto - Santolan,Light rail line serving 11 stations between Recto and Santolan,2,ROUTE_880801,880772,882139
2,LRTA,Recto - Santolan,Light rail line serving 11 stations between Recto and Santolan,2,ROUTE_880801,880772,882139
2,LRTA,Recto - Santolan,Light rail line serving 11 stations between Recto and Santolan,2,ROUTE_880801,880772,882139
2,LRTA,Recto - Santolan,Light rail line serving 11 stations between Recto and Santolan,2,ROUTE_880801,880772,882139
2,LRTA,Recto - Santolan,Light rail line serving 11 stations between Recto and Santolan,2,ROUTE_880801,880772,882139
2,LRTA,Recto - Santolan,Light rail line serving 11 stations between Recto and Santolan,2,ROUTE_880801,880772,882139
2,LRTA,Recto - Santolan,Light rail line serving 11 stations between Recto and Santolan,2,ROUTE_880801,880772,882139
2,LRTA,Recto - Santolan,Light rail line serving 11 stations between Recto and Santolan,2,ROUTE_880801,880772,882139
2,LRTA,Recto - Santolan,Light rail line serving 11 stations between Recto and Santolan,2,ROUTE_880801,880772,882139
2,LRTA,Recto - Santolan,Light rail line serving 11 stations between Recto and Santolan,2,ROUTE_880801,880772,882139
2,LRTA,Recto - Santolan,Light rail line serving 11 stations between Recto and Santolan,2,ROUTE_880801,880772,882139
2,LRTA,Recto - Santolan,Light rail line serving 11 stations between Recto and Santolan,2,ROUTE_880801,880772,882139
2,LRTA,Recto - Santolan,Light rail line serving 11 stations between Recto and Santolan,2,ROUTE_880801,880772,882139
2,LRTA,Recto - Santolan,Light rail line serving 11 stations between Recto and Santolan,2,ROUTE_880801,880772,882139
2,LRTA,Recto - Santolan,Light rail line serving 11 stations between Recto and Santolan,2,ROUTE_880801,880772,882139
2,LRTA,Recto - Santolan,Light rail line serving 11 stations between Recto and Santolan,2,ROUTE_880801,880772,882139
2,LRTA,Recto - Santolan,Light rail line serving 11 stations between Recto and Santolan,2,ROUTE_880801,880772,882139
2,LRTA,Recto - Santolan,Light rail line serving 11 stations between Recto and Santolan,2,ROUTE_880801,880772,882139
2,LRTA,Recto - Santolan,Light rail line serving 11 stations between Recto and Santolan,2,ROUTE_880801,880772,882139
2,LRTA,Recto - Santolan,Light rail line serving 11 stations between Recto and Santolan,2,ROUTE_880801,880772,882139
2,LRTA,Recto - Santolan,Light rail line serving 11 stations between Recto and Santolan,2,ROUTE_880801,880772,882139
2,LRTA,Recto - Santolan,Light rail line serving 11 stations between Recto and Santolan,2,ROUTE_880801,880772,882139
2,LRTA,Recto - Santolan,Light rail line serving 11 stations between Recto and Santolan,2,ROUTE_880801,880772,882139
2,LRTA,Recto - Santolan,Light rail line serving 11 stations between Recto and Santolan,2,ROUTE_880801,880772,882139
2,LRTA,Recto - Santolan,Light rail line serving 11 stations between Recto and Santolan,2,ROUTE_880801,880772,882139
2,LRTA,Recto - Santolan,Light rail line serving 11 stations between Recto and Santolan,2,ROUTE_880801,881397,882133
2,LRTA,Recto - Santolan,Light rail line serving 11 stations between Recto and Santolan,2,ROUTE_880801,881397,882133
2,LRTA,Recto - Santolan,Light rail line serving 11 stations between Recto and Santolan,2,ROUTE_880801,881397,882133
2,LRTA,Recto - Santolan,Light rail line serving 11 stations between Recto and Santolan,2,ROUTE_880801,881397,882133
2,LRTA,Recto - Santolan,Light rail line serving 11 stations between Recto and Santolan,2,ROUTE_880801,881397,882133
2,LRTA,Recto - Santolan,Light rail line serving 11 stations between Recto and Santolan,2,ROUTE_880801,881397,882133
2,LRTA,Recto - Santolan,Light rail line serving 11 stations between Recto and Santolan,2,ROUTE_880801,881397,882133
2,LRTA,Recto - Santolan,Light rail line serving 11 stations between Recto and Santolan,2,ROUTE_880801,881397,882133
2,LRTA,Recto - Santolan,Light rail line serving 11 stations between Recto and Santolan,2,ROUTE_880801,881397,882133
2,LRTA,Recto - Santolan,Light rail line serving 11 stations between Recto and Santolan,2,ROUTE_880801,881397,882133
2,LRTA,Recto - Santolan,Light rail line serving 11 stations between Recto and Santolan,2,ROUTE_880801,881397,882133
2,LRTA,Recto - Santolan,Light rail line serving 11 stations between Recto and Santolan,2,ROUTE_880801,881397,882133
2,LRTA,Recto - Santolan,Light rail line serving 11 stations between Recto and Santolan,2,ROUTE_880801,881397,882133
2,LRTA,Recto - Santolan,Light rail line serving 11 stations between Recto and Santolan,2,ROUTE_880801,881397,882133
2,LRTA,Recto - Santolan,Light rail line serving 11 stations between Recto and Santolan,2,ROUTE_880801,881397,882133
2,LRTA,Recto - Santolan,Light rail line serving 11 stations between Recto and Santolan,2,ROUTE_880801,881397,882133
2,LRTA,Recto - Santolan,Light rail line serving 11 stations between Recto and Santolan,2,ROUTE_880801,881397,882133
2,LRTA,Recto - Santolan,Light rail line serving 11 stations between Recto and Santolan,2,ROUTE_880801,881397,882133
2,LRTA,Recto - Santolan,Light rail line serving 11 stations between Recto and Santolan,2,ROUTE_880801,881397,882133
2,LRTA,Recto - Santolan,Light rail line serving 11 stations between Recto and Santolan,2,ROUTE_880801,881397,882133
2,LRTA,Recto - Santolan,Light rail line serving 11 stations between Recto and Santolan,2,ROUTE_880801,881397,882133
2,LRTA,Recto - Santolan,Light rail line serving 11 stations between Recto and Santolan,2,ROUTE_880801,881397,882133
2,LRTA,Recto - Santolan,Light rail line serving 11 stations between Recto and Santolan,2,ROUTE_880801,881397,882133
2,LRTA,Recto - Santolan,Light rail line serving 11 stations between Recto and Santolan,2,ROUTE_880801,881397,882133
2,LRTA,Recto - Santolan,Light rail line serving 11 stations between Recto and Santolan,2,ROUTE_880801,881397,882133
2,LRTA,Recto - Santolan,Light rail line serving 11 stations between Recto and Santolan,2,ROUTE_880801,881397,882133
2,LRTA,Recto - Santolan,Light rail line serving 11 stations between Recto and Santolan,2,ROUTE_880801,881397,882133
2,LRTA,Recto - Santolan,Light rail line serving 11 stations between Recto and Santolan,2,ROUTE_880801,881397,882133
2,LRTA,Recto - Santolan,Light rail line serving 11 stations between Recto and Santolan,2,ROUTE_880801,881397,882133
2,LRTA,Recto - Santolan,Light rail line serving 11 stations between Recto and Santolan,2,ROUTE_880801,881397,882133
2,LRTA,Recto - Santolan,Light rail line serving 11 stations between Recto and Santolan,2,ROUTE_880801,881397,882133
2,LRTA,Recto - Santolan,Light rail line serving 11 stations between Recto and Santolan,2,ROUTE_880801,881397,882133
2,LRTA,Recto - Santolan,Light rail line serving 11 stations between Recto and Santolan,2,ROUTE_880801,881397,882133
2,LRTA,Recto - Santolan,Light rail line serving 11 stations between Recto and Santolan,2,ROUTE_880801,881397,882133
2,LRTA,Recto - Santolan,Light rail line serving 11 stations between Recto and Santolan,2,ROUTE_880801,881397,882133
2,LRTA,Recto - Santolan,Light rail line serving 11 stations between Recto and Santolan,2,ROUTE_880801,881397,882133
2,LRTA,Recto - Santolan,Light rail line serving 11 stations between Recto and Santolan,2,ROUTE_880801,881397,882133
2,LRTA,Recto - Santolan,Light rail line serving 11 stations between Recto and Santolan,2,ROUTE_880801,881397,882133
2,LRTA,Recto - Santolan,Light rail line serving 11 stations between Recto and Santolan,2,ROUTE_880801,881397,882133
2,LRTA,Recto - Santolan,Light rail line serving 11 stations between Recto and Santolan,2,ROUTE_880801,881397,882133
2,LRTA,Recto - Santolan,Light rail line serving 11 stations between Recto and Santolan,2,ROUTE_880801,881397,882133
2,LRTA,Recto - Santolan,Light rail line serving 11 stations between Recto and Santolan,2,ROUTE_880801,881397,882133
2,LRTA,Recto - Santolan,Light rail line serving 11 stations between Recto and Santolan,2,ROUTE_880801,881397,882133
2,LRTA,Recto - Santolan,Light rail line serving 11 stations between Recto and Santolan,2,ROUTE_880801,881397,882133
2,LRTA,Recto - Santolan,Light rail line serving 11 stations between Recto and Santolan,2,ROUTE_880801,881397,882133
2,LRTA,Recto - Santolan,Light rail line serving 11 stations between Recto and Santolan,2,ROUTE_880801,881397,882133
2,LRTA,Recto - Santolan,Light rail line serving 11 stations between Recto and Santolan,2,ROUTE_880801,881397,882133
2,LRTA,Recto - Santolan,Light rail line serving 11 stations between Recto and Santolan,2,ROUTE_880801,881397,882133
2,LRTA,Recto - Santolan,Light rail line serving 11 stations between Recto and Santolan,2,ROUTE_880801,881397,882133
2,LRTA,Recto - Santolan,Light rail line serving 11 stations between Recto and Santolan,2,ROUTE_880801,881397,882133
2,LRTA,Recto - Santolan,Light rail line serving 11 stations between Recto and Santolan,2,ROUTE_880801,881397,882133
2,LRTA,Recto - Santolan,Light rail line serving 11 stations between Recto and Santolan,2,ROUTE_880801,881397,882133
2,LRTA,Recto - Santolan,Light rail line serving 11 stations between Recto and Santolan,2,ROUTE_880801,881397,882133
2,LRTA,Recto - Santolan,Light rail line serving 11 stations between Recto and Santolan,2,ROUTE_880801,881397,882133
2,LRTA,Recto - Santolan,Light rail line serving 11 stations between Recto and Santolan,2,ROUTE_880801,881397,882133
2,LRTA,Recto - Santolan,Light rail line serving 11 stations between Recto and Santolan,2,ROUTE_880801,881397,882133
2,LRTA,Recto - Santolan,Light rail line serving 11 stations between Recto and Santolan,2,ROUTE_880801,881397,882140
2,LRTA,Recto - Santolan,Light rail line serving 11 stations between Recto and Santolan,2,ROUTE_880801,881397,882140
2,LRTA,Recto - Santolan,Light rail line serving 11 stations between Recto and Santolan,2,ROUTE_880801,881397,882140
2,LRTA,Recto - Santolan,Light rail line serving 11 stations between Recto and Santolan,2,ROUTE_880801,881397,882140
2,LRTA,Recto - Santolan,Light rail line serving 11 stations between Recto and Santolan,2,ROUTE_880801,881397,882140
2,LRTA,Recto - Santolan,Light rail line serving 11 stations between Recto and Santolan,2,ROUTE_880801,881397,882140
2,LRTA,Recto - Santolan,Light rail line serving 11 stations between Recto and Santolan,2,ROUTE_880801,881397,882140
2,LRTA,Recto - Santolan,Light rail line serving 11 stations between Recto and Santolan,2,ROUTE_880801,881397,882140
2,LRTA,Recto - Santolan,Light rail line serving 11 stations between Recto and Santolan,2,ROUTE_880801,881397,882140
2,LRTA,Recto - Santolan,Light rail line serving 11 stations between Recto and Santolan,2,ROUTE_880801,881397,882140
2,LRTA,Recto - Santolan,Light rail line serving 11 stations between Recto and Santolan,2,ROUTE_880801,881397,882140
2,LRTA,Recto - Santolan,Light rail line serving 11 stations between Recto and Santolan,2,ROUTE_880801,881397,882140
2,LRTA,Recto - Santolan,Light rail line serving 11 stations between Recto and Santolan,2,ROUTE_880801,881397,882140
2,LRTA,Recto - Santolan,Light rail line serving 11 stations between Recto and Santolan,2,ROUTE_880801,881397,882140
2,LRTA,Recto - Santolan,Light rail line serving 11 stations between Recto and Santolan,2,ROUTE_880801,881397,882140
2,LRTA,Recto - Santolan,Light rail line serving 11 stations between Recto and Santolan,2,ROUTE_880801,881397,882140
2,LRTA,Recto - Santolan,Light rail line serving 11 stations between Recto and Santolan,2,ROUTE_880801,881397,882140
2,LRTA,Recto - Santolan,Light rail line serving 11 stations between Recto and Santolan,2,ROUTE_880801,881397,882140
2,LRTA,Recto - Santolan,Light rail line serving 11 stations between Recto and Santolan,2,ROUTE_880801,881397,882140
2,LRTA,Recto - Santolan,Light rail line serving 11 stations between Recto and Santolan,2,ROUTE_880801,881397,882140
2,LRTA,Recto - Santolan,Light rail line serving 11 stations between Recto and Santolan,2,ROUTE_880801,881397,882140
2,LRTA,Recto - Santolan,Light rail line serving 11 stations between Recto and Santolan,2,ROUTE_880801,881397,882140
2,LRTA,Recto - Santolan,Light rail line serving 11 stations between Recto and Santolan,2,ROUTE_880801,881397,882140
2,LRTA,Recto - Santolan,Light rail line serving 11 stations between Recto and Santolan,2,ROUTE_880801,881397,882140
2,LRTA,Recto - Santolan,Light rail line serving 11 stations between Recto and Santolan,2,ROUTE_880801,881397,882140
2,LRTA,Recto - Santolan,Light rail line serving 11 stations between Recto and Santolan,2,ROUTE_880801,881397,882140
2,LRTA,Recto - Santolan,Light rail line serving 11 stations between Recto and Santolan,2,ROUTE_880801,881397,882140
2,LRTA,Recto - Santolan,Light rail line serving 11 stations between Recto and Santolan,2,ROUTE_880801,881397,882140
2,LRTA,Recto - Santolan,Light rail line serving 11 stations between Recto and Santolan,2,ROUTE_880801,881397,882140
2,LRTA,Recto - Santolan,Light rail line serving 11 stations between Recto and Santolan,2,ROUTE_880801,881397,882140
2,LRTA,Recto - Santolan,Light rail line serving 11 stations between Recto and Santolan,2,ROUTE_880801,881397,882140
2,LRTA,Recto - Santolan,Light rail line serving 11 stations between Recto and Santolan,2,ROUTE_880801,881397,882140
2,LRTA,Recto - Santolan,Light rail line serving 11 stations between Recto and Santolan,2,ROUTE_880801,881397,882140
2,LRTA,Recto - Santolan,Light rail line serving 11 stations between Recto and Santolan,2,ROUTE_880801,881397,882140
2,LRTA,Recto - Santolan,Light rail line serving 11 stations between Recto and Santolan,2,ROUTE_880801,881397,882140
2,LRTA,Recto - Santolan,Light rail line serving 11 stations between Recto and Santolan,2,ROUTE_880801,881397,882140
2,LRTA,Recto - Santolan,Light rail line serving 11 stations between Recto and Santolan,2,ROUTE_880801,881397,882140
2,LRTA,Recto - Santolan,Light rail line serving 11 stations between Recto and Santolan,2,ROUTE_880801,881397,882140
2,LRTA,Recto - Santolan,Light rail line serving 11 stations between Recto and Santolan,2,ROUTE_880801,881397,882140
2,LRTA,Recto - Santolan,Light rail line serving 11 stations between Recto and Santolan,2,ROUTE_880801,881397,882140
2,LRTA,Recto - Santolan,Light rail line serving 11 stations between Recto and Santolan,2,ROUTE_880801,881397,882140
2,LRTA,Recto - Santolan,Light rail line serving 11 stations between Recto and Santolan,2,ROUTE_880801,881397,882140
2,LRTA,Recto - Santolan,Light rail line serving 11 stations between Recto and Santolan,2,ROUTE_880801,881397,882140
2,LRTA,Recto - Santolan,Light rail line serving 11 stations between Recto and Santolan,2,ROUTE_880801,881397,882140
2,LRTA,Recto - Santolan,Light rail line serving 11 stations between Recto and Santolan,2,ROUTE_880801,881397,882140
2,LRTA,Recto - Santolan,Light rail line serving 11 stations between Recto and Santolan,2,ROUTE_880801,881397,882140
2,LRTA,Recto - Santolan,Light rail line serving 11 stations between Recto and Santolan,2,ROUTE_880801,881397,882140
2,LRTA,Recto - Santolan,Light rail line serving 11 stations between Recto and Santolan,2,ROUTE_880801,881397,882140
2,LRTA,Recto - Santolan,Light rail line serving 11 stations between Recto and Santolan,2,ROUTE_880801,881397,882140
2,LRTA,Recto - Santolan,Light rail line serving 11 stations between Recto and Santolan,2,ROUTE_880801,881397,882140
2,LRTA,Recto - Santolan,Light rail line serving 11 stations between Recto and Santolan,2,ROUTE_880801,881397,882140
2,LRTA,Recto - Santolan,Light rail line serving 11 stations between Recto and Santolan,2,ROUTE_880801,881397,882140
2,LRTA,Recto - Santolan,Light rail line serving 11 stations between Recto and Santolan,2,ROUTE_880801,881397,882140
2,LRTA,Recto - Santolan,Light rail line serving 11 stations between Recto and Santolan,2,ROUTE_880801,881397,882140
2,LRTA,Recto - Santolan,Light rail line serving 11 stations between Recto and Santolan,2,ROUTE_880801,881397,882140
2,LRTA,Recto - Santolan,Light rail line serving 11 stations between Recto and Santolan,2,ROUTE_880801,881397,882140
2,LRTA,Recto - Santolan,Light rail line serving 11 stations between Recto and Santolan,2,ROUTE_880801,881444,882134
2,LRTA,Recto - Santolan,Light rail line serving 11 stations between Recto and Santolan,2,ROUTE_880801,881444,882134
2,LRTA,Recto - Santolan,Light rail line serving 11 stations between Recto and Santolan,2,ROUTE_880801,881444,882134
2,LRTA,Recto - Santolan,Light rail line serving 11 stations between Recto and Santolan,2,ROUTE_880801,881444,882134
2,LRTA,Recto - Santolan,Light rail line serving 11 stations between Recto and Santolan,2,ROUTE_880801,881444,882134
2,LRTA,Recto - Santolan,Light rail line serving 11 stations between Recto and Santolan,2,ROUTE_880801,881444,882134
2,LRTA,Recto - Santolan,Light rail line serving 11 stations between Recto and Santolan,2,ROUTE_880801,881444,882134
2,LRTA,Recto - Santolan,Light rail line serving 11 stations between Recto and Santolan,2,ROUTE_880801,881444,882134
2,LRTA,Recto - Santolan,Light rail line serving 11 stations between Recto and Santolan,2,ROUTE_880801,881444,882134
2,LRTA,Recto - Santolan,Light rail line serving 11 stations between Recto and Santolan,2,ROUTE_880801,881444,882134
2,LRTA,Recto - Santolan,Light rail line serving 11 stations between Recto and Santolan,2,ROUTE_880801,881444,882134
2,LRTA,Recto - Santolan,Light rail line serving 11 stations between Recto and Santolan,2,ROUTE_880801,881444,882134
2,LRTA,Recto - Santolan,Light rail line serving 11 stations between Recto and Santolan,2,ROUTE_880801,881444,882134
2,LRTA,Recto - Santolan,Light rail line serving 11 stations between Recto and Santolan,2,ROUTE_880801,881444,882134
2,LRTA,Recto - Santolan,Light rail line serving 11 stations between Recto and Santolan,2,ROUTE_880801,881444,882134
2,LRTA,Recto - Santolan,Light rail line serving 11 stations between Recto and Santolan,2,ROUTE_880801,881444,882134
2,LRTA,Recto - Santolan,Light rail line serving 11 stations between Recto and Santolan,2,ROUTE_880801,881444,882134
2,LRTA,Recto - Santolan,Light rail line serving 11 stations between Recto and Santolan,2,ROUTE_880801,881444,882134
2,LRTA,Recto - Santolan,Light rail line serving 11 stations between Recto and Santolan,2,ROUTE_880801,881444,882134
2,LRTA,Recto - Santolan,Light rail line serving 11 stations between Recto and Santolan,2,ROUTE_880801,881444,882134
2,LRTA,Recto - Santolan,Light rail line serving 11 stations between Recto and Santolan,2,ROUTE_880801,881444,882134
2,LRTA,Recto - Santolan,Light rail line serving 11 stations between Recto and Santolan,2,ROUTE_880801,881444,882134
2,LRTA,Recto - Santolan,Light rail line serving 11 stations between Recto and Santolan,2,ROUTE_880801,881444,882134
2,LRTA,Recto - Santolan,Light rail line serving 11 stations between Recto and Santolan,2,ROUTE_880801,881444,882134
2,LRTA,Recto - Santolan,Light rail line serving 11 stations between Recto and Santolan,2,ROUTE_880801,881444,882134
2,LRTA,Recto - Santolan,Light rail line serving 11 stations between Recto and Santolan,2,ROUTE_880801,881444,882134
2,LRTA,Recto - Santolan,Light rail line serving 11 stations between Recto and Santolan,2,ROUTE_880801,881444,882134
2,LRTA,Recto - Santolan,Light rail line serving 11 stations between Recto and Santolan,2,ROUTE_880801,881444,882134
2,LRTA,Recto - Santolan,Light rail line serving 11 stations between Recto and Santolan,2,ROUTE_880801,881444,882134
2,LRTA,Recto - Santolan,Light rail line serving 11 stations between Recto and Santolan,2,ROUTE_880801,881444,882134
2,LRTA,Recto - Santolan,Light rail line serving 11 stations between Recto and Santolan,2,ROUTE_880801,881444,882134
2,LRTA,Recto - Santolan,Light rail line serving 11 stations between Recto and Santolan,2,ROUTE_880801,881444,882134
2,LRTA,Recto - Santolan,Light rail line serving 11 stations between Recto and Santolan,2,ROUTE_880801,881444,882134
2,LRTA,Recto - Santolan,Light rail line serving 11 stations between Recto and Santolan,2,ROUTE_880801,881444,882134
2,LRTA,Recto - Santolan,Light rail line serving 11 stations between Recto and Santolan,2,ROUTE_880801,881444,882134
2,LRTA,Recto - Santolan,Light rail line serving 11 stations between Recto and Santolan,2,ROUTE_880801,881444,882134
2,LRTA,Recto - Santolan,Light rail line serving 11 stations between Recto and Santolan,2,ROUTE_880801,881444,882134
2,LRTA,Recto - Santolan,Light rail line serving 11 stations between Recto and Santolan,2,ROUTE_880801,881444,882134
2,LRTA,Recto - Santolan,Light rail line serving 11 stations between Recto and Santolan,2,ROUTE_880801,881444,882134
2,LRTA,Recto - Santolan,Light rail line serving 11 stations between Recto and Santolan,2,ROUTE_880801,881444,882134
2,LRTA,Recto - Santolan,Light rail line serving 11 stations between Recto and Santolan,2,ROUTE_880801,881444,882134
2,LRTA,Recto - Santolan,Light rail line serving 11 stations between Recto and Santolan,2,ROUTE_880801,881444,882134
2,LRTA,Recto - Santolan,Light rail line serving 11 stations between Recto and Santolan,2,ROUTE_880801,881444,882134
2,LRTA,Recto - Santolan,Light rail line serving 11 stations between Recto and Santolan,2,ROUTE_880801,881444,882134
2,LRTA,Recto - Santolan,Light rail line serving 11 stations between Recto and Santolan,2,ROUTE_880801,881444,882134
2,LRTA,Recto - Santolan,Light rail line serving 11 stations between Recto and Santolan,2,ROUTE_880801,881444,882134
2,LRTA,Recto - Santolan,Light rail line serving 11 stations between Recto and Santolan,2,ROUTE_880801,881444,882134
2,LRTA,Recto - Santolan,Light rail line serving 11 stations between Recto and Santolan,2,ROUTE_880801,881444,882134
2,LRTA,Recto - Santolan,Light rail line serving 11 stations between Recto and Santolan,2,ROUTE_880801,881444,882134
2,LRTA,Recto - Santolan,Light rail line serving 11 stations between Recto and Santolan,2,ROUTE_880801,881444,882134
2,LRTA,Recto - Santolan,Light rail line serving 11 stations between Recto and Santolan,2,ROUTE_880801,881444,882134
2,LRTA,Recto - Santolan,Light rail line serving 11 stations between Recto and Santolan,2,ROUTE_880801,881444,882134
2,LRTA,Recto - Santolan,Light rail line serving 11 stations between Recto and Santolan,2,ROUTE_880801,881444,882134
2,LRTA,Recto - Santolan,Light rail line serving 11 stations between Recto and Santolan,2,ROUTE_880801,881444,882134
2,LRTA,Recto - Santolan,Light rail line serving 11 stations between Recto and Santolan,2,ROUTE_880801,881444,882134
2,LRTA,Recto - Santolan,Light rail line serving 11 stations between Recto and Santolan,2,ROUTE_880801,881444,882134
2,LRTA,Recto - Santolan,Light rail line serving 11 stations between Recto and Santolan,2,ROUTE_880801,881444,882141
2,LRTA,Recto - Santolan,Light rail line serving 11 stations between Recto and Santolan,2,ROUTE_880801,881444,882141
2,LRTA,Recto - Santolan,Light rail line serving 11 stations between Recto and Santolan,2,ROUTE_880801,881444,882141
2,LRTA,Recto - Santolan,Light rail line serving 11 stations between Recto and Santolan,2,ROUTE_880801,881444,882141
2,LRTA,Recto - Santolan,Light rail line serving 11 stations between Recto and Santolan,2,ROUTE_880801,881444,882141
2,LRTA,Recto - Santolan,Light rail line serving 11 stations between Recto and Santolan,2,ROUTE_880801,881444,882141
2,LRTA,Recto - Santolan,Light rail line serving 11 stations between Recto and Santolan,2,ROUTE_880801,881444,882141
2,LRTA,Recto - Santolan,Light rail line serving 11 stations between Recto and Santolan,2,ROUTE_880801,881444,882141
2,LRTA,Recto - Santolan,Light rail line serving 11 stations between Recto and Santolan,2,ROUTE_880801,881444,882141
2,LRTA,Recto - Santolan,Light rail line serving 11 stations between Recto and Santolan,2,ROUTE_880801,881444,882141
2,LRTA,Recto - Santolan,Light rail line serving 11 stations between Recto and Santolan,2,ROUTE_880801,881444,882141
2,LRTA,Recto - Santolan,Light rail line serving 11 stations between Recto and Santolan,2,ROUTE_880801,881444,882141
2,LRTA,Recto - Santolan,Light rail line serving 11 stations between Recto and Santolan,2,ROUTE_880801,881444,882141
2,LRTA,Recto - Santolan,Light rail line serving 11 stations between Recto and Santolan,2,ROUTE_880801,881444,882141
2,LRTA,Recto - Santolan,Light rail line serving 11 stations between Recto and Santolan,2,ROUTE_880801,881444,882141
2,LRTA,Recto - Santolan,Light rail line serving 11 stations between Recto and Santolan,2,ROUTE_880801,881444,882141
2,LRTA,Recto - Santolan,Light rail line serving 11 stations between Recto and Santolan,2,ROUTE_880801,881444,882141
2,LRTA,Recto - Santolan,Light rail line serving 11 stations between Recto and Santolan,2,ROUTE_880801,881444,882141
2,LRTA,Recto - Santolan,Light rail line serving 11 stations between Recto and Santolan,2,ROUTE_880801,881444,882141
2,LRTA,Recto - Santolan,Light rail line serving 11 stations between Recto and Santolan,2,ROUTE_880801,881444,882141
2,LRTA,Recto - Santolan,Light rail line serving 11 stations between Recto and Santolan,2,ROUTE_880801,881444,882141
2,LRTA,Recto - Santolan,Light rail line serving 11 stations between Recto and Santolan,2,ROUTE_880801,881444,882141
2,LRTA,Recto - Santolan,Light rail line serving 11 stations between Recto and Santolan,2,ROUTE_880801,881444,882141
2,LRTA,Recto - Santolan,Light rail line serving 11 stations between Recto and Santolan,2,ROUTE_880801,881444,882141
2,LRTA,Recto - Santolan,Light rail line serving 11 stations between Recto and Santolan,2,ROUTE_880801,881444,882141
2,LRTA,Recto - Santolan,Light rail line serving 11 stations between Recto and Santolan,2,ROUTE_880801,881444,882141
2,LRTA,Recto - Santolan,Light rail line serving 11 stations between Recto and Santolan,2,ROUTE_880801,881444,882141
2,LRTA,Recto - Santolan,Light rail line serving 11 stations between Recto and Santolan,2,ROUTE_880801,881444,882141
2,LRTA,Recto - Santolan,Light rail line serving 11 stations between Recto and Santolan,2,ROUTE_880801,881444,882141
2,LRTA,Recto - Santolan,Light rail line serving 11 stations between Recto and Santolan,2,ROUTE_880801,881444,882141
2,LRTA,Recto - Santolan,Light rail line serving 11 stations between Recto and Santolan,2,ROUTE_880801,881444,882141
2,LRTA,Recto - Santolan,Light rail line serving 11 stations between Recto and Santolan,2,ROUTE_880801,881444,882141
2,LRTA,Recto - Santolan,Light rail line serving 11 stations between Recto and Santolan,2,ROUTE_880801,881444,882141
2,LRTA,Recto - Santolan,Light rail line serving 11 stations between Recto and Santolan,2,ROUTE_880801,881444,882141
2,LRTA,Recto - Santolan,Light rail line serving 11 stations between Recto and Santolan,2,ROUTE_880801,881444,882141
2,LRTA,Recto - Santolan,Light rail line serving 11 stations between Recto and Santolan,2,ROUTE_880801,881444,882141
2,LRTA,Recto - Santolan,Light rail line serving 11 stations between Recto and Santolan,2,ROUTE_880801,881444,882141
2,LRTA,Recto - Santolan,Light rail line serving 11 stations between Recto and Santolan,2,ROUTE_880801,881444,882141
2,LRTA,Recto - Santolan,Light rail line serving 11 stations between Recto and Santolan,2,ROUTE_880801,881444,882141
2,LRTA,Recto - Santolan,Light rail line serving 11 stations between Recto and Santolan,2,ROUTE_880801,881444,882141
2,LRTA,Recto - Santolan,Light rail line serving 11 stations between Recto and Santolan,2,ROUTE_880801,881444,882141
2,LRTA,Recto - Santolan,Light rail line serving 11 stations between Recto and Santolan,2,ROUTE_880801,881444,882141
2,LRTA,Recto - Santolan,Light rail line serving 11 stations between Recto and Santolan,2,ROUTE_880801,881444,882141
2,LRTA,Recto - Santolan,Light rail line serving 11 stations between Recto and Santolan,2,ROUTE_880801,881444,882141
2,LRTA,Recto - Santolan,Light rail line serving 11 stations between Recto and Santolan,2,ROUTE_880801,881444,882141
2,LRTA,Recto - Santolan,Light rail line serving 11 stations between Recto and Santolan,2,ROUTE_880801,881444,882141
2,LRTA,Recto - Santolan,Light rail line serving 11 stations between Recto and Santolan,2,ROUTE_880801,881444,882141
2,LRTA,Recto - Santolan,Light rail line serving 11 stations between Recto and Santolan,2,ROUTE_880801,881444,882141
2,LRTA,Recto - Santolan,Light rail line serving 11 stations between Recto and Santolan,2,ROUTE_880801,881444,882141
2,LRTA,Recto - Santolan,Light rail line serving 11 stations between Recto and Santolan,2,ROUTE_880801,881444,882141
2,LRTA,Recto - Santolan,Light rail line serving 11 stations between Recto and Santolan,2,ROUTE_880801,881444,882141
2,LRTA,Recto - Santolan,Light rail line serving 11 stations between Recto and Santolan,2,ROUTE_880801,881444,882141
2,LRTA,Recto - Santolan,Light rail line serving 11 stations between Recto and Santolan,2,ROUTE_880801,881444,882141
2,LRTA,Recto - Santolan,Light rail line serving 11 stations between Recto and Santolan,2,ROUTE_880801,881444,882141
2,LRTA,Recto - Santolan,Light rail line serving 11 stations between Recto and Santolan,2,ROUTE_880801,881444,882141
2,LRTA,Recto - Santolan,Light rail line serving 11 stations between Recto and Santolan,2,ROUTE_880801,881444,882141
3,LTFRB,Alabang (Starmall) Lagro,"South Luzon Expressway / Montillano St Intersection, Muntinlupa City, Manila - Quirino Highway / La Mesa Road Intersection, Calcoocan City",3,LTFRB_PUB1001,724594,724609
4,LTFRB,Alabang (Starmall) Lagro,"Quirino Highway / La Mesa Road Intersection, Calcoocan City - Starmall Footbridge, Starmall Starmall Service Rd, Muntinlupa City, Manila",3,LTFRB_PUB1002,724594,725248
5,LTFRB,Alabang Fairview,"South Luzon Expressway / Montillano St Intersection, Muntinlupa City, Manila - SM Public Transport Terminal, Regalado Highway, Quezon City",3,LTFRB_PUB1003,724594,725658
6,LTFRB,Alabang Fairview,"Robinsons Nova Market, Quirino Highway, Caloocan City - Starmall Footbridge, Starmall Starmall Service Rd, Muntinlupa City, Manila",3,LTFRB_PUB1004,724594,726154
7,LTFRB,Alabang Lawton via Sucat,"Progreso 2, Makati City, Manila - Tejeron, Makati City, Manila",3,LTFRB_PUB1005,724594,724863
8,LTFRB,Alabang Lawton via Zapote Coastal Rd,"Alabang-Zapote Road, Muntinlupa City, Manila - Taft Ave, Manila",3,LTFRB_PUB1007,724594,725253
9,LTFRB,Alabang Lawton via Zapote Coastal Rd,"Taft Ave, Manila - Alabang-Zapote Road, Muntinlupa City, Manila",3,LTFRB_PUB1008,724594,725702
10,LTFRB,Alabang Malabon (Letre) via EDSA,"South Luzon Expressway / Montillano St Intersection, Muntinlupa City, Manila - MMDA Navotos Bus Terminal, Circumferential Road 4, Navotas City, Manila",3,LTFRB_PUB1009,724594,725381
10,LTFRB,Alabang Malabon (Letre) via EDSA,"South Luzon Expressway / Montillano St Intersection, Muntinlupa City, Manila - MMDA Navotos Bus Terminal, Circumferential Road 4, Navotas City, Manila",3,LTFRB_PUB1009,724594,726153
11,LTFRB,Alabang Malabon (Letre) via EDSA,"Circimferential Road 4, Malabon City - Starmall Footbridge, Starmall Starmall Service Rd, Muntinlupa City, Manila",3,LTFRB_PUB1010,724594,725969
11,LTFRB,Alabang Malabon (Letre) via EDSA,"Circimferential Road 4, Malabon City - Starmall Footbridge, Starmall Starmall Service Rd, Muntinlupa City, Manila",3,LTFRB_PUB1010,724594,726116
12,LTFRB,Alabang Malanday,"South Luzon Expressway / Montillano St Intersection, Muntinlupa City, Manila - ET Pacific, MacArthur Highway, City of Meycauayan",3,LTFRB_PUB1011,724594,724752
13,LTFRB,Alabang Malanday,"YU Laundry Shop, MacArthur Highway, City of Meycauayan - South Luzon Expressway / Montillano St Intersection, Muntinlupa City, Manila",3,LTFRB_PUB1012,724594,724851
14,LTFRB,Ayala Dasmarinas (Cavite) via Coastal Rd,"Governor's Dv, Dasmariñas City, Manila - MRT-3 Ayala Station, Makati City, Manila",3,LTFRB_PUB1013,724594,726189
15,LTFRB,Ayala Dasmarinas (Cavite) via Coastal Rd,"MRT-3 Ayala Station, Makati City, Manila - Emilio Aguinaldo Hwy, Lungsod ng Dasmariñas, Manila",3,LTFRB_PUB1014,724594,725933
16,LTFRB,Ayala Grotto (SJDM) via Leveriza,"Senator Gil Puyat Ave, Makati City - Sta. Maria - Tungkong Mangga Rd / Quirino Highway Intersection, City of San Jose del Monte",3,LTFRB_PUB1015,724594,724768
17,LTFRB,Ayala Grotto (SJDM) via Leveriza,"Sta. Maria - Tungkong Mangga Rd / Quirino Highway Intersection, City of San Jose del Monte - Senator Gil Puyat Ave, Lungsod ng Pasay, Manila",3,LTFRB_PUB1016,724594,725318
18,LTFRB,Ayala Malabon via EDSA,"MRT-3 Ayala Station, Makati City, Manila - Circimferential Road 4, Malabon City",3,LTFRB_PUB1017,724594,725809
19,LTFRB,Ayala Malabon via EDSA,"Pagamutang Bayan Ng Malabon, Dagat- Dagatan Avenue, Caloocan City - MRT-3 Ayala Station, Makati City, Manila",3,LTFRB_PUB1018,724594,726383
20,LTFRB,Ayala Monumento via EDSA,"MRT-3 Ayala Station, Makati City, Manila - Epifanio de los Santos Avenue / General Rosendo Simon Intersection , Caloocan City",3,LTFRB_PUB1019,724594,725021
21,LTFRB,Ayala Monumento via EDSA,"Epifanio de los Santos Avenue / General Rosendo Simon Intersection , Caloocan City - MRT-3 Ayala Station, Makati City, Manila",3,LTFRB_PUB1020,724594,725510
22,LTFRB,Ayala NAIA,"Natalia, Parañaque City, Manila - MRT-3 Ayala Station, Makati City, Manila",3,LTFRB_PUB1021,724594,725921
23,LTFRB,Ayala NAIA,"MRT-3 Ayala Station, Makati City, Manila - NAIA Rd, Parañaque City, Manila",3,LTFRB_PUB1022,724594,724702
24,LTFRB,Ayala Novaliches via EDSA Buendia,"MRT-3 Ayala Station, Makati City, Manila - Ramirez / Quirino Highway, Caloocan City",3,LTFRB_PUB1023,724594,725986
25,LTFRB,Ayala Novaliches via EDSA Buendia,"Ramirez / Quirino Highway, Caloocan City - MRT-3 Ayala Station, Makati City, Manila",3,LTFRB_PUB1024,724594,725743
26,LTFRB,Ayala Quiapo via Kamagong Taft,"Paseo de Roxas / Ayala Avenue Intersection, Makati City, Manila - Quezon Blvd, Manila",3,LTFRB_PUB1025,724594,725121
27,LTFRB,Ayala Quiapo via Kamagong Taft,"Quezon Blvd, Manila - Makati Ave / Ayala Avenue Intersection, Makati City, Manila",3,LTFRB_PUB1026,724594,725314
28,LTFRB,Ayala UE Caloocan via EDSA,"MRT-3 Ayala Station, Makati City, Manila - Circimferential Road 4, Malabon City",3,LTFRB_PUB1027,724594,726311
29,LTFRB,Ayala UE Caloocan via EDSA,"Pagamutang Bayan Ng Malabon, Dagat- Dagatan Avenue, Caloocan City - MRT-3 Ayala Station, Makati City, Manila",3,LTFRB_PUB1028,724594,725552
30,LTFRB,Baclaran Malabon (Letre) via EDSA,"Roxas Blvd / T. Claudio Intersection, Parañaque City, Manila - Circimferential Road 4, Malabon City",3,LTFRB_PUB1029,724594,725280
31,LTFRB,Baclaran Malabon (Letre) via EDSA,"Pagamutang Bayan Ng Malabon, Dagat- Dagatan Avenue, Caloocan City - Uniwide Coastal Mall, Diosdado Macapagal Blvd, Parañaque City, Manila",3,LTFRB_PUB1030,724594,725611
32,LTFRB,Baclaran Malanday via EDSA,"Roxas Blvd / T. Claudio Intersection, Parañaque City, Manila - Mercury Drug Store, MacArthur Highway, Malanday, Valenzuela City",3,LTFRB_PUB1031,724594,725601
33,LTFRB,Baclaran Malanday via EDSA,"Mananday Tricycle and Pedicab Terminal, MacArthur Highway, Malanday, Valenzuela City - Uniwide Coastal Mall, Diosdado Macapagal Blvd, Parañaque City, Manila",3,LTFRB_PUB1032,724594,725819
34,LTFRB,Baclaran Monumento via EDSA,"Roxas Blvd / T. Claudio Intersection, Parañaque City, Manila - Epifanio de los Santos Avenue / 5th Street Intersection , Caloocan City",3,LTFRB_PUB1033,724594,725131
35,LTFRB,Baclaran Monumento via EDSA,"Epifanio de los Santos Avenue / 5th Street Intersection , Caloocan City - Uniwide Coastal Mall, Diosdado Macapagal Blvd, Parañaque City, Manila",3,LTFRB_PUB1034,724594,726334
36,LTFRB,Baclaran Navotas via Ayala,"Roxas Blvd / Redemptorist Road Intersection, Parañaque City, Manila - MMDA Navotos Bus Terminal, Circumferential Road 4, Navotas City, Manila",3,LTFRB_PUB1035,724594,724903
37,LTFRB,Baclaran Navotas via Ayala,"Circimferential Road 4, Malabon City - Roxas Blvd / Redemptorist Road Intersection, Parañaque City, Manila",3,LTFRB_PUB1036,724594,725707
38,LTFRB,Baclaran Novaliches via EDSA Quirino,"Natalia, Parañaque City, Manila - SM Cinema,Quirino Highway, Quezon City",3,LTFRB_PUB1037,724594,725519
39,LTFRB,Baclaran Novaliches via EDSA Quirino,"SM Cinema,Quirino Highway, Quezon City - NAIA Rd, Parañaque City, Manila",3,LTFRB_PUB1038,724594,724895
40,LTFRB,Baclaran SJDM via Commonwealth EDSA,"Roxas Blvd / T. Claudio Intersection, Parañaque City, Manila - Dr Eduardo V. Roquero Sr. Rd, City of San Jose del Monte, Manila",3,LTFRB_PUB1039,724594,725618
41,LTFRB,Baclaran SJDM via Commonwealth EDSA,"Dr Eduardo V. Roquero Sr. Rd, City of San Jose del Monte, Manila - Uniwide Coastal Mall, Diosdado Macapagal Blvd, Parañaque City, Manila",3,LTFRB_PUB1040,724594,726308
42,LTFRB,Baclaran SM Fairview via Lagro,"Maria, Parañaque City, Manila - SM Public Transport Terminal, Regalado Highway, Quezon City",3,LTFRB_PUB1041,724594,725236
43,LTFRB,Baclaran SM Fairview via Lagro,"Quirino Highway / Maligaya Intersection, Caloocan City - NAIA Rd, Parañaque City, Manila",3,LTFRB_PUB1042,724594,725646
44,LTFRB,Domestic Grotto via EDSA,"Natalia, Parañaque City, Manila - Sta. Maria - Tungkong Mangga Rd / Quirino Highway Intersection, City of San Jose del Monte",3,LTFRB_PUB1043,724594,725784
45,LTFRB,Domestic Grotto via EDSA,"Sta. Maria - Tungkong Mangga Rd / Quirino Highway Intersection, City of San Jose del Monte - NAIA Rd, Parañaque City, Manila",3,LTFRB_PUB1044,724594,726403
46,LTFRB,Leveriza Monumento,"Senator Gil Puyat Ave, Lungsod ng Pasay, Manila - Epifanio de los Santos Avenue / 5th Street Intersection , Caloocan City",3,LTFRB_PUB1045,724594,725185
47,LTFRB,Leveriza Monumento,"Epifanio de los Santos Avenue / 5th Street Intersection , Caloocan City - Senator Gil Puyat Ave, Lungsod ng Pasay, Manila",3,LTFRB_PUB1046,724594,726404
48,LTFRB,Navotas Terminal Pacita Complex via EDSA,"National Highway / Unnamed Rd, San Pedro, Manila - Circimferential Road 4, Malabon City",3,LTFRB_PUB1047,724594,724950
49,LTFRB,Navotas Terminal Pacita Complex via EDSA,"Circimferential Road 4, Malabon City - Plaza Pacita Bus Terminal, National Highway / Pacita Av, San Pedro, Manila",3,LTFRB_PUB1048,724594,725119
50,LTFRB,Novaliches Baclaran via EDSA Mindanao Ave,"Roxas Blvd / T. Claudio Intersection, Parañaque City, Manila - Ramirez / Quirino Highway, Caloocan City",3,LTFRB_PUB1049,724594,725657
51,LTFRB,Novaliches Baclaran via EDSA Mindanao Ave,"Ramirez / Quirino Highway, Caloocan City - Uniwide Coastal Mall, Diosdado Macapagal Blvd, Parañaque City, Manila",3,LTFRB_PUB1050,724594,725059
52,LTFRB,Novaliches Pacita San Pedro via Malinta,"San Pedro College of Business Administration, National Hwy, San Pedro, Manila - Genteral Luis / Reynaldo Road Intersection, Caloocan City",3,LTFRB_PUB1051,724594,725375
53,LTFRB,Novaliches Pacita San Pedro via Malinta,"Genteral Luis / Reynaldo Road Intersection, Caloocan City - San Pedro College of Business Administration, National Hwy, San Pedro, Manila",3,LTFRB_PUB1052,724594,726158
54,LTFRB,Pandacan Quiapo,"Beata, Manila - McArthur Bridge , Manila",3,LTFRB_PUB1053,724594,725802
55,LTFRB,Pandacan Quiapo,"Carlos Palanca Sr, Manila - Beata, Manila",3,LTFRB_PUB1054,724594,725711
56,LTFRB,Pandacan Sta Cruz via Quiapo,"Beata, Manila - McArthur Bridge , Manila",3,LTFRB_PUB1055,724594,725640
57,LTFRB,Pandacan Sta Cruz via Quiapo,"Carlos Palanca Sr, Manila - Beata, Manila",3,LTFRB_PUB1056,724594,726009
58,LTFRB,SM Fairview Ayala Leveriza via EDSA,"Senator Gil Puyat Ave, Lungsod ng Pasay, Manila - SM Public Transport Terminal, Regalado Highway, Quezon City",3,LTFRB_PUB1057,724594,725048
59,LTFRB,SM Fairview Ayala Leveriza via EDSA,"Quirino Highway / Maligaya Intersection, Caloocan City - Senator Gil Puyat Ave, Lungsod ng Pasay, Manila",3,LTFRB_PUB1058,724594,725569
60,LTFRB,Taguig City Navotas,"DBP Ave, Taguig City, Manila, Manila - MMDA Navotos Bus Terminal, Circumferential Road 4, Navotas City, Manila",3,LTFRB_PUB1059,724594,725102
61,LTFRB,Taguig City Navotas,"Circimferential Road 4, Malabon City - Food Terminal Incorporated, DBP Ave, Taguig City, Manila, Manila",3,LTFRB_PUB1060,724594,725083
62,LTFRB,Alabang Monumento via EDSA,"South Luzon Expressway / Montillano St Intersection, Muntinlupa City, Manila - Epifanio de los Santos Avenue / General Rosendo Simon Intersection , Caloocan City",3,LTFRB_PUB1061,724594,726341
63,LTFRB,Alabang Monumento via EDSA,"Epifanio de los Santos Avenue / General Rosendo Simon Intersection , Caloocan City - Starmall Footbridge, Starmall Starmall Service Rd, Muntinlupa City, Manila",3,LTFRB_PUB1062,724594,724714
64,LTFRB,Alabang Navotas,"South Luzon Expressway / Montillano St Intersection, Muntinlupa City, Manila - MMDA Navotos Bus Terminal, Circumferential Road 4, Navotas City, Manila",3,LTFRB_PUB1063,724594,725335
65,LTFRB,Ayala Balintawak,"MRT-3 Ayala Station, Makati City, Manila - Balintawak LRT 1, Epifanio de los Santos Ave, Quezon City, Manila",3,LTFRB_PUB1065,724594,725548
66,LTFRB,Ayala Balintawak,"Balintawak LRT 1, Epifanio de los Santos Ave, Quezon City, Manila - Ayala Ave, Makati City, Manila",3,LTFRB_PUB1066,724594,726041
67,LTFRB,Ayala Fairview via EDSA,"Epifanio de los Santos Av, Makati City, Manila - SM Public Transport Terminal, Regalado Highway, Quezon City",3,LTFRB_PUB1067,724594,724610
68,LTFRB,Ayala Fairview via EDSA,"Quirino Highway / Maligaya Intersection, Caloocan City - MRT-3 Ayala Station, Makati City, Manila",3,LTFRB_PUB1068,724594,725062
69,LTFRB,Ayala Grotto via EDSA,"Epifanio de los Santos Av, Makati City, Manila - Sta. Maria - Tungkong Mangga Rd / Quirino Highway Intersection, City of San Jose del Monte",3,LTFRB_PUB1069,724594,725320
70,LTFRB,Ayala Grotto via EDSA,"Sta. Maria - Tungkong Mangga Rd / Quirino Highway Intersection, City of San Jose del Monte - MRT-3 Ayala Station, Makati City, Manila",3,LTFRB_PUB1070,724594,725024
71,LTFRB,Ayala Lagro via EDSA,"Epifanio de los Santos Av, Makati City, Manila - Polytechnic School, Quirino Highway, Quezon City",3,LTFRB_PUB1071,724594,725870
72,LTFRB,Ayala Lagro via EDSA,"Polytechnic School, Quirino Highway, Quezon City - MRT-3 Ayala Station, Makati City, Manila",3,LTFRB_PUB1072,724594,725520
73,LTFRB,Ayala Malanday via EDSA,"Epifanio de los Santos Avenue / McKinley Rd Intersection, Makati City, Manila - Mercury Drug Store, MacArthur Highway, Malanday, Valenzuela City",3,LTFRB_PUB1073,724594,724628
74,LTFRB,Ayala Malanday via EDSA,"Mercury Drug Store, MacArthur Highway, Malanday, Valenzuela City - MRT-3 Buendia Station, Makati City, Manila",3,LTFRB_PUB1074,724594,726400
75,LTFRB,FTI-Monumento via EDSA,"DBP Ave, Taguig City, Manila, Manila - Epifanio de los Santos Avenue / 5th Street Intersection , Caloocan City",3,LTFRB_PUB1077,724594,726348
76,LTFRB,FTI-Monumento via EDSA,"Epifanio de los Santos Avenue / 5th Street Intersection , Caloocan City - Food Terminal Incorporated, DBP Ave, Taguig City, Manila, Manila",3,LTFRB_PUB1078,724594,725878
77,LTFRB,Malanday MIA via Pasay Rtda MOA Coastal Road,"Natalia, Parañaque City, Manila - Mercury Drug Store, MacArthur Highway, Malanday, Valenzuela City",3,LTFRB_PUB1079,724594,724928
78,LTFRB,Malanday MIA via Pasay Rtda MOA Coastal Road,"Mercury Drug Store, MacArthur Highway, Malanday, Valenzuela City - NAIA Rd, Parañaque City, Manila",3,LTFRB_PUB1080,724594,725595
78,LTFRB,Malanday MIA via Pasay Rtda MOA Coastal Road,"Mercury Drug Store, MacArthur Highway, Malanday, Valenzuela City - NAIA Rd, Parañaque City, Manila",3,LTFRB_PUB1080,724594,726162
79,LTFRB,Malanday Sucat via EDSA,"South Luzon Expressway, Muntinlupa City, Manila - Mercury Drug Store, MacArthur Highway, Malanday, Valenzuela City",3,LTFRB_PUB1082,724594,725180
80,LTFRB,Malanday Sucat via EDSA,"Mercury Drug Store, MacArthur Highway, Malanday, Valenzuela City - South Luzon Expressway, Muntinlupa City, Manila",3,LTFRB_PUB1083,724594,726250
81,LTFRB,Monumento NAIA via EDSA Coastal Rd,"Natalia, Parañaque City, Manila - Epifanio de los Santos Avenue / 5th Street Intersection , Caloocan City",3,LTFRB_PUB1084,724594,724889
82,LTFRB,Monumento NAIA via EDSA Coastal Rd,"Epifanio de los Santos Avenue / 5th Street Intersection , Caloocan City - NAIA Rd, Parañaque City, Manila",3,LTFRB_PUB1085,724594,724680
83,LTFRB,Monumento Philcite via Ayala EDSA,"Senator Gil Puyat Ave, Lungsod ng Pasay, Manila - Epifanio de los Santos Avenue / 5th Street Intersection , Caloocan City",3,LTFRB_PUB1086,724594,726204
84,LTFRB,Monumento Philcite via Ayala EDSA,"Epifanio de los Santos Avenue / 5th Street Intersection , Caloocan City - Senator Gil Puyat Ave, Lungsod ng Pasay, Manila",3,LTFRB_PUB1087,724594,726323
85,LTFRB,Monumento Sucat via EDSA,"South Luzon Expressway, Muntinlupa City, Manila - Epifanio de los Santos Avenue / 5th Street Intersection , Caloocan City",3,LTFRB_PUB1088,724594,725807
86,LTFRB,Monumento Sucat via EDSA,"Epifanio de los Santos Avenue / General Rosendo Simon Intersection , Caloocan City - South Luzon Expressway, Muntinlupa City, Manila",3,LTFRB_PUB1089,724594,726295
87,LTFRB,NAIA SM Fairview,"Natalia, Parañaque City, Manila - SM Public Transport Terminal, Regalado Highway, Quezon City",3,LTFRB_PUB1090,724594,725262
87,LTFRB,NAIA SM Fairview,"Natalia, Parañaque City, Manila - SM Public Transport Terminal, Regalado Highway, Quezon City",3,LTFRB_PUB1090,724594,725914
88,LTFRB,NAIA SM Fairview,"Quirino Highway / Maligaya Intersection, Caloocan City - NAIA Rd, Parañaque City, Manila",3,LTFRB_PUB1091,724594,725496
88,LTFRB,NAIA SM Fairview,"Quirino Highway / Maligaya Intersection, Caloocan City - NAIA Rd, Parañaque City, Manila",3,LTFRB_PUB1091,724594,726304
89,LTFRB,"Alabang - Malanday via EDSA, McArthur","MRT-3 Magallanes Station, EDSA, Makati City, Manila - Mercury Drug Store, MacArthur Highway, Malanday, Valenzuela City",3,LTFRB_PUB1092,724594,725005
90,LTFRB,"Alabang - Malanday via EDSA, McArthur","Mercury Drug Store, MacArthur Highway, Malanday, Valenzuela City - South Luzon Expressway / Montillano St Intersection, Muntinlupa City, Manila",3,LTFRB_PUB1093,724594,725239
91,LTFRB,Alabang - Navotas Terminal via EDSA,"MMDA Navotos Bus Terminal, Circumferential Road 4, Navotas City, Manila - South Luzon Expressway / Montillano St Intersection, Muntinlupa City, Manila",3,LTFRB_PUB1095,724594,726186
92,LTFRB,"Alabang - Novaliches via EDSA, NLEX","South Luzon Expressway / Montillano St Intersection, Muntinlupa City, Manila - North Luzon Expressway / Santiago Street Intersection, Valenzuela City",3,LTFRB_PUB1096,724594,724614
93,LTFRB,"Alabang - Novaliches via EDSA, NLEX","North Luzon Expressway, Valenzuela City - South Luzon Expressway / Montillano St Intersection, Muntinlupa City, Manila",3,LTFRB_PUB1097,724594,725424
94,LTFRB,Alabang - Plaza Lawton,"Alabang-Zapote Road, Muntinlupa City, Manila - Plaza Santa Cruz, Manila City",3,LTFRB_PUB1098,724594,725357
95,LTFRB,Alabang - Plaza Lawton,"Plaza Santa Cruz, Manila City - Alabang-Zapote Road, Muntinlupa City, Manila",3,LTFRB_PUB1099,724594,725994
96,LTFRB,"Alabang-Novaliches via EDSA, MindanaoAve","National Hwy, Muntinlupa City, Manila - Quirino Highway, Quezon City",3,LTFRB_PUB1100,724594,725019
97,LTFRB,"Alabang-Novaliches via EDSA, MindanaoAve","Quirino Highway, Quezon City - National Hwy, Muntinlupa City, Manila",3,LTFRB_PUB1101,724594,724862
98,LTFRB,Alabang-SM Fairview via Lagro Commonwealth,"South Luzon Expressway / Montillano St Intersection, Muntinlupa City, Manila - Belfast / Bulalakaw Intersection, Quezon City",3,LTFRB_PUB1102,724594,725480
99,LTFRB,Alabang-SM Fairview via Lagro Commonwealth,"Robinsons Nova Supermarket, Quirino Highway, Caloocan City, Manila - South Luzon Expressway / Montillano St Intersection, Muntinlupa City, Manila",3,LTFRB_PUB1103,724594,725194
100,LTFRB,Alabang Muntinlupa-Lawton via SSH Taft Ave,"South Luzon Expressway / Montillano St Intersection, Muntinlupa City, Manila - Magallanes Dr, Manila",3,LTFRB_PUB1104,724594,725491
101,LTFRB,Alabang Muntinlupa-Lawton via SSH Taft Ave,"Taft Ave, Manila - South Luzon Expressway / Montillano St Intersection, Muntinlupa City, Manila",3,LTFRB_PUB1105,724594,725951
102,LTFRB,Antipolo-Divisoria via Shaw Blvd,"P. Oliveros St, Antipolo City, Manila - Sto. Cristo / Claro M. Recto Ave Intersection, Manila",3,LTFRB_PUB1106,724594,726319
103,LTFRB,Antipolo-Divisoria via Shaw Blvd,"Sto. Cristo / Claro M. Recto Ave Intersection, Manila - P. Oliveros St, Antipolo City, Manila",3,LTFRB_PUB1107,724594,725217
104,LTFRB,"Asturias-Ayala via Buendia Ave, Taft Ave","Makati Ave / Ayala Avenue Intersection, Makati City, Manila - President Quirino Ave / Angel Linao Intersection, Manila",3,LTFRB_PUB1108,724594,724864
105,LTFRB,"Asturias-Ayala via Buendia Ave, Taft Ave","South Luzon Expressway, Makati City, Manila - Makati Ave / Ayala Avenue Intersection, Makati City, Manila",3,LTFRB_PUB1109,724594,726081
106,LTFRB,Ayala Ave-Ft Boni StaffHouse via Mckinly,"McKinley Pkwy / 9th Ave Intersection, Taguig City, Manila - Epifanio de los Santos Avenue / McKinley Rd Intersection, Makati City, Manila",3,LTFRB_PUB1110,724594,725403
107,LTFRB,Baclaran - Grotto via Commonwealth Ave,"Diosdado Macapagal Blvd, Lungsod ng Pasay, Manila - Sta. Maria - Tungkong Mangga Rd / Quirino Highway Intersection, City of San Jose del Monte",3,LTFRB_PUB1111,724594,725605
108,LTFRB,Baclaran - Grotto via Commonwealth Ave,"Sta. Maria - Tungkong Mangga Rd / Quirino Highway Intersection, City of San Jose del Monte - Roxas Blvd, Parañaque City, Manila",3,LTFRB_PUB1112,724594,726288
109,LTFRB,Baclaran - Minuyan via Commonwealth Ave,"Diosdado Macapagal Blvd, Lungsod ng Pasay, Manila - Quirino Highway, City of San Jose del Monte",3,LTFRB_PUB1113,724594,726127
110,LTFRB,Baclaran - Minuyan via Commonwealth Ave,"Quirino Highway, City of San Jose del Monte - Roxas Blvd, Parañaque City, Manila",3,LTFRB_PUB1114,724594,724722
111,LTFRB,Baclaran - Montalban via EDSA,"MALTC Bus Station, Gen. A Luna, San Mateo - Roxas Blvd / T. Claudio Intersection, Parañaque City, Manila",3,LTFRB_PUB1116,724594,725978
112,LTFRB,Baclaran-BgSilang via Edsa Commonwealth,"Diosdado Macapagal Blvd, Lungsod ng Pasay, Manila - Green Construction Supply, Langit Road, Caloocan City",3,LTFRB_PUB1117,724594,725758
113,LTFRB,Baclaran-BgSilang via Edsa Commonwealth,"Green Construction Supply, Langit Road, Caloocan City - Roxas Blvd, Parañaque City, Manila",3,LTFRB_PUB1118,724594,725440
114,LTFRB,Alabang - Navotas Terminal via EDSA,"South Luzon Expressway / Montillano St Intersection, Muntinlupa City, Manila - Epifanio de los Santos Avenue / 5th Street Intersection , Caloocan City",3,LTFRB_PUB1119,724594,726085
115,LTFRB,"Baclaran-Malanday via Edsa, McArthur","Diosdado Macapagal Blvd, Lungsod ng Pasay, Manila - Mercury Drug Store, MacArthur Highway, Malanday, Valenzuela City",3,LTFRB_PUB1120,724594,725378
116,LTFRB,"Baclaran-Malanday via Edsa, McArthur","Mercury Drug Store, MacArthur Highway, Malanday, Valenzuela City - Roxas Blvd, Parañaque City, Manila",3,LTFRB_PUB1121,724594,724772
117,LTFRB,"Baclaran-Malanday viaEDSA, McArthur, Ayala","Diosdado Macapagal Blvd, Lungsod ng Pasay, Manila - C.P. Enerton Fuel Station, MacArthur Highway, Valenzuela City, Philippines",3,LTFRB_PUB1122,724594,726200
118,LTFRB,"Baclaran-Malanday viaEDSA, McArthur, Ayala","Mercury Drug Store, MacArthur Highway, Malanday, Valenzuela City - Roxas Blvd, Parañaque City, Manila",3,LTFRB_PUB1123,724594,725708
119,LTFRB,Baclaran-Navotas Terminal via EDSA,"Diosdado Macapagal Blvd, Lungsod ng Pasay, Manila - Epifanio de los Santos Avenue / 5th Street Intersection , Caloocan City",3,LTFRB_PUB1124,724594,725096
120,LTFRB,Baclaran-Navotas Terminal via EDSA,"Roxas Blvd, Parañaque City, Manila - MMDA Navotos Bus Terminal, Circumferential Road 4, Navotas City, Manila",3,LTFRB_PUB1125,724594,726068
121,LTFRB,Baclaran-Navotas Terminal via Edsa Ayala,"San Juan De Dios Educational Foundation, Incorporated, Pasay City, Manila - MMDA Navotos Bus Terminal, Circumferential Road 4, Navotas City, Manila",3,LTFRB_PUB1126,724594,725017
122,LTFRB,Baclaran-Navotas Terminal via Edsa Ayala,"MMDA Navotos Bus Terminal, Circumferential Road 4, Navotas City, Manila - Roxas Blvd, Parañaque City, Manila",3,LTFRB_PUB1127,724594,724776
123,LTFRB,Baclaran-Novaliches via EDSA Mindanao Ave,"Diosdado Macapagal Blvd, Lungsod ng Pasay, Manila - Quirino Highway, Quezon City",3,LTFRB_PUB1128,724594,726026
124,LTFRB,Baclaran-Nvaliches via EDSA Mind AveAyala,"Roxas Blvd / T. Claudio Intersection, Parañaque City, Manila - Quirino Highway, Quezon City",3,LTFRB_PUB1129,724594,726169
125,LTFRB,Baclaran-Nvaliches via EDSA Mind AveAyala,"Quirino Highway, Quezon City - Roxas Blvd, Parañaque City, Manila",3,LTFRB_PUB1130,724594,724782
126,LTFRB,Baclaran - SM Fairview via Lagro C'wealth,"Diosdado Macapagal Blvd, Lungsod ng Pasay, Manila - Belfast / Bulalakaw Intersection, Quezon City",3,LTFRB_PUB1131,724594,725808
127,LTFRB,Baclaran - SM Fairview via Lagro C'wealth,"Robinsons Nova Supermarket, Quirino Highway, Caloocan City, Manila - Roxas Blvd, Parañaque City, Manila",3,LTFRB_PUB1132,724594,725286
128,LTFRB,"Baclaran - SM Fairview via Lagro, Ayala","Roxas Blvd / T. Claudio Intersection, Parañaque City, Manila - Belfast / Bulalakaw Intersection, Quezon City",3,LTFRB_PUB1133,724594,725154
129,LTFRB,"Baclaran - SM Fairview via Lagro, Ayala","Robinsons Nova Supermarket, Quirino Highway, Caloocan City, Manila - Roxas Blvd, Parañaque City, Manila",3,LTFRB_PUB1134,724594,726312
130,LTFRB,Baclaran-SM Fairview via Quezon Ave,"Taft Ave / Josefa Llanes Escoda Intersection, Manila - Belfast / Bulalakaw Intersection, Quezon City",3,LTFRB_PUB1135,724594,726297
131,LTFRB,Baclaran-SM Fairview via Quezon Ave,"Robinsons Nova Supermarket, Quirino Highway, Caloocan City, Manila - Taft Ave / Josefa Llanes Escoda Intersection, Manila",3,LTFRB_PUB1136,724594,725766
132,LTFRB,Bagong Silang - Sta. Cruz via Malinta Exit,"T. Mapua, Manila - Langit Road, Caloocan City",3,LTFRB_PUB1137,724594,725425
133,LTFRB,Bagong Silang - Sta. Cruz via Malinta Exit,"Un named Road near Tatak Kubo, Caloocan City - Valariano Fugoso, Manila",3,LTFRB_PUB1138,724594,724597
134,LTFRB,"Bagong Silang - NAIA via Maligaya Park, EDSA","Maria, Parañaque City, Manila - Green Construction Supply, Langit Road, Caloocan City",3,LTFRB_PUB1139,724594,725361
135,LTFRB,"Bagong Silang - NAIA via Maligaya Park, EDSA","Green Construction Supply, Langit Road, Caloocan City - Terminal 1 Arrivals Area Rd, Ninoy Aquino International Airport,  Parañaque City, Manila",3,LTFRB_PUB1140,724594,726257
136,LTFRB,"Cainta - Quiapo via Ortigas Ave, Magsaysay Blvd","Marketplace, Cainta, Manila - Quezon Blvd, Manila",3,LTFRB_PUB1141,724594,725126
137,LTFRB,"Cainta - Quiapo via Ortigas Ave, Magsaysay Blvd","Claro M. Recto Ave / Quezon Blvd Intersection, Manila - Marketplace, Cainta, Manila",3,LTFRB_PUB1142,724594,724683
138,LTFRB,"Dasmarinas - Plaza Lawton via E. Aguinaldo Highway, Roxas Blvd","San Agustin Bus Terminal, Emilio Aguinaldo Hwy, Lungsod ng Dasmariñas, Manila - Leon Guinto Sr., Manila",3,LTFRB_PUB1143,724594,724708
139,LTFRB,"Dasmarinas - Plaza Lawton via E. Aguinaldo Highway, Roxas Blvd","President Quirino Ave / Taft Ave Intersection, Manila - San Agustin Bus Terminal, Emilio Aguinaldo Hwy, Lungsod ng Dasmariñas, Manila",3,LTFRB_PUB1144,724594,725370
140,LTFRB,Eastwood Libis - Marriot Terminal via Acropolis,"Newport Blvd, Pasay City, Manila - Pheonix Sun Business Park, Quezon City, Manila",3,LTFRB_PUB1145,724594,725752
141,LTFRB,Eastwood Libis - Marriot Terminal via Acropolis,"Pheonix Sun Business Park, Quezon City, Manila - Newport Blvd, Pasay City, Manila",3,LTFRB_PUB1146,724594,724662
142,LTFRB,FTI - Navotas Terminal via EDSA,"DBP Ave, Taguig City, Manila, Manila - MMDA Navotos Bus Terminal, Circumferential Road 4, Navotas City, Manila",3,LTFRB_PUB1147,724594,726286
143,LTFRB,FTI - Navotas Terminal via EDSA,"MMDA Navotos Bus Terminal, Circumferential Road 4, Navotas City, Manila - DBP Ave, Taguig City, Manila, Manila",3,LTFRB_PUB1148,724594,725281
144,LTFRB,FTI - SM Fairview via Lagro Commonwealth,"DBP Ave, Taguig City, Manila, Manila - Robinsons Nova Supermarket, Quirino Highway, Caloocan City, Manila",3,LTFRB_PUB1149,724594,725709
145,LTFRB,FTI - SM Fairview via Lagro Commonwealth,"Belfast / Bulalakaw Intersection, Quezon City - DBP Ave, Taguig City, Manila, Manila",3,LTFRB_PUB1150,724594,724668
146,LTFRB,"FTI - Tungko, SJDM via Lagro, C'wealth Ave EDSA","DBP Ave, Taguig City, Manila, Manila - Sta. Maria - Tungkong Mangga Rd / Quirino Highway Intersection, City of San Jose del Monte",3,LTFRB_PUB1151,724594,726045
147,LTFRB,"FTI - Tungko, SJDM via Lagro, C'wealth Ave EDSA","Sta. Maria - Tungkong Mangga Rd / Quirino Highway Intersection, City of San Jose del Monte - DBP Ave, Taguig City, Manila, Manila",3,LTFRB_PUB1152,724594,724979
148,LTFRB,"GMA - Plaza Lawton via Ayala, Carmona, SSH","Congressional Rd,  General Mariano Alvarez, Manila - Andres Soriano Jr Ave / Muralla Intersection, Manila",3,LTFRB_PUB1153,724594,726095
149,LTFRB,"GMA - Plaza Lawton via Ayala, Carmona, SSH","Taft Ave, Manila - Congressional Rd,  General Mariano Alvarez, Manila",3,LTFRB_PUB1154,724594,725139
150,LTFRB,"Grotto - Baclaran via Commonwealth Ave, Ayala","Roxas Blvd / T. Claudio Intersection, Parañaque City, Manila - Sta. Maria - Tungkong Mangga Rd / Quirino Highway Intersection, City of San Jose del Monte",3,LTFRB_PUB1155,724594,725165
150,LTFRB,"Grotto - Baclaran via Commonwealth Ave, Ayala","Roxas Blvd / T. Claudio Intersection, Parañaque City, Manila - Sta. Maria - Tungkong Mangga Rd / Quirino Highway Intersection, City of San Jose del Monte",3,LTFRB_PUB1155,724594,725596
151,LTFRB,"Grotto - Baclaran via Commonwealth Ave, Ayala","Sta. Maria - Tungkong Mangga Rd / Quirino Highway Intersection, City of San Jose del Monte - Roxas Blvd / T. Claudio Intersection, Parañaque City, Manila",3,LTFRB_PUB1156,724594,725680
152,LTFRB,"Grotto - NAIA via EDSA, Fairview","Sta. Maria - Tungkong Mangga Rd / Quirino Highway Intersection, City of San Jose del Monte - Ninoy Aquino Ave, Lungsod ng Pasay, Manila",3,LTFRB_PUB1158,724594,725050
153,LTFRB,"Grotto - NAIA via EDSA, Ayala, Buendia Extn","Maria, Parañaque City, Manila - Sta. Maria - Tungkong Mangga Rd / Quirino Highway Intersection, City of San Jose del Monte",3,LTFRB_PUB1159,724594,725265
153,LTFRB,"Grotto - NAIA via EDSA, Ayala, Buendia Extn","Maria, Parañaque City, Manila - Sta. Maria - Tungkong Mangga Rd / Quirino Highway Intersection, City of San Jose del Monte",3,LTFRB_PUB1159,724594,726167
154,LTFRB,"Grotto - NAIA via EDSA, Ayala, Buendia Extn","Sta. Maria - Tungkong Mangga Rd / Quirino Highway Intersection, City of San Jose del Monte - Ninoy Aquino Ave, Lungsod ng Pasay, Manila",3,LTFRB_PUB1160,724594,725579
155,LTFRB,Lagro - NAIA via Fairview,"Maria, Parañaque City, Manila - Quirino Highway / Maligaya Intersection, Caloocan City",3,LTFRB_PUB1161,724594,726238
156,LTFRB,Lagro - NAIA via Fairview,"Robinsons Nova Supermarket, Quirino Highway, Caloocan City, Manila - Terminal 1 Arrivals Area Rd, Ninoy Aquino International Airport,  Parañaque City, Manila",3,LTFRB_PUB1162,724594,724725
157,LTFRB,"Malanday - Muntinlupa via Edsa, Monumento","National Hwy, Muntinlupa City, Manila - MacArthur Highway, Dalandanan, Valenzuela City",3,LTFRB_PUB1163,724594,725157
158,LTFRB,"Malanday - Muntinlupa via Edsa, Monumento","MacArthur Highway, Dalandanan, Valenzuela City - National Hwy, Muntinlupa City, Manila",3,LTFRB_PUB1164,724594,725945
159,LTFRB,"Malanday Term - NAIA viaEDSA, Buendia, Ayala","Maria, Parañaque City, Manila - MacArthur Highway, Dalandanan, Valenzuela City",3,LTFRB_PUB1165,724594,726227
160,LTFRB,"Malanday Term - NAIA viaEDSA, Buendia, Ayala","MacArthur Highway, Dalandanan, Valenzuela City - Ninoy Aquino Ave, Lungsod ng Pasay, Manila",3,LTFRB_PUB1166,724594,726021
161,LTFRB,Moonwalk - Plaza Lawton,"Alabang-Zapote Road, Las Piñas City, Manila - Andres Soriano Jr Ave / Muralla Intersection, Manila",3,LTFRB_PUB1167,724594,725110
162,LTFRB,Moonwalk - Plaza Lawton,"Taft Ave, Manila - Alabang-Zapote Road, Las Piñas City, Manila",3,LTFRB_PUB1168,724594,726309
163,LTFRB,NAIA - Malanday via EDSA,"Maria, Parañaque City, Manila - MacArthur Highway, Dalandanan, Valenzuela City",3,LTFRB_PUB1169,724594,726102
164,LTFRB,NAIA - Malanday via EDSA,"MacArthur Highway, Dalandanan, Valenzuela City - Ninoy Aquino Ave, Lungsod ng Pasay, Manila",3,LTFRB_PUB1170,724594,724741
165,LTFRB,Norzagaray - Baclaran Via Commonwealth Ave,"Diosdado Macapagal Blvd, Lungsod ng Pasay, Manila - VFR Phase 2 Elementary School, City of San Jose del Monte, Manila",3,LTFRB_PUB1171,724594,725798
166,LTFRB,Norzagaray - Baclaran Via Commonwealth Ave,"VFR Phase 2 Elementary School, City of San Jose del Monte, Manila - Roxas Blvd / T. Claudio Intersection, Parañaque City, Manila",3,LTFRB_PUB1172,724594,725792
167,LTFRB,Norzgry / Spalay-NAIA / Baclrn Via Comm Fairv Ed,"Maria, Parañaque City, Manila - VFR Phase 2 Elementary School, City of San Jose del Monte, Manila",3,LTFRB_PUB1173,724594,726268
168,LTFRB,Norzgry / Spalay-NAIA / Baclrn Via Comm Fairv Ed,"VFR Phase 2 Elementary School, City of San Jose del Monte, Manila - Ninoy Aquino Ave, Lungsod ng Pasay, Manila",3,LTFRB_PUB1174,724594,726324
169,LTFRB,"Pacita Complex (SP, Lag) - Letre via EDSA","Pacita Bus Terminal,  Pacita Av, San Pedro, Manila - Circimferential Road 4, Malabon City",3,LTFRB_PUB1175,724594,725042
169,LTFRB,"Pacita Complex (SP, Lag) - Letre via EDSA","Pacita Bus Terminal,  Pacita Av, San Pedro, Manila - Circimferential Road 4, Malabon City",3,LTFRB_PUB1175,724594,726251
170,LTFRB,"Pacita Complex (SP, Lag) - Letre via EDSA","Pagamutang Bayan Ng Malabon, Dagat- Dagatan Avenue, Caloocan City - Pacita Bus Terminal,  Pacita Av, San Pedro, Manila",3,LTFRB_PUB1176,724594,725037
171,LTFRB,Pacita Complex - SM Fairview via EDSA,"Plaza Pacita Bus Terminal, National Highway / Pacita Av, San Pedro, Manila - Robinsons Nova Supermarket, Quirino Highway, Caloocan City, Manila",3,LTFRB_PUB1177,724594,725301
172,LTFRB,Pacita Complex - SM Fairview via EDSA,"Belfast / Bulalakaw Intersection, Quezon City - PNR Pacita Station, Pine Rd, San Pedro, Manila",3,LTFRB_PUB1178,724594,724899
173,LTFRB,Pacita Complex - Navotas Term via EDSA,"MMDA Navotos Bus Terminal, Circumferential Road 4, Navotas City, Manila - Pacita Bus Terminal,  Pacita Av, San Pedro, Manila",3,LTFRB_PUB1180,724594,725002
174,LTFRB,"Pacita - Novaliches Term via Malinta Ex, EDSA","National Highway / Unnamed Rd, San Pedro, Manila - Genteral Luis / East Street Intersection, Caloocan City",3,LTFRB_PUB1181,724594,724670
175,LTFRB,"Pacita - Novaliches Term via Malinta Ex, EDSA","Genteral Luis / East Street Intersection, Caloocan City - National Highway / Unnamed Rd, San Pedro, Manila",3,LTFRB_PUB1182,724594,726188
176,LTFRB,Pala - pala Dasmarinas Cavite - Navotas Terminal via Edsa,"Governor's Dv, Dasmariñas City, Manila - MMDA Navotos Bus Terminal, Circumferential Road 4, Navotas City, Manila",3,LTFRB_PUB1183,724594,725334
177,LTFRB,Pala - pala Dasmarinas Cavite - Navotas Terminal via Edsa,"MMDA Navotos Bus Terminal, Circumferential Road 4, Navotas City, Manila - Governor's Dv, Dasmariñas City, Manila",3,LTFRB_PUB1184,724594,725270
178,LTFRB,Pandacan (Beata) - Quiapo via C. Palanca,"Lorenzo Dela Paz / Baretto Intersection, Manila - Padre Burgos St, Manila",3,LTFRB_PUB1185,724594,725931
179,LTFRB,Pandacan (Beata) - Quiapo via C. Palanca,"Philippine Normal University, San Marcelino / Ayala Blvd, Manila - Lorenzo Dela Paz / Baretto Intersection, Manila",3,LTFRB_PUB1186,724594,726237
180,LTFRB,"San Mateo - Baclaran via EDSA, Ayala, Commonwealth Ave","Roxas Blvd / T. Claudio Intersection, Parañaque City, Manila - MALTC Bus Station, Gen. A Luna, San Mateo",3,LTFRB_PUB1187,724594,725124
181,LTFRB,"San Mateo - Baclaran via EDSA, Ayala, Commonwealth Ave","Gen. A Luna / Curayao Intersection, San Mateo - Roxas Blvd / T. Claudio Intersection, Parañaque City, Manila",3,LTFRB_PUB1188,724594,724898
182,LTFRB,Sapang Palay - Sta. Cruz via Marilao Exit,"T. Mapua, Manila - VFR Phase 2 Elementary School, City of San Jose del Monte, Manila",3,LTFRB_PUB1189,724594,726357
183,LTFRB,Sapang Palay - Sta. Cruz via Marilao Exit,"Sapang Palay, City of San Jose del Monte, Manila - Oroquieta, Manila",3,LTFRB_PUB1190,724594,725988
184,LTFRB,Sapang Palay - Sta Cruz (DJose) Sta Maria NE,"T. Mapua, Manila - Iglesia ni Cristo, City of San Jose del Monte, Manila",3,LTFRB_PUB1191,724594,725198
185,LTFRB,Sapang Palay - Sta Cruz (DJose) Sta Maria NE,"Bagong Buhay H Elementary School, City of San Jose del Monte, Manila - Oroquieta, Manila",3,LTFRB_PUB1192,724594,724608
186,LTFRB,Sta Maria - Baclaran NLEX EDSA,"Diosdado Macapagal Blvd, Lungsod ng Pasay, Manila - Norzagaray-Santa Maria Bulacan, Santa Maria, Manila",3,LTFRB_PUB1193,724594,725730
187,LTFRB,Sta Maria - Baclaran NLEX EDSA,"Norzagaray-Santa Maria Bulacan, Santa Maria, Manila - Roxas Blvd / T. Claudio Intersection, Parañaque City, Manila",3,LTFRB_PUB1194,724594,724651
188,LTFRB,Taguig - SM Fairview via Lagro Ayala Buendia EDSA,"Senator Gil Puyat Ave, Lungsod ng Pasay, Manila - Robinsons Nova Supermarket, Quirino Highway, Caloocan City, Manila",3,LTFRB_PUB1195,724594,725283
189,LTFRB,Taguig - SM Fairview via Lagro Ayala Buendia EDSA,"Belfast / Bishop Avenue Intersection, Quezon City - Senator Gil Puyat Ave, Lungsod ng Pasay, Manila",3,LTFRB_PUB1196,724594,725992
190,LTFRB,Taytay  - Quiapo via Manila East Road,"Manila Road East, Taytay, Manila - Nicanor Reyes Street, Manila",3,LTFRB_PUB1197,724594,724612
191,LTFRB,Taytay  - Quiapo via Manila East Road,"Philippine Normal University, San Marcelino / Ayala Blvd, Manila - Manila Road East, Taytay, Manila",3,LTFRB_PUB1198,724594,724726
192,LTFRB,HULO - P. VICTORINO/KALENTONG,"Alchan, Mandaluyong City, Manila - Jose Rizal University, J Fabella St, Mandaluyong City, Manila",3,LTFRB_PUJ1001,724594,725698
193,LTFRB,HULO - P. VICTORINO/KALENTONG,"Jose Rizal University, J Fabella St, Mandaluyong City, Manila - Alchan, Mandaluyong City, Manila",3,LTFRB_PUJ1002,724594,725418
194,LTFRB,A. Bonifacio - A. Mabini via 10th Avenue,"Kamantigue / 11th Avenue, Caloocan City - Mercury Drug, A. Mabini Avenue, Caloocan City",3,LTFRB_PUJ1003,724594,725326
195,LTFRB,A. Bonifacio - A. Mabini via 10th Avenue,"Mercury Drug, A. Mabini Avenue, Caloocan City - Kamantigue / 11th Avenue, Caloocan City",3,LTFRB_PUJ1004,724594,725383
195,LTFRB,A. Bonifacio - A. Mabini via 10th Avenue,"Mercury Drug, A. Mabini Avenue, Caloocan City - Kamantigue / 11th Avenue, Caloocan City",3,LTFRB_PUJ1004,724594,725383
195,LTFRB,A. Bonifacio - A. Mabini via 10th Avenue,"Mercury Drug, A. Mabini Avenue, Caloocan City - Kamantigue / 11th Avenue, Caloocan City",3,LTFRB_PUJ1004,724594,725383
195,LTFRB,A. Bonifacio - A. Mabini via 10th Avenue,"Mercury Drug, A. Mabini Avenue, Caloocan City - Kamantigue / 11th Avenue, Caloocan City",3,LTFRB_PUJ1004,724594,725383
195,LTFRB,A. Bonifacio - A. Mabini via 10th Avenue,"Mercury Drug, A. Mabini Avenue, Caloocan City - Kamantigue / 11th Avenue, Caloocan City",3,LTFRB_PUJ1004,724594,725383
195,LTFRB,A. Bonifacio - A. Mabini via 10th Avenue,"Mercury Drug, A. Mabini Avenue, Caloocan City - Kamantigue / 11th Avenue, Caloocan City",3,LTFRB_PUJ1004,724594,725383
195,LTFRB,A. Bonifacio - A. Mabini via 10th Avenue,"Mercury Drug, A. Mabini Avenue, Caloocan City - Kamantigue / 11th Avenue, Caloocan City",3,LTFRB_PUJ1004,724594,725383
195,LTFRB,A. Bonifacio - A. Mabini via 10th Avenue,"Mercury Drug, A. Mabini Avenue, Caloocan City - Kamantigue / 11th Avenue, Caloocan City",3,LTFRB_PUJ1004,724594,725383
195,LTFRB,A. Bonifacio - A. Mabini via 10th Avenue,"Mercury Drug, A. Mabini Avenue, Caloocan City - Kamantigue / 11th Avenue, Caloocan City",3,LTFRB_PUJ1004,724594,725383
195,LTFRB,A. Bonifacio - A. Mabini via 10th Avenue,"Mercury Drug, A. Mabini Avenue, Caloocan City - Kamantigue / 11th Avenue, Caloocan City",3,LTFRB_PUJ1004,724594,725383
195,LTFRB,A. Bonifacio - A. Mabini via 10th Avenue,"Mercury Drug, A. Mabini Avenue, Caloocan City - Kamantigue / 11th Avenue, Caloocan City",3,LTFRB_PUJ1004,724594,725383
195,LTFRB,A. Bonifacio - A. Mabini via 10th Avenue,"Mercury Drug, A. Mabini Avenue, Caloocan City - Kamantigue / 11th Avenue, Caloocan City",3,LTFRB_PUJ1004,724594,725383
195,LTFRB,A. Bonifacio - A. Mabini via 10th Avenue,"Mercury Drug, A. Mabini Avenue, Caloocan City - Kamantigue / 11th Avenue, Caloocan City",3,LTFRB_PUJ1004,724594,725383
195,LTFRB,A. Bonifacio - A. Mabini via 10th Avenue,"Mercury Drug, A. Mabini Avenue, Caloocan City - Kamantigue / 11th Avenue, Caloocan City",3,LTFRB_PUJ1004,724594,725383
195,LTFRB,A. Bonifacio - A. Mabini via 10th Avenue,"Mercury Drug, A. Mabini Avenue, Caloocan City - Kamantigue / 11th Avenue, Caloocan City",3,LTFRB_PUJ1004,724594,725383
195,LTFRB,A. Bonifacio - A. Mabini via 10th Avenue,"Mercury Drug, A. Mabini Avenue, Caloocan City - Kamantigue / 11th Avenue, Caloocan City",3,LTFRB_PUJ1004,724594,725383
195,LTFRB,A. Bonifacio - A. Mabini via 10th Avenue,"Mercury Drug, A. Mabini Avenue, Caloocan City - Kamantigue / 11th Avenue, Caloocan City",3,LTFRB_PUJ1004,724594,725383
196,LTFRB,A. Bonifacio - E. Rodriguez via D. Tuazon,"D. Tuazon / Eulogio Rodriguez Sr Ave Intersection, Manila - Tangali / Tinagan Intersection, Quezon City",3,LTFRB_PUJ1005,724594,724954
197,LTFRB,A. Bonifacio - E. Rodriguez via D. Tuazon,"Tangali / Tinagan Intersection, Quezon City - D. Tuazon / Eulogio Rodriguez Sr Ave Intersection, Manila",3,LTFRB_PUJ1006,724594,726225
198,LTFRB,A. Luna - Libertad,"Leveriza, Manila - Antonio Arnaiz Ave / F.B. Harrison St Intersection",3,LTFRB_PUJ1007,724594,724631
199,LTFRB,A. Luna - Libertad,"Antonio Arnaiz Ave / F.B. Harrison St Intersection - Leveriza, Manila",3,LTFRB_PUJ1008,724594,724825
200,LTFRB,Mayhaligue - Plaza dela Barca via J.A.,"Jose Abad Santos Ave., Manila - Juan Luna / Veronica Intersection, Manila",3,LTFRB_PUJ1009,724594,725075
201,LTFRB,Mayhaligue - Plaza dela Barca via J.A.,"Juan Luna / Veronica Intersection, Manila - Jose Abad Santos Ave., Manila",3,LTFRB_PUJ1010,724594,724914
202,LTFRB,A. Rivera - Raon via Tomas Mapua,"Jose Abad Santos Avenue / Tayuman Road, Quezon City - A F. Torres, Manila",3,LTFRB_PUJ1011,724594,724923
202,LTFRB,A. Rivera - Raon via Tomas Mapua,"Jose Abad Santos Avenue / Tayuman Road, Quezon City - A F. Torres, Manila",3,LTFRB_PUJ1011,724594,724998
203,LTFRB,A. Rivera - Raon via Tomas Mapua,"A F. Torres, Manila - Jose Abad Santos Avenue / Tayuman Road, Quezon City",3,LTFRB_PUJ1012,724594,726064
204,LTFRB,Alabang - Baclaran via Ninoy Aquino,"Dr A. Santos Ave, Parañaque City, Manila - Redemptorist Road, Parañaque City, Manila",3,LTFRB_PUJ1013,724594,726294
205,LTFRB,Alabang - Baclaran via Ninoy Aquino,"Redemptorist Road, Parañaque City, Manila - Dr A. Santos Ave, Parañaque City, Manila",3,LTFRB_PUJ1014,724594,726355
206,LTFRB,"Alabang - Baclaran via San Dionisio, Zapote","Pinaglabanan / Quirino Avenue, Parañaque City, Manila - South Luzon Expressway / Montillano St Intersection, Muntinlupa City, Manila",3,LTFRB_PUJ1015,724594,725525
207,LTFRB,"Alabang - Baclaran via San Dionisio, Zapote","South Luzon Expressway / Montillano St Intersection, Muntinlupa City, Manila - Pinaglabanan / Quirino Avenue, Parañaque City, Manila",3,LTFRB_PUJ1016,724594,725602
208,LTFRB,Alabang - Carmona,"Governor's Drive, Carmona, Manila - Civic Dr, Muntinlupa City, Manila",3,LTFRB_PUJ1017,724594,726266
209,LTFRB,Alabang - Carmona,"Civic Dr, Muntinlupa City, Manila - Governor's Drive, Carmona, Manila",3,LTFRB_PUJ1018,724594,724847
210,LTFRB,Alabang - GMA via Carmona National Rd.,"National Hwy, Biñan City, Manila - Starmall Footbridge, Starmall Starmall Service Rd, Muntinlupa City, Manila",3,LTFRB_PUJ1019,724594,725346
211,LTFRB,Alabang - GMA via Carmona National Rd.,"Starmall Footbridge, Starmall Starmall Service Rd, Muntinlupa City, Manila - National Hwy, Biñan City, Manila",3,LTFRB_PUJ1020,724594,724654
211,LTFRB,Alabang - GMA via Carmona National Rd.,"Starmall Footbridge, Starmall Starmall Service Rd, Muntinlupa City, Manila - National Hwy, Biñan City, Manila",3,LTFRB_PUJ1020,724594,726062
212,LTFRB,"Alabang - GMA via South Expressway, Carmona Exit","Biyaya Polytechnic Academy, Congressional Road, General Mariano Alvarez, Manila - South Luzon Expressway, Muntinlupa City, Manila",3,LTFRB_PUJ1021,724594,725773
213,LTFRB,"Alabang - GMA via South Expressway, Carmona Exit","National Hwy, Muntinlupa City, Manila - Biyaya Polytechnic Academy, Congressional Road, General Mariano Alvarez, Manila",3,LTFRB_PUJ1022,724594,726150
214,LTFRB,Alabang - FTI via South Super Highway,"DBP Ave, Taguig City, Manila, Manila - National Hwy / UP St Intersection, Muntinlupa City, Manila",3,LTFRB_PUJ1023,724594,725261
215,LTFRB,Alabang - FTI via South Super Highway,"National Hwy / UP St Intersection, Muntinlupa City, Manila - DBP Ave, Taguig City, Manila, Manila",3,LTFRB_PUJ1024,724594,725481
216,LTFRB,"Alabang - Muntinlupa via National Rd. up to Bayan-bayanan, San Pedro","BBL Trans San Pedro Terminal, National Hwy, San Pedro, Manila - National Hwy / Visayas St Intersection, Muntinlupa City, Manila",3,LTFRB_PUJ1025,724594,726122
217,LTFRB,"Alabang - Muntinlupa via National Rd. up to Bayan-bayanan, San Pedro","National Hwy / Visayas St Intersection, Muntinlupa City, Manila - BBL Trans San Pedro Terminal, National Hwy, San Pedro, Manila",3,LTFRB_PUJ1026,724594,725846
218,LTFRB,Alabang - Muntinlupa Bilibid Prison via Katarungan Village,"Starmall Footbridge, Starmall Starmall Service Rd, Muntinlupa City, Manila - C Arellano St / G Araneta St Intersection, Muntinlupa City, Manila",3,LTFRB_PUJ1028,724594,724812
218,LTFRB,Alabang - Muntinlupa Bilibid Prison via Katarungan Village,"Starmall Footbridge, Starmall Starmall Service Rd, Muntinlupa City, Manila - C Arellano St / G Araneta St Intersection, Muntinlupa City, Manila",3,LTFRB_PUJ1028,724594,726104
219,LTFRB,Alabang - Pasay RTDA. Via FTI Service Rd.,"DBP Ave, Taguig City, Manila, Manila - Epifanio de los Santos Avenue, Lungsod ng Pasay",3,LTFRB_PUJ1029,724594,726156
220,LTFRB,Alabang - Pasay RTDA. Via FTI Service Rd.,"Epifanio de los Santos Avenue, Lungsod ng Pasay - DBP Ave, Taguig City, Manila, Manila",3,LTFRB_PUJ1030,724594,725168
221,LTFRB,Alabang - Pasay RTDA. Via South Super Highway,"DBP Ave, Taguig City, Manila, Manila - Epifanio de los Santos Avenue, Diosdado Macapagal Blvd, Lungsod ng Pasay",3,LTFRB_PUJ1031,724594,725560
222,LTFRB,Alabang - Signal Village via South Expressway Service Road,"DBP Ave, Taguig City, Manila, Manila - National Hwy / UP St Intersection, Muntinlupa City, Manila",3,LTFRB_PUJ1033,724594,724642
223,LTFRB,Alabang - Signal Village via South Expressway Service Road,"National Hwy / UP St Intersection, Muntinlupa City, Manila - DBP Ave, Taguig City, Manila, Manila",3,LTFRB_PUJ1034,724594,726321
224,LTFRB,(Alabang) Pacita Complex - Sucat,"South Luzon Expressway / Montillano St Intersection, Muntinlupa City, Manila - South Luzon Expressway, Muntinlupa City, Manila",3,LTFRB_PUJ1035,724594,726261
225,LTFRB,(Alabang) Pacita Complex - Sucat,"South Luzon Expressway, Muntinlupa City, Manila - South Luzon Expressway / Montillano St Intersection, Muntinlupa City, Manila",3,LTFRB_PUJ1036,724594,725968
226,LTFRB,Alabang - Sucat via Cupang (East Service Rd.),"South Luzon Expressway / Montillano St Intersection, Muntinlupa City, Manila - Dr A. Santos Ave, Parañaque City, Manila",3,LTFRB_PUJ1037,724594,724859
227,LTFRB,Alabang - Sucat via Cupang (East Service Rd.),"Dr A. Santos Ave, Parañaque City, Manila - South Luzon Expressway / Montillano St Intersection, Muntinlupa City, Manila",3,LTFRB_PUJ1038,724594,725499
228,LTFRB,Alabang - Zapote (Las Piñas),"Quirino Ave, Bacoor City, Manila - Starmall Footbridge, Starmall Starmall Service Rd, Muntinlupa City, Manila",3,LTFRB_PUJ1040,724594,725210
229,LTFRB,Almanza ( Las Piñas ) - Baclaran,"F.B. Harrison Street / Taft Avenue Extension Intersection, Lungsod ng Pasay, Manila - Alabang-Zapote Road, Muntinlupa City, Manila",3,LTFRB_PUJ1041,724594,725147
230,LTFRB,Almanza ( Las Piñas ) - Baclaran,"Alabang-Zapote Road, Muntinlupa City, Manila - F.B. Harrison Street / Taft Avenue Extension Intersection, Lungsod ng Pasay, Manila",3,LTFRB_PUJ1042,724594,724829
231,LTFRB,Antipolo - Cubao via Marcos Highway,"Martinez St / R. De Jesus Intersection, Antipolo City, Manila - 8th Ave, Quezon City, Manila",3,LTFRB_PUJ1043,724594,725734
232,LTFRB,Antipolo - Cubao via Marcos Highway,"8th Ave, Quezon City, Manila - Martinez St / R. De Jesus Intersection, Antipolo City, Manila",3,LTFRB_PUJ1044,724594,726053
233,LTFRB,Antipolo - Cubao via Sumulong,"Martinez St / R. De Jesus Intersection, Antipolo City, Manila - 8th Ave, Quezon City, Manila",3,LTFRB_PUJ1045,724594,725527
234,LTFRB,Antipolo - Cubao via Sumulong,"8th Ave, Quezon City, Manila - Martinez St / R. De Jesus Intersection, Antipolo City, Manila",3,LTFRB_PUJ1046,724594,725178
235,LTFRB,Antipolo - EDSA/Shaw Blvd.,"Ortigas Avenue Extension / L. Sumulong Memorial Cir Intersection, Antipolo City, Manila - Sheridan / United Street, Mandaluyong City, Manila",3,LTFRB_PUJ1047,724594,724909
236,LTFRB,Antipolo - EDSA/Shaw Blvd.,"Sheridan / United Street, Mandaluyong City, Manila - Ortigas Avenue Extension / L. Sumulong Memorial Cir Intersection, Antipolo City, Manila",3,LTFRB_PUJ1048,724594,725889
237,LTFRB,Antipolo - JRC Ortigas/Shaw,"P. Oliveros St / A. Bonifacio St Intersection, Antipolo City, Manila - Lawson / Shaw Blvd Intersection, Mandaluyong City, Manila",3,LTFRB_PUJ1049,724594,726001
238,LTFRB,Antipolo - JRC Ortigas/Shaw,"Lawson / Shaw Blvd Intersection, Mandaluyong City, Manila - P. Oliveros St / A. Bonifacio St Intersection, Antipolo City, Manila",3,LTFRB_PUJ1050,724594,724873
239,LTFRB,Antipolo (Cogeo) - Marikina via Sumulong,"Martinez St / R. De Jesus Intersection, Antipolo City, Manila - Shoe Ave, Marikina City, Manila",3,LTFRB_PUJ1051,724594,725470
240,LTFRB,Anonas/Aurora - Lagro via Don Mariano Marcos Ave.,"Anonas / Molave Intersection, Quezon City, Manila - Ascencion Avenue / Caridad Intersection, Quezon City",3,LTFRB_PUJ1053,724594,725313
241,LTFRB,Anonas/Aurora - Lagro via Don Mariano Marcos Ave.,"Ascencion Avenue / Caridad Intersection, Quezon City - Anonas / Molave Intersection, Quezon City, Manila",3,LTFRB_PUJ1054,724594,726401
242,LTFRB,Arroceros - Proj. 2 & 3 via Kamuning E. Rodriguez,"Molave, Quezon City, Manila - Padre Burgos St, Manila",3,LTFRB_PUJ1055,724594,725858
243,LTFRB,Arroceros - Proj. 2 & 3 via Kamuning E. Rodriguez,"Padre Burgos St, Manila - Molave, Quezon City, Manila",3,LTFRB_PUJ1056,724594,725116
244,LTFRB,Arroceros - Roxas Dist. Via Espana,"Mayor Antonio J. Villegas Rd, Manilla - Halcon / Espana Boulevard Intersection, Manila",3,LTFRB_PUJ1057,724594,725104
245,LTFRB,Arroceros - Roxas Dist. Via Espana,"Halcon / Espana Boulevard Intersection, Manila - Mayor Antonio J. Villegas Rd, Manilla",3,LTFRB_PUJ1058,724594,725851
246,LTFRB,Ayala - Pateros via J.P. Rizal,"M. Almeda, Pateros, Manila - Makati Ave / A. Arnaiz Ave, Makati City, Manila",3,LTFRB_PUJ1059,724594,726069
247,LTFRB,Ayala - Pateros via J.P. Rizal,"Makati Ave / A. Arnaiz Ave, Makati City, Manila - M. Almeda, Pateros, Manila",3,LTFRB_PUJ1060,724594,725011
248,LTFRB,Ayala - Mantrade via Pasong Tamo,"Sabio St / Chino Roces Ave Intersection, Makati City, Manila - Paseo de Roxas / Ayala Avenue Intersection, Makati City, Manila",3,LTFRB_PUJ1061,724594,725754
249,LTFRB,Ayala - Mantrade via Pasong Tamo,"Paseo de Roxas / Ayala Avenue Intersection, Makati City, Manila - Sabio St / Chino Roces Ave Intersection, Makati City, Manila",3,LTFRB_PUJ1062,724594,725089
250,LTFRB,Ayala - Washington,"Epifanio de los Santos Avenue / McKinley Rd Intersection, Makati City, Manila - Senator Gil Puyat Ave / Washington Intersection, Makati City",3,LTFRB_PUJ1063,724594,725299
251,LTFRB,Ayala - Washington,"Senator Gil Puyat Ave / Washington Intersection, Makati City - Epifanio de los Santos Avenue / McKinley Rd Intersection, Makati City, Manila",3,LTFRB_PUJ1064,724594,725751
252,LTFRB,Baclaran - Bacoor,"Emilio Aguinaldo Hwy / Tirona Hwy Intersection, Bacoor City, Manila - Roxas Blvd / Redemptorist Road Intersection, Parañaque City, Manila",3,LTFRB_PUJ1065,724594,725976
253,LTFRB,Baclaran - Bacoor,"Roxas Blvd / Redemptorist Road Intersection, Parañaque City, Manila - Emilio Aguinaldo Hwy / Tirona Hwy Intersection, Bacoor City, Manila",3,LTFRB_PUJ1066,724594,725404
254,LTFRB,Baclaran - MIA/Baltao,"Ninoy Aquino International Airport, Departures Ramp, Lungsod ng Pasay, Manila - Airport Rd / Domestic Rd Intersection, Parañaque City, Manila",3,LTFRB_PUJ1067,724594,724742
255,LTFRB,Baclaran - MIA/Baltao,"Airport Rd / Domestic Rd Intersection, Parañaque City, Manila - Ninoy Aquino International Airport, Departures Ramp, Lungsod ng Pasay, Manila",3,LTFRB_PUJ1068,724594,725875
256,LTFRB,Baclaran - Nichols via CAA,"Andrews Ave / Sales Road Intersection, Lungsod ng Pasay, Manila - Airport Rd / Domestic Rd Intersection, Parañaque City, Manila",3,LTFRB_PUJ1069,724594,725581
257,LTFRB,Baclaran - Nichols via CAA,"Airport Rd / Domestic Rd Intersection, Parañaque City, Manila - Andrews Ave / Sales Road Intersection, Lungsod ng Pasay, Manila",3,LTFRB_PUJ1070,724594,724865
258,LTFRB,"Baclaran - Blumentritt via L. Guinto, Quiapo","F.B. Harrison Street / Taft Avenue Extension Intersection, Lungsod ng Pasay, Manila - Ferdinand Blumentritt / Aurora Boulevard Intersection, Quezon City",3,LTFRB_PUJ1071,724594,726307
259,LTFRB,"Baclaran - Blumentritt via L. Guinto, Quiapo","Ferdinand Blumentritt / Aurora Boulevard Intersection, Quezon City - F.B. Harrison Street / Taft Avenue Extension Intersection, Lungsod ng Pasay, Manila",3,LTFRB_PUJ1072,724594,724672
259,LTFRB,"Baclaran - Blumentritt via L. Guinto, Quiapo","Ferdinand Blumentritt / Aurora Boulevard Intersection, Quezon City - F.B. Harrison Street / Taft Avenue Extension Intersection, Lungsod ng Pasay, Manila",3,LTFRB_PUJ1072,724594,725025
260,LTFRB,"Baclaran - Blumentritt via Mabini, Quiapo","F.B. Harrison Street / Russel Avenue Intersection, Lungsod ng Pasay, Manila - Dimasalang Birdge / New Antipolo Intersection, Quezon City",3,LTFRB_PUJ1073,724594,725452
260,LTFRB,"Baclaran - Blumentritt via Mabini, Quiapo","F.B. Harrison Street / Russel Avenue Intersection, Lungsod ng Pasay, Manila - Dimasalang Birdge / New Antipolo Intersection, Quezon City",3,LTFRB_PUJ1073,724594,726392
261,LTFRB,"Baclaran - Blumentritt via Mabini, Quiapo","Dimasalang Birdge / New Antipolo Intersection, Quezon City - F.B. Harrison Street / Russel Avenue Intersection, Lungsod ng Pasay, Manila",3,LTFRB_PUJ1074,724594,726371
262,LTFRB,"Baclaran - Blumentritt via L. Guinto, Sta. Cruz","F.B. Harrison Street / Taft Avenue Extension Intersection, Lungsod ng Pasay, Manila - Pampanga / Light Rail Transit Line, Quezon City",3,LTFRB_PUJ1075,724594,725993
263,LTFRB,"Baclaran - Blumentritt via L. Guinto, Sta. Cruz","Pampanga / Light Rail Transit Line, Quezon City - F.B. Harrison Street / Taft Avenue Extension Intersection, Lungsod ng Pasay, Manila",3,LTFRB_PUJ1076,724594,725839
264,LTFRB,"Baclaran - Blumentritt via Mabini, Sta. Cruz","Cuneta Avenue, Lungsod ng Pasay, Manila - New Antipolo / Oroquieta Intersection, Quezon City",3,LTFRB_PUJ1077,724594,725412
265,LTFRB,"Baclaran - Blumentritt via Mabini, Sta. Cruz","New Antipolo / Oroquieta Intersection, Quezon City - Cuneta Avenue, Lungsod ng Pasay, Manila",3,LTFRB_PUJ1078,724594,725729
266,LTFRB,Baclaran - Dapitan via Mabini,"Roxas Blvd, Parañaque City, Manila - Community Centre, San Isidro Labrador, Quezon City",3,LTFRB_PUJ1079,724594,725485
267,LTFRB,Baclaran - Dapitan via Mabini,"Community Centre, San Isidro Labrador, Quezon City - Roxas Blvd, Parañaque City, Manila",3,LTFRB_PUJ1080,724594,725012
268,LTFRB,Baclaran - Divisoria via Mabini,"Roxas Blvd, Parañaque City, Manila - Juan Luna / Veronica Intersection, Manila",3,LTFRB_PUJ1081,724594,724879
269,LTFRB,Baclaran - Moonwalk via Quirino,"Pinaglabanan / Quirino Avenue, Parañaque City, Manila - Alabang-Zapote Road / L. Hernandez Avene Intersection, Muntinlupa City, Manila",3,LTFRB_PUJ1083,724594,725775
270,LTFRB,Baclaran - Moonwalk via Quirino,"Alabang-Zapote Road / L. Hernandez Avene Intersection, Muntinlupa City, Manila - Pinaglabanan / Quirino Avenue, Parañaque City, Manila",3,LTFRB_PUJ1084,724594,725376
271,LTFRB,Baclaran - P. Campa via L. Guinto,"F.B. Harrison Street / Taft Avenue Extension Intersection, Lungsod ng Pasay, Manila - Quezon Blvd / P.Paredes Intersection, Manila",3,LTFRB_PUJ1085,724594,725441
272,LTFRB,Baclaran - P. Campa via L. Guinto,"Quezon Blvd / P.Paredes Intersection, Manila - F.B. Harrison Street / Taft Avenue Extension Intersection, Lungsod ng Pasay, Manila",3,LTFRB_PUJ1086,724594,724881
273,LTFRB,Baclaran - P. Campa via Mabini,"Pinaglabanan / Quirino Avenue, Parañaque City, Manila - P.Paredes / España Blvd Intersection, Manila",3,LTFRB_PUJ1087,724594,724912
274,LTFRB,Baclaran - P. Campa via Mabini,"P.Paredes / España Blvd Intersection, Manila - Pinaglabanan / Quirino Avenue, Parañaque City, Manila",3,LTFRB_PUJ1088,724594,725421
275,LTFRB,Baclaran - Q.I.via Mabini,"F.B. Harrison Street / Russel Avenue Intersection, Lungsod ng Pasay, Manila - Lopez Jaena / Eulogio Rodriguez Sr Ave Intersection, Manila",3,LTFRB_PUJ1089,724594,725795
276,LTFRB,Baclaran - Q.I.via Mabini,"Lopez Jaena / Eulogio Rodriguez Sr Ave Intersection, Manila - F.B. Harrison Street / Russel Avenue Intersection, Lungsod ng Pasay, Manila",3,LTFRB_PUJ1090,724594,725507
277,LTFRB,"Baclaran - Retiro via L. Guinto, Quiapo","F.B. Harrison Street / Taft Avenue Extension Intersection, Lungsod ng Pasay, Manila - Ferdinand Blumentritt / Aurora Boulevard Intersection, Quezon City",3,LTFRB_PUJ1091,724594,725086
278,LTFRB,"Baclaran - Retiro via Mabini, Sta. Cruz","Pampanga / Pedro Guevarra Intersection, Quezon City - F.B. Harrison Street / Russel Avenue Intersection, Lungsod ng Pasay, Manila",3,LTFRB_PUJ1094,724594,725644
279,LTFRB,"Baclaran - Sucat/SSH via Imelda Ave.,","Roxas Blvd, Parañaque City, Manila - Dr A. Santos Ave, Parañaque City, Manila",3,LTFRB_PUJ1095,724594,725151
280,LTFRB,"Baclaran - Sucat/SSH via Imelda Ave.,","Dr A. Santos Ave, Parañaque City, Manila - Roxas Blvd, Parañaque City, Manila",3,LTFRB_PUJ1096,724594,726330
281,LTFRB,Baclaran - Sucat/SSH via Quirino Ave.,"Dr A. Santos Ave, Parañaque City, Manila - Roxas Blvd / Redemptorist Road Intersection, Parañaque City, Manila",3,LTFRB_PUJ1097,724594,725701
282,LTFRB,Baclaran - Sucat/SSH via Quirino Ave.,"Roxas Blvd / Redemptorist Road Intersection, Parañaque City, Manila - Dr A. Santos Ave, Parañaque City, Manila",3,LTFRB_PUJ1098,724594,725681
283,LTFRB,Baclaran - Zapote (Las Pinas),"Quirino Ave, Bacoor City, Manila - Redemptorist Road, Parañaque City, Manila",3,LTFRB_PUJ1099,724594,726205
284,LTFRB,Baclaran - Zapote (Las Pinas),"Redemptorist Road, Parañaque City, Manila - Quirino Ave, Bacoor City, Manila",3,LTFRB_PUJ1100,724594,726362
285,LTFRB,Baclaran - Bahayang PAG-ASA Subd.,"Avenida Rizal / Humabon Street Intersection, Bacoor City, Manila - F.B. Harrison Street / Russel Avenue Intersection, Lungsod ng Pasay, Manila",3,LTFRB_PUJ1101,724594,726012
286,LTFRB,Baclaran - Bahayang PAG-ASA Subd.,"F.B. Harrison Street / Russel Avenue Intersection, Lungsod ng Pasay, Manila - Avenida Rizal / Humabon Street Intersection, Bacoor City, Manila",3,LTFRB_PUJ1102,724594,725812
287,LTFRB,Bacood - R. Magsaysay/Old Sta. Mesa,"Bacood / Dalisay Intersection, Manila - Ramon Magsaysay Blvd / Altura Intersection, Manila",3,LTFRB_PUJ1103,724594,725263
288,LTFRB,Bacood - R. Magsaysay/Old Sta. Mesa,"Ramon Magsaysay Blvd / Altura Intersection, Manila - Bacood / Dalisay Intersection, Manila",3,LTFRB_PUJ1104,724594,725367
288,LTFRB,Bacood - R. Magsaysay/Old Sta. Mesa,"Ramon Magsaysay Blvd / Altura Intersection, Manila - Bacood / Dalisay Intersection, Manila",3,LTFRB_PUJ1104,724594,725505
289,LTFRB,Bagong Barrio - G. De Jesus/EDSA,"Malabon / Milagrosa Intersection, Caloocan City - Epifanio de los Santos Avenue, Caloocan City",3,LTFRB_PUJ1105,724594,726272
290,LTFRB,Bagong Barrio - G. De Jesus/EDSA,"Epifanio de los Santos Avenue, Caloocan City - Malabon / Milagrosa Intersection, Caloocan City",3,LTFRB_PUJ1106,724594,725181
291,LTFRB,Bagong Nayon II - Marikina Town,"Un-named road near Marcos Hwy, Antipolo City, Manila - Shoe Ave, Marikina City, Manila",3,LTFRB_PUJ1107,724594,725401
292,LTFRB,Bagong Nayon II - Marikina Town,"Shoe Ave, Marikina City, Manila - Un-named road near Marcos Hwy, Antipolo City, Manila",3,LTFRB_PUJ1108,724594,724632
292,LTFRB,Bagong Nayon II - Marikina Town,"Shoe Ave, Marikina City, Manila - Un-named road near Marcos Hwy, Antipolo City, Manila",3,LTFRB_PUJ1108,724594,724956
293,LTFRB,Bagumbayan (Taguig) - Pasig (TP) via San Joaquin,"Manuel L. Quezon, Muntinlupa City, Manila - Caruncho Ave / Market Ave Intersection, Pasig City, Manila",3,LTFRB_PUJ1109,724594,725004
294,LTFRB,Bagumbayan (Taguig) - Pasig (TP) via San Joaquin,"Caruncho Ave / Market Ave Intersection, Pasig City, Manila - Manuel L. Quezon, Muntinlupa City, Manila",3,LTFRB_PUJ1110,724594,725562
295,LTFRB,Brgy. Bagong Silangan - Marcos Rd. via Sampaguita Road,"J.P Rizal / Gen. Villamor Intersection, Quezon City - Commonwealth Avenue / Capitol Homes Drive Intersection, Quezon City",3,LTFRB_PUJ1111,724594,724948
296,LTFRB,Brgy. Bagong Silangan - Marcos Rd. via Sampaguita Road,"Commonwealth Avenue / Capitol Homes Drive Intersection, Quezon City - J.P Rizal / Gen. Villamor Intersection, Quezon City",3,LTFRB_PUJ1112,724594,725123
297,LTFRB,Bagumbayan (Taguig) - Sucat,"Manuel L. Quezon, Muntinlupa City, Manila - Manuel L. Quezon, Muntinlupa City, Manila",3,LTFRB_PUJ1113,724594,725325
298,LTFRB,Bagumbayan (Taguig) - Sucat,"Manuel L. Quezon, Muntinlupa City, Manila - Manuel L. Quezon, Muntinlupa City, Manila",3,LTFRB_PUJ1114,724594,724756
299,LTFRB,Bagong Silang - Novaliches (TP) via Susano,"Un named Road near Langit Road, Caloocan City - General Luis / Gold Intersection, Caloocan City",3,LTFRB_PUJ1116,724594,724623
300,LTFRB,Bagong Silang - Robinson's Fairview via Zabarte Rd.,"Quirino Highway / Maligaya Intersection, Caloocan City - Un named Road near Langit Road, Caloocan City",3,LTFRB_PUJ1117,724594,726196
301,LTFRB,Bagong Silang - Robinson's Fairview via Zabarte Rd.,"Un named Road near Langit Road, Caloocan City - Quirino Highway / Maligaya Intersection, Caloocan City",3,LTFRB_PUJ1118,724594,725472
302,LTFRB,Balic - Balic - Bustillos via G. Tuazon,"Jollibee Figueras Legarda / Bustillos Intersection, Manila - Unang Hakbang / Luzon Ave",3,LTFRB_PUJ1121,724594,725603
303,LTFRB,Balic - Balic - Bustillos via G. Tuazon,"Unang Hakbang / Luzon Ave - Jollibee Figueras Legarda / Bustillos Intersection, Manila",3,LTFRB_PUJ1122,724594,726384
304,LTFRB,Balic - Balic - Espana/M. Dela Fuente,"Unang Hakbang / Luzon Ave - Vicente G Cruz / Florentino Intersection, Manila",3,LTFRB_PUJ1123,724594,725697
305,LTFRB,Balic - Balic - Espana/M. Dela Fuente,"Vicente G Cruz / Florentino Intersection, Manila - Unang Hakbang / Luzon Ave",3,LTFRB_PUJ1124,724594,725486
306,LTFRB,Balic - Balic - Quiapo (Barbosa) via Lepanto,"Unang Hakbang / Luzon Ave - R Hidalgo, Manila",3,LTFRB_PUJ1125,724594,725098
306,LTFRB,Balic - Balic - Quiapo (Barbosa) via Lepanto,"Unang Hakbang / Luzon Ave - R Hidalgo, Manila",3,LTFRB_PUJ1125,724594,726273
307,LTFRB,Balic - Balic (Galas) - Quiapo (Barbosa) via Lepanto,"R Hidalgo, Manila - Unang Hakbang / Luzon Ave",3,LTFRB_PUJ1128,724594,725372
307,LTFRB,Balic - Balic (Galas) - Quiapo (Barbosa) via Lepanto,"R Hidalgo, Manila - Unang Hakbang / Luzon Ave",3,LTFRB_PUJ1128,724594,725788
308,LTFRB,Balete Drive/E. Rodriguez Loop Service,"Eulogio Rodriguez Sr. Ave / Balete Dr Intersection, Quezon City, Manila - Balete Dr / Sampaguita Intersection, Quezon City, Manila",3,LTFRB_PUJ1129,724594,724835
309,LTFRB,Balintawak - Blumentritt,"Ferdinand Blumentritt / Aurora Boulevard Intersection, Quezon City - Andreas Bonifacio, Quezon City",3,LTFRB_PUJ1130,724594,724814
310,LTFRB,Balintawak - Blumentritt,"Andreas Bonifacio, Quezon City - Ferdinand Blumentritt / Aurora Boulevard Intersection, Quezon City",3,LTFRB_PUJ1131,724594,725557
311,LTFRB,Balintawak - Camarin via Susano,"Quirino Highway, Quezon City - Zabarte Road / Camarin Road Intersection, Caloocan City",3,LTFRB_PUJ1132,724594,725307
312,LTFRB,Balintawak - Camarin via Susano,"Zabarte Road / Camarin Road Intersection, Caloocan City - Quirino Highway, Quezon City",3,LTFRB_PUJ1133,724594,725030
313,LTFRB,Balintawak - Frisco,"San Pedro Bautisa / Bernardo Intersection, Quezon City - Old Samson Road, Quezon City",3,LTFRB_PUJ1134,724594,725662
314,LTFRB,Balintawak - Frisco,"Old Samson Road, Quezon City - San Pedro Bautisa / Bernardo Intersection, Quezon City",3,LTFRB_PUJ1135,724594,726086
315,LTFRB,Balintawak - Lagro via Novaliches,"North Luzon Expressway near Bonifacio Memorial Elementary School, Caloocan City - Ascencion Avenue / Zagala Intersection, Quezon City",3,LTFRB_PUJ1136,724594,726049
316,LTFRB,Balintawak - Lagro via Novaliches,"Ascencion Avenue / Zagala Intersection, Quezon City - North Luzon Expressway near Bonifacio Memorial Elementary School, Caloocan City",3,LTFRB_PUJ1137,724594,724750
317,LTFRB,Balintawak - Monumento via A. Bonifacio,"Andreas Bonifacio, Quezon City - Bonifacio Market, MacArthur Highway, Caloocan City",3,LTFRB_PUJ1138,724594,726301
318,LTFRB,Balintawak - Monumento via A. Bonifacio,"Bonifacio Market, MacArthur Highway, Caloocan City - Andreas Bonifacio, Quezon City",3,LTFRB_PUJ1139,724594,726340
319,LTFRB,Balintawak - Novaliches via Quirino Hi-way,"Andreas Bonifacio, Quezon City - Susano / General Luis Intersection, Caloocan City",3,LTFRB_PUJ1140,724594,725623
320,LTFRB,Balintawak - Novaliches via Quirino Hi-way,"Susano / General Luis Intersection, Caloocan City - Andreas Bonifacio, Quezon City",3,LTFRB_PUJ1141,724594,726115
321,LTFRB,Balintawak - PUC via BAESA,"Andreas Bonifacio, Quezon City - St Francis of Assisi Parish Church, Roxas, Quirino Highway, Quezon City",3,LTFRB_PUJ1142,724594,724630
322,LTFRB,Balintawak - PUC via BAESA,"St Francis of Assisi Parish Church, Roxas, Quirino Highway, Quezon City - Andreas Bonifacio, Quezon City",3,LTFRB_PUJ1143,724594,725790
323,LTFRB,Balut - Divisoria,"Ylayay, Manila - Timoteo Paez Integrated School, Rodriguez, Manila",3,LTFRB_PUJ1144,724594,725321
323,LTFRB,Balut - Divisoria,"Ylayay, Manila - Timoteo Paez Integrated School, Rodriguez, Manila",3,LTFRB_PUJ1144,724594,725850
324,LTFRB,Balut - Divisoria,"Timoteo Paez Integrated School, Rodriguez, Manila - Ylayay, Manila",3,LTFRB_PUJ1145,724594,724918
325,LTFRB,"Brgy. San Rafael (Rodriguez) - Quezon City Hall via Maly (San Mateo, Rizal*","Kalayaan Ave / Elliptical Rd Intersection, Quezon City, Manila - MH del Pilar Street near Pig Farm, Rodriguez",3,LTFRB_PUJ1146,724594,725294
326,LTFRB,"Brgy. San Rafael (Rodriguez) - Quezon City Hall via Maly (San Mateo, Rizal*","MH del Pilar Street near Pig Farm, Rodriguez - Kalayaan Ave / Elliptical Rd Intersection, Quezon City, Manila",3,LTFRB_PUJ1147,724594,725684
327,LTFRB,Bel-Air-Washington,"Washington / E.Jacinto Intersection, Makati City - Canopus / Jupiter Intersection, Makati City, Manila",3,LTFRB_PUJ1148,724594,725492
328,LTFRB,Bel-Air-Washington,"Canopus / Jupiter Intersection, Makati City, Manila - Washington / E.Jacinto Intersection, Makati City",3,LTFRB_PUJ1149,724594,725590
329,LTFRB,Bicutan (Taguig) - Pasig (TP) via Pateros,"Adia Bagumbayan Manuel L. Quezon, Taguig City, Manila - Balderama, Pasig City, Manila",3,LTFRB_PUJ1150,724594,725960
330,LTFRB,Bicutan (Taguig) - Pasig (TP) via Pateros,"Balderama, Pasig City, Manila - Adia Bagumbayan Manuel L. Quezon, Taguig City, Manila",3,LTFRB_PUJ1151,724594,724960
331,LTFRB,Binangonan - JRC via Angono,"Quezon Ext. Binangonan, Manila - Shaw Blvd, Mandaluyong City, Manila",3,LTFRB_PUJ1152,724594,724897
332,LTFRB,Binangonan - JRC via Angono,"Shaw Blvd, Mandaluyong City, Manila - Quezon Ext. Binangonan, Manila",3,LTFRB_PUJ1153,724594,726161
333,LTFRB,Binangonan - Marcos Highway via Manila East Road,"Felix Ave, Cainta, Manila - Osmena, Binangonan, Manila",3,LTFRB_PUJ1154,724594,725003
334,LTFRB,Binangonan - Marcos Highway via Manila East Road,"Osmena, Binangonan, Manila - Felix Ave, Cainta, Manila",3,LTFRB_PUJ1155,724594,725620
335,LTFRB,Binangonan - Pasig (TP),"Quezon Ext. Binangonan, Manila - Market Ave, Pasig City, Manila",3,LTFRB_PUJ1156,724594,726180
336,LTFRB,Binangonan - Pasig (TP),"Market Ave, Pasig City, Manila - Quezon Ext. Binangonan, Manila",3,LTFRB_PUJ1157,724594,725323
337,LTFRB,Blumentritt - Divisoria,"Light Rail Transportation / New Antipolo, Quezon City - Claro M. Recto Ave / Jose Abad Santos Ave. Intersection, Manila",3,LTFRB_PUJ1159,724594,724740
338,LTFRB,Blumentritt - Frisco,"Light Rail Transportation / New Antipolo, Quezon City - Del Monte Avenue / Roosevelt Avenue Intersection, Quezon City",3,LTFRB_PUJ1160,724594,725085
339,LTFRB,Blumentritt - Frisco,"Del Monte Avenue / Roosevelt Avenue Intersection, Quezon City - Light Rail Transportation / New Antipolo, Quezon City",3,LTFRB_PUJ1161,724594,725500
340,LTFRB,Blumentritt - I. Delos Reyes/P. Campa via Dimasalang,"Alfonso Mendoza, Manila - Light Rail Transportation / New Antipolo, Quezon City",3,LTFRB_PUJ1162,724594,724606
341,LTFRB,Blumentritt - I. Delos Reyes/P. Campa via Dimasalang,"Light Rail Transportation / New Antipolo, Quezon City - Alfonso Mendoza, Manila",3,LTFRB_PUJ1163,724594,725845
342,LTFRB,"Blumentritt - Libertad via Quiapo, L. Guinto","Dimasalang / Aurora Boulevard Intersection, Quezon City - Taft Avenue Extension / Epifanio de los Santos Avenue, Lungsod ng Pasay, Manila",3,LTFRB_PUJ1164,724594,726263
343,LTFRB,"Blumentritt - Libertad via Quiapo, L. Guinto","Taft Avenue Extension / Epifanio de los Santos Avenue, Lungsod ng Pasay, Manila - Dimasalang / Aurora Boulevard Intersection, Quezon City",3,LTFRB_PUJ1165,724594,726310
344,LTFRB,"Blumentritt - Libertad via Quiapo, Mabini","Cuneta Avenue, Lungsod ng Pasay, Manila - Dimasalang / Aurora Boulevard Intersection, Quezon City",3,LTFRB_PUJ1166,724594,725842
345,LTFRB,"Blumentritt - Libertad via Quiapo, Mabini","Dimasalang / Aurora Boulevard Intersection, Quezon City - Cuneta Avenue, Lungsod ng Pasay, Manila",3,LTFRB_PUJ1167,724594,725529
346,LTFRB,"Blumentritt - Libertad via Sta. Cruz, L. Guinto","Antonio Arnaiz Ave / F.B. Harrison St Intersection - Light Rail Transit Line / Bulacan Intersection, Quezon City",3,LTFRB_PUJ1168,724594,725056
347,LTFRB,"Blumentritt - Libertad via Sta. Cruz, L. Guinto","Light Rail Transit Line / Bulacan Intersection, Quezon City - Antonio Arnaiz Ave / F.B. Harrison St Intersection",3,LTFRB_PUJ1169,724594,724684
348,LTFRB,"Blumentritt - Libertad via Sta. Cruz, Mabini","Antonio Arnaiz Ave / F.B. Harrison St Intersection - Old Antipolo / Felix Huetas Intersection, Quezon City",3,LTFRB_PUJ1170,724594,724728
349,LTFRB,"Blumentritt - Libertad via Sta. Cruz, Mabini","Old Antipolo / Felix Huetas Intersection, Quezon City - Antonio Arnaiz Ave / F.B. Harrison St Intersection",3,LTFRB_PUJ1171,724594,725674
350,LTFRB,Blumentritt - North Harbor via Divisoria,"Antonio Rivera, Manila - Light Rail Transportation / New Antipolo, Quezon City",3,LTFRB_PUJ1172,724594,724652
350,LTFRB,Blumentritt - North Harbor via Divisoria,"Antonio Rivera, Manila - Light Rail Transportation / New Antipolo, Quezon City",3,LTFRB_PUJ1172,724594,725805
351,LTFRB,Blumentritt - North Harbor via Divisoria,"Light Rail Transportation / New Antipolo, Quezon City - Antonio Rivera, Manila",3,LTFRB_PUJ1173,724594,726076
352,LTFRB,"Blumentritt - Pasay RTDA. via Quiapo, L. Guinto","Light Rail Transportation / New Antipolo, Quezon City - Taft Avenue Extension / Epifanio de los Santos Avenue, Lungsod ng Pasay, Manila",3,LTFRB_PUJ1174,724594,724673
353,LTFRB,"Blumentritt - Pasay RTDA. via Quiapo, L. Guinto","Taft Avenue Extension / Epifanio de los Santos Avenue, Lungsod ng Pasay, Manila - Light Rail Transportation / New Antipolo, Quezon City",3,LTFRB_PUJ1175,724594,725015
354,LTFRB,"Blumentritt - Pasay RTDA via Sta. Cruz, L. Guinto","New Antipolo / Oroquieta Intersection, Quezon City - Epifanio de los Santos Avenue, Lungsod ng Pasay",3,LTFRB_PUJ1176,724594,725930
355,LTFRB,"Blumentritt - Pasay RTDA via Sta. Cruz, L. Guinto","Epifanio de los Santos Avenue, Lungsod ng Pasay - New Antipolo / Oroquieta Intersection, Quezon City",3,LTFRB_PUJ1177,724594,726410
356,LTFRB,"Blumentritt - Pasay RTDA. via Sta. Cruz, Mabini","Old Antipolo / Felix Huetas Intersection, Quezon City - Epifanio de los Santos Avenue, Lungsod ng Pasay",3,LTFRB_PUJ1178,724594,725774
357,LTFRB,"Blumentritt - Pasay RTDA. via Sta. Cruz, Mabini","Epifanio de los Santos Avenue, Lungsod ng Pasay - Old Antipolo / Felix Huetas Intersection, Quezon City",3,LTFRB_PUJ1179,724594,726054
358,LTFRB,"Blumentritt - Remedios via Quiapo, L. Guinto","Light Rail Transportation / New Antipolo, Quezon City - Leon Guinto Sr., Manila",3,LTFRB_PUJ1180,724594,725689
359,LTFRB,"Blumentritt - Remedios via Quiapo, L. Guinto","Leon Guinto Sr., Manila - Light Rail Transportation / New Antipolo, Quezon City",3,LTFRB_PUJ1181,724594,725958
360,LTFRB,Blumentritt - Retiro,"Light Rail Transportation / New Antipolo, Quezon City - N. S. Amoranto Sr. Avenue / Banawe Avenue Intersection, Quezon City",3,LTFRB_PUJ1182,724594,726219
361,LTFRB,Blumentritt - Retiro,"N. S. Amoranto Sr. Avenue / Banawe Avenue Intersection, Quezon City - Light Rail Transportation / New Antipolo, Quezon City",3,LTFRB_PUJ1183,724594,725727
362,LTFRB,Blumentritt - Sta. Quiteria,"Ferdinand Blumentritt / Felix Huertas Intersection, Quezon City - Roxas, Quirino Highway, Quezon City",3,LTFRB_PUJ1184,724594,725643
363,LTFRB,Blumentritt - Sta. Quiteria,"Roxas, Quirino Highway, Quezon City - Ferdinand Blumentritt / Felix Huertas Intersection, Quezon City",3,LTFRB_PUJ1185,724594,726208
364,LTFRB,"Blumentritt - Vito Cruz via Quiapo, Mabini","Light Rail Transportation / New Antipolo, Quezon City - HP Village Square, Pablo Ocampo Sr., Manila",3,LTFRB_PUJ1186,724594,726406
365,LTFRB,"Blumentritt - Vito Cruz via Quiapo, Mabini","HP Village Square, Pablo Ocampo Sr., Manila - Light Rail Transportation / New Antipolo, Quezon City",3,LTFRB_PUJ1187,724594,726173
366,LTFRB,Boni/Pinatubo - Kalentong/JRC,"Arayat, Mandaluyong City, Manila - Daang Bakal / New Panaderos Extension Intersection, Manila",3,LTFRB_PUJ1188,724594,724888
367,LTFRB,Boni/Pinatubo - Kalentong/JRC,"Daang Bakal / New Panaderos Extension Intersection, Manila - Arayat, Mandaluyong City, Manila",3,LTFRB_PUJ1189,724594,725114
368,LTFRB,Boni - Kalentong/JRC via Boni Ave.,"Arayat, Mandaluyong City, Manila - New Panaderos Extension / 34 Rte Rev. G. Aglipay Intersection, Mandaluyong City",3,LTFRB_PUJ1190,724594,724625
369,LTFRB,Boni - Kalentong/JRC via Boni Ave.,"New Panaderos Extension / 34 Rte Rev. G. Aglipay Intersection, Mandaluyong City - Arayat, Mandaluyong City, Manila",3,LTFRB_PUJ1191,724594,726214
370,LTFRB,Boni (Robinson's Complex) - Kalentong/JRC,"Pioneer Studios, Pioneer, Pasig City, Manila - New Panaderos Extension / 34 Rte Rev. G. Aglipay Intersection, Mandaluyong City",3,LTFRB_PUJ1192,724594,725944
371,LTFRB,Boni (Robinson's Complex) - Kalentong/JRC,"New Panaderos Extension / 34 Rte Rev. G. Aglipay Intersection, Mandaluyong City - Pioneer Studios, Pioneer, Pasig City, Manila",3,LTFRB_PUJ1193,724594,724975
372,LTFRB,Boni/Pinatubo - Stop & Shop,"Arayat, Mandaluyong City, Manila - Ramon Magsaysay Blvd / Altura Intersection, Manila",3,LTFRB_PUJ1194,724594,725107
373,LTFRB,Boni/Pinatubo - Stop & Shop,"Ramon Magsaysay Blvd / Altura Intersection, Manila - Arayat, Mandaluyong City, Manila",3,LTFRB_PUJ1195,724594,725888
374,LTFRB,Buendia (Crispa) - PRC via P. Tamo,"Senator Gil Puyat Ave, Lungsod ng Pasay, Manila - A. Reyes Ave, Makati City, Manila",3,LTFRB_PUJ1196,724594,724763
375,LTFRB,Buendia (Crispa) - PRC via P. Tamo,"A. Reyes Ave, Makati City, Manila - Senator Gil Puyat Ave, Lungsod ng Pasay, Manila",3,LTFRB_PUJ1197,724594,725785
376,LTFRB,Cabrera - Libertad,"P.Zamora, Lungsod ng Pasay - Antonio Arnaiz Ave / P.Zamora Intersection, Manila",3,LTFRB_PUJ1198,724594,725715
377,LTFRB,Cabrera - Libertad,"Antonio Arnaiz Ave / P.Zamora Intersection, Manila - P.Zamora, Lungsod ng Pasay",3,LTFRB_PUJ1199,724594,725413
377,LTFRB,Cabrera - Libertad,"Antonio Arnaiz Ave / P.Zamora Intersection, Manila - P.Zamora, Lungsod ng Pasay",3,LTFRB_PUJ1199,724594,725502
378,LTFRB,Cainta Junction - Cubao via Ortigas Ave. Ext.,"Rosario Ocampo Elementary School, Rosario Ocampo Elementary School - 15th Ave / P. Tuazon Blvd, Quezon City, Manila",3,LTFRB_PUJ1200,724594,725967
379,LTFRB,Cainta Junction - Cubao via Ortigas Ave. Ext.,"15th Ave / P. Tuazon Blvd, Quezon City, Manila - Rosario Ocampo Elementary School, Rosario Ocampo Elementary School",3,LTFRB_PUJ1201,724594,725669
380,LTFRB,"Calumpang - Cubao via 20th Ave., P. Tuazon","General Romulo Ave ,Quezon City, Manila - Nicanor Roxas St, Marikina City, Manila",3,LTFRB_PUJ1202,724594,724828
381,LTFRB,"Calumpang - Cubao via 20th Ave., P. Tuazon","Nicanor Roxas St, Marikina City, Manila - General Romulo Ave ,Quezon City, Manila",3,LTFRB_PUJ1203,724594,725246
382,LTFRB,Calumpang - Stop & Shop via Aurora Blvd.,"Internet Cafe, Old Sta. Mesa, Manila - J. P. Rizal St, Marikina City, Manila",3,LTFRB_PUJ1204,724594,725714
383,LTFRB,Calumpang - Stop & Shop via Aurora Blvd.,"J. P. Rizal St, Marikina City, Manila - Internet Cafe, Old Sta. Mesa, Manila",3,LTFRB_PUJ1205,724594,726139
384,LTFRB,Camarin - Novaliches (TP),"Topaz, Caloocan City - Ipil / Camarin Road Intersection, Caloocan City",3,LTFRB_PUJ1206,724594,725243
385,LTFRB,Camarin - Novaliches (TP),"Ipil / Camarin Road Intersection, Caloocan City - Topaz, Caloocan City",3,LTFRB_PUJ1207,724594,725364
386,LTFRB,Camella Homes Springville Subd.-Talon Las Pinas,"Everlasting St, Bacoor City, Manila - Alabang-Zapote Road / Southmall Access Rd Intersection, Muntinlupa City, Manila",3,LTFRB_PUJ1208,724594,725829
387,LTFRB,Camella Homes Springville Subd.-Talon Las Pinas,"Alabang-Zapote Road / Southmall Access Rd Intersection, Muntinlupa City, Manila - Everlasting St, Bacoor City, Manila",3,LTFRB_PUJ1209,724594,726038
388,LTFRB,Camella (Gawaran) - Lozada Market via Marcos Alvarez,"M Gawaran Ave, Bacoor City, Manila - Alabang-Zapote Road, Las Piñas City, Manila",3,LTFRB_PUJ1210,724594,724962
389,LTFRB,Camella (Gawaran) - Lozada Market via Marcos Alvarez,"Alabang-Zapote Road, Las Piñas City, Manila - M Gawaran Ave, Bacoor City, Manila",3,LTFRB_PUJ1211,724594,725245
390,LTFRB,Cartimar - EDSA/Buendia via Bel Air,"Senator Gil Puyat Ave, Lungsod ng Pasay, Manila - Epifanio de los Santos Avenue, Makati City, Manila",3,LTFRB_PUJ1212,724594,725825
391,LTFRB,Cartimar - EDSA/Buendia via Bel Air,"Epifanio de los Santos Avenue, Makati City, Manila - Senator Gil Puyat Ave, Lungsod ng Pasay, Manila",3,LTFRB_PUJ1213,724594,726320
392,LTFRB,CCP Complex - Taft Ave. via Vito Cruz,"Jose Diokno Blvd, Lungsod ng Pasay, Manila - Taft Avenue / Pablo Ocampo Sreet, Avenue, Manila",3,LTFRB_PUJ1214,724594,724627
393,LTFRB,CCP Complex - Taft Ave. via Vito Cruz,"Taft Avenue / Pablo Ocampo Sreet, Avenue, Manila - Jose Diokno Blvd, Lungsod ng Pasay, Manila",3,LTFRB_PUJ1215,724594,725340
394,LTFRB,Cielito Homes - Novaliches (TP) via Old Camarin Rd.,"Our Lady Mercy Church, Quirino Highway, Caloocan City - Mahogany / Castle Spring Avenue, Caloocan City",3,LTFRB_PUJ1216,724594,725991
395,LTFRB,Cielito Homes - Novaliches (TP) via Old Camarin Rd.,"Mahogany / Castle Spring Avenue, Caloocan City - Our Lady Mercy Church, Quirino Highway, Caloocan City",3,LTFRB_PUJ1217,724594,726172
396,LTFRB,Cogeo - Cubao via Marcos Hi-way,"Mayor Ignacio Santos Diaz / N.Domingo Intersection, San Juan, Manila - Marcos Hwy, Antipolo City, Manila",3,LTFRB_PUJ1218,724594,725576
397,LTFRB,Cogeo - Cubao via Marcos Hi-way,"Marcos Hwy, Antipolo City, Manila - Mayor Ignacio Santos Diaz / N.Domingo Intersection, San Juan, Manila",3,LTFRB_PUJ1219,724594,724738
398,LTFRB,Crame - Cubao via Murphy,"Road 6, San Juan, Manila - APAC Customer Services, Inc., P. Tuazon Blvd, Quezon City, Manila",3,LTFRB_PUJ1220,724594,725160
399,LTFRB,Crame - Cubao via Murphy,"APAC Customer Services, Inc., P. Tuazon Blvd, Quezon City, Manila - Road 6, San Juan, Manila",3,LTFRB_PUJ1221,724594,725594
400,LTFRB,"Crame - Q-Mart via P. Tuazon, E. Garcia","Road 6, San Juan, Manila - Ermin Garcia Ave, Quezon City, Manila",3,LTFRB_PUJ1222,724594,724946
401,LTFRB,"Crame - Q-Mart via P. Tuazon, E. Garcia","Ermin Garcia Ave, Quezon City, Manila - Road 6, San Juan, Manila",3,LTFRB_PUJ1223,724594,724667
402,LTFRB,"Cubao-Divisoria via Sta.Mesa,Aurora Blvd.","Claro M. Recto Ave / Jose Abad Santos Ave. Intersection, Manila - Aurora Blvd / General Aguinaldo Ave Intersection, Quezon City, Manila",3,LTFRB_PUJ1224,724594,725219
403,LTFRB,"Cubao-Divisoria via Sta.Mesa,Aurora Blvd.","Aurora Blvd / General Aguinaldo Ave Intersection, Quezon City, Manila - Claro M. Recto Ave / Jose Abad Santos Ave. Intersection, Manila",3,LTFRB_PUJ1225,724594,726368
404,LTFRB,Cubao - Pier South via Espana,"25th St / Antonio C. Delgado Intersection, Manila - Columbia / Yale Intersection, Quezon City, Manila",3,LTFRB_PUJ1226,724594,725938
405,LTFRB,Cubao - Pier South via Espana,"Columbia / Yale Intersection, Quezon City, Manila - 25th St / Antonio C. Delgado Intersection, Manila",3,LTFRB_PUJ1227,724594,725547
406,LTFRB,Cubao - Proj. 4 via P. Tuazon,"P. Tuazon Blvd / 21st Ave Intersection, Quezon City, Manila - J.P. Rizal Street / C. Aguinaldo Intersection, Quezon City, Manila",3,LTFRB_PUJ1228,724594,725354
407,LTFRB,Cubao - Proj. 4 via P. Tuazon,"J.P. Rizal Street / C. Aguinaldo Intersection, Quezon City, Manila - P. Tuazon Blvd / 21st Ave Intersection, Quezon City, Manila",3,LTFRB_PUJ1229,724594,725648
408,LTFRB,"Cubao - Remedios via Quiapo, L. Guinto","Taft Ave, Manila - General Romulo Ave / Aurora Blvd Intersection, Quezon City, Manila",3,LTFRB_PUJ1230,724594,725735
409,LTFRB,Cubao - Recto via Espana,"España Blvd / Nicanor Reyes St Intersection, Manila - Aurora Blvd / Epifanio de los Santos Avenue Intersection, Quezon City, Manila",3,LTFRB_PUJ1232,724594,725471
410,LTFRB,Cubao - Recto via Espana,"Aurora Blvd / Epifanio de los Santos Avenue Intersection, Quezon City, Manila - España Blvd / Nicanor Reyes St Intersection, Manila",3,LTFRB_PUJ1233,724594,725907
411,LTFRB,Cubao - Lagro via Kalayaan,"13th Ave / P. Tuazon Blvd, Quezon City, Manila - Quirino Highway / St James Intersection, Calcoocan City",3,LTFRB_PUJ1234,724594,725112
412,LTFRB,Cubao - Lagro via Kalayaan,"Quirino Highway / St James Intersection, Calcoocan City - 13th Ave / P. Tuazon Blvd, Quezon City, Manila",3,LTFRB_PUJ1235,724594,725764
413,LTFRB,Cubao (Arayat) - V. Luna via Ybardolaza,"P. A. Bernardo, Quezon City, Manila - V. Luna Hospital, V. Luna Ave, Quezon City, Manila",3,LTFRB_PUJ1236,724594,725642
414,LTFRB,Cubao (Arayat) - V. Luna via Ybardolaza,"V. Luna Hospital, V. Luna Ave, Quezon City, Manila - P. A. Bernardo, Quezon City, Manila",3,LTFRB_PUJ1237,724594,725506
415,LTFRB,Dagat - Dagatan - del Pan via Rotonda,"Sto. Nino Church, Nicolas Zamora, Manila - ADC Batching Point, North Bay Boulevard, City of Navotas",3,LTFRB_PUJ1238,724594,724696
416,LTFRB,Dagat - Dagatan - del Pan via Rotonda,"ADC Batching Point, North Bay Boulevard, City of Navotas - Sto. Nino Church, Nicolas Zamora, Manila",3,LTFRB_PUJ1239,724594,725193
417,LTFRB,Dasmarinas Resettlement Area - Baclaran via Coastal Rd.,"Block-B Internal Rd, Lungsod ng Dasmariñas, Manila - F.B. Harrison Street / Taft Avenue Extension Intersection, Lungsod ng Pasay, Manila",3,LTFRB_PUJ1240,724594,726097
418,LTFRB,Dasmarinas Resettlement Area - Baclaran via Coastal Rd.,"F.B. Harrison Street / Taft Avenue Extension Intersection, Lungsod ng Pasay, Manila - Block-B Internal Rd, Lungsod ng Dasmariñas, Manila",3,LTFRB_PUJ1241,724594,725906
419,LTFRB,Dapitan - I. Delos Reyes/P. Campa via Laon Laan,"Community Centre, San Isidro Labrador, Quezon City - España Blvd / Nicanor Reyes St Intersection, Manila",3,LTFRB_PUJ1243,724594,724745
420,LTFRB,Dapitan - Libertad via Mabini,"Antonio Arnaiz Ave / F.B. Harrison St Intersection - Community Centre, San Isidro Labrador, Quezon City",3,LTFRB_PUJ1244,724594,726194
421,LTFRB,Dapitan - Libertad via Mabini,"Community Centre, San Isidro Labrador, Quezon City - Antonio Arnaiz Ave / F.B. Harrison St Intersection",3,LTFRB_PUJ1245,724594,725828
422,LTFRB,Dapitan - Pasay RTDA. Via L. Guinto,"Taft Avenue Extension / Epifanio de los Santos Avenue, Lungsod ng Pasay, Manila - Community Centre, San Isidro Labrador, Quezon City",3,LTFRB_PUJ1246,724594,725278
423,LTFRB,Dapitan - Pasay RTDA. Via L. Guinto,"Community Centre, San Isidro Labrador, Quezon City - Taft Avenue Extension / Epifanio de los Santos Avenue, Lungsod ng Pasay, Manila",3,LTFRB_PUJ1247,724594,724698
424,LTFRB,H. Dela Costa II - SM Fairview via Quirino Highway,"Quirino Highway, Quezon City - Dela Costa Avenue, Calcoocan City",3,LTFRB_PUJ1248,724594,725891
425,LTFRB,H. Dela Costa II - SM Fairview via Quirino Highway,"Dela Costa Avenue, Calcoocan City - Quirino Highway, Quezon City",3,LTFRB_PUJ1249,724594,726190
426,LTFRB,Del Monte - Quezon Ave. via Banaue,"Banawe Avenue / P. Florentino Intersection, Quezon City - Banawe Avenue, Quezon City",3,LTFRB_PUJ1250,724594,725686
427,LTFRB,Del Monte - Quezon Ave. via Banaue,"Banawe Avenue, Quezon City - Banawe Avenue / P. Florentino Intersection, Quezon City",3,LTFRB_PUJ1251,724594,725209
428,LTFRB,Del Pan Guadalupe (Ibabaw),"Epifanio de los Santos Avenue, Makati City, Manila - Tejeron, Makati City, Manila",3,LTFRB_PUJ1252,724594,725232
429,LTFRB,Del Pan Guadalupe (Ibabaw),"Tejeron, Makati City, Manila - Epifanio de los Santos Avenue, Makati City, Manila",3,LTFRB_PUJ1253,724594,724616
429,LTFRB,Del Pan Guadalupe (Ibabaw),"Tejeron, Makati City, Manila - Epifanio de los Santos Avenue, Makati City, Manila",3,LTFRB_PUJ1253,724594,725220
430,LTFRB,Dian - Libertad,"A. Arnaiz Ave / Hidalgo, Lungsod ng Pasay, Manila - Dian / Pablo Ocampo Sr. Intersection, Manila",3,LTFRB_PUJ1254,724594,726036
431,LTFRB,Dian - Libertad,"Dian / Pablo Ocampo Sr. Intersection, Manila - A. Arnaiz Ave / Hidalgo, Lungsod ng Pasay, Manila",3,LTFRB_PUJ1255,724594,725739
432,LTFRB,"Divisoria - Don Bosco via Moriones, Dagupan, Juan Luna","Union Bank of Philippines, Juan Luca, Manila - d E. Marcos Highway / Herbosa Intersection, Velasquez, Tondo",3,LTFRB_PUJ1256,724594,724707
433,LTFRB,"Divisoria - Don Bosco via Moriones, Dagupan, Juan Luna","d E. Marcos Highway / Herbosa Intersection, Velasquez, Tondo - Dagupan, Manila",3,LTFRB_PUJ1257,724594,725606
434,LTFRB,Divisoria - Gasak via H. Lopez,"P. Rada / Carman Planas Intersection, Manila - General Luma Street / Ilang Ilang Intersection, Malabon City",3,LTFRB_PUJ1258,724594,725231
435,LTFRB,Divisoria - Gasak via H. Lopez,"General Luma Street / Ilang Ilang Intersection, Malabon City - P. Rada / Carman Planas Intersection, Manila",3,LTFRB_PUJ1259,724594,724731
436,LTFRB,Divisoria - Libertad via L. Guinto,"Juan Luna, Manila - Antonio Arnaiz Ave / P.Zamora Intersection, Manila",3,LTFRB_PUJ1260,724594,726198
437,LTFRB,Divisoria - Libertad via L. Guinto,"Antonio Arnaiz Ave / P.Zamora Intersection, Manila - Juan Luna, Manila",3,LTFRB_PUJ1261,724594,726201
438,LTFRB,Divisoria - Libertad via Mabini,"Juan Luna, Manila - Park Ave, Lungsod ng Pasay",3,LTFRB_PUJ1262,724594,725304
439,LTFRB,Divisoria - Libertad via Mabini,"Park Ave, Lungsod ng Pasay - Juan Luna, Manila",3,LTFRB_PUJ1263,724594,725035
440,LTFRB,Divisoria - Malinta via J.A. Santos,"Antonio Rivera, Manila - MacArthur Highway / San Miguel Interchange, Dalandanan, Valenzuela City",3,LTFRB_PUJ1264,724594,725260
441,LTFRB,Divisoria - Malinta via J.A. Santos,"MacArthur Highway / San Miguel Interchange, Dalandanan, Valenzuela City - Antonio Rivera, Manila",3,LTFRB_PUJ1265,724594,726149
442,LTFRB,Divisoria - Magpajo via A. Mabini,"Dagupan, Manila - Matrinez Memorial College, A. Mabini Avenue, Juan Luna, Caloocan City",3,LTFRB_PUJ1266,724594,726264
443,LTFRB,Divisoria - Magpajo via A. Mabini,"Matrinez Memorial College, A. Mabini Avenue, Juan Luna, Caloocan City - Dagupan, Manila",3,LTFRB_PUJ1267,724594,726119
444,LTFRB,"Divisoria - MCU via Del Mundo, J.A. Santos","Antonio Rivera, Manila - Epifanio de los Santos Avenue / Gen Malvar Intersection , Caloocan City",3,LTFRB_PUJ1268,724594,725649
445,LTFRB,"Divisoria - MCU via Del Mundo, J.A. Santos","Epifanio de los Santos Avenue / Gen Malvar Intersection , Caloocan City - Antonio Rivera, Manila",3,LTFRB_PUJ1269,724594,725827
446,LTFRB,"Divisoria - Murphy via Legarda, Aurora Blvd.","Antonio Rivera, Manila - W Point / Columbia Intersection, Quezon City, Manila",3,LTFRB_PUJ1270,724594,725518
447,LTFRB,"Divisoria - Murphy via Legarda, Aurora Blvd.","Aurora Blvd / General Aguinaldo Ave Intersection, Quezon City, Manila - Antonio Rivera, Manila",3,LTFRB_PUJ1271,724594,724611
447,LTFRB,"Divisoria - Murphy via Legarda, Aurora Blvd.","Aurora Blvd / General Aguinaldo Ave Intersection, Quezon City, Manila - Antonio Rivera, Manila",3,LTFRB_PUJ1271,724594,725911
448,LTFRB,Divisoria - Navotas via H. Lopez,"Ylayay, Manila - M. Naval, City of Navotas",3,LTFRB_PUJ1272,724594,725873
449,LTFRB,Divisoria - Navotas via H. Lopez,"M. Naval, City of Navotas - Ylayay, Manila",3,LTFRB_PUJ1273,724594,725717
450,LTFRB,Divisoria - Pasay RTDA. Via L. Guinto,"Soler St / Roman Intersection, Manila - Tramo, Lungsod ng Pasay",3,LTFRB_PUJ1274,724594,726350
451,LTFRB,Divisoria - Pasay RTDA. Via L. Guinto,"Tramo, Lungsod ng Pasay - Soler St / Roman Intersection, Manila",3,LTFRB_PUJ1275,724594,726018
452,LTFRB,Divisoria - Pier North via Del Pan,"Del Pan Flyover, Manila - Moriones / Sta. Maria Intersection, Manila",3,LTFRB_PUJ1276,724594,726055
453,LTFRB,Divisoria - Pier North via Del Pan,"Moriones / Sta. Maria Intersection, Manila - Del Pan Flyover, Manila",3,LTFRB_PUJ1277,724594,725386
454,LTFRB,Divisoria - Punta via Sta. Mesa,"Claro M. Recto Ave / Jose Abad Santos Ave. Intersection, Manila - F Y Manalo, Manila",3,LTFRB_PUJ1278,724594,725242
455,LTFRB,Divisoria - Punta via Sta. Mesa,"F Y Manalo, Manila - Claro M. Recto Ave / Jose Abad Santos Ave. Intersection, Manila",3,LTFRB_PUJ1279,724594,725942
456,LTFRB,Divisoria - Retiro via J. A. Santos,"Narra, Manila - N. S. Amoranto Sr. Avenue / Don Jose Intersection, Quezon City",3,LTFRB_PUJ1280,724594,724767
457,LTFRB,Divisoria - Retiro via J. A. Santos,"N. S. Amoranto Sr. Avenue / Don Jose Intersection, Quezon City - Narra, Manila",3,LTFRB_PUJ1281,724594,724800
458,LTFRB,Divisoria - Sangandaan via Maypajo,"Dagupan, Manila - Jollibee, Samson Road, Caloocan City",3,LTFRB_PUJ1282,724594,725200
459,LTFRB,Divisoria - Sangandaan via Maypajo,"Jollibee, Samson Road, Caloocan City - Dagupan, Manila",3,LTFRB_PUJ1283,724594,725759
460,LTFRB,Divisoria - San Juan,"Claro M. Recto Ave, Manila - Corazon De Jesus / N.Domingo, Manila",3,LTFRB_PUJ1284,724594,726178
461,LTFRB,Divisoria - San Juan,"Corazon De Jesus / N.Domingo, Manila - Claro M. Recto Ave, Manila",3,LTFRB_PUJ1285,724594,724891
462,LTFRB,Divisoria - Sta. Cruz via Madrid,"Dasmariñas, Manila - Camba / Clavel Intersection, Manila",3,LTFRB_PUJ1286,724594,725227
463,LTFRB,Divisoria - Sta. Mesa via R. Magsaysay,"Claro M. Recto Ave, Manila - Aurora Blvd / General Aguinaldo Ave Intersection, Quezon City, Manila",3,LTFRB_PUJ1288,724594,725343
464,LTFRB,Divisoria - Sta. Mesa via R. Magsaysay,"Aurora Blvd / General Aguinaldo Ave Intersection, Quezon City, Manila - Claro M. Recto Ave, Manila",3,LTFRB_PUJ1289,724594,725268
465,LTFRB,Divisoria - Gastambide via Morayta,"Jose Abad Santos Ave., Manila - España Blvd / Nicanor Reyes St Intersection, Manila",3,LTFRB_PUJ1290,724594,726033
466,LTFRB,Divisoria - Gastambide via Morayta,"España Blvd / Nicanor Reyes St Intersection, Manila - Jose Abad Santos Ave., Manila",3,LTFRB_PUJ1291,724594,724687
466,LTFRB,Divisoria - Gastambide via Morayta,"España Blvd / Nicanor Reyes St Intersection, Manila - Jose Abad Santos Ave., Manila",3,LTFRB_PUJ1291,724594,725473
467,LTFRB,Divisoria T.M. Kalaw via Jones Br.,"T.M. Kalaw / Maria Y. Orosa St - Juan Luna, Manila",3,LTFRB_PUJ1292,724594,725841
468,LTFRB,Divisoria T.M. Kalaw via Jones Br.,"Juan Luna, Manila - T.M. Kalaw / Maria Y. Orosa St",3,LTFRB_PUJ1293,724594,724641
469,LTFRB,Divisoria - Tayuman via Dagupan,"Dagupan, Manila - Dagupan / Arqueros Intersection, Manila",3,LTFRB_PUJ1294,724594,724675
470,LTFRB,Divisoria - Tayuman via Dagupan,"Dagupan / Arqueros Intersection, Manila - Dagupan, Manila",3,LTFRB_PUJ1295,724594,725322
471,LTFRB,Divisoria - Velasquez,"Union Bank of Philippines, Juan Luca, Manila - Vitas, Velasquez, Tondo",3,LTFRB_PUJ1296,724594,726171
472,LTFRB,Divisoria - Velasquez,"Vitas, Velasquez, Tondo - Union Bank of Philippines, Juan Luca, Manila",3,LTFRB_PUJ1297,724594,725625
473,LTFRB,Dominga - Libertad,"Taft Avenue / Pablo Ocampo Sreet, Avenue, Manila - Antonio Arnaiz Ave / F.B. Harrison St Intersection",3,LTFRB_PUJ1298,724594,725540
474,LTFRB,Dominga - Libertad,"Antonio Arnaiz Ave / F.B. Harrison St Intersection - Taft Avenue / Pablo Ocampo Sreet, Avenue, Manila",3,LTFRB_PUJ1299,724594,726160
475,LTFRB,EDSA/North Ave. - Tandang Sora/Mindanao Ave.,"Pacific Global Hospital, Mindanao Avenue, Quezon City - Epifanio de los Santos Avenue / North Avenue Intersection, Quezon City",3,LTFRB_PUJ1300,724594,724678
476,LTFRB,EDSA/North Ave. - Tandang Sora/Mindanao Ave.,"Epifanio de los Santos Avenue / North Avenue Intersection, Quezon City - Pacific Global Hospital, Mindanao Avenue, Quezon City",3,LTFRB_PUJ1301,724594,726166
477,LTFRB,"EDSA/North Ave. - UP via North Ave., Marcos Ave.","Epifanio de los Santos Avenue / North Avenue Intersection, Quezon City - E. Ma. Guerrero / Osmeña Ave, Quezon City, Manila",3,LTFRB_PUJ1304,724594,725064
478,LTFRB,"EDSA/North Ave. - UP via North Ave., Marcos Ave.","E. Ma. Guerrero / Osmeña Ave, Quezon City, Manila - Epifanio de los Santos Avenue / North Avenue Intersection, Quezon City",3,LTFRB_PUJ1305,724594,725524
479,LTFRB,EDSA/Pioneer - Pateros via Pasig,"M. Almeda, Pateros, Manila - Epifanio de los Santos Avenue / United Intersection, Mandaluyong City, Manila",3,LTFRB_PUJ1306,724594,726265
480,LTFRB,EDSA/Pioneer - Pateros via Pasig,"Epifanio de los Santos Avenue / United Intersection, Mandaluyong City, Manila - M. Almeda, Pateros, Manila",3,LTFRB_PUJ1307,724594,725793
480,LTFRB,EDSA/Pioneer - Pateros via Pasig,"Epifanio de los Santos Avenue / United Intersection, Mandaluyong City, Manila - M. Almeda, Pateros, Manila",3,LTFRB_PUJ1307,724594,726132
481,LTFRB,EDSA/SSH - Sucat via SSH,"South Luzon Expressway, Muntinlupa City, Manila - Epifanio de los Santos Avenue / Skyway , Lungsod ng Makati, Manila",3,LTFRB_PUJ1308,724594,726092
482,LTFRB,EDSA/SSH - Sucat via SSH,"Epifanio de los Santos Avenue / Skyway , Lungsod ng Makati, Manila - South Luzon Expressway, Muntinlupa City, Manila",3,LTFRB_PUJ1309,724594,724721
483,LTFRB,EDSA/Shaw - E. Rodriguez (Ugong) via J. Vargas Ave.,"Mayflower, Mandaluyong City, Manila - Lanuza Ave / C-5 Intersection , Pasig City, Manila",3,LTFRB_PUJ1310,724594,725621
484,LTFRB,EDSA/Shaw - E. Rodriguez (Ugong) via J. Vargas Ave.,"Eulogio Rodriguez Jr Ave / Doña Julia Vargas Ave Intersection, Pasig City, Manila - Mayflower, Mandaluyong City, Manila",3,LTFRB_PUJ1311,724594,725289
485,LTFRB,EDSA/Shaw Central - Kalentong/JRC,"Epifanio de los Santos Avenue /  Shaw Blvd Intersection, Mandaluyong City, Manila - Shaw Blvd, Mandaluyong City, Manila",3,LTFRB_PUJ1312,724594,724697
486,LTFRB,EDSA/Shaw Central - Kalentong/JRC,"Shaw Blvd, Mandaluyong City, Manila - Epifanio de los Santos Avenue /  Shaw Blvd Intersection, Mandaluyong City, Manila",3,LTFRB_PUJ1313,724594,725838
487,LTFRB,"EDSA/Shaw Central - Morong via Binangonan, Cardona","Manila East Rd, Binangonan, Manila - Epifanio de los Santos Avenue /  Shaw Blvd Intersection, Mandaluyong City, Manila",3,LTFRB_PUJ1314,724594,724636
488,LTFRB,"EDSA/Shaw Central - Morong via Binangonan, Cardona","Epifanio de los Santos Avenue /  Shaw Blvd Intersection, Mandaluyong City, Manila - Manila East Rd, Binangonan, Manila",3,LTFRB_PUJ1315,724594,725397
489,LTFRB,EDSA - Shaw - Ortigas Complex,"Firefly / Green Meadows Ave Intersection, Pasig City, Manila - Shaw Blvd, Shaw Blvd, Manila",3,LTFRB_PUJ1316,724594,726083
490,LTFRB,EDSA - Shaw - Ortigas Complex,"Shaw Blvd, Shaw Blvd, Manila - Firefly / Green Meadows Ave Intersection, Pasig City, Manila",3,LTFRB_PUJ1317,724594,725526
491,LTFRB,EDSA/Shaw Central - Pasig (TP),"Epifanio de los Santos Avenue / United Intersection, Mandaluyong City, Manila - Balderama, Pasig City, Manila",3,LTFRB_PUJ1318,724594,725438
492,LTFRB,EDSA/Shaw Central - Pasig (TP),"Balderama, Pasig City, Manila - Epifanio de los Santos Avenue / United Intersection, Mandaluyong City, Manila",3,LTFRB_PUJ1319,724594,725040
493,LTFRB,EDSA/Shaw Central - Taytay,"Ortigas Ave / 5th Avenue Intersection, Pagis City, Manila - Epifanio de los Santos Avenue / United Intersection, Mandaluyong City, Manila",3,LTFRB_PUJ1321,724594,725627
494,LTFRB,Edsa/Shaw.Central -Tipas (Taguig) via San Joaquin,"M. Almeda, Pateros, Manila - Mayflower, Mandaluyong City, Manila",3,LTFRB_PUJ1322,724594,724846
495,LTFRB,Edsa/Shaw.Central -Tipas (Taguig) via San Joaquin,"Mayflower, Mandaluyong City, Manila - M. Almeda, Pateros, Manila",3,LTFRB_PUJ1323,724594,725382
496,LTFRB,EDSA/West Ave. - Panay Ave.,"Quezon Avenue, Quezon City - Epifanio de los Santos Avenue / Bulacan Intersection, Quezon City",3,LTFRB_PUJ1324,724594,725818
497,LTFRB,EDSA/West Ave. - Panay Ave.,"Epifanio de los Santos Avenue / Bulacan Intersection, Quezon City - Quezon Avenue, Quezon City",3,LTFRB_PUJ1325,724594,725276
498,LTFRB,Escolta - Libertad via L. Guinto,"Antonio Arnaiz Ave / F.B. Harrison St Intersection - T. Pinpin Street / Escolta Intersection, Manila",3,LTFRB_PUJ1326,724594,725815
499,LTFRB,Escolta - Libertad via L. Guinto,"T. Pinpin Street / Escolta Intersection, Manila - Antonio Arnaiz Ave / F.B. Harrison St Intersection",3,LTFRB_PUJ1327,724594,726239
500,LTFRB,"MCU - Vito Cruz via Rizal Ave., Taft Ave.","Rizal Memorial Track and Football Stadium, M Adriatico, Manila - Epifanio de los Santos Avenue / 8th Street Intersection , Caloocan City",3,LTFRB_PUJ1328,724594,725501
501,LTFRB,"Escolta - Monumento via G. del Mundo, Dasmarinas, Nueva","Rizal Avenue, Manila - Bonifacio Market, MacArthur Highway, Caloocan City",3,LTFRB_PUJ1330,724594,726157
502,LTFRB,"Escolta - Monumento via G. del Mundo, Dasmarinas, Nueva","Bonifacio Market, MacArthur Highway, Caloocan City - Rizal Avenue, Manila",3,LTFRB_PUJ1331,724594,725484
503,LTFRB,Monumento - Pier South via Rizal Ave.,"Epifanio de los Santos Avenue / 8th Street Intersection , Caloocan City - Railroad Dr / 13th St Intersection, Manila",3,LTFRB_PUJ1332,724594,725177
504,LTFRB,Monumento - Pier South via Rizal Ave.,"Railroad Dr / 13th St Intersection, Manila - Epifanio de los Santos Avenue / 8th Street Intersection , Caloocan City",3,LTFRB_PUJ1333,724594,724748
505,LTFRB,Espana Rotonda - Proj. 2 & 3 via Timog,"Quezon Avenue / D Tuazon Intersection, Quezon City - Molave, Quezon City, Manila",3,LTFRB_PUJ1334,724594,725695
506,LTFRB,Espana Rotonda - Proj. 2 & 3 via Timog,"Molave, Quezon City, Manila - Quezon Avenue / D Tuazon Intersection, Quezon City",3,LTFRB_PUJ1335,724594,726303
507,LTFRB,Espana - Rizal Ave. via Blumentritt,"Blumentritt, Manila - Cavitie / Leonor Rivera Intersection, Quezon City",3,LTFRB_PUJ1336,724594,726109
508,LTFRB,Espana - Rizal Ave. via Blumentritt,"Cavitie / Leonor Rivera Intersection, Quezon City - Blumentritt, Manila",3,LTFRB_PUJ1337,724594,726260
509,LTFRB,Evangelista - Libertad,"Gen.J.Cailles / Evangelista Intersection, Makati City - Antonio Arnaiz Ave / F.B. Harrison St Intersection",3,LTFRB_PUJ1338,724594,725794
510,LTFRB,Evangelista - Libertad,"Antonio Arnaiz Ave / F.B. Harrison St Intersection - Gen.J.Cailles / Evangelista Intersection, Makati City",3,LTFRB_PUJ1339,724594,724646
511,LTFRB,Fairview (Dahlia) - Cubao (Arayat),"P. A. Bernardo, Quezon City, Manila - Fairlane / Dahlia Intersection, Quezon City",3,LTFRB_PUJ1340,724594,726235
512,LTFRB,Fairview (Dahlia) - Cubao (Arayat),"Fairlane / Dahlia Intersection, Quezon City - P. A. Bernardo, Quezon City, Manila",3,LTFRB_PUJ1341,724594,724737
513,LTFRB,Forbes Park - Pasay Rd. via Ayala Ave.,"McKinley Pkwy, Taguig City, Manila - McKinley Rd, Makati City, Manila",3,LTFRB_PUJ1342,724594,724843
514,LTFRB,Forbes Park - Pasay Rd. via Ayala Ave.,"McKinley Rd, Makati City, Manila - McKinley Pkwy, Taguig City, Manila",3,LTFRB_PUJ1343,724594,724703
515,LTFRB,FTI - Kayaman C,"A. Arnaiz Ave / Don Chino Roces Avenue Intersection, Makati City - DBP Ave, Taguig City, Manila, Manila",3,LTFRB_PUJ1344,724594,725092
516,LTFRB,FTI - Kayaman C,"DBP Ave, Taguig City, Manila, Manila - A. Arnaiz Ave / Don Chino Roces Avenue Intersection, Makati City",3,LTFRB_PUJ1345,724594,726142
517,LTFRB,Fort Bonifacio (Gate III) - Guadalupe,"Bayani Road, Taguig City, Manila - Epifanio de los Santos Avenue, Makati City, Manila",3,LTFRB_PUJ1346,724594,725607
518,LTFRB,Fort Bonifacio (Gate III) - Guadalupe,"Epifanio de los Santos Avenue, Makati City, Manila - Bayani Road, Taguig City, Manila",3,LTFRB_PUJ1347,724594,725651
519,LTFRB,rancisco Homes - Novaliches (TP) via Quirino Hi-way,"Dumalay, Quezon City - Francisco Homes Elementary School, Un-named Road, City of San Jose del Monte",3,LTFRB_PUJ1348,724594,726398
520,LTFRB,rancisco Homes - Novaliches (TP) via Quirino Hi-way,"Francisco Homes Elementary School, Un-named Road, City of San Jose del Monte - Dumalay, Quezon City",3,LTFRB_PUJ1349,724594,724821
521,LTFRB,Francisco Homes - Philcoa,"San Jose Water District, Un-named Road, City of San Jose del Monte - Kalayaan Ave / Elliptical Rd Intersection, Quezon City, Manila",3,LTFRB_PUJ1350,724594,726037
522,LTFRB,Francisco Homes - Philcoa,"Kalayaan Ave / Elliptical Rd Intersection, Quezon City, Manila - San Jose Water District, Un-named Road, City of San Jose del Monte",3,LTFRB_PUJ1351,724594,725292
523,LTFRB,Francisco Homes - Cubao,"General Romulo Ave / Aurora Blvd Intersection, Quezon City, Manila - Most Scared Heart of Jesus Parish, Un-named Road, City of San Jose del Monte",3,LTFRB_PUJ1352,724594,725405
524,LTFRB,Francisco Homes - Cubao,"Most Scared Heart of Jesus Parish, Un-named Road, City of San Jose del Monte - General Romulo Ave / Aurora Blvd Intersection, Quezon City, Manila",3,LTFRB_PUJ1353,724594,725348
525,LTFRB,Frisco - Pier South via Sta. Cruz,"25th St / Antonio C. Delgado Intersection, Manila - Del Monte Avenue / Roosevelt Avenue Intersection, Quezon City",3,LTFRB_PUJ1354,724594,725521
525,LTFRB,Frisco - Pier South via Sta. Cruz,"25th St / Antonio C. Delgado Intersection, Manila - Del Monte Avenue / Roosevelt Avenue Intersection, Quezon City",3,LTFRB_PUJ1354,724594,726047
526,LTFRB,Frisco - Pier South via Sta. Cruz,"Del Monte Avenue / Roosevelt Avenue Intersection, Quezon City - 25th St / Antonio C. Delgado Intersection, Manila",3,LTFRB_PUJ1355,724594,724813
527,LTFRB,"Gasak - Recto via Dagat-dagatan, C-3","Quezon Blvd, Manila - Don Bastilio Bautista Boulevard / Gov. W. Pascual Avenue, Malabon City",3,LTFRB_PUJ1356,724594,725463
528,LTFRB,"Gasak - Recto via Dagat-dagatan, C-3","Don Bastilio Bautista Boulevard / Gov. W. Pascual Avenue, Malabon City - Quezon Blvd, Manila",3,LTFRB_PUJ1357,724594,726040
529,LTFRB,Guadalupe Mkt. - L. Guinto via Pasig Line,"Angel Linao / Pedro Gil - Tejeron, Makati City, Manila",3,LTFRB_PUJ1358,724594,726078
530,LTFRB,Guadalupe Mkt. - L. Guinto via Pasig Line,"Tejeron, Makati City, Manila - Angel Linao / Pedro Gil",3,LTFRB_PUJ1359,724594,724715
531,LTFRB,Guadalupe Mkt. - L. Guinto via P. Gil,"Leon Guinto Sr. / Pedro Gil Intersection, Manila - Epifanio de los Santos Avenue, Makati City, Manila",3,LTFRB_PUJ1360,724594,725385
532,LTFRB,Guadalupe Mkt. - L. Guinto via P. Gil,"Epifanio de los Santos Avenue, Makati City, Manila - Leon Guinto Sr. / Pedro Gil Intersection, Manila",3,LTFRB_PUJ1361,724594,724987
533,LTFRB,"Guadalupe (ABC) - Brgy. Buting, East Rembo via Kalayaan Ave.","Sgt. Fabian Yabut Circle / P.Burgos Intersection, Makati City, Manila - F. Flores / M. Concepcion Ave Intersection, Pateros, Manila",3,LTFRB_PUJ1362,724594,724868
533,LTFRB,"Guadalupe (ABC) - Brgy. Buting, East Rembo via Kalayaan Ave.","Sgt. Fabian Yabut Circle / P.Burgos Intersection, Makati City, Manila - F. Flores / M. Concepcion Ave Intersection, Pateros, Manila",3,LTFRB_PUJ1362,724594,726329
534,LTFRB,"Guadalupe (ABC) - Brgy. Buting, East Rembo via Kalayaan Ave.","F. Flores / M. Concepcion Ave Intersection, Pateros, Manila - Sgt. Fabian Yabut Circle / P.Burgos Intersection, Makati City, Manila",3,LTFRB_PUJ1363,724594,725954
535,LTFRB,Gumaok (SJDM) - Novaliches TP,"Dumalay, Quezon City - Sta. Maria - Tungkong Mangga Rd, City of San Jose del Monte",3,LTFRB_PUJ1364,724594,724777
536,LTFRB,Gumaok (SJDM) - Novaliches TP,"Sta. Maria - Tungkong Mangga Rd, City of San Jose del Monte - Dumalay, Quezon City",3,LTFRB_PUJ1365,724594,725434
537,LTFRB,Guadalupe (ABC) - Pateros,"B. Morcilla St, Pateros, Manila - Epifanio de los Santos Avenue, Makati City, Manila",3,LTFRB_PUJ1366,724594,725396
538,LTFRB,Guadalupe (ABC) - Pateros,"Epifanio de los Santos Avenue, Makati City, Manila - B. Morcilla St, Pateros, Manila",3,LTFRB_PUJ1367,724594,724922
539,LTFRB,Guadalupe (ABC) - Taguig via Tipas,"Artemio Natividad Elementary School, M. Almeda, Taguig City, Manila - Epifanio de los Santos Avenue, Makati City, Manila",3,LTFRB_PUJ1368,724594,724709
540,LTFRB,Guadalupe (ABC) - Taguig via Tipas,"Epifanio de los Santos Avenue, Makati City, Manila - Artemio Natividad Elementary School, M. Almeda, Taguig City, Manila",3,LTFRB_PUJ1369,724594,724875
541,LTFRB,Guadalupe (ABC) - FTI via J.P. Rizal Extension,"DBP Ave, Taguig City, Manila, Manila - Dr Jose P. Rizal Extension, Makati City, Manila",3,LTFRB_PUJ1370,724594,724640
542,LTFRB,Guadalupe (ABC) - FTI via J.P. Rizal Extension,"Dr Jose P. Rizal Extension, Makati City, Manila - DBP Ave, Taguig City, Manila, Manila",3,LTFRB_PUJ1371,724594,725342
543,LTFRB,AFP/PNP Housing (Taguig) - Guadalupe (ABC) via Bayani Road,"Libingan ng mga Bayani, Bayani Road, Taguig City, Manila - Epifanio de los Santos Avenue, Makati City, Manila",3,LTFRB_PUJ1372,724594,725230
544,LTFRB,AFP/PNP Housing (Taguig) - Guadalupe (ABC) via Bayani Road,"Epifanio de los Santos Avenue, Makati City, Manila - Libingan ng mga Bayani, Bayani Road, Taguig City, Manila",3,LTFRB_PUJ1373,724594,724634
545,LTFRB,Heritage Homes - Monumento via NLEX,"Lapu-lapu / Samson Road Intersection, Malabon City - Metrogate Market, Un named Road, Marilao",3,LTFRB_PUJ1374,724594,725556
546,LTFRB,Heritage Homes - Monumento via NLEX,"Metrogate Market, Un named Road, Marilao - Lapu-lapu / Samson Road Intersection, Malabon City",3,LTFRB_PUJ1375,724594,725081
547,LTFRB,IBF Road/Litex Road - Lupang Pangako (Payatas) via Gravel Pit Road,"Commonwealth Avenue / IBP Road Intersection, Quezon City - Payatas Road, Quezon City",3,LTFRB_PUJ1376,724594,725768
548,LTFRB,IBF Road/Litex Road - Lupang Pangako (Payatas) via Gravel Pit Road,"Payatas Road, Quezon City - Commonwealth Avenue / IBP Road Intersection, Quezon City",3,LTFRB_PUJ1377,724594,726032
549,LTFRB,"Jordan Plains - Philcoa via Marcos Ave., Welcome Rotonda","Kalayaan Ave / Elliptical Rd Intersection, Quezon City, Manila - Jordon Subd, Quezon City",3,LTFRB_PUJ1378,724594,726124
550,LTFRB,"Jordan Plains - Philcoa via Marcos Ave., Welcome Rotonda","Jordon Subd, Quezon City - Kalayaan Ave / Elliptical Rd Intersection, Quezon City, Manila",3,LTFRB_PUJ1379,724594,726084
551,LTFRB,Kabihasnan Road - Sucat/SSH,"Dr A. Santos Ave, Parañaque City, Manila - Quirino Ave, Parañaque City, Manila",3,LTFRB_PUJ1380,724594,725977
552,LTFRB,Kabihasnan Road - Sucat/SSH,"Quirino Ave, Parañaque City, Manila - Dr A. Santos Ave, Parañaque City, Manila",3,LTFRB_PUJ1381,724594,724906
553,LTFRB,"Kamuning - Vito Cruz via E. Rodriguez, Mabini","HP Village Square, Pablo Ocampo Sr., Manila - Kamuning Rd / Scout Rallos Extension Intersection, Quezon City, Manila",3,LTFRB_PUJ1382,724594,726146
554,LTFRB,"Kamuning - Vito Cruz via E. Rodriguez, Mabini","Kamuning Rd / Scout Rallos Extension Intersection, Quezon City, Manila - HP Village Square, Pablo Ocampo Sr., Manila",3,LTFRB_PUJ1383,724594,725599
555,LTFRB,Kayamanan C - PRC via P. Tamo,"Sabio St / Chino Roces Ave Intersection, Makati City, Manila - A. Reyes Ave / J.P. Rizal Ave Intersection, Makati City, Manila",3,LTFRB_PUJ1384,724594,725995
556,LTFRB,Kayamanan C - PRC via P. Tamo,"A. Reyes Ave / J.P. Rizal Ave Intersection, Makati City, Manila - Sabio St / Chino Roces Ave Intersection, Makati City, Manila",3,LTFRB_PUJ1385,724594,725211
557,LTFRB,L. Guinto - Pandacan,"Josefa Llanes Escoda / Felipe Agoncillo Intersection, Manila - Lorenzo Dela Paz, Manila",3,LTFRB_PUJ1386,724594,725522
558,LTFRB,L. Guinto - Pandacan,"Lorenzo Dela Paz, Manila - Josefa Llanes Escoda / Felipe Agoncillo Intersection, Manila",3,LTFRB_PUJ1387,724594,724951
558,LTFRB,L. Guinto - Pandacan,"Lorenzo Dela Paz, Manila - Josefa Llanes Escoda / Felipe Agoncillo Intersection, Manila",3,LTFRB_PUJ1387,724594,725970
559,LTFRB,Padre Faura - Sta Ana,"Marcelo H. del Pilar / Salas Intersection, Manila - New Panaderos / Castañeda Intersection, Manila",3,LTFRB_PUJ1388,724594,725652
560,LTFRB,Padre Faura - Sta Ana,"New Panaderos / Castañeda Intersection, Manila - Marcelo H. del Pilar / Salas Intersection, Manila",3,LTFRB_PUJ1389,724594,725937
561,LTFRB,L. Guinto - Zobel Roxas via Paco,"Caton / Zobel Roxas Ave Intersection, Manila - Taft Avenue / Pablo Ocampo Sreet, Avenue, Manila",3,LTFRB_PUJ1390,724594,726232
562,LTFRB,L. Guinto - Zobel Roxas via Paco,"Taft Avenue / Pablo Ocampo Sreet, Avenue, Manila - Caton / Zobel Roxas Ave Intersection, Manila",3,LTFRB_PUJ1391,724594,724990
563,LTFRB,Lagro - Novaliches,"Dumalay, Quezon City - Lagro Dulo Park, Ascencion Avenue, Quezon City",3,LTFRB_PUJ1392,724594,724831
564,LTFRB,Lagro - Novaliches,"Lagro Dulo Park, Ascencion Avenue, Quezon City - Dumalay, Quezon City",3,LTFRB_PUJ1393,724594,725959
565,LTFRB,Lagro - Panay Ave. via Quezon Ave.,"Quezon Avenue, Quezon City - Quirino Highway / St James Intersection, Calcoocan City",3,LTFRB_PUJ1394,724594,726231
566,LTFRB,Lagro - Panay Ave. via Quezon Ave.,"Quirino Highway / St James Intersection, Calcoocan City - Quezon Avenue, Quezon City",3,LTFRB_PUJ1395,724594,724989
567,LTFRB,Lagro - Welcome Rotonda via Quezon Ave.,"Apo / Quezon Avenue Intersection, Quezon City - Quirino Highway / St James Intersection, Calcoocan City",3,LTFRB_PUJ1396,724594,725549
568,LTFRB,Lagro - Welcome Rotonda via Quezon Ave.,"Quirino Highway / St James Intersection, Calcoocan City - Apo / Quezon Avenue Intersection, Quezon City",3,LTFRB_PUJ1397,724594,724711
569,LTFRB,"Quirino Hi-way/Zabarte - Almar Subdivision -  Panay Ave. via Regalado, Que*","Quezon Avenue / Epifanio de los Santos Avenue Intersection, Quezon City - St Claire College of Caloocan, Zabarte Road, Caloocan City",3,LTFRB_PUJ1398,724594,724955
570,LTFRB,"Quirino Hi-way/Zabarte - Almar Subdivision -  Panay Ave. via Regalado, Que*","St Claire College of Caloocan, Zabarte Road, Caloocan City - Quezon Avenue / Epifanio de los Santos Avenue Intersection, Quezon City",3,LTFRB_PUJ1399,724594,725962
571,LTFRB,Bagong Silang - Ever Gotesco extended to Philcoa,"Kalayaan Ave / Elliptical Rd Intersection, Quezon City, Manila - Old Zabarte / Langit Road Intersection, Caloocan City",3,LTFRB_PUJ1400,724594,726229
572,LTFRB,Bagong Silang - Ever Gotesco extended to Philcoa,"Old Zabarte / Langit Road Intersection, Caloocan City - Kalayaan Ave / Elliptical Rd Intersection, Quezon City, Manila",3,LTFRB_PUJ1401,724594,726174
573,LTFRB,Bagong Silang - Ever Gotesco extended to Philcoa,"Philippine Coconut Authority, Commonwealth Avenue, Quezon City - Sto. Nino Parish, Old Zabarte, Caloocan City",3,LTFRB_PUJ1402,724594,724735
573,LTFRB,Bagong Silang - Ever Gotesco extended to Philcoa,"Philippine Coconut Authority, Commonwealth Avenue, Quezon City - Sto. Nino Parish, Old Zabarte, Caloocan City",3,LTFRB_PUJ1402,724594,725143
574,LTFRB,"Bagong Silang - Philcoa via Commonwealth Ave., Maligaya Park","Sto. Nino Parish, Old Zabarte, Caloocan City - Philippine Coconut Authority, Commonwealth Avenue, Quezon City",3,LTFRB_PUJ1405,724594,724701
574,LTFRB,"Bagong Silang - Philcoa via Commonwealth Ave., Maligaya Park","Sto. Nino Parish, Old Zabarte, Caloocan City - Philippine Coconut Authority, Commonwealth Avenue, Quezon City",3,LTFRB_PUJ1405,724594,725161
575,LTFRB,Lagro - SM Fairview Loop,"Bristol Street / Bronson Street Intersection, Quezon City - Quirino Highway, Quezon City",3,LTFRB_PUJ1406,724594,725103
576,LTFRB,Lagro - SM Fairview Loop,"Quirino Highway, Quezon City - Bristol Street / Bronson Street Intersection, Quezon City",3,LTFRB_PUJ1407,724594,725400
577,LTFRB,Lardizabal - Rizal Ave. via M. dela Fuente,"Lardizabal, Manila - Camarines, Manila",3,LTFRB_PUJ1408,724594,726056
578,LTFRB,Lardizabal - Rizal Ave. via M. dela Fuente,"Camarines, Manila - Lardizabal, Manila",3,LTFRB_PUJ1409,724594,725534
579,LTFRB,Libertad - M. dela Cruz,"Antonio Arnaiz Ave / P.Zamora Intersection, Manila - M. dela Cruz St, Lungsod ng Pasay, Manila",3,LTFRB_PUJ1410,724594,725728
580,LTFRB,Libertad - M. dela Cruz,"M. dela Cruz St, Lungsod ng Pasay, Manila - Antonio Arnaiz Ave / P.Zamora Intersection, Manila",3,LTFRB_PUJ1411,724594,725745
581,LTFRB,Libertad - Malibay,"Jose Diokno Blvd, Lungsod ng Pasay - Epifanio de los Santos Avenue / Skyway , Lungsod ng Makati, Manila",3,LTFRB_PUJ1412,724594,725033
582,LTFRB,Libertad - Malibay,"Epifanio de los Santos Avenue / Skyway , Lungsod ng Makati, Manila - Jose Diokno Blvd, Lungsod ng Pasay",3,LTFRB_PUJ1413,724594,725608
583,LTFRB,Libertad - Pasay Rd.,"Antonio Arnaiz Ave / P.Zamora Intersection, Manila - South Dr / A. Arnaiz Ave Intersection, Makati City, Manila",3,LTFRB_PUJ1414,724594,726328
584,LTFRB,Libertad - Pasay Rd.,"South Dr / A. Arnaiz Ave Intersection, Makati City, Manila - Antonio Arnaiz Ave / P.Zamora Intersection, Manila",3,LTFRB_PUJ1415,724594,724629
585,LTFRB,"Libertad - Retiro via Mabini, Sta. Cruz","Senator Gil Puyat Ave, Lungsod ng Pasay, Manila - N. S. Amoranto Sr. Avenue / Biak an Bato Intersection, Quezon City",3,LTFRB_PUJ1416,724594,726247
586,LTFRB,"Libertad - Retiro via Mabini, Sta. Cruz","N. S. Amoranto Sr. Avenue / Biak an Bato Intersection, Quezon City - Senator Gil Puyat Ave, Lungsod ng Pasay, Manila",3,LTFRB_PUJ1417,724594,724817
587,LTFRB,Malabon - Monumento via Letre,"Lapu-lapu / Samson Road Intersection, Malabon City - Rizal Avenue / Leono Street Intersection, Malabon City",3,LTFRB_PUJ1418,724594,725187
588,LTFRB,Malabon - Monumento via Letre,"Rizal Avenue / Leono Street Intersection, Malabon City - Lapu-lapu / Samson Road Intersection, Malabon City",3,LTFRB_PUJ1419,724594,726063
589,LTFRB,Malabon (TP) - Navotas (TP),"Tangos Elementary School, M. Naval, City of Navotas - General Luma Street, Malabon City",3,LTFRB_PUJ1420,724594,726317
590,LTFRB,Malabon (TP) - Navotas (TP),"General Luma Street, Malabon City - Tangos Elementary School, M. Naval, City of Navotas",3,LTFRB_PUJ1421,724594,724747
591,LTFRB,Malabon (TP) - Obando,"Malabon Elementary School, N Naval, Malabon City - Paliwas Road / Pedro B Jacinto Street Intersection, Obando",3,LTFRB_PUJ1422,724594,725667
592,LTFRB,Malabon (TP) - Obando,"Paliwas Road / Pedro B Jacinto Street Intersection, Obando - Malabon Elementary School, N Naval, Malabon City",3,LTFRB_PUJ1423,724594,726051
593,LTFRB,Malanday - Bulacan,"A. Fernando Elementary School, M H Del Pilar, Malanday, Valenzuela City - F. Balagtas, Obando",3,LTFRB_PUJ1424,724594,725913
594,LTFRB,Malanday - Bulacan,"F. Balagtas, Obando - A. Fernando Elementary School, M H Del Pilar, Malanday, Valenzuela City",3,LTFRB_PUJ1425,724594,724877
595,LTFRB,"Malanday - Recto via F. Huertas, Oroquieta","LRT Doroteo Jose-Recto Station Walkway / Rizal Avenue Intersection, Manila - MacArthur Highway / Woodlands Drive Intersection, Valenzuela City, Philippines",3,LTFRB_PUJ1426,724594,725266
596,LTFRB,"Malanday - Recto via F. Huertas, Oroquieta","MacArthur Highway / Woodlands Drive Intersection, Valenzuela City, Philippines - LRT Doroteo Jose-Recto Station Walkway / Rizal Avenue Intersection, Manila",3,LTFRB_PUJ1427,724594,725192
597,LTFRB,"Malanday - Pier South via Rizal Ave., P. Burgos","Antonio C. Delgado / 13th St Intersection, Manila - ET Pacific, MacArthur Highway, City of Meycauayan",3,LTFRB_PUJ1428,724594,726367
598,LTFRB,"Malanday - Pier South via Rizal Ave., P. Burgos","ET Pacific, MacArthur Highway, City of Meycauayan - Antonio C. Delgado / 13th St Intersection, Manila",3,LTFRB_PUJ1429,724594,724931
599,LTFRB,Malinta - Bocaue via McArthur Hi-way,"Flying V Gas, MacArthur Highway, Valenzuela City - MacArthur Highway Cemetary, MacArthur Highway, Marilao",3,LTFRB_PUJ1430,724594,724976
599,LTFRB,Malinta - Bocaue via McArthur Hi-way,"Flying V Gas, MacArthur Highway, Valenzuela City - MacArthur Highway Cemetary, MacArthur Highway, Marilao",3,LTFRB_PUJ1430,724594,725347
600,LTFRB,Malinta - Bocaue via McArthur Hi-way,"MacArthur Highway Cemetary, MacArthur Highway, Marilao - Flying V Gas, MacArthur Highway, Valenzuela City",3,LTFRB_PUJ1431,724594,725659
600,LTFRB,Malinta - Bocaue via McArthur Hi-way,"MacArthur Highway Cemetary, MacArthur Highway, Marilao - Flying V Gas, MacArthur Highway, Valenzuela City",3,LTFRB_PUJ1431,724594,726245
601,LTFRB,Malinta - Meycauayan via McArthur,"Flying V Gas, MacArthur Highway, Valenzuela City - St Mary's College, MacArthur Highway, City of Meycauayan",3,LTFRB_PUJ1432,724594,725589
602,LTFRB,Malinta - Monumento via McArthur Hi-way,"Bonifacio Market, MacArthur Highway, Caloocan City - Parish Church or Isidro Labarador, MacArthur Highway, Malinta, Valenzuela City",3,LTFRB_PUJ1433,724594,725776
603,LTFRB,Malinta - Novaliches (TP),"MacArthur Highway / Maysan Road Intersection, Malinta, Valenzuela City - General Luis / Emerald Intersection, Caloocan City",3,LTFRB_PUJ1434,724594,724624
604,LTFRB,Malinta - Novaliches (TP),"General Luis / Emerald Intersection, Caloocan City - MacArthur Highway / Maysan Road Intersection, Malinta, Valenzuela City",3,LTFRB_PUJ1435,724594,725296
605,LTFRB,Malinta - Sta. Maria via McArthur Hi-way,"Flying V Gas, MacArthur Highway, Valenzuela City - Santa Maria Municipal Hall, JC De Jesus Street, Santa Maria",3,LTFRB_PUJ1436,724594,724792
605,LTFRB,Malinta - Sta. Maria via McArthur Hi-way,"Flying V Gas, MacArthur Highway, Valenzuela City - Santa Maria Municipal Hall, JC De Jesus Street, Santa Maria",3,LTFRB_PUJ1436,724594,725546
606,LTFRB,Malinta - Sta. Maria via McArthur Hi-way,"Santa Maria Municipal Hall, JC De Jesus Street, Santa Maria - Flying V Gas, MacArthur Highway, Valenzuela City",3,LTFRB_PUJ1437,724594,725804
607,LTFRB,Malinta Exit - McArthur Highway via T. Santiago,"MacArthur Highway / Maysan Road Intersection, Malinta, Valenzuela City - Bagabaguin Road, Caloocan City",3,LTFRB_PUJ1438,724594,724910
608,LTFRB,Malinta Exit - McArthur Highway via T. Santiago,"Bagabaguin Road, Caloocan City - MacArthur Highway / Maysan Road Intersection, Malinta, Valenzuela City",3,LTFRB_PUJ1439,724594,725918
609,LTFRB,Marcos Ave. - Quirino Hi-way via T. Sora,"Katipunan Ave, Quezon City, Manila - Tanding Sora Avenue, Quezon City",3,LTFRB_PUJ1440,724594,725920
610,LTFRB,Marcos Ave. - Quirino Hi-way via T. Sora,"Tanding Sora Avenue, Quezon City - Katipunan Ave, Quezon City, Manila",3,LTFRB_PUJ1441,724594,726019
611,LTFRB,Rodriguez (Rizal) - Litex Market via Litex Rd.,"Commonwealth Avenue / IBP Road Intersection, Quezon City - Montalban Highway / D. Marcelo Street Intersection near Montalban Town Centre, Rodriguez",3,LTFRB_PUJ1442,724594,724774
612,LTFRB,Rodriguez (Rizal) - Litex Market via Litex Rd.,"Montalban Highway / D. Marcelo Street Intersection near Montalban Town Centre, Rodriguez - Commonwealth Avenue / IBP Road Intersection, Quezon City",3,LTFRB_PUJ1443,724594,724905
613,LTFRB,Pabahay ni Erap (Sub-urban) - Commonwealth Market,"Batasan Road / Commonwealth Avenue Intersection, Quezon City - Un- named Road, Rodriguez",3,LTFRB_PUJ1444,724594,725912
614,LTFRB,Pabahay ni Erap (Sub-urban) - Commonwealth Market,"Un- named Road, Rodriguez - Batasan Road / Commonwealth Avenue Intersection, Quezon City",3,LTFRB_PUJ1445,724594,724943
615,LTFRB,Marikina - Paenaan (Antipolo),"Shoe Ave, Marikina City, Manila - Marcos Hwy, Antipolo City, Manila",3,LTFRB_PUJ1446,724594,724896
616,LTFRB,Marikina - Paenaan (Antipolo),"Marcos Hwy, Antipolo City, Manila - Shoe Ave, Marikina City, Manila",3,LTFRB_PUJ1447,724594,725175
617,LTFRB,Marikina - Pasig,"Caruncho Ave / Market Ave Intersection, Pasig City, Manila - Shoe Ave / W Paz Intersection, Marikina City, Manila",3,LTFRB_PUJ1448,724594,726125
617,LTFRB,Marikina - Pasig,"Caruncho Ave / Market Ave Intersection, Pasig City, Manila - Shoe Ave / W Paz Intersection, Marikina City, Manila",3,LTFRB_PUJ1448,724594,726409
618,LTFRB,Marikina - Pasig,"Shoe Ave / W Paz Intersection, Marikina City, Manila - Caruncho Ave / Market Ave Intersection, Pasig City, Manila",3,LTFRB_PUJ1449,724594,725205
619,LTFRB,Marikina - Parang via Fortune,"Shoe Ave / W Paz Intersection, Marikina City, Manila - Fortune Tobacco Corporation, Marikina City, Manila",3,LTFRB_PUJ1450,724594,725760
620,LTFRB,Marikina - Parang via Fortune,"Fortune Tobacco Corporation, Marikina City, Manila - Shoe Ave / W Paz Intersection, Marikina City, Manila",3,LTFRB_PUJ1451,724594,726285
621,LTFRB,Marikina - Pateros via Pasig,"Shoe Ave, Marikina City, Manila - M. Almeda, Pateros, Manila",3,LTFRB_PUJ1453,724594,725882
622,LTFRB,Marikina - Pinugay (Philcomsat),"J. Chanyungco St, Marikina City, Manila - Un-named road near Marcos Hwy, Antipolo City, Manila",3,LTFRB_PUJ1454,724594,724688
623,LTFRB,Marikina - Pinugay (Philcomsat),"Un-named road near Marcos Hwy, Antipolo City, Manila - J. Chanyungco St, Marikina City, Manila",3,LTFRB_PUJ1455,724594,725593
624,LTFRB,Marikina - San Mateo,"Shoe Ave / W Paz Intersection, Marikina City, Manila - J. P. Rizal St / BMW Drive Intersection, San Mateo, Manila",3,LTFRB_PUJ1456,724594,725503
625,LTFRB,Marikina - San Mateo,"J. P. Rizal St / BMW Drive Intersection, San Mateo, Manila - Shoe Ave / W Paz Intersection, Marikina City, Manila",3,LTFRB_PUJ1457,724594,724693
626,LTFRB,Marikina - SM Fairview,"Felix Ave, Cainta, Manila - Novastop, Quirino Highway, Caloocan City",3,LTFRB_PUJ1458,724594,725884
627,LTFRB,Marikina - SM Fairview,"Novastop, Quirino Highway, Caloocan City - Felix Ave, Cainta, Manila",3,LTFRB_PUJ1459,724594,724861
628,LTFRB,"MCU - Pasay Rotonda via Rizal Ave., Mabini","Cuneta Avenue, Lungsod ng Pasay, Manila - Epifanio de los Santos Avenue / 8th Street Intersection , Caloocan City",3,LTFRB_PUJ1460,724594,725483
629,LTFRB,"MCU - Pasay Rotonda via Rizal Ave., Taft Ave.","Taft Avenue Extension / Epifanio de los Santos Avenue, Lungsod ng Pasay, Manila - Bonifacio Market, MacArthur Highway, Caloocan City",3,LTFRB_PUJ1462,724594,725038
630,LTFRB,"MCU - Pasay Rotonda via Rizal Ave., Taft Ave.","Bonifacio Market, MacArthur Highway, Caloocan City - Taft Avenue Extension / Epifanio de los Santos Avenue, Lungsod ng Pasay, Manila",3,LTFRB_PUJ1463,724594,724834
631,LTFRB,"MCU - Recto via F. Huertas, Oroquieta","Claro M. Recto Ave / Quezon Blvd Intersection, Manila - Epifanio de los Santos Avenue / General Rosendo Simon Intersection , Caloocan City",3,LTFRB_PUJ1464,724594,725508
632,LTFRB,"MCU - Recto via F. Huertas, Oroquieta","Epifanio de los Santos Avenue / General Rosendo Simon Intersection , Caloocan City - Claro M. Recto Ave / Quezon Blvd Intersection, Manila",3,LTFRB_PUJ1465,724594,725910
633,LTFRB,MCU - Sangandaan,"Epifanio de los Santos Avenue / General Rosendo Simon Intersection , Caloocan City - A. Mabini Avenue / Geronimo Intersection, Caloocan City",3,LTFRB_PUJ1466,724594,726349
634,LTFRB,MCU - Sangandaan,"A. Mabini Avenue / Geronimo Intersection, Caloocan City - Epifanio de los Santos Avenue / General Rosendo Simon Intersection , Caloocan City",3,LTFRB_PUJ1467,724594,724719
635,LTFRB,Meycauayan - Monumento via McArthur Hi-way,"Monumento, Rizal Avenue, Caloocan City - PWRHAUZ Ministries Inc., Malhacan Road, City of Meycauayan",3,LTFRB_PUJ1468,724594,725476
636,LTFRB,Meycauayan - Monumento via McArthur Hi-way,"PWRHAUZ Ministries Inc., Malhacan Road, City of Meycauayan - Monumento, Rizal Avenue, Caloocan City",3,LTFRB_PUJ1469,724594,725710
637,LTFRB,Monumento - Navotas via Letre,"Bonifacio Market, MacArthur Highway, Caloocan City - Tangos Elementary School, M. Naval, City of Navotas",3,LTFRB_PUJ1470,724594,726046
638,LTFRB,Monumento - Navotas via Letre,"Tangos Elementary School, M. Naval, City of Navotas - Bonifacio Market, MacArthur Highway, Caloocan City",3,LTFRB_PUJ1471,724594,724892
639,LTFRB,Monumento - Paco (Obando) via M.H. del Pilar,"Lapu-lapu / Samson Road Intersection, Malabon City - Tawiran Elementary School, Obando",3,LTFRB_PUJ1472,724594,724658
640,LTFRB,Monumento - Paco (Obando) via M.H. del Pilar,"Tawiran Elementary School, Obando - Lapu-lapu / Samson Road Intersection, Malabon City",3,LTFRB_PUJ1473,724594,726028
641,LTFRB,"Monumento - Pasay Rotonda via Rizal Ave., Mabini","Epifanio de los Santos Avenue / F.B. Harrison St Intersection, Lungsod ng Pasay - Epifanio de los Santos Avenue / 8th Street Intersection , Caloocan City",3,LTFRB_PUJ1474,724594,725574
642,LTFRB,"Monumento - Pasay Rotonda via Rizal Ave., Mabini","Epifanio de los Santos Avenue / 8th Street Intersection , Caloocan City - Epifanio de los Santos Avenue / F.B. Harrison St Intersection, Lungsod ng Pasay",3,LTFRB_PUJ1475,724594,725886
643,LTFRB,Monumento - Sto. Nino via Expressway,"Epifanio de los Santos Avenue / General Rosendo Simon Intersection , Caloocan City - El- Camino, City of Meycauayan",3,LTFRB_PUJ1476,724594,726278
644,LTFRB,Monumento - Sto. Nino via Expressway,"El- Camino, City of Meycauayan - Epifanio de los Santos Avenue / General Rosendo Simon Intersection , Caloocan City",3,LTFRB_PUJ1477,724594,725984
645,LTFRB,"Monumento - Vito Cruz via Rizal Ave., Taft Ave.","Pablo Ocampo Sreet Avenue, Manila - Epifanio de los Santos Avenue / 8th Street Intersection , Caloocan City",3,LTFRB_PUJ1478,724594,726249
646,LTFRB,"Monumento - Vito C ruz via Rizal Ave., Mabini","HP Village Square, Pablo Ocampo Sr., Manila - Epifanio de los Santos Avenue / 8th Street Intersection , Caloocan City",3,LTFRB_PUJ1480,724594,726315
647,LTFRB,"Munoz - Remedios via Quiapo, L. Guinto","Rizal Memorial Track and Football Stadium, M Adriatico, Manila - Epifanio de los Santos Avenue / Congressional Avenue Intersection, Quezon City",3,LTFRB_PUJ1482,724594,725153
648,LTFRB,"Munoz - Remedios via Quiapo, L. Guinto","Epifanio de los Santos Avenue / Congressional Avenue Intersection, Quezon City - Rizal Memorial Track and Football Stadium, M Adriatico, Manila",3,LTFRB_PUJ1483,724594,725983
649,LTFRB,"Murphy - North Harbor via Divisoria, Sta. Mesa","Radial Road 10 / Moriones Intersection, Manila - Aurora Blvd, Quezon City, Manila",3,LTFRB_PUJ1484,724594,724775
650,LTFRB,"Murphy - North Harbor via Divisoria, Sta. Mesa","Aurora Blvd, Quezon City, Manila - Radial Road 10 / Moriones Intersection, Manila",3,LTFRB_PUJ1485,724594,725058
651,LTFRB,Napocor/Niaville - Mindanao Ave. via Congressional Ave.,"Epifanio de los Santos Avenue / North Avenue Intersection, Quezon City - Sauyo High School Extension, Pantabangan, Quezon City",3,LTFRB_PUJ1486,724594,725641
652,LTFRB,Napocor/Niaville - Mindanao Ave. via Congressional Ave.,"Sauyo High School Extension, Pantabangan, Quezon City - Epifanio de los Santos Avenue / North Avenue Intersection, Quezon City",3,LTFRB_PUJ1487,724594,725275
653,LTFRB,Navotas - Recto via Heroes del 96,"Claro M. Recto Ave / Quezon Blvd Intersection, Manila - M. Naval, City of Navotas",3,LTFRB_PUJ1488,724594,725587
654,LTFRB,Navotas - Recto via Heroes del 96,"M. Naval, City of Navotas - Claro M. Recto Ave / Quezon Blvd Intersection, Manila",3,LTFRB_PUJ1489,724594,725803
655,LTFRB,"FTI - Uniwide Coastal Mall via VAB, NAB","Diosdado Macapagal Blvd / Pacific Avenue Intersection, Parañaque City, Manila - DBP Ave, Taguig City, Manila, Manila",3,LTFRB_PUJ1490,724594,724878
656,LTFRB,"FTI - Uniwide Coastal Mall via VAB, NAB","DBP Ave, Taguig City, Manila, Manila - Diosdado Macapagal Blvd / Pacific Avenue Intersection, Parañaque City, Manila",3,LTFRB_PUJ1491,724594,725439
657,LTFRB,Nichols - Vito Cruz via Park Ave.,"Villamor Health Center, Andrews Ave, Lungsod ng Pasay, Manila - Taft Ave, Lungsod ng Pasay",3,LTFRB_PUJ1492,724594,725565
658,LTFRB,Nichols - Vito Cruz via Park Ave.,"Taft Ave, Lungsod ng Pasay - Villamor Health Center, Andrews Ave, Lungsod ng Pasay, Manila",3,LTFRB_PUJ1493,724594,724751
659,LTFRB,Novaliches TP - Gumaoc - Palmera Subd. (SJDM),"Quirino Highway, Quezon City - Un-named Road, City of San Jose del Monte",3,LTFRB_PUJ1494,724594,725564
660,LTFRB,Novaliches TP - Gumaoc - Palmera Subd. (SJDM),"Un-named Road, City of San Jose del Monte - Quirino Highway, Quezon City",3,LTFRB_PUJ1495,724594,725893
661,LTFRB,Novaliches (TP) - Brgy. Deparo,"Ramirez / Quirino Highway, Caloocan City - Kabatuhan, Caloocan City",3,LTFRB_PUJ1496,724594,724902
662,LTFRB,Novaliches (TP) - Brgy. Deparo,"Kabatuhan, Caloocan City - Ramirez / Quirino Highway, Caloocan City",3,LTFRB_PUJ1497,724594,725171
663,LTFRB,"Novaliches - Shelter Ville via Camarin Rd., Bagon Silang","Susano / General Luis Intersection, Caloocan City - Kalayaan Elementary School, Langit Road, Caloocan City",3,LTFRB_PUJ1498,724594,725543
664,LTFRB,"Novaliches - Shelter Ville via Camarin Rd., Bagon Silang","Kalayaan Elementary School, Langit Road, Caloocan City - Susano / General Luis Intersection, Caloocan City",3,LTFRB_PUJ1499,724594,726344
665,LTFRB,Novaliches - Tala via Quirino,"Our Lady Mercy Church, Quirino Highway, Caloocan City - City of San Jose del Monte",3,LTFRB_PUJ1500,724594,726000
666,LTFRB,Novaliches - Tala via Quirino,"City of San Jose del Monte - Our Lady Mercy Church, Quirino Highway, Caloocan City",3,LTFRB_PUJ1501,724594,725173
667,LTFRB,"Novaliches - Tala via Camarin, Susano Rd.","Ramirez / Quirino Highway, Caloocan City - San Vicente / Camarin Road Intersection, Caloocan City",3,LTFRB_PUJ1502,724594,725653
668,LTFRB,Novaliches - Urduja,"Susano / General Luis Intersection, Caloocan City - Sikatuna Avenue, Caloocan City",3,LTFRB_PUJ1504,724594,724957
669,LTFRB,Novaliches - Urduja,"Sikatuna Avenue, Caloocan City - Susano / General Luis Intersection, Caloocan City",3,LTFRB_PUJ1505,724594,726087
670,LTFRB,"Novaliches (TP) - Bigte (Norzagaray, Bulacan) via Quirino Highway","Buenmar Drive, Quezon City - Quirino Highway, City of San Jose del Monte",3,LTFRB_PUJ1506,724594,726108
671,LTFRB,"Novaliches (TP) - Bigte (Norzagaray, Bulacan) via Quirino Highway","Quirino Highway, City of San Jose del Monte - Buenmar Drive, Quezon City",3,LTFRB_PUJ1507,724594,725328
672,LTFRB,P. Faura - San Andres,"Agusto Francisco, Manila - Padre Faura / M Adriatico Intersection, Manila",3,LTFRB_PUJ1508,724594,725550
673,LTFRB,P. Faura - San Andres,"Padre Faura / M Adriatico Intersection, Manila - Agusto Francisco, Manila",3,LTFRB_PUJ1509,724594,726191
674,LTFRB,Paco - Pier South,"Angel Linao / Pedro Gil - Railroad Dr / 13th St Intersection, Manila",3,LTFRB_PUJ1510,724594,725668
675,LTFRB,Paco - Pier South,"Railroad Dr / 13th St Intersection, Manila - Angel Linao / Pedro Gil",3,LTFRB_PUJ1511,724594,725718
676,LTFRB,Paco - Sta. Mesa Rotonda via Nagtahan,"San Gregorio / Paz St, Manila - Nagtahan Flyover / Duhat Intersection, Manila",3,LTFRB_PUJ1512,724594,725469
677,LTFRB,Paco - Sta. Mesa Rotonda via Nagtahan,"Nagtahan Flyover / Duhat Intersection, Manila - San Gregorio / Paz St, Manila",3,LTFRB_PUJ1513,724594,725990
678,LTFRB,"Pantranco - Proj. 2 & 3 via Timog, Kamuning","Hayundai, Quezon Avenue, Quezon City - Molave, Quezon City, Manila",3,LTFRB_PUJ1514,724594,725749
679,LTFRB,"Pantranco - Proj. 2 & 3 via Timog, Kamuning","Molave, Quezon City, Manila - Panay Ave, Quezon City, Manila",3,LTFRB_PUJ1515,724594,726100
680,LTFRB,Pantranco - Proj. 8 via Roosevelt,"Philipine Maritime Institute, Roosevelt Avenue, Quezon City - General Avenue / Assistant Branchesntersection, Quezon City",3,LTFRB_PUJ1516,724594,725140
681,LTFRB,Pantranco - Proj. 8 via Roosevelt,"General Avenue / Assistant Branchesntersection, Quezon City - Philipine Maritime Institute, Roosevelt Avenue, Quezon City",3,LTFRB_PUJ1517,724594,724978
682,LTFRB,Pantranco - U.P.,"Fisher Mall, Quezon Avenue, Quezon City - UP College of Education, A. Ma. Regidor St / Roxas Ave Intersection, Quezon City, Manila",3,LTFRB_PUJ1518,724594,726243
683,LTFRB,Pantranco - U.P.,"UP College of Education, A. Ma. Regidor St / Roxas Ave Intersection, Quezon City, Manila - Fisher Mall, Quezon Avenue, Quezon City",3,LTFRB_PUJ1519,724594,725393
684,LTFRB,Parang - Recto,"Eulogio Rodriguez Sr. Ave, Quezon City, Manila - Fortune Tobacco Corporation, Marikina City, Manila",3,LTFRB_PUJ1520,724594,725183
685,LTFRB,Parang - Recto,"Fortune Tobacco Corporation, Marikina City, Manila - Eulogio Rodriguez Sr. Ave, Quezon City, Manila",3,LTFRB_PUJ1521,724594,726011
686,LTFRB,Parang - Stop & Shop via Aurora Blvd.,"Internet Cafe, Old Sta. Mesa, Manila - Fortune Tobacco Corporation, Marikina City, Manila",3,LTFRB_PUJ1522,724594,725247
687,LTFRB,Parang - Stop & Shop via Aurora Blvd.,"Fortune Tobacco Corporation, Marikina City, Manila - Internet Cafe, Old Sta. Mesa, Manila",3,LTFRB_PUJ1523,724594,724648
688,LTFRB,Pasay Rotonda - Signal Village,"DBP Ave, Taguig City, Manila, Manila - Epifanio de los Santos Avenue, Lungsod ng Pasay",3,LTFRB_PUJ1524,724594,725693
689,LTFRB,Pasay Rotonda - Signal Village,"Epifanio de los Santos Avenue, Lungsod ng Pasay - DBP Ave, Taguig City, Manila, Manila",3,LTFRB_PUJ1525,724594,724664
690,LTFRB,"Pasig (TP) - Quiapo (Echague) via Sta. Mesa, C. Palanca","M. Almeda, Pateros, Manila - Carlos Palanca Sr, Manila",3,LTFRB_PUJ1526,724594,725975
690,LTFRB,"Pasig (TP) - Quiapo (Echague) via Sta. Mesa, C. Palanca","M. Almeda, Pateros, Manila - Carlos Palanca Sr, Manila",3,LTFRB_PUJ1526,724594,726387
691,LTFRB,"Pasig (TP) - Quiapo (Echague) via Sta. Mesa, C. Palanca","Mendiola / Legarda Intersection, Manila - A. Luna St / Caruncho Ave Intersection, Pasig City, Manila",3,LTFRB_PUJ1527,724594,725598
692,LTFRB,"Pasig - Taguig via Maestrang Pinang, Tipas","F.Manalo / Gen. A Luna St Intersection, Taguig City, Manila - Caruncho Ave, Pasig City, Manila",3,LTFRB_PUJ1528,724594,724974
693,LTFRB,"Pasig - Taguig via Maestrang Pinang, Tipas","Caruncho Ave, Pasig City, Manila - F.Manalo / Gen. A Luna St Intersection, Taguig City, Manila",3,LTFRB_PUJ1529,724594,726306
694,LTFRB,"Philcoa - Rodriguez Town (Montalban) via Commonwealth Ave., Kalayaan Ave.","Philippine Coconut Authority, Commonwealth Avenue, Quezon City - MH del Pilar Street near Pig Farm, Rodriguez",3,LTFRB_PUJ1530,724594,724938
695,LTFRB,"Philcoa - Rodriguez Town (Montalban) via Commonwealth Ave., Kalayaan Ave.","MH del Pilar Street near Pig Farm, Rodriguez - Philippine Coconut Authority, Commonwealth Avenue, Quezon City",3,LTFRB_PUJ1531,724594,724659
696,LTFRB,Philcoa - T.M. Kalaw via Quezon Ave.,"University of The Phillippines - Ayala Land Technohub, Commonwealth Avenue, Quezon City - T.M. Kalaw / Maria Y. Orosa St",3,LTFRB_PUJ1532,724594,725867
697,LTFRB,Philcoa - T.M. Kalaw via Quezon Ave.,"T.M. Kalaw / Maria Y. Orosa St - University of The Phillippines - Ayala Land Technohub, Commonwealth Avenue, Quezon City",3,LTFRB_PUJ1533,724594,725349
698,LTFRB,Pier South - Proj. 2 & 3 via E. Rodriguez,"Railroad Dr / 13th St Intersection, Manila - Aurora Blvd, Quezon City, Manila",3,LTFRB_PUJ1534,724594,725127
699,LTFRB,Pier South - Proj. 2 & 3 via E. Rodriguez,"Aurora Blvd, Quezon City, Manila - Railroad Dr / 13th St Intersection, Manila",3,LTFRB_PUJ1535,724594,725068
700,LTFRB,Pier South - Proj. 2 & 3 via Timog,"Railroad Dr / 13th St Intersection, Manila - Mayon Avenue / Florentino Intersection, Manila",3,LTFRB_PUJ1536,724594,724635
701,LTFRB,Pier South - Proj. 2 & 3 via Timog,"Mayon Avenue / Florentino Intersection, Manila - Railroad Dr / 13th St Intersection, Manila",3,LTFRB_PUJ1537,724594,725014
702,LTFRB,Pier South - Proj. 4 via Espana,"Railroad Dr / 13th St Intersection, Manila - Stella Maris College, Columbia, Quezon City, Manila",3,LTFRB_PUJ1538,724594,725079
703,LTFRB,Pier South - Proj. 4 via Espana,"Stella Maris College, Columbia, Quezon City, Manila - Railroad Dr / 13th St Intersection, Manila",3,LTFRB_PUJ1539,724594,726280
704,LTFRB,Pier South - Proj. 6 via Espana,"Antonio C. Delgado / 13th St Intersection, Manila - Emensto Rondon High School, Road 3, Quezon City",3,LTFRB_PUJ1540,724594,725362
705,LTFRB,"Pier South - Proj. 7 via Espana, Roosevelt","25th St / Antonio C. Delgado Intersection, Manila - Dangay, Quezon City",3,LTFRB_PUJ1542,724594,724935
706,LTFRB,"Pier South - Proj. 7 via Espana, Roosevelt","Dangay, Quezon City - 25th St / Antonio C. Delgado Intersection, Manila",3,LTFRB_PUJ1543,724594,724830
707,LTFRB,Pier South - Proj. 8 via Quezon Ave.,"Antonio C. Delgado / 13th St Intersection, Manila - Jetti Petrol Station, Tanding Sora Avenue, Quezon City",3,LTFRB_PUJ1544,724594,725713
708,LTFRB,Pier South - Proj. 8 via Quezon Ave.,"Jetti Petrol Station, Tanding Sora Avenue, Quezon City - Antonio C. Delgado / 13th St Intersection, Manila",3,LTFRB_PUJ1545,724594,725252
709,LTFRB,Pier South - Retiro via Sta. Cruz,"N. S. Amoranto Sr. Avenue / Banawe Avenue Intersection, Quezon City - 25th St / Antonio C. Delgado Intersection, Manila",3,LTFRB_PUJ1547,724594,726374
710,LTFRB,Pier South - Sta. Ana via Padre Faura,"Angel Linao / Pedro Gil - Railroad Dr / 13th St Intersection, Manila",3,LTFRB_PUJ1548,724594,725067
711,LTFRB,Pier South - Sta. Ana via Padre Faura,"Railroad Dr / 13th St Intersection, Manila - Angel Linao / Pedro Gil",3,LTFRB_PUJ1549,724594,725535
712,LTFRB,"Proj. 2 & 3 - Recto via Kamuning, E. Rodriguez","Claro M. Recto Ave / Nicanor Reyes Street Intersection, Manila - Molave, Quezon City, Manila",3,LTFRB_PUJ1550,724594,725327
713,LTFRB,"Proj. 2 & 3 - Recto via Kamuning, E. Rodriguez","Molave, Quezon City, Manila - Claro M. Recto Ave / Nicanor Reyes Street Intersection, Manila",3,LTFRB_PUJ1551,724594,725047
713,LTFRB,"Proj. 2 & 3 - Recto via Kamuning, E. Rodriguez","Molave, Quezon City, Manila - Claro M. Recto Ave / Nicanor Reyes Street Intersection, Manila",3,LTFRB_PUJ1551,724594,725690
714,LTFRB,Proj. 2 & 3 - T. M. Kalaw via E. Rodriguez,"T.M. Kalaw / Maria Y. Orosa St - Molave, Quezon City, Manila",3,LTFRB_PUJ1552,724594,726030
715,LTFRB,"Proj. 2 & 3 - Q. Mart via Anonas, Kamias","Kamias Rd / Colonel Salgado Intersection, Quezon City, Manila - Molave, Quezon City, Manila",3,LTFRB_PUJ1554,724594,724901
715,LTFRB,"Proj. 2 & 3 - Q. Mart via Anonas, Kamias","Kamias Rd / Colonel Salgado Intersection, Quezon City, Manila - Molave, Quezon City, Manila",3,LTFRB_PUJ1554,724594,725174
716,LTFRB,"Proj. 2 & 3 - Q. Mart via Anonas, Kamias","Molave, Quezon City, Manila - Kamias Rd / Colonel Salgado Intersection, Quezon City, Manila",3,LTFRB_PUJ1555,724594,726326
717,LTFRB,Proj. 6 - T.M. Kalaw via Quezon Ave.,"Emensto Rondon High School, Road 3, Quezon City - Taft Ave / T.M. Kalaw Intersection, Manila",3,LTFRB_PUJ1557,724594,725319
717,LTFRB,Proj. 6 - T.M. Kalaw via Quezon Ave.,"Emensto Rondon High School, Road 3, Quezon City - Taft Ave / T.M. Kalaw Intersection, Manila",3,LTFRB_PUJ1557,724594,726182
718,LTFRB,"Proj. 7 - T.M. Kalaw via Roosevelt, Quezon Ave.","T.M. Kalaw / Maria Y. Orosa St - Dangay / Bansalangin Intersection, Quezon City",3,LTFRB_PUJ1558,724594,724706
719,LTFRB,"Proj. 7 - T.M. Kalaw via Roosevelt, Quezon Ave.","Dangay / Bansalangin Intersection, Quezon City - T.M. Kalaw / Maria Y. Orosa St",3,LTFRB_PUJ1559,724594,725224
720,LTFRB,Proj. 8 - T.M. Kalaw via Quezon Ave.,"T.M. Kalaw / Maria Y. Orosa St - Jetti Petrol Station, Tanding Sora Avenue, Quezon City",3,LTFRB_PUJ1560,724594,726065
721,LTFRB,Proj. 8 - T.M. Kalaw via Quezon Ave.,"Jetti Petrol Station, Tanding Sora Avenue, Quezon City - T.M. Kalaw / Maria Y. Orosa St",3,LTFRB_PUJ1561,724594,725203
722,LTFRB,Punta - Quiapo (Barbosa) via Sta. Mesa,"Quezon Blvd, Manila - F Y Manalo, Manila",3,LTFRB_PUJ1562,724594,725861
723,LTFRB,Punta - Quiapo (Barbosa) via Sta. Mesa,"F Y Manalo, Manila - Quezon Blvd, Manila",3,LTFRB_PUJ1563,724594,725287
724,LTFRB,Punta - Pier via Manila City Hall,"Mendiola / Legarda Intersection, Manila - F Y Manalo, Manila",3,LTFRB_PUJ1564,724594,725737
725,LTFRB,Punta - Pier via Manila City Hall,"F Y Manalo, Manila - Mendiola / Legarda Intersection, Manila",3,LTFRB_PUJ1565,724594,726179
726,LTFRB,Queens Row Vill. - Talon via Marcos Alvarez,"Marcos Alvarez Ave / Alvarez Extension Intersection, Las Piñas City, Manila - Alabang-Zapote Road, Las Piñas City, Manila",3,LTFRB_PUJ1566,724594,725981
727,LTFRB,Queens Row Vill. - Talon via Marcos Alvarez,"Alabang-Zapote Road, Las Piñas City, Manila - Un-named road near Alvarez Extension, Las Piñas City, Manila",3,LTFRB_PUJ1567,724594,725350
728,LTFRB,Quezon Ave. - Sta. Mesa Mkt. via Araneta Ave.,"Kapiligan / Guirayan, Quezon City - Gregorio Araneta Ave, Quezon City, Manila",3,LTFRB_PUJ1568,724594,726352
729,LTFRB,Quezon Ave. - Sta. Mesa Mkt. via Araneta Ave.,"Gregorio Araneta Ave, Quezon City, Manila - Kapiligan / Guirayan, Quezon City",3,LTFRB_PUJ1569,724594,726066
730,LTFRB,Quezon Ave./Sct. Chuatoco - Roxas Dist.,"Quezon Avenue / Scout Chuatoco Intersection, Quezon City - Don Alejandro Roces Ave / Scout Reyes Intersection, Quezon City, Manila",3,LTFRB_PUJ1570,724594,725742
731,LTFRB,Quezon Ave./Sct. Chuatoco - Roxas Dist.,"Don Alejandro Roces Ave / Scout Reyes Intersection, Quezon City, Manila - Quezon Avenue / Scout Chuatoco Intersection, Quezon City",3,LTFRB_PUJ1571,724594,726140
732,LTFRB,Quiapo (Barbosa) - San Juan via Legarda,"Quezon Blvd, Manila - N.Domingo, San Juan, Manila",3,LTFRB_PUJ1572,724594,726007
733,LTFRB,Quiapo (Barbosa) - San Juan via Legarda,"N.Domingo, San Juan, Manila - Quezon Blvd, Manila",3,LTFRB_PUJ1573,724594,725542
734,LTFRB,"Recto - Roxas Dist. via Quezon Ave., Espana","España Blvd / Nicanor Reyes St Intersection, Manila - Don Alejandro Roces Ave / Scout Reyes Intersection, Quezon City, Manila",3,LTFRB_PUJ1574,724594,724840
735,LTFRB,"Recto - Roxas Dist. via Quezon Ave., Espana","Don Alejandro Roces Ave / Scout Reyes Intersection, Quezon City, Manila - España Blvd / Nicanor Reyes St Intersection, Manila",3,LTFRB_PUJ1575,724594,724605
736,LTFRB,"Recto - SSS Village via Aurora Blvd., Espana","Quezon Blvd / P.Paredes Intersection, Manila - Horizon St, Marikina City, Manila",3,LTFRB_PUJ1576,724594,725989
737,LTFRB,"Recto - SSS Village via Aurora Blvd., Espana","Horizon St, Marikina City, Manila - Quezon Blvd / P.Paredes Intersection, Manila",3,LTFRB_PUJ1577,724594,725533
738,LTFRB,"Rosario Jct. - San Juan via Pinaglabanan, Ortigas","N.Domingo,  San Juan, Manila - Ortigas Ave / Dr Sixto Antonio Ave Intersection, Pasig City, Manila",3,LTFRB_PUJ1578,724594,724927
739,LTFRB,"San Juan (Pinaglabanan) - San Juan, Taytay (Resettlement Area)","N.Domingo,  San Juan, Manila - Ejercito Ave, Pasig City, Manila",3,LTFRB_PUJ1580,724594,724676
740,LTFRB,"San Juan (Pinaglabanan) - San Juan, Taytay (Resettlement Area)","Ejercito Ave, Pasig City, Manila - N.Domingo,  San Juan, Manila",3,LTFRB_PUJ1581,724594,725868
741,LTFRB,"San Andres Mkt. - Sta. Ana via P. Faura, P. Gil","Philipine General Hospital, Pedro Gil, Manila - New Panaderos Extension / 34 Rte Rev. G. Aglipay Intersection, Mandaluyong City",3,LTFRB_PUJ1582,724594,725750
742,LTFRB,"San Andres Mkt. - Sta. Ana via P. Faura, P. Gil","New Panaderos Extension / 34 Rte Rev. G. Aglipay Intersection, Mandaluyong City - Philipine General Hospital, Pedro Gil, Manila",3,LTFRB_PUJ1583,724594,725221
743,LTFRB,San Miguel - Ikot,"Mayor Antonio J. Villegas Rd, Manilla - Manuel Quezon University, R Hidalgo, Manila",3,LTFRB_PUJ1584,724594,726241
744,LTFRB,San Miguel - Ikot,"Manuel Quezon University, R Hidalgo, Manila - Mayor Antonio J. Villegas Rd, Manilla",3,LTFRB_PUJ1585,724594,724820
745,LTFRB,Santol - Pina Ave. via Buenos Aires,"Blak na Bato, Quezon City - Ramon Magsaysay Blvd / Altura Intersection, Manila",3,LTFRB_PUJ1587,724594,726339
746,LTFRB,SSS Village - Stop & Shop via Aurora Blvd.,"Ramon Magsaysay Blvd / Altura Intersection, Manila - Horizon St, Marikina City, Manila",3,LTFRB_PUJ1588,724594,725612
747,LTFRB,SSS Village - Stop & Shop via Aurora Blvd.,"Horizon St, Marikina City, Manila - Ramon Magsaysay Blvd / Altura Intersection, Manila",3,LTFRB_PUJ1589,724594,726211
748,LTFRB,Sucat Hi-way - Bagumbayan,"Dr A. Santos Ave, Parañaque City, Manila - Manuel L. Quezon, Manila",3,LTFRB_PUJ1590,724594,725241
749,LTFRB,Sucat Hi-way - Bagumbayan,"Manuel L. Quezon, Manila - Dr A. Santos Ave, Parañaque City, Manila",3,LTFRB_PUJ1591,724594,725352
750,LTFRB,Sucat - Market-Market,"South Luzon Expressway / E Service Rd Intersection, Muntinlupa City, Manila - 26th Street / McKinley Pkwy Intersection, Taguig City, Manila",3,LTFRB_PUJ1592,724594,724823
751,LTFRB,Sucat - Market-Market,"26th Street / McKinley Pkwy Intersection, Taguig City, Manila - South Luzon Expressway / E Service Rd Intersection, Muntinlupa City, Manila",3,LTFRB_PUJ1593,724594,726234
752,LTFRB,T.M. Kalaw - Balara via Katipunan,"Quezon Blvd, Manila - St Peter Chapels, Commonwealth Avenue, Quezon City",3,LTFRB_PUJ1594,724594,725663
752,LTFRB,T.M. Kalaw - Balara via Katipunan,"Quezon Blvd, Manila - St Peter Chapels, Commonwealth Avenue, Quezon City",3,LTFRB_PUJ1594,724594,725723
753,LTFRB,T.M. Kalaw - Balara via Katipunan,"St Peter Chapels, Commonwealth Avenue, Quezon City - Quezon Blvd, Manila",3,LTFRB_PUJ1595,724594,724858
754,LTFRB,"Talon - Pailiparan (Dasmarinas, Cavite) via Molino Rd.","Mabuhay Commercial / Paliparan Rd, Lungsod ng Dasmariñas, Manila - Alabang-Zapote Road, Muntinlupa City, Manila",3,LTFRB_PUJ1596,724594,725634
755,LTFRB,"Talon - Pailiparan (Dasmarinas, Cavite) via Molino Rd.","Alabang-Zapote Road, Muntinlupa City, Manila - Mabuhay Commercial / Paliparan Rd, Lungsod ng Dasmariñas, Manila",3,LTFRB_PUJ1597,724594,725113
756,LTFRB,"Golden City Subd. - Molino Market via Talon, Molino Rd.","Paliparan Rd, Lungsod ng Dasmariñas, Manila - Alabang-Zapote Road / Southmall Access Rd Intersection, Muntinlupa City, Manila",3,LTFRB_PUJ1598,724594,725284
757,LTFRB,"Golden City Subd. - Molino Market via Talon, Molino Rd.","Alabang-Zapote Road / Southmall Access Rd Intersection, Muntinlupa City, Manila - Paliparan Rd, Lungsod ng Dasmariñas, Manila",3,LTFRB_PUJ1599,724594,725624
758,LTFRB,Tanza - Zapote (Las Pinas) via Aguinaldo Hi-way,"Tirona Hwy, Bacoor City, Manila - Quirino Ave, Bacoor City, Manila",3,LTFRB_PUJ1600,724594,726369
759,LTFRB,Tanza - Zapote (Las Pinas) via Aguinaldo Hi-way,"Quirino Ave, Bacoor City, Manila - Tirona Hwy, Bacoor City, Manila",3,LTFRB_PUJ1601,724594,725821
760,LTFRB,Tandang Sora - Visayas Ave. via Q.C. Hall,"Kalayaan Ave / Elliptical Rd Intersection, Quezon City, Manila - Visayas Avenue Wet and Dry Market, Visayas Avenue Quezon City",3,LTFRB_PUJ1602,724594,725233
761,LTFRB,Tandang Sora - Visayas Ave. via Q.C. Hall,"Visayas Avenue Wet and Dry Market, Visayas Avenue Quezon City - Kalayaan Ave / Elliptical Rd Intersection, Quezon City, Manila",3,LTFRB_PUJ1603,724594,724842
762,LTFRB,Camarin-Trinoma,"Epifanio de los Santos Avenue / North Avenue Intersection, Quezon City - Old Zabarte, Caloocan City",3,LTFRB_PUJ1604,724594,724801
763,LTFRB,Camarin-Trinoma,"Old Zabarte, Caloocan City - Epifanio de los Santos Avenue / North Avenue Intersection, Quezon City",3,LTFRB_PUJ1605,724594,725948
764,LTFRB,Proj 7 - Quiapo,"Quezon Blvd, Manila - Dangay / Bansalangin Intersection, Quezon City",3,LTFRB_PUJ1606,724594,726183
765,LTFRB,Proj 7 - Quiapo,"Dangay / Bansalangin Intersection, Quezon City - Quezon Blvd, Manila",3,LTFRB_PUJ1607,724594,725176
766,LTFRB,Proj 6 - Vito cruz via Quezon Avenue,"Taft Ave, Lungsod ng Pasay - Emensto Rondon High School, Road 3, Quezon City",3,LTFRB_PUJ1608,724594,724769
767,LTFRB,Proj 6 - Vito cruz via Quezon Avenue,"Emensto Rondon High School, Road 3, Quezon City - Taft Ave, Lungsod ng Pasay",3,LTFRB_PUJ1609,724594,724988
768,LTFRB,proj. 8 - Quiapo,"Quezon Blvd, Manila - Jetti Petrol Station, Tanding Sora Avenue, Quezon City",3,LTFRB_PUJ1610,724594,724679
769,LTFRB,proj. 8 - Quiapo,"Jetti Petrol Station, Tanding Sora Avenue, Quezon City - Quezon Blvd, Manila",3,LTFRB_PUJ1611,724594,725466
770,LTFRB,Guadalupe-Makati,"Epifanio de los Santos Avenue, Makati City, Manila - Makati Ave / Ayala Avenue Intersection, Makati City, Manila",3,LTFRB_PUJ1612,724594,724718
771,LTFRB,Guadalupe-Makati,"Makati Ave / Ayala Avenue Intersection, Makati City, Manila - Epifanio de los Santos Avenue, Makati City, Manila",3,LTFRB_PUJ1613,724594,725616
772,LTFRB,Malanday-Sta Cruz,"McArthur Bridge , Manila - C.P. Enerton Fuel Station, MacArthur Highway, Valenzuela City, Philippines",3,LTFRB_PUJ1614,724594,726135
773,LTFRB,Malanday-Sta Cruz,"C.P. Enerton Fuel Station, MacArthur Highway, Valenzuela City, Philippines - McArthur Bridge , Manila",3,LTFRB_PUJ1615,724594,726089
774,LTFRB,Munoz - Luzon,"Congressional Avenue / Abra Intersection Quezon City - Congressional Avenue Extension, Quezon City",3,LTFRB_PUJ1616,724594,724870
775,LTFRB,Munoz - Luzon,"Congressional Avenue Extension, Quezon City - Congressional Avenue / Abra Intersection Quezon City",3,LTFRB_PUJ1617,724594,726101
776,LTFRB,Guadalupe - Cartimar,"Senator Gil Puyat Ave, Lungsod ng Pasay, Manila - Epifanio de los Santos Avenue, Makati City, Manila",3,LTFRB_PUJ1618,724594,725769
777,LTFRB,Guadalupe - Cartimar,"Epifanio de los Santos Avenue, Makati City, Manila - Senator Gil Puyat Ave, Lungsod ng Pasay, Manila",3,LTFRB_PUJ1619,724594,724796
778,LTFRB,Ever - Bagong Silangan via Violago Homes,"J.P Rizal / Gen. Villamor Intersection, Quezon City - Mary The Queen College, Commonwealth Avenue, Quezon City",3,LTFRB_PUJ1620,724594,726269
779,LTFRB,Ever - Bagong Silangan via Violago Homes,"Mary The Queen College, Commonwealth Avenue, Quezon City - J.P Rizal / Gen. Villamor Intersection, Quezon City",3,LTFRB_PUJ1621,724594,724815
780,LTFRB,UP Highway - Sangandaan,"Tandang Sora / Demetria Reynaldo Intersection, Quezon City - Chowking, Quirino Highway, Quezon City",3,LTFRB_PUJ1622,724594,725277
781,LTFRB,UP Highway - Sangandaan,"Chowking, Quirino Highway, Quezon City - Tandang Sora / Demetria Reynaldo Intersection, Quezon City",3,LTFRB_PUJ1623,724594,725832
782,LTFRB,MRT - Quirino via C-5,"Epifanio de los Santos Avenue, Quezon City - Quirino Highway / Mindanao Avenue Intersection, Quezon City",3,LTFRB_PUJ1624,724594,724739
782,LTFRB,MRT - Quirino via C-5,"Epifanio de los Santos Avenue, Quezon City - Quirino Highway / Mindanao Avenue Intersection, Quezon City",3,LTFRB_PUJ1624,724594,726347
783,LTFRB,MRT - Quirino via C-5,"Quirino Highway / Mindanao Avenue Intersection, Quezon City - Epifanio de los Santos Avenue, Quezon City",3,LTFRB_PUJ1625,724594,725137
784,LTFRB,Prenza (Marilao) - Monumento via McArthur Hi-way,"Monumento, Rizal Avenue, Caloocan City - Ministop Marlao, MacArthur Highway, Marilao",3,LTFRB_PUJ1626,724594,725285
785,LTFRB,Prenza (Marilao) - Monumento via McArthur Hi-way,"Ministop Marlao, MacArthur Highway, Marilao - Monumento, Rizal Avenue, Caloocan City",3,LTFRB_PUJ1627,724594,726246
786,LTFRB,Del Monte - Kanloan via Mayon,"Del Monte Avenue / A. Bonifacio Intersection, Quezon City - Apo / Quezon Avenue Intersection, Quezon City",3,LTFRB_PUJ1628,724594,725570
787,LTFRB,Del Monte - Kanloan via Mayon,"Apo / Quezon Avenue Intersection, Quezon City - Del Monte Avenue / A. Bonifacio Intersection, Quezon City",3,LTFRB_PUJ1629,724594,726299
788,LTFRB,Calamba (TP) -San Pedro National Road,"National Hwy, San Pedro, Manila - National Hwy, Santa Rosa City, Manila",3,LTFRB_PUJ1630,724594,725215
789,LTFRB,Calamba (TP) -San Pedro National Road,"National Hwy, Santa Rosa City, Manila - National Hwy, San Pedro, Manila",3,LTFRB_PUJ1631,724594,725409
790,LTFRB,"Calamba (TP) - San Pedro, Pacita via Carmona Exit.","National Hwy, San Pedro, Manila - South Luzon Expressway, Biñan City, Manila",3,LTFRB_PUJ1632,724594,726144
791,LTFRB,"Calamba (TP) - San Pedro, Pacita via Carmona Exit.","South Luzon Expressway, Biñan City, Manila - National Hwy, San Pedro, Manila",3,LTFRB_PUJ1633,724594,725946
792,LTFRB,"Cogeo - Paenaan via Padilla, Marcos Hi-way","Marcos Hwy, Antipolo City, Manila - Marcos Hwy, Antipolo City, Manila",3,LTFRB_PUJ1634,724594,725541
793,LTFRB,"Cogeo - Paenaan via Padilla, Marcos Hi-way","Marcos Hwy, Antipolo City, Manila - Marcos Hwy, Antipolo City, Manila",3,LTFRB_PUJ1635,724594,726209
794,LTFRB,EDSA/Shaw Central - Morong,"Epifanio de los Santos Avenue /  Shaw Blvd Intersection, Mandaluyong City, Manila - Quezon Ave, Teresa, Manila",3,LTFRB_PUJ1636,724594,724853
795,LTFRB,EDSA/Shaw Central - Morong,"Quezon Ave, Teresa, Manila - Epifanio de los Santos Avenue /  Shaw Blvd Intersection, Mandaluyong City, Manila",3,LTFRB_PUJ1637,724594,726292
796,LTFRB,"EDSA/Shaw Central - Morong via Antipolo, Theresa","Epifanio de los Santos Avenue /  Shaw Blvd Intersection, Mandaluyong City, Manila - Un- named road near J. Sumulong Rd, Teresa, Manila",3,LTFRB_PUJ1638,724594,724663
797,LTFRB,"EDSA/Shaw Central - Morong via Antipolo, Theresa","Quezon Ave, Teresa, Manila - Epifanio de los Santos Avenue /  Shaw Blvd Intersection, Mandaluyong City, Manila",3,LTFRB_PUJ1639,724594,726105
798,LTFRB,EDSA/Shaw Central - Tanay via Antipolo,"Epifanio de los Santos Avenue /  Shaw Blvd Intersection, Mandaluyong City, Manila - Quezon Ave, Teresa, Manila",3,LTFRB_PUJ1640,724594,724871
798,LTFRB,EDSA/Shaw Central - Tanay via Antipolo,"Epifanio de los Santos Avenue /  Shaw Blvd Intersection, Mandaluyong City, Manila - Quezon Ave, Teresa, Manila",3,LTFRB_PUJ1640,724594,725076
799,LTFRB,Tanay - Robinson Galleria via Antipolo San Miguel,"Quezon Ave, Teresa, Manila - Epifanio de los Santos Avenue /  Shaw Blvd Intersection, Mandaluyong City, Manila",3,LTFRB_PUJ1643,724594,724793
799,LTFRB,Tanay - Robinson Galleria via Antipolo San Miguel,"Quezon Ave, Teresa, Manila - Epifanio de los Santos Avenue /  Shaw Blvd Intersection, Mandaluyong City, Manila",3,LTFRB_PUJ1643,724594,726133
800,LTFRB,Malinta - Malolos via McArthur Hi-way,"Flying V Gas, MacArthur Highway, Valenzuela City - Ang Dating Daan, Balagtas",3,LTFRB_PUJ1645,724594,724969
800,LTFRB,Malinta - Malolos via McArthur Hi-way,"Flying V Gas, MacArthur Highway, Valenzuela City - Ang Dating Daan, Balagtas",3,LTFRB_PUJ1645,724594,725377
801,LTFRB,Silang - Zapote (Las Pinas),"Alabang-Zapote Road / Fruto Santos Ave Intersection, Las Piñas City, Manila - Emilio Aguinaldo Hwy, Silang, Manila",3,LTFRB_PUJ1648,724594,726393
802,LTFRB,Silang - Zapote (Las Pinas),"Emilio Aguinaldo Hwy, Silang, Manila - Alabang-Zapote Road / Fruto Santos Ave Intersection, Las Piñas City, Manila",3,LTFRB_PUJ1649,724594,725852
803,LTFRB,Kamagong - Malugay Ave.,"Don Chino Roces Avenue / Pryce Center, Makati City - Ayala Ave / B Yakal Intersection, Makati City, Manila",3,LTFRB_PUJ1650,724594,726170
804,LTFRB,Libertad - M. Reyes,"Taft Ave, Lungsod ng Pasay - Taft Ave, Lungsod ng Pasay",3,LTFRB_PUJ1651,724594,725580
805,LTFRB,Quiapo - San Miguel via Palanca,"Arlegui, Manila - Arlegui, Manila",3,LTFRB_PUJ1652,724594,726230
806,LTFRB,Amparo - Novaliches via Sanana,"WL Food Products, Genteral Luis, Caloocan City - St Mary Goretti School, Katmon, Calcoocan City",3,LTFRB_PUJ1653,724594,726388
807,LTFRB,Amparo - Novaliches via Sanana,"St Mary Goretti School, Katmon, Calcoocan City - WL Food Products, Genteral Luis, Caloocan City",3,LTFRB_PUJ1654,724594,726123
808,LTFRB,Quiapo (Barbosa) - Santol via Sta. Mesa,"Arlegui, Manila - Bayani, Quezon City",3,LTFRB_PUJ1655,724594,725351
809,LTFRB,Quiapo (Barbosa) - Santol via Sta. Mesa,"Bayani, Quezon City - Arlegui, Manila",3,LTFRB_PUJ1656,724594,724965
810,LTFRB,"Monumento - Polo via Acacia, M.H. del Pilar","San Diego de Alcala Parish, Palassan Road, Kapitan Viilila, Valenzuela City - Lapu-lapu / Samson Road Intersection, Malabon City",3,LTFRB_PUJ1657,724594,724794
811,LTFRB,"Monumento - Polo via Acacia, M.H. del Pilar","Lapu-lapu / Samson Road Intersection, Malabon City - San Diego de Alcala Parish, Palassan Road, Kapitan Viilila, Valenzuela City",3,LTFRB_PUJ1658,724594,725448
812,LTFRB,T.M. Kalaw - West Ave. via Quiapo,"West Avenue, Quezon City - T.M. Kalaw / Maria Y. Orosa St",3,LTFRB_PUJ1659,724594,725604
813,LTFRB,T.M. Kalaw - West Ave. via Quiapo,"T.M. Kalaw / Maria Y. Orosa St - West Avenue, Quezon City",3,LTFRB_PUJ1660,724594,726253
814,LTFRB,UP - MRT,"UP College of Education, A. Ma. Regidor St / Roxas Ave Intersection, Quezon City, Manila - MRT-3 Quezon Avenue Station EDSA,Quezon City, Manila",3,LTFRB_PUJ1661,724594,725333
815,LTFRB,UP - MRT,"MRT-3 Quezon Avenue Station EDSA,Quezon City, Manila - UP College of Education, A. Ma. Regidor St / Roxas Ave Intersection, Quezon City, Manila",3,LTFRB_PUJ1662,724594,724804
816,LTFRB,UP - IKOT,"UP College of Education, A. Ma. Regidor St / Roxas Ave Intersection, Quezon City, Manila - C.P. Garcia Av Quezon City, Manila",3,LTFRB_PUJ1663,724594,724826
817,LTFRB,UP - IKOT,"C.P. Garcia Av Quezon City, Manila - UP College of Education, A. Ma. Regidor St / Roxas Ave Intersection, Quezon City, Manila",3,LTFRB_PUJ1664,724594,725329
818,LTFRB,SM MALL OF ASIA-MRT,"Taft Avenue Extension / Epifanio de los Santos Avenue, Lungsod ng Pasay, Manila - Jose Diokno Blvd, Lungsod ng Pasay",3,LTFRB_PUJ1665,724594,725647
819,LTFRB,SM MALL OF ASIA-MRT,"Jose Diokno Blvd, Lungsod ng Pasay - Taft Avenue Extension / Epifanio de los Santos Avenue, Lungsod ng Pasay, Manila",3,LTFRB_PUJ1666,724594,725771
820,LTFRB,SAN JOAQUIN MARKET-HYPERMART PASIG,"Rizal Medical Centre, Pasig Blvd, Pasig City, Manila - JP Raceway, Pasig City, Manila",3,LTFRB_PUJ1667,724594,725223
821,LTFRB,SAN JOAQUIN MARKET-HYPERMART PASIG,"JP Raceway, Pasig City, Manila - Rizal Medical Centre, Pasig Blvd, Pasig City, Manila",3,LTFRB_PUJ1668,724594,724867
822,LTFRB,PIER-PASAY LIBERTAD,"Railroad Dr / 13th St Intersection, Manila - P. Villanueva, Lungsod ng Pasay",3,LTFRB_PUJ1670,724594,725311
823,LTFRB,PIER-MALANDAY,"25th St / Antonio C. Delgado Intersection, Manila - Mercury Drug Store, MacArthur Highway, Malanday, Valenzuela City",3,LTFRB_PUJ1671,724594,725487
824,LTFRB,PIER-MALANDAY,"Mercury Drug Store, MacArthur Highway, Malanday, Valenzuela City - 25th St / Antonio C. Delgado Intersection, Manila",3,LTFRB_PUJ1672,724594,725426
825,LTFRB,PIER-DELPAN ZARAGOSA,"Railroad Dr, Manila - E. Almario Elementary School, Kagitingan, Manila",3,LTFRB_PUJ1673,724594,725633
826,LTFRB,PIER-DELPAN ZARAGOSA,"E. Almario Elementary School, Kagitingan, Manila - Railroad Dr, Manila",3,LTFRB_PUJ1674,724594,726259
827,LTFRB,PIER SOUTH-PROJ 6,"25th St / Antonio C. Delgado Intersection, Manila - Road 3, Quezon City",3,LTFRB_PUJ1675,724594,725892
828,LTFRB,PIER SOUTH-PROJ 6,"Road 3, Quezon City - 25th St / Antonio C. Delgado Intersection, Manila",3,LTFRB_PUJ1676,724594,726287
829,LTFRB,PIER SOUTH-PACO PALENGKE,"Railroad Dr / 13th St Intersection, Manila - Angel Linao / Pedro Gil",3,LTFRB_PUJ1677,724594,725458
829,LTFRB,PIER SOUTH-PACO PALENGKE,"Railroad Dr / 13th St Intersection, Manila - Angel Linao / Pedro Gil",3,LTFRB_PUJ1677,724594,725635
830,LTFRB,PIER SOUTH-PACO PALENGKE,"Angel Linao / Pedro Gil - Railroad Dr / 13th St Intersection, Manila",3,LTFRB_PUJ1678,724594,724818
831,LTFRB,PIER SOUTH-FAIRVIEW DAHLIA-PHILCOA,"25th St / Antonio C. Delgado Intersection, Manila - Regalado / Dahlia Intersection, Quezon City",3,LTFRB_PUJ1680,724594,724967
831,LTFRB,PIER SOUTH-FAIRVIEW DAHLIA-PHILCOA,"25th St / Antonio C. Delgado Intersection, Manila - Regalado / Dahlia Intersection, Quezon City",3,LTFRB_PUJ1680,724594,725108
832,LTFRB,PHILCOA - RECTO,"P. Noval / España Blvd Intersection, Manila - University of The Phillippines - Ayala Land Technohub, Commonwealth Avenue, Quezon City",3,LTFRB_PUJ1682,724594,725234
833,LTFRB,PHILCOA - RECTO,"University of The Phillippines - Ayala Land Technohub, Commonwealth Avenue, Quezon City - P. Noval / España Blvd Intersection, Manila",3,LTFRB_PUJ1683,724594,724849
834,LTFRB,PHILCOA - PIER SOUTH,"25th St / Antonio C. Delgado Intersection, Manila - University of The Phillippines - Ayala Land Technohub, Commonwealth Avenue, Quezon City",3,LTFRB_PUJ1684,724594,725738
835,LTFRB,PHILCOA - PIER SOUTH,"University of The Phillippines - Ayala Land Technohub, Commonwealth Avenue, Quezon City - 25th St / Antonio C. Delgado Intersection, Manila",3,LTFRB_PUJ1685,724594,726284
836,LTFRB,PASIGPALENGKE-TIPASTAGUIGVI PATEROS,"F.Manalo / L.Labao Intersection, Taguig City, Manila - Balderama, Pasig City, Manila",3,LTFRB_PUJ1686,724594,725966
837,LTFRB,PASIGPALENGKE-TIPASTAGUIGVI PATEROS,"Balderama, Pasig City, Manila - F.Manalo / L.Labao Intersection, Taguig City, Manila",3,LTFRB_PUJ1687,724594,725184
838,LTFRB,PASIG PALENGKE-BAGONG BAYAN BICUTAN,"Manuel L. Quezon, Muntinlupa City, Manila - Balderama, Pasig City, Manila",3,LTFRB_PUJ1688,724594,725169
839,LTFRB,PASIG PALENGKE-BAGONG BAYAN BICUTAN,"Balderama, Pasig City, Manila - Manuel L. Quezon, Muntinlupa City, Manila",3,LTFRB_PUJ1689,724594,724894
840,LTFRB,PASIG CITY-MARIKINA CITY,"Shoe Ave / W Paz Intersection, Marikina City, Manila - Caruncho Ave / Market Ave Intersection, Pasig City, Manila",3,LTFRB_PUJ1691,724594,726402
841,LTFRB,PASAYRTDA-SCATALABNGvFTISERVICERD,"Epifanio de los Santos Avenue, Lungsod ng Pasay - Starmall Footbridge, Starmall Starmall Service Rd, Muntinlupa City, Manila",3,LTFRB_PUJ1693,724594,725167
842,LTFRB,NOVALICHES-SHELTERVILLE,"Susano / Austria Intersection, Caloocan City - Olympic Ave, Caloocan City, Manila",3,LTFRB_PUJ1694,724594,725916
843,LTFRB,NOVALICHES-SHELTERVILLE,"Olympic Ave, Caloocan City, Manila - Susano / Austria Intersection, Caloocan City",3,LTFRB_PUJ1695,724594,726220
844,LTFRB,NOVALICHES-BAGONG SILANG KANAN PH9,"General Luis / Gold Intersection, Caloocan City - Un named Road near Langit Road, Caloocan City",3,LTFRB_PUJ1696,724594,725249
845,LTFRB,NOVALICHES-BAGONG SILANG KANAN PH9,"Un named Road near Langit Road, Caloocan City - General Luis / Gold Intersection, Caloocan City",3,LTFRB_PUJ1697,724594,725152
846,LTFRB,NOVALICHES-BAGONG SILANG KALIWA PH5,"General Luis / Gold Intersection, Caloocan City - Rhexan Academy, Langit Road, Caloocan City",3,LTFRB_PUJ1698,724594,724601
846,LTFRB,NOVALICHES-BAGONG SILANG KALIWA PH5,"General Luis / Gold Intersection, Caloocan City - Rhexan Academy, Langit Road, Caloocan City",3,LTFRB_PUJ1698,724594,724885
847,LTFRB,NOVALICHES-BAGONG SILANG KALIWA PH5,"Rhexan Academy, Langit Road, Caloocan City - General Luis / Gold Intersection, Caloocan City",3,LTFRB_PUJ1699,724594,726282
848,LTFRB,NOVA-CAMARIN,"Susano / General Luis Intersection, Caloocan City - San Vicente / Camarin Road Intersection, Caloocan City",3,LTFRB_PUJ1700,724594,724770
849,LTFRB,NOVA-CAMARIN,"San Vicente / Camarin Road Intersection, Caloocan City - Topaz, Caloocan City",3,LTFRB_PUJ1701,724594,724713
849,LTFRB,NOVA-CAMARIN,"San Vicente / Camarin Road Intersection, Caloocan City - Topaz, Caloocan City",3,LTFRB_PUJ1701,724594,726270
850,LTFRB,NICHOLS-MRT TRAMO,"Andrews Ave, Lungsod ng Pasay, Manila - Legaspi, Manila",3,LTFRB_PUJ1702,724594,724805
851,LTFRB,NICHOLS-MRT TRAMO,"Legaspi, Manila - Andrews Ave, Lungsod ng Pasay, Manila",3,LTFRB_PUJ1703,724594,725446
852,LTFRB,NICHOLS-IKOT,"Villamor Health Center, Andrews Ave, Lungsod ng Pasay, Manila - Sales Road, Pasay City, Manila",3,LTFRB_PUJ1704,724594,726363
853,LTFRB,NICHOLS-IKOT,"Sales Road, Pasay City, Manila - Villamor Health Center, Andrews Ave, Lungsod ng Pasay, Manila",3,LTFRB_PUJ1705,724594,725947
854,LTFRB,MUNOZ-VITO CRUZvia MABINI,"HP Village Square, Pablo Ocampo Sr., Manila - Roosevelt Avenue / Road B Intersection, Quezon City",3,LTFRB_PUJ1706,724594,724819
855,LTFRB,MUNOZ-VITO CRUZvia MABINI,"Roosevelt Avenue / Road B Intersection, Quezon City - HP Village Square, Pablo Ocampo Sr., Manila",3,LTFRB_PUJ1707,724594,725953
856,LTFRB,MUNOZ-VISAYAS AVE,"Congressional Avenue / Abra Intersection Quezon City - Visayas Avenue / Congressional Avenue Extension, Quezon City",3,LTFRB_PUJ1708,724594,725238
857,LTFRB,MUNOZ-VISAYAS AVE,"Visayas Avenue / Congressional Avenue Extension, Quezon City - Congressional Avenue / Abra Intersection Quezon City",3,LTFRB_PUJ1709,724594,725053
858,LTFRB,MUNOZ-PROJ8,"Epifanio de los Santos Avenue / Congressional Avenue Intersection, Quezon City - Jetti Petrol Station, Tanding Sora Avenue, Quezon City",3,LTFRB_PUJ1710,724594,726396
859,LTFRB,MUNOZ-PROJ8,"Jetti Petrol Station, Tanding Sora Avenue, Quezon City - Epifanio de los Santos Avenue / Congressional Avenue Intersection, Quezon City",3,LTFRB_PUJ1711,724594,726070
860,LTFRB,MUNOZ-PANTRANCO,"Hayundai, Quezon Avenue, Quezon City - Dangay, Quezon City",3,LTFRB_PUJ1712,724594,724876
861,LTFRB,MUNOZ-PANTRANCO,"Dangay, Quezon City - Hayundai, Quezon Avenue, Quezon City",3,LTFRB_PUJ1713,724594,726016
862,LTFRB,MONUMENTO-PIER,"Ever Gotesco Grand Central, Rizal Avenue, Caloocan City - 25th St / Antonio C. Delgado Intersection, Manila",3,LTFRB_PUJ1715,724594,724883
863,LTFRB,MONUMENTO-MUNOZ via BALINTAWAK,"Epifanio de los Santos Avenue near Walter Mart Service Road, Quezon City - Areneta Square Mall, Samson Road, Caloocan City",3,LTFRB_PUJ1716,724594,725704
864,LTFRB,MONUMENTO-MUNOZ via BALINTAWAK,"Areneta Square Mall, Samson Road, Caloocan City - Epifanio de los Santos Avenue near Walter Mart Service Road, Quezon City",3,LTFRB_PUJ1717,724594,724947
865,LTFRB,MONUMENTO-MALABON via LETRE,"Bonifacio Market, MacArthur Highway, Caloocan City - Rizal Avenue / Leono Street Intersection, Malabon City",3,LTFRB_PUJ1718,724594,725964
866,LTFRB,MONUMENTO-MALABON via LETRE,"Rizal Avenue / Leono Street Intersection, Malabon City - Bonifacio Market, MacArthur Highway, Caloocan City",3,LTFRB_PUJ1719,724594,725436
867,LTFRB,"MCU-PASAY RTDA, MABINI","Epifanio de los Santos Avenue / F.B. Harrison St Intersection, Lungsod ng Pasay - Epifanio de los Santos Avenue / 8th Street Intersection , Caloocan City",3,LTFRB_PUJ1720,724594,724786
868,LTFRB,"MCU-PASAY RTDA, MABINI","Epifanio de los Santos Avenue / 8th Street Intersection , Caloocan City - Epifanio de los Santos Avenue / F.B. Harrison St Intersection, Lungsod ng Pasay",3,LTFRB_PUJ1721,724594,725290
868,LTFRB,"MCU-PASAY RTDA, MABINI","Epifanio de los Santos Avenue / 8th Street Intersection , Caloocan City - Epifanio de los Santos Avenue / F.B. Harrison St Intersection, Lungsod ng Pasay",3,LTFRB_PUJ1721,724594,725387
869,LTFRB,MCU-LIBERTAD,"Senator Gil Puyat Ave, Lungsod ng Pasay, Manila - Epifanio de los Santos Avenue / 8th Street Intersection , Caloocan City",3,LTFRB_PUJ1722,724594,726103
870,LTFRB,MCU-LIBERTAD,"Epifanio de los Santos Avenue / 8th Street Intersection , Caloocan City - Senator Gil Puyat Ave, Lungsod ng Pasay, Manila",3,LTFRB_PUJ1723,724594,725740
871,LTFRB,LIBERTAD-PIER SOUTH,"P. Villanueva, Lungsod ng Pasay - Railroad Dr / 13th St Intersection, Manila",3,LTFRB_PUJ1724,724594,725148
871,LTFRB,LIBERTAD-PIER SOUTH,"P. Villanueva, Lungsod ng Pasay - Railroad Dr / 13th St Intersection, Manila",3,LTFRB_PUJ1724,724594,725566
872,LTFRB,LIBERTAD-PIER SOUTH,"Railroad Dr / 13th St Intersection, Manila - P. Villanueva, Lungsod ng Pasay",3,LTFRB_PUJ1725,724594,725833
873,LTFRB,LIBERTAD-EVANGELISTA,"Gen.J.Cailles / Evangelista Intersection, Makati City - P. Villanueva, Lungsod ng Pasay",3,LTFRB_PUJ1726,724594,726405
874,LTFRB,LIBERTAD-EVANGELISTA,"P. Villanueva, Lungsod ng Pasay - Gen.J.Cailles / Evangelista Intersection, Makati City",3,LTFRB_PUJ1727,724594,724936
875,LTFRB,LIBERTAD-DIAN,"Dian / Pablo Ocampo Sr. Intersection, Manila - Antonio Arnaiz Ave / P.Zamora Intersection, Manila",3,LTFRB_PUJ1729,724594,725831
876,LTFRB,LAGRO-PHILCOA,"Philippine Coconut Authority, Commonwealth Avenue, Quezon City - Quirino Highway / St James Intersection, Calcoocan City",3,LTFRB_PUJ1730,724594,725006
877,LTFRB,LAGRO-PHILCOA,"Quirino Highway / St James Intersection, Calcoocan City - Philippine Coconut Authority, Commonwealth Avenue, Quezon City",3,LTFRB_PUJ1731,724594,724766
878,LTFRB,LAGRO-NOVALICHES,"Dumulay  / Quirino Highway, Quezon City, Manila - Quirino Highway / St James Intersection, Calcoocan City",3,LTFRB_PUJ1732,724594,725468
879,LTFRB,LAGRO-CUBAO,"13th Ave / P. Tuazon Blvd, Quezon City, Manila - Quirino Highway / St James Intersection, Calcoocan City",3,LTFRB_PUJ1734,724594,726390
880,LTFRB,LAGRO-CUBAO,"Quirino Highway / St James Intersection, Calcoocan City - 13th Ave / P. Tuazon Blvd, Quezon City, Manila",3,LTFRB_PUJ1735,724594,724803
881,LTFRB,LAGRO-CITY HALL,"Kalayaan Ave / Mayaman Intersection, Quezon City, Manila - SM Public Transport Terminal, Regalado Highway, Quezon City",3,LTFRB_PUJ1736,724594,725100
882,LTFRB,LAGRO-CITY HALL,"SM Public Transport Terminal, Regalado Highway, Quezon City - Kalayaan Ave / Mayaman Intersection, Quezon City, Manila",3,LTFRB_PUJ1737,724594,724810
883,LTFRB,LAGRO-ANONAS,"Anonas / Tampoy Intersection, Quezon City, Manila - Quirino Highway / St James Intersection, Calcoocan City",3,LTFRB_PUJ1738,724594,725504
884,LTFRB,LAGRO-ANONAS,"Quirino Highway / St James Intersection, Calcoocan City - Anonas / Tampoy Intersection, Quezon City, Manila",3,LTFRB_PUJ1739,724594,725031
885,LTFRB,KATIPUNAN - UP GATE,"Katipunan Ave, Quezon City, Manila - Katipunan Ave, Quezon City, Manila",3,LTFRB_PUJ1740,724594,725820
886,LTFRB,KATIPUNAN - UP GATE,"Katipunan Ave, Quezon City, Manila - Katipunan Ave, Quezon City, Manila",3,LTFRB_PUJ1741,724594,724681
887,LTFRB,KATIPUNAN - UP CAMPUS,"Katipunan Ave, Quezon City, Manila - UP College of Education, A. Ma. Regidor St / Roxas Ave Intersection, Quezon City, Manila",3,LTFRB_PUJ1742,724594,725408
888,LTFRB,KATIPUNAN - UP CAMPUS,"UP College of Education, A. Ma. Regidor St / Roxas Ave Intersection, Quezon City, Manila - Katipunan Ave, Quezon City, Manila",3,LTFRB_PUJ1743,724594,725460
889,LTFRB,KATIPUNAN - QUIRINO HIGHWAY,"Katipunan Ave, Quezon City, Manila - Chowking, Quirino Highway, Quezon City",3,LTFRB_PUJ1744,724594,725044
890,LTFRB,KATIPUNAN - QUIRINO HIGHWAY,"Chowking, Quirino Highway, Quezon City - Katipunan Ave, Quezon City, Manila",3,LTFRB_PUJ1745,724594,724621
891,LTFRB,GUDALUPE-FTI via J.P.RIZAL Ext. C5,"DBP Ave, Taguig City, Manila, Manila - Epifanio de los Santos Avenue, Makati City, Manila",3,LTFRB_PUJ1746,724594,724886
892,LTFRB,GUDALUPE-FTI via J.P.RIZAL Ext. C5,"Epifanio de los Santos Avenue, Makati City, Manila - DBP Ave, Taguig City, Manila, Manila",3,LTFRB_PUJ1747,724594,726296
893,LTFRB,GUADALUPE-PATEROS via JP RIZAL,"J.P. Rizal Extension / Lanzones Intersection, Pateros, Manila - Sgt. Fabian Yabut Circle / P.Burgos Intersection, Makati City, Manila",3,LTFRB_PUJ1748,724594,726110
894,LTFRB,GUADALUPE-PATEROS via JP RIZAL,"P.Burgos, Makati City, Manila - J.P. Rizal Extension / Lanzones Intersection, Pateros, Manila",3,LTFRB_PUJ1749,724594,725584
895,LTFRB,GUADALUPE-BUTING,"F. Flores / M. Concepcion Ave Intersection, Pateros, Manila - Sgt. Fabian Yabut Circle / P.Burgos Intersection, Makati City, Manila",3,LTFRB_PUJ1750,724594,725415
896,LTFRB,GATE 5 - GREENHILLS SHOPPING CENTER,"N. Western St / Service Rd, San Juan, Manila - Connecticut St / Colombia St, San Juan, Manila",3,LTFRB_PUJ1752,724594,725577
897,LTFRB,GATE 5 - GREENHILLS SHOPPING CENTER,"Connecticut St / Colombia St, San Juan, Manila - N. Western St / Service Rd, San Juan, Manila",3,LTFRB_PUJ1753,724594,726318
898,LTFRB,FRISCO-VITO CRUZvia MABINI,"HP Village Square, Pablo Ocampo Sr., Manila - 7/11 Del Monte Avenue, Quezon City",3,LTFRB_PUJ1754,724594,724824
899,LTFRB,FRISCO-VITO CRUZvia MABINI,"7/11 Del Monte Avenue, Quezon City - HP Village Square, Pablo Ocampo Sr., Manila",3,LTFRB_PUJ1755,724594,725895
900,LTFRB,FRISCO-REMEDIOS,"Remedios / Antonio Vasquez Intersection, Manila - 7/11 Del Monte Avenue, Quezon City",3,LTFRB_PUJ1756,724594,724626
901,LTFRB,FRISCO-REMEDIOS,"7/11 Del Monte Avenue, Quezon City - Remedios / Antonio Vasquez Intersection, Manila",3,LTFRB_PUJ1757,724594,724981
902,LTFRB,CUBAO-TM KALAW,"T.M. Kalaw, Manila - General Romulo Ave / Aurora Blvd Intersection, Quezon City, Manila",3,LTFRB_PUJ1758,724594,725998
903,LTFRB,CUBAO-TM KALAW,"General Romulo Ave / Aurora Blvd Intersection, Quezon City, Manila - T.M. Kalaw, Manila",3,LTFRB_PUJ1759,724594,724940
903,LTFRB,CUBAO-TM KALAW,"General Romulo Ave / Aurora Blvd Intersection, Quezon City, Manila - T.M. Kalaw, Manila",3,LTFRB_PUJ1759,724594,725901
904,LTFRB,CUBAO-STOPnSHOP,"Internet Cafe, Old Sta. Mesa, Manila - Aurora Blvd / General Aguinaldo Ave Intersection, Quezon City, Manila",3,LTFRB_PUJ1760,724594,726143
905,LTFRB,CUBAO-STOPnSHOP,"Aurora Blvd / General Aguinaldo Ave Intersection, Quezon City, Manila - Internet Cafe, Old Sta. Mesa, Manila",3,LTFRB_PUJ1761,724594,725134
906,LTFRB,CUBAO-STA.LUCIA,"Ortigas Ave, Pagis City, Manila - General Romulo Ave ,Quezon City, Manila",3,LTFRB_PUJ1762,724594,726022
907,LTFRB,CUBAO-STA.LUCIA,"General Romulo Ave ,Quezon City, Manila - Ortigas Ave, Pagis City, Manila",3,LTFRB_PUJ1763,724594,725428
908,LTFRB,CUBAO-ROSARIO,"Ortigas Ave, Pasig City, Manila - General Romulo Ave ,Quezon City, Manila",3,LTFRB_PUJ1764,724594,726293
909,LTFRB,CUBAO-ROSARIO,"General Romulo Ave ,Quezon City, Manila - Ortigas Ave, Pasig City, Manila",3,LTFRB_PUJ1765,724594,724866
909,LTFRB,CUBAO-ROSARIO,"General Romulo Ave ,Quezon City, Manila - Ortigas Ave, Pasig City, Manila",3,LTFRB_PUJ1765,724594,725539
910,LTFRB,CUBAO-ROCES,"Aurora Blvd / Epifanio de los Santos Avenue Intersection, Quezon City, Manila - Don Alejandro Roces Ave / S AA Intersection, Quezon City, Manila",3,LTFRB_PUJ1766,724594,725843
911,LTFRB,CUBAO-ROCES,"Don Alejandro Roces Ave / S AA Intersection, Quezon City, Manila - Aurora Blvd / Epifanio de los Santos Avenue Intersection, Quezon City, Manila",3,LTFRB_PUJ1767,724594,724983
912,LTFRB,CUBAO-PROJ 4,"13th Ave / P. Tuazon Blvd, Quezon City, Manila - Asian College of Science and Technology, Aurora Blvd, Quezon City, Manila",3,LTFRB_PUJ1768,724594,725971
913,LTFRB,CUBAO-PROJ 4,"Asian College of Science and Technology, Aurora Blvd, Quezon City, Manila - 13th Ave / P. Tuazon Blvd, Quezon City, Manila",3,LTFRB_PUJ1769,724594,726090
914,LTFRB,CUBAO-PROJ2-3,"General Romulo Ave ,Quezon City, Manila - Don Quintin Paredes High School, Anonas, Quezon City, Manila",3,LTFRB_PUJ1770,724594,724939
915,LTFRB,CUBAO-PROJ2-3,"Don Quintin Paredes High School, Anonas, Quezon City, Manila - General Romulo Ave ,Quezon City, Manila",3,LTFRB_PUJ1771,724594,725431
916,LTFRB,CUBAO-LIBIS,"FVR Rd, Quezon City, Manila - General Romulo Ave ,Quezon City, Manila",3,LTFRB_PUJ1772,724594,724934
917,LTFRB,CUBAO-LIBIS,"General Romulo Ave ,Quezon City, Manila - FVR Rd, Quezon City, Manila",3,LTFRB_PUJ1773,724594,725872
918,LTFRB,CUBAO-B.BAYAN,"Eulogio Rodriguez Jr. Ave, Quezon City, Manila - General Romulo Ave ,Quezon City, Manila",3,LTFRB_PUJ1775,724594,725908
919,LTFRB,CUBAO-ARAYAT-FAIRVIEW,"P. A. Bernardo, Quezon City, Manila - Regalado / Dahlia Intersection, Quezon City",3,LTFRB_PUJ1776,724594,726332
920,LTFRB,CUBAO-ARAYAT-FAIRVIEW,"Regalado / Dahlia Intersection, Quezon City - P. A. Bernardo, Quezon City, Manila",3,LTFRB_PUJ1777,724594,725430
921,LTFRB,SHAW BLVD - ORTIGAS,"Mayflower, Mandaluyong City, Manila - ADB Ave / Garnet Rd Intersection, Pasig City, Manila",3,LTFRB_PUJ1778,724594,726099
922,LTFRB,SHAW BLVD - ORTIGAS,"ADB Ave / Garnet Rd Intersection, Pasig City, Manila - Mayflower, Mandaluyong City, Manila",3,LTFRB_PUJ1779,724594,724759
923,LTFRB,SHAW BLVD - GUADALUPE,"Kalayaan Ave / Gen. Jacinto St Intersection, Taguig City, Manila - Epifanio de los Santos Avenue /  Shaw Blvd Intersection, Mandaluyong City, Manila",3,LTFRB_PUJ1780,724594,726366
924,LTFRB,SHAW BLVD - GUADALUPE,"Epifanio de los Santos Avenue /  Shaw Blvd Intersection, Mandaluyong City, Manila - Kalayaan Ave / Gen. Jacinto St Intersection, Taguig City, Manila",3,LTFRB_PUJ1781,724594,725344
925,LTFRB,PASAY ROTUNDA - FTI via SIGNAL VILLAGE,"DBP Ave, Taguig City, Manila, Manila - Epifanio de los Santos Avenue, Diosdado Macapagal Blvd, Lungsod ng Pasay",3,LTFRB_PUJ1782,724594,724656
926,LTFRB,PASAY ROTUNDA - FTI via SIGNAL VILLAGE,"Epifanio de los Santos Avenue, Diosdado Macapagal Blvd, Lungsod ng Pasay - DBP Ave, Taguig City, Manila, Manila",3,LTFRB_PUJ1783,724594,726222
926,LTFRB,PASAY ROTUNDA - FTI via SIGNAL VILLAGE,"Epifanio de los Santos Avenue, Diosdado Macapagal Blvd, Lungsod ng Pasay - DBP Ave, Taguig City, Manila, Manila",3,LTFRB_PUJ1783,724594,726408
927,LTFRB,PASAY ROTUNDA - ALABANG via SKYWAY,"Starmall Footbridge, Starmall Starmall Service Rd, Muntinlupa City, Manila - Epifanio de los Santos Avenue / F.B. Harrison St Intersection, Lungsod ng Pasay",3,LTFRB_PUJ1784,724594,724720
928,LTFRB,PASAY ROTUNDA - ALABANG via SKYWAY,"Epifanio de los Santos Avenue / F.B. Harrison St Intersection, Lungsod ng Pasay - Starmall Footbridge, Starmall Starmall Service Rd, Muntinlupa City, Manila",3,LTFRB_PUJ1785,724594,726240
929,LTFRB,PASAY ROTUNDA - ALABANG (KANAN) via NICHOLS SERVICE RD,"Starmall Footbridge, Starmall Starmall Service Rd, Muntinlupa City, Manila - Epifanio de los Santos Avenue, Lungsod ng Pasay",3,LTFRB_PUJ1786,724594,725467
930,LTFRB,PASAY ROTUNDA - ALABANG (KANAN) via NICHOLS SERVICE RD,"Epifanio de los Santos Avenue, Lungsod ng Pasay - South Luzon Expressway, Taguig City, Manila",3,LTFRB_PUJ1787,724594,726164
931,LTFRB,NOVALICHES - RIZAL AVE. via BANAL,"Dimasalang / Aurora Boulevard Intersection, Quezon City - Our Lady Mercy Church, Quirino Highway, Caloocan City",3,LTFRB_PUJ1788,724594,725337
932,LTFRB,NOVALICHES - RIZAL AVE. via BANAL,"Our Lady Mercy Church, Quirino Highway, Caloocan City - Dimasalang / Aurora Boulevard Intersection, Quezon City",3,LTFRB_PUJ1789,724594,725778
933,LTFRB,MONUMNTO-LIBERTADvTAFTAVENUE,"P. Villanueva, Lungsod ng Pasay - Monumento, Rizal Avenue, Caloocan City",3,LTFRB_PUJ1790,724594,724757
934,LTFRB,MONUMNTO-LIBERTADvTAFTAVENUE,"Monumento, Rizal Avenue, Caloocan City - P. Villanueva, Lungsod ng Pasay",3,LTFRB_PUJ1791,724594,726008
935,LTFRB,"MONUMENTO-TAFTAVE.,PASA ROTUNDA","F.B. Harrison Street, Lungsod ng Pasay, Manila - Areneta Square Mall, Samson Road, Caloocan City",3,LTFRB_PUJ1792,724594,725671
936,LTFRB,"MONUMENTO-TAFTAVE.,PASA ROTUNDA","Areneta Square Mall, Samson Road, Caloocan City - F.B. Harrison Street, Lungsod ng Pasay, Manila",3,LTFRB_PUJ1793,724594,724665
937,LTFRB,MCU LIBERTADvi MABINIF HARRISON,"Antonio Arnaiz Ave / F.B. Harrison St Intersection - Epifanio de los Santos Avenue / 5th Street Intersection , Caloocan City",3,LTFRB_PUJ1794,724594,725302
938,LTFRB,MCU LIBERTADvi MABINIF HARRISON,"Epifanio de los Santos Avenue / 5th Street Intersection , Caloocan City - Antonio Arnaiz Ave / F.B. Harrison St Intersection",3,LTFRB_PUJ1795,724594,725291
939,LTFRB,LIBERTAD - WASHINGTON,"Antonio Arnaiz Ave / P.Zamora Intersection, Manila - J.Victor, Makati City, Manila",3,LTFRB_PUJ1796,724594,724723
940,LTFRB,LIBERTAD - WASHINGTON,"J.Victor, Makati City, Manila - Antonio Arnaiz Ave / P.Zamora Intersection, Manila",3,LTFRB_PUJ1797,724594,725837
941,LTFRB,LIBERTAD - PRC,"Burgos Street, Lungsod ng Pasay - A. Reyes Ave, Makati City, Manila",3,LTFRB_PUJ1798,724594,725305
942,LTFRB,LIBERTAD - PRC,"A. Reyes Ave, Makati City, Manila - Burgos Street, Lungsod ng Pasay",3,LTFRB_PUJ1799,724594,724977
943,LTFRB,LIBERTAD - PINAGBARILAN,"Epifanio de los Santos Avenue / Skyway , Lungsod ng Makati, Manila - P. Villanueva, Lungsod ng Pasay",3,LTFRB_PUJ1800,724594,725856
944,LTFRB,LIBERTAD - PINAGBARILAN,"P. Villanueva, Lungsod ng Pasay - Epifanio de los Santos Avenue / Skyway , Lungsod ng Makati, Manila",3,LTFRB_PUJ1801,724594,725078
945,LTFRB,LIBERTAD - PASAY ROTUNDA,"Epifanio de los Santos Avenue, Lungsod ng Pasay - Taft Ave, Lungsod ng Pasay",3,LTFRB_PUJ1802,724594,725118
945,LTFRB,LIBERTAD - PASAY ROTUNDA,"Epifanio de los Santos Avenue, Lungsod ng Pasay - Taft Ave, Lungsod ng Pasay",3,LTFRB_PUJ1802,724594,725163
946,LTFRB,LIBERTAD - PASAY ROTUNDA,"Taft Ave, Lungsod ng Pasay - Epifanio de los Santos Avenue, Lungsod ng Pasay",3,LTFRB_PUJ1803,724594,726343
947,LTFRB,LAGRO - RIZAL AVE via A. BONIFACIO,"Cavitie / Leonor Rivera Intersection, Quezon City - Susano / General Luis Intersection, Caloocan City",3,LTFRB_PUJ1804,724594,725461
948,LTFRB,LAGRO - RIZAL AVE via A. BONIFACIO,"Quirino Highway, Quezon City - Cavitie / Leonor Rivera Intersection, Quezon City",3,LTFRB_PUJ1805,724594,725390
949,LTFRB,GREENFIELDS - SANGANGDAAN,"Quirino Highway / Rodriguez Drive Intersection, Quezon City - Bestlink Institute of Information Technology, 121.041724",3,LTFRB_PUJ1806,724594,724749
950,LTFRB,GREENFIELDS - SANGANGDAAN,"Dumulay  / Quirino Highway, Quezon City, Manila - Quirino Highway / Rodriguez Drive Intersection, Quezon City",3,LTFRB_PUJ1807,724594,724736
951,LTFRB,CUBAO ARAYAT - QMC,"Elliptical Rd / Commonwealth Avenue Intersection, Quezon City - P. A. Bernardo, Quezon City, Manila",3,LTFRB_PUJ1809,724594,726345
952,LTFRB,CUBAO - SAN JUAN,"P. A. Bernardo, Quezon City, Manila - F. Blumentritt / N.Domingo Intersection, Manila",3,LTFRB_PUJ1811,724594,725225
952,LTFRB,CUBAO - SAN JUAN,"P. A. Bernardo, Quezon City, Manila - F. Blumentritt / N.Domingo Intersection, Manila",3,LTFRB_PUJ1811,724594,725879
953,LTFRB,BINANGONAN-CAINTAviaTAYTAY-ANGONO,"J.P. Rizal Ave / Baltazar Intersection, Binangonan, Manila - Bonifacio Ave, Cainta, Manila",3,LTFRB_PUJ1812,724594,725034
954,LTFRB,BINANGONAN-CAINTAviaTAYTAY-ANGONO,"Bonifacio Ave, Cainta, Manila - J.P. Rizal Ave / Baltazar Intersection, Binangonan, Manila",3,LTFRB_PUJ1813,724594,726057
955,LTFRB,BINANGONAN - STA. LUCIA-TROPICAL,"M.H. Del Pilar / Osmena Intersection, Binangonan, Manila - Metro East, un-named road near Felix Road, Cainta, Manila",3,LTFRB_PUJ1814,724594,725018
956,LTFRB,BINANGONAN - STA. LUCIA-TROPICAL,"Metro East, un-named road near Felix Road, Cainta, Manila - M.H. Del Pilar / Osmena Intersection, Binangonan, Manila",3,LTFRB_PUJ1815,724594,724615
957,LTFRB,BINANGONAN - ANGONO MARKET,"Quezon Ave, Angono, Manila - Osmena, Binangonan, Manila",3,LTFRB_PUJ1816,724594,725538
958,LTFRB,BALINTAWAK - GREENFIELDS,"Andreas Bonifacio, Quezon City - Bestlink Institute of Information Technology, 121.041724",3,LTFRB_PUJ1817,724594,726216
959,LTFRB,BALINTAWAK - GREENFIELDS,"Bestlink Institute of Information Technology, 121.041724 - Andreas Bonifacio, Quezon City",3,LTFRB_PUJ1818,724594,724655
960,LTFRB,SHAW BLVD CENTRAL - TAYTAY,"Mayflower, Mandaluyong City, Manila - Rosario Ocampo Elementary School, Rosario Ocampo Elementary School",3,LTFRB_PUJ1819,724594,726271
961,LTFRB,SHAW BLVD CENTRAL - TAYTAY,"Rosario Ocampo Elementary School, Rosario Ocampo Elementary School - Mayflower, Mandaluyong City, Manila",3,LTFRB_PUJ1820,724594,724884
962,LTFRB,CUBAO - V.LUNA,"P. A. Bernardo, Quezon City, Manila - V. Luna Hospital, V. Luna Ave, Quezon City, Manila",3,LTFRB_PUJ1821,724594,725060
962,LTFRB,CUBAO - V.LUNA,"P. A. Bernardo, Quezon City, Manila - V. Luna Hospital, V. Luna Ave, Quezon City, Manila",3,LTFRB_PUJ1821,724594,725610
963,LTFRB,CUBAO - V.LUNA,"V. Luna Hospital, V. Luna Ave, Quezon City, Manila - P. A. Bernardo, Quezon City, Manila",3,LTFRB_PUJ1822,724594,726389
964,LTFRB,NOVALICHES - RIZAL AVE. via BANAL,"Dimasalang / Aurora Boulevard Intersection, Quezon City - Our Lady Mercy Church, Quirino Highway, Caloocan City",3,LTFRB_PUJ1823,724594,724921
965,LTFRB,NOVALICHES - RIZAL AVE. via BANAL,"Our Lady Mercy Church, Quirino Highway, Caloocan City - Dimasalang / Aurora Boulevard Intersection, Quezon City",3,LTFRB_PUJ1824,724594,724699
966,LTFRB,A RIVERA - STA CRUZ,"Antonio Rivera, Manila - A F. Torres, Manila",3,LTFRB_PUJ1826,724594,724784
967,LTFRB,ALABANG - BALIBAGO,"Yellow Station, South Station Complex Spectrum Midway Extension,  Muntinlupa City, Manila - South Luzon Expressway, Biñan City, Manila",3,LTFRB_PUJ1827,724594,726338
968,LTFRB,ALABANG - KATARUNGAN VILLAGE via MUNTINLUPA NBP,"C Arellano St / G Araneta St Intersection, Muntinlupa City, Manila - Starmall Footbridge, Starmall Starmall Service Rd, Muntinlupa City, Manila",3,LTFRB_PUJ1828,724594,725022
969,LTFRB,ALABANG - LAS PINAS,"Starmall Footbridge, Starmall Starmall Service Rd, Muntinlupa City, Manila - Emilio Aguinaldo Hwy, Bacoor City, Manila",3,LTFRB_PUJ1830,724594,724880
969,LTFRB,ALABANG - LAS PINAS,"Starmall Footbridge, Starmall Starmall Service Rd, Muntinlupa City, Manila - Emilio Aguinaldo Hwy, Bacoor City, Manila",3,LTFRB_PUJ1830,724594,726395
970,LTFRB,ALABANG - LAS PINAS,"Emilio Aguinaldo Hwy, Bacoor City, Manila - Starmall Footbridge, Starmall Starmall Service Rd, Muntinlupa City, Manila",3,LTFRB_PUJ1831,724594,725493
970,LTFRB,ALABANG - LAS PINAS,"Emilio Aguinaldo Hwy, Bacoor City, Manila - Starmall Footbridge, Starmall Starmall Service Rd, Muntinlupa City, Manila",3,LTFRB_PUJ1831,724594,726199
971,LTFRB,ALABANG - MUNTINLUPA,"South Luzon Expressway / Montillano St Intersection, Muntinlupa City, Manila - BBL Trans San Pedro Terminal, National Hwy, San Pedro, Manila",3,LTFRB_PUJ1833,724594,725915
972,LTFRB,ALABANG - SIGNAL VILLAGE via SERVICE ROAD,"National Hwy, Muntinlupa City, Manila - DBP Ave, Taguig City, Manila, Manila",3,LTFRB_PUJ1834,724594,725876
973,LTFRB,UP - SM NORTH AVE,"UP College of Education, A. Ma. Regidor St / Roxas Ave Intersection, Quezon City, Manila - Epifanio de los Santos Avenue / North Avenue Intersection, Quezon City",3,LTFRB_PUJ1836,724594,726023
974,LTFRB,UP - SM NORTH AVE,"Epifanio de los Santos Avenue / North Avenue Intersection, Quezon City - UP College of Education, A. Ma. Regidor St / Roxas Ave Intersection, Quezon City, Manila",3,LTFRB_PUJ1837,724594,725199
975,LTFRB,bagui,"Rizal Ave / Gonzaga Intersection, Taytay, Manila - Market Ave, Pasig City, Manila",3,LTFRB_PUJ1838,724594,725250
975,LTFRB,bagui,"Rizal Ave / Gonzaga Intersection, Taytay, Manila - Market Ave, Pasig City, Manila",3,LTFRB_PUJ1838,724594,726050
976,LTFRB,TANDANG SORA PALENGKE  - NIA_NPC,"Visayas Avenue Wet and Dry Market, Visayas Avenue Quezon City - NIA Chapel, Chico, Quezon City",3,LTFRB_PUJ1839,724594,725626
977,LTFRB,TANDANG SORA PALENGKE  - NIA_NPC,"NIA Chapel, Chico, Quezon City - Visayas Avenue Wet and Dry Market, Visayas Avenue Quezon City",3,LTFRB_PUJ1840,724594,725609
978,LTFRB,STOP N SHOP - BACOOD,"Bacood / Dalisay Intersection, Manila - Internet Cafe, Old Sta. Mesa, Manila",3,LTFRB_PUJ1841,724594,726072
979,LTFRB,STOP N SHOP - BACOOD,"Internet Cafe, Old Sta. Mesa, Manila - Bacood / Dalisay Intersection, Manila",3,LTFRB_PUJ1842,724594,725145
980,LTFRB,SM NORTH - LITEX,"Epifanio de los Santos Avenue / North Avenue Intersection, Quezon City - Commonwealth Avenue / IBP Road Intersection, Quezon City",3,LTFRB_PUJ1843,724594,725298
981,LTFRB,SM NORTH - LITEX,"Commonwealth Avenue / IBP Road Intersection, Quezon City - Epifanio de los Santos Avenue / North Avenue Intersection, Quezon City",3,LTFRB_PUJ1844,724594,726128
982,LTFRB,SAN JUAN UNIMART - ROSARIO JUNCTION (DE CASTRO),"N.Domingo,  San Juan, Manila - E Bank Rd / SE Approach Intersection, Pasig City, Manila",3,LTFRB_PUJ1845,724594,724691
983,LTFRB,SAN JUAN UNIMART - ROSARIO JUNCTION (DE CASTRO),"E Bank Rd / SE Approach Intersection, Pasig City, Manila - N.Domingo,  San Juan, Manila",3,LTFRB_PUJ1846,724594,725099
984,LTFRB,SAN JUAN - CUBAO via N DOMINGO,"F. Blumentritt / N.Domingo Intersection, Manila - P. A. Bernardo, Quezon City, Manila",3,LTFRB_PUJ1847,724594,724788
984,LTFRB,SAN JUAN - CUBAO via N DOMINGO,"F. Blumentritt / N.Domingo Intersection, Manila - P. A. Bernardo, Quezon City, Manila",3,LTFRB_PUJ1847,724594,724844
985,LTFRB,RECTO - GASAK,"Oroquieta, Manila - Heath Centre, Don Bastilio Bautista Boulevard, Malabon City",3,LTFRB_PUJ1849,724594,725902
986,LTFRB,RECTO - GASAK,"Heath Centre, Don Bastilio Bautista Boulevard, Malabon City - Oroquieta, Manila",3,LTFRB_PUJ1850,724594,726305
987,LTFRB,QUIAPO - BACOOD,"R Hidalgo, Manila - Bacood / Dalisay Intersection, Manila",3,LTFRB_PUJ1851,724594,725862
988,LTFRB,QUIAPO - BACOOD,"Bacood / Dalisay Intersection, Manila - R Hidalgo, Manila",3,LTFRB_PUJ1852,724594,726129
989,LTFRB,PROJECT 2 and 3 - WELCOME RTDA via E RODRIGUEZ,"Halcon / Espana Boulevard Intersection, Manila - Anonas / Molave Intersection, Quezon City, Manila",3,LTFRB_PUJ1853,724594,725222
990,LTFRB,PROJECT 2 and 3 - WELCOME RTDA via E RODRIGUEZ,"Anonas / Molave Intersection, Quezon City, Manila - Halcon / Espana Boulevard Intersection, Manila",3,LTFRB_PUJ1854,724594,726212
991,LTFRB,PROJECT 2 and 3 - TAFT REMEDIOS via E RODRIGUEZy,"Remedios / Antonio Vasquez Intersection, Manila - Kamias Rd / Kalayaan Ave Intersection, Quezon City, Manila",3,LTFRB_PUJ1855,724594,724970
992,LTFRB,PROJECT 2 and 3 - TAFT REMEDIOS via E RODRIGUEZy,"Kamias Rd / Kalayaan Ave Intersection, Quezon City, Manila - Remedios / Antonio Vasquez Intersection, Manila",3,LTFRB_PUJ1856,724594,725660
993,LTFRB,PROJECT 2 and 3 - QUIAPO,"Molave, Quezon City, Manila - Quezon Blvd, Manila",3,LTFRB_PUJ1857,724594,725394
994,LTFRB,PROJ 4 (YALE) - STOP N SHOP,"Ramon Magsaysay Blvd / Altura Intersection, Manila - General Romulo Ave / Aurora Blvd Intersection, Quezon City, Manila",3,LTFRB_PUJ1859,724594,726067
995,LTFRB,PROJ 4 (YALE) - STOP N SHOP,"General Romulo Ave / Aurora Blvd Intersection, Quezon City, Manila - Ramon Magsaysay Blvd / Altura Intersection, Manila",3,LTFRB_PUJ1860,724594,725733
996,LTFRB,PROJ 4 (AURORA) - MORAYTA RECTO,"General Romulo Ave / Aurora Blvd Intersection, Quezon City, Manila - España Blvd / Nicanor Reyes St Intersection, Manila",3,LTFRB_PUJ1862,724594,725767
997,LTFRB,PROJ 2&3-VITO CRUZ MABINI,"HP Village Square, Pablo Ocampo Sr., Manila - Molave, Quezon City, Manila",3,LTFRB_PUJ1863,724594,724743
998,LTFRB,PROJ 2&3-QMART,"Molave, Quezon City, Manila - Kamias Rd / Colonel Salgado Intersection, Quezon City, Manila",3,LTFRB_PUJ1865,724594,724836
999,LTFRB,PROJ 2&3-KALAW ESPANA,"T.M. Kalaw / Maria Y. Orosa St - Molave, Quezon City, Manila",3,LTFRB_PUJ1866,724594,724730
999,LTFRB,PROJ 2&3-KALAW ESPANA,"T.M. Kalaw / Maria Y. Orosa St - Molave, Quezon City, Manila",3,LTFRB_PUJ1866,724594,724778
1000,LTFRB,PROJ 2&3-KALAW ESPANA,"Molave, Quezon City, Manila - T.M. Kalaw / Maria Y. Orosa St",3,LTFRB_PUJ1867,724594,726111
1001,LTFRB,PHILCOA - FAIRVIEW DAHLIA,"Elliptical Rd / Commonwealth Avenue Intersection, Quezon City - Regalado / Dahlia Intersection, Quezon City",3,LTFRB_PUJ1868,724594,725553
1002,LTFRB,PHILCOA - FAIRVIEW DAHLIA,"Regalado / Dahlia Intersection, Quezon City - Elliptical Rd / Commonwealth Avenue Intersection, Quezon City",3,LTFRB_PUJ1869,724594,725628
1003,LTFRB,PATEROS - MARKET MARKET,"B. Morcilla St, Pateros, Manila - Carlos P. Garcia Ave, Makati City, Manila",3,LTFRB_PUJ1870,724594,724984
1004,LTFRB,PATEROS - MARKET MARKET,"Carlos P. Garcia Ave, Makati City, Manila - B. Morcilla St, Pateros, Manila",3,LTFRB_PUJ1871,724594,725899
1005,LTFRB,PATEROS - AYALA,"Epifanio de los Santos Av, Makati City, Manila - M. Almeda, Pateros, Manila",3,LTFRB_PUJ1872,724594,726031
1006,LTFRB,PATEROS - AYALA,"M. Almeda, Pateros, Manila - Epifanio de los Santos Av, Makati City, Manila",3,LTFRB_PUJ1873,724594,726079
1007,LTFRB,NPC - NIA via CONGRESSIONAL MINDANAO AVE,"Epifanio de los Santos Avenue / North Avenue Intersection, Quezon City - NIA Chapel, Chico, Quezon City",3,LTFRB_PUJ1874,724594,725191
1008,LTFRB,NPC - NIA via CONGRESSIONAL MINDANAO AVE,"NIA Chapel, Chico, Quezon City - Epifanio de los Santos Avenue / North Avenue Intersection, Quezon City",3,LTFRB_PUJ1875,724594,725973
1009,LTFRB,NOVA-TALA,"Dumulay  / Quirino Highway, Quezon City, Manila - Dr Uyguanco Avenue, City of San Jose del Monte",3,LTFRB_PUJ1876,724594,725077
1009,LTFRB,NOVA-TALA,"Dumulay  / Quirino Highway, Quezon City, Manila - Dr Uyguanco Avenue, City of San Jose del Monte",3,LTFRB_PUJ1876,724594,725561
1010,LTFRB,NOVA-TALA,"Dr Uyguanco Avenue, City of San Jose del Monte - Dumulay  / Quirino Highway, Quezon City, Manila",3,LTFRB_PUJ1877,724594,725449
1010,LTFRB,NOVA-TALA,"Dr Uyguanco Avenue, City of San Jose del Monte - Dumulay  / Quirino Highway, Quezon City, Manila",3,LTFRB_PUJ1877,724594,726289
1011,LTFRB,NOVA-PANGARAP VILL,"Dumulay  / Quirino Highway, Quezon City, Manila - Quirino Highway, Calcoocan City",3,LTFRB_PUJ1878,724594,725254
1012,LTFRB,NOVA-PANGARAP VILL,"Quirino Highway, Calcoocan City - Dumulay  / Quirino Highway, Quezon City, Manila",3,LTFRB_PUJ1879,724594,726356
1013,LTFRB,NOVA-DEPARO,"Susano / General Luis Intersection, Caloocan City - Kabatuhan, Caloocan City",3,LTFRB_PUJ1880,724594,725465
1014,LTFRB,NOVA-DEPARO,"Kabatuhan, Caloocan City - Susano / General Luis Intersection, Caloocan City",3,LTFRB_PUJ1881,724594,725087
1015,LTFRB,NAVOTAS - RECTO via DAGAT_DAGATAN C3_C4,"Claro M. Recto Ave / Quezon Blvd Intersection, Manila - Navotas City Hall, M. Naval, City of Navotas",3,LTFRB_PUJ1882,724594,725279
1016,LTFRB,NAVOTAS - RECTO via DAGAT_DAGATAN C3_C4,"Navotas City Hall, M. Naval, City of Navotas - Claro M. Recto Ave / Quezon Blvd Intersection, Manila",3,LTFRB_PUJ1883,724594,726378
1017,LTFRB,NAVOTAS - DIVISORIA via H LOPEZ,"Isabelo delos Reyes Elementary School, Nicolas Zamora, Manila - Navotas City Hall, M. Naval, City of Navotas",3,LTFRB_PUJ1884,724594,726228
1018,LTFRB,NAVOTAS - DIVISORIA via H LOPEZ,"Navotas City Hall, M. Naval, City of Navotas - Isabelo delos Reyes Elementary School, Nicolas Zamora, Manila",3,LTFRB_PUJ1885,724594,726262
1019,LTFRB,MURPHY 15TH AVE - STOP N SHOP,"Internet Cafe, Old Sta. Mesa, Manila - General Romulo Ave / Aurora Blvd Intersection, Quezon City, Manila",3,LTFRB_PUJ1886,724594,725475
1020,LTFRB,MURPHY 15TH AVE - STOP N SHOP,"General Romulo Ave / Aurora Blvd Intersection, Quezon City, Manila - Internet Cafe, Old Sta. Mesa, Manila",3,LTFRB_PUJ1887,724594,724666
1021,LTFRB,MURPHY - QMART,"15th Ave / Col. Bonny Serrano Intersection, Quezon City, Manila - Ermin Garcia Ave, Quezon City, Manila",3,LTFRB_PUJ1888,724594,725026
1022,LTFRB,MURPHY - QMART,"Ermin Garcia Ave, Quezon City, Manila - 15th Ave / Col. Bonny Serrano Intersection, Quezon City, Manila",3,LTFRB_PUJ1889,724594,726244
1023,LTFRB,MONUMENTO - STA MARIA via EXPRESSWAY,"L Bustamante / Benin Intersection, Caloocan City - Santa Maria Municipal Hall, JC De Jesus Street, Santa Maria",3,LTFRB_PUJ1890,724594,725009
1024,LTFRB,MONUMENTO - STA MARIA via EXPRESSWAY,"Santa Maria Municipal Hall, JC De Jesus Street, Santa Maria - L Bustamante / Benin Intersection, Caloocan City",3,LTFRB_PUJ1891,724594,726322
1025,LTFRB,MONUMENTO - MEYCAUAYAN via EXPRESSWAY,"North Luzon Expressway, Marilao, Manila - Epifanio de los Santos Avenue / 8th Street Intersection , Caloocan City",3,LTFRB_PUJ1892,724594,725027
1026,LTFRB,MONUMENTO - MEYCAUAYAN via EXPRESSWAY,"Epifanio de los Santos Avenue / 8th Street Intersection , Caloocan City - North Luzon Expressway, City of Meycauayan",3,LTFRB_PUJ1893,724594,724890
1026,LTFRB,MONUMENTO - MEYCAUAYAN via EXPRESSWAY,"Epifanio de los Santos Avenue / 8th Street Intersection , Caloocan City - North Luzon Expressway, City of Meycauayan",3,LTFRB_PUJ1893,724594,725732
1026,LTFRB,MONUMENTO - MEYCAUAYAN via EXPRESSWAY,"Epifanio de los Santos Avenue / 8th Street Intersection , Caloocan City - North Luzon Expressway, City of Meycauayan",3,LTFRB_PUJ1893,724594,725863
1027,LTFRB,MONTALBAN - MARCOS AVE via LITEX,"Payatas Road, Quezon City - Montalban Church, Daang Hari Streeet Intersection, Rodriguez",3,LTFRB_PUJ1894,724594,725324
1028,LTFRB,MONTALBAN - MARCOS AVE via LITEX,"Montalban Church, Daang Hari Streeet Intersection, Rodriguez - Payatas Road, Quezon City",3,LTFRB_PUJ1895,724594,725196
1029,LTFRB,MCU - PASAY RTDA,"Epifanio de los Santos Avenue / 8th Street Intersection , Caloocan City - Taft Avenue Extension / Epifanio de los Santos Avenue, Lungsod ng Pasay, Manila",3,LTFRB_PUJ1896,724594,725826
1030,LTFRB,MCU - PASAY RTDA,"Taft Avenue Extension / Epifanio de los Santos Avenue, Lungsod ng Pasay, Manila - Epifanio de los Santos Avenue / 8th Street Intersection , Caloocan City",3,LTFRB_PUJ1897,724594,724893
1031,LTFRB,MARKET MARKET - NASCOR,"Carlos P. Garcia Ave, Makati City, Manila - F. Flores / M. Concepcion Ave Intersection, Pateros, Manila",3,LTFRB_PUJ1898,724594,724952
1032,LTFRB,MARKET MARKET - NASCOR,"F. Flores / M. Concepcion Ave Intersection, Pateros, Manila - Carlos P. Garcia Ave, Makati City, Manila",3,LTFRB_PUJ1899,724594,725447
1033,LTFRB,MARKET MARKET - GUADALUPE,"Carlos P. Garcia Ave, Taguig City, Manila - Maranatha Christian Academy, Sgt. Fabian Yabut Circle, Makati City, Manila",3,LTFRB_PUJ1900,724594,726290
1034,LTFRB,MARKET MARKET - GUADALUPE,"Maranatha Christian Academy, Sgt. Fabian Yabut Circle, Makati City, Manila - Carlos P. Garcia Ave, Taguig City, Manila",3,LTFRB_PUJ1901,724594,725020
1035,LTFRB,MARIKINA - PATEROS SAN JOAQUIN via PASIG,"M. Almeda, Pateros, Manila - Sumulong Hwy, Marikina City, Manila",3,LTFRB_PUJ1902,724594,725866
1036,LTFRB,MARIKINA - PATEROS SAN JOAQUIN via PASIG,"Sumulong Hwy, Marikina City, Manila - M. Almeda, Pateros, Manila",3,LTFRB_PUJ1903,724594,725155
1037,LTFRB,MARIKINA - PARANG,"W Paz, Marikina City, Manila - Fortune Tobacco Corporation, Marikina City, Manila",3,LTFRB_PUJ1904,724594,725007
1038,LTFRB,MARIKINA - PARANG,"Fortune Tobacco Corporation, Marikina City, Manila - J. P. Rizal St, Marikina City, Manila",3,LTFRB_PUJ1905,724594,725629
1039,LTFRB,MARIKINA - MONTALBAN,"J. P. Rizal St, Marikina City, Manila - Montalban Highway / R Reyes Street Intersection near Montalban Town Centre, Rodriguez",3,LTFRB_PUJ1906,724594,724645
1040,LTFRB,MARIKINA - MONTALBAN,"Montalban Highway / R Reyes Street Intersection near Montalban Town Centre, Rodriguez - J. P. Rizal St, Marikina City, Manila",3,LTFRB_PUJ1907,724594,725088
1041,LTFRB,MARIKINA - MAMBUGAN,"Sumulong Hwy, Marikina City, Manila - Sumulong Hwy, Antipolo City, Manila",3,LTFRB_PUJ1908,724594,726184
1042,LTFRB,MARIKINA - MAMBUGAN,"Sumulong Hwy, Antipolo City, Manila - Sumulong Hwy, Marikina City, Manila",3,LTFRB_PUJ1909,724594,724760
1043,LTFRB,MALINTA - STA MARIA,"Flying V Gas, MacArthur Highway, Valenzuela City - Santa Maria General Hospital, JC De Jesus Street, Santa Maria",3,LTFRB_PUJ1910,724594,725791
1044,LTFRB,MALINTA - STA MARIA,"Santa Maria Municipal Hall, JC De Jesus Street, Santa Maria - Flying V Gas, MacArthur Highway, Valenzuela City",3,LTFRB_PUJ1911,724594,724733
1045,LTFRB,MALINTA - MALOLOS,"Flying V Gas, MacArthur Highway, Valenzuela City - Bocaue Public Market, MacArthur Highway, Bocaue, Bulacan",3,LTFRB_PUJ1912,724594,725204
1046,LTFRB,MALINTA - MALOLOS,"Bocaue Public Market, MacArthur Highway, Bocaue, Bulacan - Flying V Gas, MacArthur Highway, Valenzuela City",3,LTFRB_PUJ1913,724594,725052
1047,LTFRB,MALINTA - KAYBIGA,"Maysan Road / Llenado Compound Intersection Valenzuela City - Genteral Luis, Caloocan City",3,LTFRB_PUJ1914,724594,725414
1048,LTFRB,MALINTA - KAYBIGA,"Genteral Luis, Caloocan City - Maysan Road / Llenado Compound Intersection Valenzuela City",3,LTFRB_PUJ1915,724594,724643
1049,LTFRB,MALABON - PANGHULO,"Malabon National High School, Don Bastilio Bautista Boulevard, Malabon City - J. P Rizal, Obando",3,LTFRB_PUJ1916,724594,724704
1050,LTFRB,MALABON - PANGHULO,"J. P Rizal, Obando - Malabon National High School, Don Bastilio Bautista Boulevard, Malabon City",3,LTFRB_PUJ1917,724594,725125
1051,LTFRB,MAKATI P BURGOS - L GUINTO,"Guerrero / Makati Ave Intersection, Makati City, Manila - Leon Guinto Sr., Manila",3,LTFRB_PUJ1918,724594,725757
1052,LTFRB,MAKATI P BURGOS - L GUINTO,"Leon Guinto Sr., Manila - Guerrero / Makati Ave Intersection, Makati City, Manila",3,LTFRB_PUJ1919,724594,725712
1053,LTFRB,LRT TAFT - SM MOA,"Epifanio de los Santos Avenue, Lungsod ng Pasay - Epifanio de los Santos Avenue, Lungsod ng Pasay",3,LTFRB_PUJ1920,724594,725129
1054,LTFRB,LAGRO - NOVALICHES via QUIRINO HIGHWAY,"Dumulay  / Quirino Highway, Quezon City, Manila - Quirino Highway / St James Intersection, Calcoocan City",3,LTFRB_PUJ1922,724594,724622
1055,LTFRB,LAGRO - NOVALICHES via QUIRINO HIGHWAY,"Quirino Highway / St James Intersection, Calcoocan City - Dumulay  / Quirino Highway, Quezon City, Manila",3,LTFRB_PUJ1923,724594,725871
1055,LTFRB,LAGRO - NOVALICHES via QUIRINO HIGHWAY,"Quirino Highway / St James Intersection, Calcoocan City - Dumulay  / Quirino Highway, Quezon City, Manila",3,LTFRB_PUJ1923,724594,726192
1056,LTFRB,L GUINTO - STA ANA,"Leon Guinto Sr. / Pedro Gil Intersection, Manila - New Panaderos / Castañeda Intersection, Manila",3,LTFRB_PUJ1924,724594,724753
1057,LTFRB,L GUINTO - STA ANA,"New Panaderos / Castañeda Intersection, Manila - Leon Guinto Sr. / Pedro Gil Intersection, Manila",3,LTFRB_PUJ1925,724594,724694
1058,LTFRB,L GUINTO - PANDACAN,"Josefa Llanes Escoda / Felipe Agoncillo Intersection, Manila - Lorenzo Dela Paz, Manila",3,LTFRB_PUJ1926,724594,725071
1059,LTFRB,KALENTONG JRC - P. VICTORINO via P CRUZ,"Alchan, Mandaluyong City, Manila - Daang Bakal / New Panaderos Extension Intersection, Manila",3,LTFRB_PUJ1928,724594,724669
1060,LTFRB,KALENTONG JRC - P. VICTORINO via P CRUZ,"Daang Bakal / New Panaderos Extension Intersection, Manila - Alchan, Mandaluyong City, Manila",3,LTFRB_PUJ1929,724594,725676
1061,LTFRB,IBP ROAD - LUPANG PANGAKO via LITEX ROAD,"Commonwealth Avenue / IBP Road Intersection, Quezon City - Payatas Road, Quezon City",3,LTFRB_PUJ1930,724594,726071
1062,LTFRB,IBP ROAD - LUPANG PANGAKO via LITEX ROAD,"Payatas Road, Quezon City - Commonwealth Avenue / IBP Road Intersection, Quezon City",3,LTFRB_PUJ1931,724594,725923
1063,LTFRB,IBP ROAD - LUPANG PANGAKO GRAVEL FIT ROAD,"Batasan Road, Katarungan Street, Manila Gravel Pit Road, Quezon City - Payatas Road, Quezon City",3,LTFRB_PUJ1932,724594,725141
1064,LTFRB,IBP ROAD - LUPANG PANGAKO GRAVEL FIT ROAD,"Payatas Road, Quezon City - Batasan Road, Katarungan Street, Manila Gravel Pit Road, Quezon City",3,LTFRB_PUJ1933,724594,726039
1065,LTFRB,HULO (MALABON) - DAANG BANGKO NAVOTAS,"Navotas Shipyard, M. Naval, City of Navotas - Heath Centre, Don Bastilio Bautista Boulevard, Malabon City",3,LTFRB_PUJ1934,724594,724732
1066,LTFRB,HULO (MALABON) - DAANG BANGKO NAVOTAS,"Heath Centre, Don Bastilio Bautista Boulevard, Malabon City - Navotas Shipyard, M. Naval, City of Navotas",3,LTFRB_PUJ1935,724594,725090
1067,LTFRB,FAIRVIEW WET MARKET - PIER SOUTH via QUEZON AVE,"25th St / Antonio C. Delgado Intersection, Manila - Regalado / Dahlia Intersection, Quezon City",3,LTFRB_PUJ1936,724594,726223
1068,LTFRB,FAIRVIEW WET MARKET - PIER SOUTH via QUEZON AVE,"Regalado / Dahlia Intersection, Quezon City - 25th St / Antonio C. Delgado Intersection, Manila",3,LTFRB_PUJ1937,724594,725783
1068,LTFRB,FAIRVIEW WET MARKET - PIER SOUTH via QUEZON AVE,"Regalado / Dahlia Intersection, Quezon City - 25th St / Antonio C. Delgado Intersection, Manila",3,LTFRB_PUJ1937,724594,725816
1068,LTFRB,FAIRVIEW WET MARKET - PIER SOUTH via QUEZON AVE,"Regalado / Dahlia Intersection, Quezon City - 25th St / Antonio C. Delgado Intersection, Manila",3,LTFRB_PUJ1937,724594,726283
1068,LTFRB,FAIRVIEW WET MARKET - PIER SOUTH via QUEZON AVE,"Regalado / Dahlia Intersection, Quezon City - 25th St / Antonio C. Delgado Intersection, Manila",3,LTFRB_PUJ1937,724594,726364
1069,LTFRB,FAIRVIEW - QUIAPO,"Quezon Blvd, Manila - Regalado / Dahlia Intersection, Quezon City",3,LTFRB_PUJ1940,724594,725691
1070,LTFRB,FAIRVIEW - QUIAPO,"Regalado / Dahlia Intersection, Quezon City - Quezon Blvd, Manila",3,LTFRB_PUJ1941,724594,726358
1071,LTFRB,FAIRVIEW - PHILCOA,"Kalayaan Ave / Elliptical Rd Intersection, Quezon City, Manila - Commonwealth Avenue, Quezon City",3,LTFRB_PUJ1942,724594,725925
1072,LTFRB,FAIRVIEW - PHILCOA,"Commonwealth Avenue, Quezon City - Kalayaan Ave / Elliptical Rd Intersection, Quezon City, Manila",3,LTFRB_PUJ1943,724594,724958
1073,LTFRB,FAIRVIEW (WET MARKET) - TM KALAW via Q AVE,"Padre Burgos St, Manila - Regalado / Dahlia Intersection, Quezon City",3,LTFRB_PUJ1944,724594,726088
1074,LTFRB,EDSA NORTH AVE - QUIRINO HIGHWAY via MINDANAO AVE,"Quirino Highway / Mindanao Avenue Intersection, Quezon City - Epifanio de los Santos Avenue, Quezon City",3,LTFRB_PUJ1947,724594,725943
1075,LTFRB,EDSA NORTH AVE - QC HALL,"Epifanio de los Santos Avenue / North Avenue Intersection, Quezon City - Kalayaan Ave / Elliptical Rd Intersection, Quezon City, Manila",3,LTFRB_PUJ1948,724594,725353
1075,LTFRB,EDSA NORTH AVE - QC HALL,"Epifanio de los Santos Avenue / North Avenue Intersection, Quezon City - Kalayaan Ave / Elliptical Rd Intersection, Quezon City, Manila",3,LTFRB_PUJ1948,724594,725700
1076,LTFRB,EDSA NORTH AVE - QC HALL,"Kalayaan Ave / Elliptical Rd Intersection, Quezon City, Manila - Epifanio de los Santos Avenue / North Avenue Intersection, Quezon City",3,LTFRB_PUJ1949,724594,725554
1076,LTFRB,EDSA NORTH AVE - QC HALL,"Kalayaan Ave / Elliptical Rd Intersection, Quezon City, Manila - Epifanio de los Santos Avenue / North Avenue Intersection, Quezon City",3,LTFRB_PUJ1949,724594,726380
1077,LTFRB,EDSA NORTH AVE - PROJ 6,"Epifanio de los Santos Avenue / North Avenue Intersection, Quezon City - Emensto Rondon High School, Road 3, Quezon City",3,LTFRB_PUJ1950,724594,725297
1078,LTFRB,EDSA NORTH AVE - PROJ 6,"Emensto Rondon High School, Road 3, Quezon City - Epifanio de los Santos Avenue / North Avenue Intersection, Quezon City",3,LTFRB_PUJ1951,724594,725980
1079,LTFRB,EDSA NORTH AVE - PAGASA,"Epifanio de los Santos Avenue / North Avenue Intersection, Quezon City - Mindanao Avenue, Quezon City",3,LTFRB_PUJ1952,724594,724932
1080,LTFRB,EDSA NORTH AVE - PAGASA,"Mindanao Avenue / Road 10 Intersection, Quezon City - Epifanio de los Santos Avenue / North Avenue Intersection, Quezon City",3,LTFRB_PUJ1953,724594,725696
1081,LTFRB,EDSA CENTRAL - GUADALUPE via PIONEER,"Kalayaan Ave / Gen. Jacinto St Intersection, Taguig City, Manila - Mayflower, Mandaluyong City, Manila",3,LTFRB_PUJ1954,724594,726274
1082,LTFRB,EDSA CENTRAL - GUADALUPE via PIONEER,"Mayflower, Mandaluyong City, Manila - Kalayaan Ave / Gen. Jacinto St Intersection, Taguig City, Manila",3,LTFRB_PUJ1955,724594,725146
1083,LTFRB,EDSA CENTR - SAN JOAQUIN,"M. Almeda, Pateros, Manila - Mayflower, Mandaluyong City, Manila",3,LTFRB_PUJ1956,724594,724944
1084,LTFRB,EDSA CENTR - SAN JOAQUIN,"Mayflower, Mandaluyong City, Manila - A. Luna St / Dr Garcia Intersection , Pasig City, Manila",3,LTFRB_PUJ1957,724594,724860
1085,LTFRB,DIVISORIA - STA MESA via CM RECTO,"Narra, Manila - Internet Cafe, Old Sta. Mesa, Manila",3,LTFRB_PUJ1958,724594,724857
1086,LTFRB,DIVISORIA - STA MESA via CM RECTO,"Internet Cafe, Old Sta. Mesa, Manila - Antonio Rivera / Bambang Intersection., Manila",3,LTFRB_PUJ1959,724594,725796
1087,LTFRB,DIVISORIA - STA CRUZ via NICHOLAS,"Lara / Madrid Intersection, Manila - A F. Torres / Ronquillo Intersection, Manila",3,LTFRB_PUJ1960,724594,725331
1088,LTFRB,DIVISORIA - STA CRUZ via NICHOLAS,"A F. Torres / Ronquillo Intersection, Manila - Lara / Madrid Intersection, Manila",3,LTFRB_PUJ1961,724594,724705
1089,LTFRB,DIVISORIA - STA CRUZ,"Camba / Clavel Intersection, Manila - A F. Torres / Ronquillo Intersection, Manila",3,LTFRB_PUJ1962,724594,724795
1089,LTFRB,DIVISORIA - STA CRUZ,"Camba / Clavel Intersection, Manila - A F. Torres / Ronquillo Intersection, Manila",3,LTFRB_PUJ1962,724594,725355
1090,LTFRB,DIVISORIA - STA CRUZ,"A F. Torres / Ronquillo Intersection, Manila - Dasmariñas / Juan Luna Intersection, Manila",3,LTFRB_PUJ1963,724594,725273
1091,LTFRB,DIVISORIA - SANGANDAAN,"Dagupan, Manila - Jollibee, Samson Road, Caloocan City",3,LTFRB_PUJ1964,724594,726335
1092,LTFRB,DIVISORIA - SANGANDAAN,"Jollibee, Samson Road, Caloocan City - Dagupan, Manila",3,LTFRB_PUJ1965,724594,725523
1093,LTFRB,DIVISORIA - SAN JUAN via CM RECTO,"Antonio Rivera, Manila - Corazon De Jesus / N.Domingo, Manila",3,LTFRB_PUJ1966,724594,725537
1094,LTFRB,DIVISORIA - SAN JUAN via CM RECTO,"Corazon De Jesus / N.Domingo, Manila - Antonio Rivera, Manila",3,LTFRB_PUJ1967,724594,726175
1095,LTFRB,DIVISORIA - QUIAPO via EVANGELISTA,"Quezon Blvd, Manila - Dagupan, Manila",3,LTFRB_PUJ1968,724594,725111
1096,LTFRB,DIVISORIA - QUIAPO via EVANGELISTA,"Dagupan, Manila - Quezon Blvd, Manila",3,LTFRB_PUJ1969,724594,726073
1097,LTFRB,DIVISORIA - NORTH PIER via MORIONES,"Sto. Cristo / Claro M. Recto Ave Intersection, Manila - Manila Film Centre, President Ferdinand E. Marcos Highway, Tondo",3,LTFRB_PUJ1970,724594,724822
1098,LTFRB,DIVISORIA - NORTH PIER via MORIONES,"Manila Film Centre, President Ferdinand E. Marcos Highway, Tondo - Sto. Cristo / Claro M. Recto Ave Intersection, Manila",3,LTFRB_PUJ1971,724594,725188
1099,LTFRB,DIVISORIA - KALAW via JONES BR,"Juan Luna Monument, Padre Burgos St / General Luna St, Manila - Juan Luna, Manila",3,LTFRB_PUJ1972,724594,725679
1100,LTFRB,DIVISORIA - KALAW via JONES BR,"Juan Luna, Manila - Juan Luna Monument, Padre Burgos St / General Luna St, Manila",3,LTFRB_PUJ1973,724594,724647
1101,LTFRB,DIVISORIA - CUBAO via YALE,"Narra, Manila - General Romulo Ave / Aurora Blvd Intersection, Quezon City, Manila",3,LTFRB_PUJ1974,724594,725341
1102,LTFRB,DIVISORIA - CUBAO via YALE,"General Romulo Ave / Aurora Blvd Intersection, Quezon City, Manila - Claro M. Recto Ave / Jose Abad Santos Ave. Intersection, Manila",3,LTFRB_PUJ1975,724594,725101
1103,LTFRB,DAPITAN - PIER SOUTH,"25th St / Antonio C. Delgado Intersection, Manila - Community Centre, San Isidro Labrador, Quezon City",3,LTFRB_PUJ1978,724594,724816
1103,LTFRB,DAPITAN - PIER SOUTH,"25th St / Antonio C. Delgado Intersection, Manila - Community Centre, San Isidro Labrador, Quezon City",3,LTFRB_PUJ1978,724594,725592
1104,LTFRB,DAPITAN - PIER SOUTH,"Community Centre, San Isidro Labrador, Quezon City - 25th St / Antonio C. Delgado Intersection, Manila",3,LTFRB_PUJ1979,724594,724798
1105,LTFRB,DAPITAN - P CAMPA ANDALUCIA,"Quezon Blvd, Manila - Community Centre, San Isidro Labrador, Quezon City",3,LTFRB_PUJ1980,724594,724744
1105,LTFRB,DAPITAN - P CAMPA ANDALUCIA,"Quezon Blvd, Manila - Community Centre, San Isidro Labrador, Quezon City",3,LTFRB_PUJ1980,724594,724933
1106,LTFRB,DAPITAN - P CAMPA ANDALUCIA,"Community Centre, San Isidro Labrador, Quezon City - Quezon Blvd, Manila",3,LTFRB_PUJ1981,724594,725834
1106,LTFRB,DAPITAN - P CAMPA ANDALUCIA,"Community Centre, San Isidro Labrador, Quezon City - Quezon Blvd, Manila",3,LTFRB_PUJ1981,724594,725956
1107,LTFRB,CUBAO KALAYAAN - SM LAGRO,"13th Ave / P. Tuazon Blvd, Quezon City, Manila - SM Public Transport Terminal, Regalado Highway, Quezon City",3,LTFRB_PUJ1982,724594,725880
1108,LTFRB,CUBAO KALAYAAN - SM LAGRO,"Quirino Highway / Maligaya Intersection, Caloocan City - 13th Ave / P. Tuazon Blvd, Quezon City, Manila",3,LTFRB_PUJ1983,724594,725941
1109,LTFRB,CUBAO KALAYAAN - FAIRVIEW,"13th Ave / P. Tuazon Blvd, Quezon City, Manila - Commonwealth Avenue, Quezon City",3,LTFRB_PUJ1984,724594,725924
1110,LTFRB,CUBAO KALAYAAN - FAIRVIEW,"Commonwealth Avenue, Quezon City - 13th Ave / P. Tuazon Blvd, Quezon City, Manila",3,LTFRB_PUJ1985,724594,724754
1111,LTFRB,CUBAO - WELCOME ROTONDA,"Halcon / Espana Boulevard Intersection, Manila - Aurora Blvd / Epifanio de los Santos Avenue Intersection, Quezon City, Manila",3,LTFRB_PUJ1986,724594,724854
1112,LTFRB,CUBAO - WELCOME ROTONDA,"Aurora Blvd / Epifanio de los Santos Avenue Intersection, Quezon City, Manila - Halcon / Espana Boulevard Intersection, Manila",3,LTFRB_PUJ1987,724594,726013
1113,LTFRB,CUBAO - V CRUZ,"Century Park, Un-named road near A.Mabini, Manila - Aurora Blvd, Quezon City, Manila",3,LTFRB_PUJ1988,724594,725213
1114,LTFRB,CUBAO - V CRUZ,"Aurora Blvd, Quezon City, Manila - Century Park, Un-named road near A.Mabini, Manila",3,LTFRB_PUJ1989,724594,725186
1115,LTFRB,CUBAO - SSS VILLAGE,"General Romulo Ave / Aurora Blvd Intersection, Quezon City, Manila - Horizon St, Marikina City, Manila",3,LTFRB_PUJ1990,724594,725432
1116,LTFRB,CUBAO - SSS VILLAGE,"Horizon St, Marikina City, Manila - General Romulo Ave / Aurora Blvd Intersection, Quezon City, Manila",3,LTFRB_PUJ1991,724594,724716
1117,LTFRB,CUBAO - SILANGANAN,"Aurora Blvd, Quezon City, Manila - Fortune Tobacco Corporation, Marikina City, Manila",3,LTFRB_PUJ1992,724594,725080
1118,LTFRB,CUBAO - SILANGANAN,"Fortune Tobacco Corporation, Marikina City, Manila - Aurora Blvd, Quezon City, Manila",3,LTFRB_PUJ1993,724594,725345
1119,LTFRB,CUBAO - REMEDIOS,"Taft Ave, Manila - Aurora Blvd, Quezon City, Manila",3,LTFRB_PUJ1994,724594,725202
1120,LTFRB,CUBAO - REMEDIOS,"Aurora Blvd, Quezon City, Manila - Remedios / Antonio Vasquez Intersection, Manila",3,LTFRB_PUJ1995,724594,725388
1121,LTFRB,CUBAO - QUIAPO,"Quezon Blvd, Manila - General Romulo Ave / Aurora Blvd Intersection, Quezon City, Manila",3,LTFRB_PUJ1996,724594,725929
1122,LTFRB,CUBAO - PARANG,"Gen. B. G. Molina St, Marikina City, Manila - Aurora Blvd / General Aguinaldo Ave Intersection, Quezon City, Manila",3,LTFRB_PUJ1999,724594,726043
1123,LTFRB,CUBAO - PADILLA,"Un-named road near Marcos Hwy, Antipolo City, Manila - General Romulo Ave / Aurora Blvd Intersection, Quezon City, Manila",3,LTFRB_PUJ2000,724594,724827
1124,LTFRB,CUBAO - PADILLA,"General Romulo Ave / Aurora Blvd Intersection, Quezon City, Manila - Un-named road near Marcos Hwy, Antipolo City, Manila",3,LTFRB_PUJ2001,724594,724971
1125,LTFRB,CUBAO - MONTALBAN,"Aurora Blvd, Quezon City, Manila - MH del Pilar Street, Rodriguez",3,LTFRB_PUJ2002,724594,725972
1126,LTFRB,CUBAO - MONTALBAN,"Montalban Highway / D. Marcelo Street Intersection near Montalban Town Centre, Rodriguez - Aurora Blvd, Quezon City, Manila",3,LTFRB_PUJ2003,724594,724779
1127,LTFRB,CUBAO - KALUMPANG,"J. P. Rizal St, Marikina City, Manila - General Romulo Ave / Aurora Blvd Intersection, Quezon City, Manila",3,LTFRB_PUJ2004,724594,725293
1127,LTFRB,CUBAO - KALUMPANG,"J. P. Rizal St, Marikina City, Manila - General Romulo Ave / Aurora Blvd Intersection, Quezon City, Manila",3,LTFRB_PUJ2004,724594,725303
1128,LTFRB,CUBAO - KALUMPANG,"General Romulo Ave / Aurora Blvd Intersection, Quezon City, Manila - J. P. Rizal St, Marikina City, Manila",3,LTFRB_PUJ2005,724594,725756
1128,LTFRB,CUBAO - KALUMPANG,"General Romulo Ave / Aurora Blvd Intersection, Quezon City, Manila - J. P. Rizal St, Marikina City, Manila",3,LTFRB_PUJ2005,724594,725996
1129,LTFRB,CUBAO - CALUMPANG via H ROXAS,"General Romulo Ave / Aurora Blvd Intersection, Quezon City, Manila - J. P. Rizal St, Marikina City, Manila",3,LTFRB_PUJ2006,724594,724855
1129,LTFRB,CUBAO - CALUMPANG via H ROXAS,"General Romulo Ave / Aurora Blvd Intersection, Quezon City, Manila - J. P. Rizal St, Marikina City, Manila",3,LTFRB_PUJ2006,724594,725063
1130,LTFRB,CRAME - SAN JUAN via PINAGLABANAN,"N.Domingo,  San Juan, Manila - Santolan Rd, Quezon City, Manila",3,LTFRB_PUJ2008,724594,724963
1130,LTFRB,CRAME - SAN JUAN via PINAGLABANAN,"N.Domingo,  San Juan, Manila - Santolan Rd, Quezon City, Manila",3,LTFRB_PUJ2008,724594,725000
1131,LTFRB,CRAME - SAN JUAN via PINAGLABANAN,"Santolan Rd, Quezon City, Manila - N.Domingo,  San Juan, Manila",3,LTFRB_PUJ2009,724594,725952
1132,LTFRB,COMMONWEALTH MARKET - PABAHAY NI ERAP,"Commonwealth Avenue, Quezon City - Un- named Road, Rodriguez",3,LTFRB_PUJ2010,724594,725406
1133,LTFRB,COMMONWEALTH MARKET - PABAHAY NI ERAP,"Un- named Road, Rodriguez - Commonwealth Avenue, Quezon City",3,LTFRB_PUJ2011,724594,726059
1134,LTFRB,CAMARIN - SM FAIRVIEW MALIGAYA,"Robinsons Nova Supermarket, Quirino Highway, Caloocan City, Manila - Camarin Road / Ilang - Ilang Intersection, Caloocan City",3,LTFRB_PUJ2012,724594,724650
1135,LTFRB,CAMARIN - SM FAIRVIEW MALIGAYA,"Camarin Road / Ilang - Ilang Intersection, Caloocan City - Robinsons Nova Supermarket, Quirino Highway, Caloocan City, Manila",3,LTFRB_PUJ2013,724594,725939
1136,LTFRB,CAMARIN - QMC PHILCOA,"Quezon Avenue, Quezon City - Camarin Road / Ilang - Ilang Intersection, Caloocan City",3,LTFRB_PUJ2014,724594,725761
1137,LTFRB,CAMARIN - QMC PHILCOA,"Camarin Road / Ilang - Ilang Intersection, Caloocan City - Quezon Avenue, Quezon City",3,LTFRB_PUJ2015,724594,725936
1138,LTFRB,CAMARIN - NOVALICHES BAYAN,"Topaz, Caloocan City - Camarin Road / Ilang - Ilang Intersection, Caloocan City",3,LTFRB_PUJ2016,724594,725917
1139,LTFRB,CAMARIN - NOVALICHES BAYAN,"Camarin Road / Ilang - Ilang Intersection, Caloocan City - Topaz, Caloocan City",3,LTFRB_PUJ2017,724594,724797
1140,LTFRB,CALUMPANG - KATIPUNAN,"J. P. Rizal St, Marikina City, Manila - St. Bridget School, Quezon City, Manila",3,LTFRB_PUJ2018,724594,724633
1141,LTFRB,CALUMPANG - KATIPUNAN,"St. Bridget School, Quezon City, Manila - J. P. Rizal St, Marikina City, Manila",3,LTFRB_PUJ2019,724594,725724
1142,LTFRB,CAINTA - CUBAO,"Elementary School, Cainta, Manila - APAC Customer Services, Inc., P. Tuazon Blvd, Quezon City, Manila",3,LTFRB_PUJ2020,724594,725854
1143,LTFRB,CAINTA - CUBAO,"APAC Customer Services, Inc., P. Tuazon Blvd, Quezon City, Manila - Elementary School, Cainta, Manila",3,LTFRB_PUJ2021,724594,726313
1144,LTFRB,CAINTA - ANGONO via BINANGONAN,"Quezon Ave, Angono, Manila - Bonifacio Ave, Cainta, Manila",3,LTFRB_PUJ2022,724594,726121
1145,LTFRB,CAINTA - ANGONO via BINANGONAN,"Ortigas Avenue Extension, Cainta, Manila - Quezon Ave, Angono, Manila",3,LTFRB_PUJ2023,724594,724783
1146,LTFRB,CAINTA - ANGONO (ONE WAY ONLY),"Quezon Ave, Angono, Manila - Bonifacio Ave / ML Quezon St, Cainta, Manila",3,LTFRB_PUJ2024,724594,725753
1147,LTFRB,BUENDIA LRT TAFT - MALL OF ASIA,"Marina Way, Lungsod ng Pasay - Senator Gil Puyat Ave, Lungsod ng Pasay, Manila",3,LTFRB_PUJ2025,724594,724852
1148,LTFRB,BUENDIA LRT TAFT - MALL OF ASIA,"Senator Gil Puyat Ave, Lungsod ng Pasay, Manila - Marina Way, Lungsod ng Pasay",3,LTFRB_PUJ2026,724594,724649
1149,LTFRB,BUENDIA LRT TAFT - GUADALUPE,"Senator Gil Puyat Ave, Lungsod ng Pasay, Manila - Dr Jose P. Rizal Extension, Makati City, Manila",3,LTFRB_PUJ2027,724594,724639
1150,LTFRB,BUENDIA LRT TAFT - GUADALUPE,"Coronado, Makati City, Manila - Senator Gil Puyat Ave, Makati City",3,LTFRB_PUJ2028,724594,725694
1151,LTFRB,BUENDIA LRT - SM MOA,"Jose Diokno Blvd, Lungsod ng Pasay - Senator Gil Puyat Ave, Lungsod ng Pasay, Manila",3,LTFRB_PUJ2029,724594,725637
1152,LTFRB,BUENDIA LRT - SM MOA,"Senator Gil Puyat Ave, Lungsod ng Pasay, Manila - Jose Diokno Blvd, Lungsod ng Pasay",3,LTFRB_PUJ2030,724594,725417
1153,LTFRB,BUENDIA KALAYAAN - F BONIFACIO,"Senator Gil Puyat Ave, Lungsod ng Pasay, Manila - Kalayaan Ave, Makati City, Manila",3,LTFRB_PUJ2031,724594,724832
1154,LTFRB,BUENDIA KALAYAAN - F BONIFACIO,"Kalayaan Ave, Makati City, Manila - Senator Gil Puyat Ave / Washington Intersection, Makati City",3,LTFRB_PUJ2032,724594,725190
1155,LTFRB,BONI - STOP N SHOP,"Boni Ave / Epifanio de los Santos Avenue Intersection, Mandaluyong City, Manila - Paltok / Ramon Magsaysay Blvd Intersection, Manila",3,LTFRB_PUJ2033,724594,725559
1156,LTFRB,BONI - STOP N SHOP,"Paltok / Ramon Magsaysay Blvd Intersection, Manila - Boni Ave / Epifanio de los Santos Avenue Intersection, Mandaluyong City, Manila",3,LTFRB_PUJ2034,724594,725288
1157,LTFRB,BONI - KALENTONG,"MRT-3 Boni Ave Station , Epifanio de los Santos Ave / Pinatubo, Makati City, Manila - Daang Bakal / New Panaderos Extension Intersection, Manila",3,LTFRB_PUJ2035,724594,724953
1158,LTFRB,BONI - KALENTONG,"Daang Bakal / New Panaderos Extension Intersection, Manila - Boni Ave / Epifanio de los Santos Avenue Intersection, Mandaluyong City, Manila",3,LTFRB_PUJ2036,724594,725512
1159,LTFRB,BLUMENTRITT - REMEDIOS via QUIAPO,"Taft Ave, Manila - Andres Bonifacio / Ferdinand Blumentritt Intersection, Quezon City",3,LTFRB_PUJ2037,724594,725597
1160,LTFRB,BLUMENTRITT - REMEDIOS via QUIAPO,"Andres Bonifacio / Ferdinand Blumentritt Intersection, Quezon City - Taft Ave, Manila",3,LTFRB_PUJ2038,724594,726152
1161,LTFRB,BLUMENTRITT - QUIAPO,"Quezon Blvd, Manila - Dimasalang / Aurora Boulevard Intersection, Quezon City",3,LTFRB_PUJ2039,724594,725450
1162,LTFRB,BLUMENTRITT - QUIAPO,"Andres Bonifacio / Ferdinand Blumentritt Intersection, Quezon City - Quezon Blvd, Manila",3,LTFRB_PUJ2040,724594,725422
1163,LTFRB,BLUMENTRITT - PUC,"Dimasalang / Aurora Boulevard Intersection, Quezon City - St Francis of Assisi Parish Church, Roxas, Quirino Highway, Quezon City",3,LTFRB_PUJ2041,724594,726010
1164,LTFRB,BLUMENTRITT - PUC,"St Francis of Assisi Parish Church, Roxas, Quirino Highway, Quezon City - Dimasalang / Aurora Boulevard Intersection, Quezon City",3,LTFRB_PUJ2042,724594,725410
1165,LTFRB,BLUMENTRITT - PIER SOUTH via STA CRUZ,"Padre Burgos St / Padre Burgos Street Intersection, Manila - Light Rail Transportation / New Antipolo, Quezon City",3,LTFRB_PUJ2043,724594,725149
1166,LTFRB,BLUMENTRITT - PIER SOUTH via STA CRUZ,"Light Rail Transportation / New Antipolo, Quezon City - 25th St / Antonio C. Delgado Intersection, Manila",3,LTFRB_PUJ2044,724594,725919
1167,LTFRB,BLUMENTRITT - PASAY RTDA via STA CRUZ L GUINTO,"Taft Ave, Lungsod ng Pasay - Light Rail Transportation / New Antipolo, Quezon City",3,LTFRB_PUJ2045,724594,726394
1168,LTFRB,BLUMENTRITT - PASAY RTDA via STA CRUZ L GUINTO,"Light Rail Transportation / New Antipolo, Quezon City - Taft Ave, Lungsod ng Pasay",3,LTFRB_PUJ2046,724594,725028
1169,LTFRB,BLUMENTRITT - PASAY RTDA via QUIAPO,"Taft Ave, Lungsod ng Pasay - Dimasalang / Aurora Boulevard Intersection, Quezon City",3,LTFRB_PUJ2047,724594,726074
1170,LTFRB,BLUMENTRITT - PASAY RTDA via QUIAPO,"Dimasalang / Aurora Boulevard Intersection, Quezon City - Taft Ave, Lungsod ng Pasay",3,LTFRB_PUJ2048,724594,725997
1171,LTFRB,BLUMENTRITT - PASAY RTDA via MABINI,"Epifanio de los Santos Avenue / F.B. Harrison St Intersection, Lungsod ng Pasay - Light Rail Transportation / New Antipolo, Quezon City",3,LTFRB_PUJ2049,724594,725848
1172,LTFRB,BLUMENTRITT - PASAY RTDA via MABINI,"Light Rail Transportation / New Antipolo, Quezon City - Epifanio de los Santos Avenue / F.B. Harrison St Intersection, Lungsod ng Pasay",3,LTFRB_PUJ2050,724594,726316
1173,LTFRB,BLUMENTRITT - P CAMPA via DIMASALANG DELOS REYES,"España Blvd / Nicanor Reyes St Intersection, Manila - Dimasalang / Aurora Boulevard Intersection, Quezon City",3,LTFRB_PUJ2051,724594,726077
1174,LTFRB,BLUMENTRITT - P CAMPA via DIMASALANG DELOS REYES,"Dimasalang / Aurora Boulevard Intersection, Quezon City - España Blvd / Nicanor Reyes St Intersection, Manila",3,LTFRB_PUJ2052,724594,725855
1175,LTFRB,BLUMENTRITT - NOVALICHES,"Dimasalang / Aurora Boulevard Intersection, Quezon City - Mindanao Avenue, Quezon City",3,LTFRB_PUJ2053,724594,726379
1176,LTFRB,BLUMENTRITT - NOVALICHES,"Susano / General Luis Intersection, Caloocan City - Dimasalang / Aurora Boulevard Intersection, Quezon City",3,LTFRB_PUJ2054,724594,725654
1177,LTFRB,BLUMENTRITT - LIBERTAD via MABINI,"Antonio Arnaiz Ave / F.B. Harrison St Intersection - Light Rail Transportation 1, Manila",3,LTFRB_PUJ2055,724594,725332
1178,LTFRB,BLUMENTRITT - LIBERTAD via MABINI,"Light Rail Transportation 1, Manila - Antonio Arnaiz Ave / F.B. Harrison St Intersection",3,LTFRB_PUJ2056,724594,725338
1179,LTFRB,BLUMENTRIT - BALUT,"Jose Abad Santos Avenue, Quezon City - North Bay Boulevard / Rodriguez Intersection, Tondo",3,LTFRB_PUJ2057,724594,725772
1180,LTFRB,BLUMENTRIT - BALUT,"North Bay Boulevard / Rodriguez Intersection, Tondo - Jose Abad Santos Avenue, Quezon City",3,LTFRB_PUJ2058,724594,725363
1181,LTFRB,BERNARDINO - DELPAN,"Progreso 2, Makati City, Manila - Tejeron, Makati City, Manila",3,LTFRB_PUJ2059,724594,726002
1182,LTFRB,BERNARDINO - DELPAN,"Tejeron, Makati City, Manila - Epifanio de los Santos Avenue, Makati City, Manila",3,LTFRB_PUJ2060,724594,724799
1182,LTFRB,BERNARDINO - DELPAN,"Tejeron, Makati City, Manila - Epifanio de los Santos Avenue, Makati City, Manila",3,LTFRB_PUJ2060,724594,726168
1183,LTFRB,BEL AIR - WASHINGTON,"Epifanio de los Santos Avenue / Senator Gil Puyat Ave, Makati City, Manila - Senator Gil Puyat Ave / Washington Intersection, Makati City",3,LTFRB_PUJ2061,724594,724919
1184,LTFRB,BEL AIR - WASHINGTON,"Senator Gil Puyat Ave / Washington Intersection, Makati City - Canopus / Jupiter Intersection, Makati City, Manila",3,LTFRB_PUJ2062,724594,725779
1185,LTFRB,BALUT - DIVISORIA,"Timoteo Paez Integrated School, Rodriguez, Manila - Ylayay, Manila",3,LTFRB_PUJ2064,724594,725770
1186,LTFRB,BAGONG SILANG KALIWA - ROBINSONS FAIRVIEW via ZABARTE,"Robinsons Nova Supermarket, Quirino Highway, Caloocan City, Manila - Un named Road near Langit Road, Caloocan City",3,LTFRB_PUJ2065,724594,725207
1187,LTFRB,BAGONG SILANG KALIWA - ROBINSONS FAIRVIEW via ZABARTE,"Un named Road near Langit Road, Caloocan City - Robinsons Nova Supermarket, Quirino Highway, Caloocan City, Manila",3,LTFRB_PUJ2066,724594,725896
1188,LTFRB,BAGONG SILANG - SM FAIRVIEW via MALIGAYA PARK,"Mindanao Avenue / Belfast Intersection, Quezon City - Sto. Nino Parish, Old Zabarte, Caloocan City",3,LTFRB_PUJ2067,724594,725957
1189,LTFRB,BAGONG SILANG - SM FAIRVIEW via MALIGAYA PARK,"Sto. Nino Parish, Old Zabarte, Caloocan City - Mindanao Avenue / Belfast Intersection, Quezon City",3,LTFRB_PUJ2068,724594,726052
1190,LTFRB,BAGONG SILANG - NOVALICHES,"General Luis / Gold Intersection, Caloocan City - Barugo, Caloocan City",3,LTFRB_PUJ2069,724594,725482
1191,LTFRB,BAGONG SILANG - NOVALICHES,"Sto. Nino Parish, Old Zabarte, Caloocan City - Mindanao Avenue / Belfast Intersection, Quezon City",3,LTFRB_PUJ2070,724594,725041
1192,LTFRB,BACLARAN - ZAPOTE BACOOR,"Quirino Ave, Bacoor City, Manila - Quirino Ave / 12 de Junio Intersection, Parañaque City, Manila",3,LTFRB_PUJ2071,724594,725109
1193,LTFRB,BACLARAN - ZAPOTE BACOOR,"Quirino Ave / 12 de Junio Intersection, Parañaque City, Manila - Quirino Ave, Bacoor City, Manila",3,LTFRB_PUJ2072,724594,726155
1194,LTFRB,BACLARAN - SUCAT SSH via NINOY AQUINO AVE,"Dr A. Santos Ave, Parañaque City, Manila - Pinaglabanan / Quirino Avenue, Parañaque City, Manila",3,LTFRB_PUJ2073,724594,725380
1195,LTFRB,BACLARAN - SUCAT SSH via NINOY AQUINO AVE,"Pinaglabanan / Quirino Avenue, Parañaque City, Manila - Dr A. Santos Ave, Parañaque City, Manila",3,LTFRB_PUJ2074,724594,725356
1196,LTFRB,BACLARAN - QUIAPO,"Roxas Blvd, Parañaque City, Manila - Quezon Blvd / P.Paredes Intersection, Manila",3,LTFRB_PUJ2075,724594,726020
1197,LTFRB,BACLARAN - QUIAPO,"Quezon Blvd / P.Paredes Intersection, Manila - Hospital, Marcelo H. del Pilar / President Quirino Ave Intersection, Manila",3,LTFRB_PUJ2076,724594,726233
1198,LTFRB,BACLARAN - MCU via MABINI,"Epifanio de los Santos Avenue / F.B. Harrison St Intersection, Lungsod ng Pasay - Epifanio de los Santos Avenue / 5th Street Intersection , Caloocan City",3,LTFRB_PUJ2077,724594,725736
1199,LTFRB,BACLARAN - MCU via MABINI,"Epifanio de los Santos Avenue / 5th Street Intersection , Caloocan City - Epifanio de los Santos Avenue, Lungsod ng Pasay",3,LTFRB_PUJ2078,724594,725881
1200,LTFRB,BACLARAN - HARRISON BUENDIA,"Roxas Blvd, Parañaque City, Manila - Hospital, A.Mabini, Manila",3,LTFRB_PUJ2079,724594,725189
1201,LTFRB,BACLARAN - HARRISON BUENDIA,"Hospital, A.Mabini, Manila - Roxas Blvd, Parañaque City, Manila",3,LTFRB_PUJ2080,724594,726093
1202,LTFRB,BACLARAN - DIVISORIA,"Roxas Blvd, Parañaque City, Manila - Juan Luna, Manila",3,LTFRB_PUJ2081,724594,725310
1203,LTFRB,BACLARAN - DIVISORIA,"Juan Luna / Veronica Intersection, Manila - Epifanio de los Santos Avenue, Lungsod ng Pasay",3,LTFRB_PUJ2082,724594,725336
1203,LTFRB,BACLARAN - DIVISORIA,"Juan Luna / Veronica Intersection, Manila - Epifanio de los Santos Avenue, Lungsod ng Pasay",3,LTFRB_PUJ2082,724594,725877
1204,LTFRB,BACLARAN - DASMARINAS B BAYAN,"Block-B Internal Rd, Lungsod ng Dasmariñas, Manila - Roxas Blvd / C. Rivera Intersection, Parañaque City, Manila",3,LTFRB_PUJ2083,724594,725117
1205,LTFRB,BACLARAN - DASMARINAS B BAYAN,"Roxas Blvd / C. Rivera Intersection, Parañaque City, Manila - Block-B Internal Rd, Lungsod ng Dasmariñas, Manila",3,LTFRB_PUJ2084,724594,724869
1206,LTFRB,BACLARAN - DAPITAN via TAFT,"Epifanio de los Santos Avenue, Lungsod ng Makati, Manila - Dr.Alejos, Nicanor Roxas Intersection, Manila",3,LTFRB_PUJ2085,724594,724604
1207,LTFRB,BACLARAN - DAPITAN via TAFT,"Community Centre, San Isidro Labrador, Quezon City - Epifanio de los Santos Avenue, Lungsod ng Pasay",3,LTFRB_PUJ2086,724594,725069
1208,LTFRB,BACLARAN - ALABANG via SAN DIONISIO,"Yellow Station, South Station Complex Spectrum Midway Extension,  Muntinlupa City, Manila - Roxas Blvd / Redemptorist Road Intersection, Parañaque City, Manila",3,LTFRB_PUJ2087,724594,725578
1209,LTFRB,BACLARAN - ALABANG via SAN DIONISIO,"Roxas Blvd / Redemptorist Road Intersection, Parañaque City, Manila - Yellow Station, South Station Complex Spectrum Midway Extension,  Muntinlupa City, Manila",3,LTFRB_PUJ2088,724594,724790
1210,LTFRB,BACLARAN - ALABANG via N AQUINO AVE,"Yellow Station, South Station Complex Spectrum Midway Extension,  Muntinlupa City, Manila - Roxas Blvd, Parañaque City, Manila",3,LTFRB_PUJ2089,724594,725897
1211,LTFRB,BACLARAN - ALABANG via N AQUINO AVE,"Roxas Blvd, Parañaque City, Manila - West Service Rd, Muntilupa City, Manila",3,LTFRB_PUJ2090,724594,726176
1212,LTFRB,AYALA LANDMARK - PUREGOLD,"South Dr / A. Arnaiz Ave Intersection, Makati City, Manila - J.P. Rizal Ave, Makati City, Manila",3,LTFRB_PUJ2091,724594,725084
1213,LTFRB,AYALA LANDMARK - PUREGOLD,"J.P. Rizal Ave, Makati City, Manila - South Dr / A. Arnaiz Ave Intersection, Makati City, Manila",3,LTFRB_PUJ2092,724594,724841
1214,LTFRB,AYALA - ZAPOTE RD,"Makati Ave / A. Arnaiz Ave, Makati City, Manila - Zapote / Kalayaan Ave, Makati City, Manila",3,LTFRB_PUJ2093,724594,724874
1215,LTFRB,AYALA - ZAPOTE RD,"Zapote / Kalayaan Ave, Makati City, Manila - Makati Ave / A. Arnaiz Ave, Makati City, Manila",3,LTFRB_PUJ2094,724594,725366
1216,LTFRB,AURORA - LAWAN QMC,"Molave, Quezon City, Manila - Kalayaan Ave / Elliptical Rd Intersection, Quezon City, Manila",3,LTFRB_PUJ2095,724594,726236
1217,LTFRB,AURORA - LAWAN QMC,"Kalayaan Ave / Elliptical Rd Intersection, Quezon City, Manila - Molave, Quezon City, Manila",3,LTFRB_PUJ2096,724594,725744
1218,LTFRB,ARROCEROS - PROJ 8 via ESPANA,"Quezon Blvd, Manila - General Avenue / Gsisea Street Intersection, Quezon City",3,LTFRB_PUJ2097,724594,724982
1219,LTFRB,ARROCEROS - PROJ 8 via ESPANA,"General Avenue / Gsisea Street Intersection, Quezon City - Quezon Blvd, Manila",3,LTFRB_PUJ2098,724594,725928
1220,LTFRB,ARROCEROS - PROJ 2&3 via ESPANA E RODRIGUEZ,"Quezon Blvd, Manila - Anonas / Tampoy Intersection, Quezon City, Manila",3,LTFRB_PUJ2099,724594,726365
1221,LTFRB,ARROCEROS - PROJ 2&3 via ESPANA E RODRIGUEZ,"Molave, Quezon City, Manila - Quezon Blvd, Manila",3,LTFRB_PUJ2100,724594,725045
1222,LTFRB,ARROCEROS - FAIRVIEW MARKET,"Quezon Blvd, Manila - Quirino Highway / Maligaya Intersection, Caloocan City",3,LTFRB_PUJ2101,724594,725051
1223,LTFRB,ARROCEROS - FAIRVIEW MARKET,"Quirino Highway / Maligaya Intersection, Caloocan City - Quezon Blvd, Manila",3,LTFRB_PUJ2102,724594,725130
1224,LTFRB,ARROCEROS - DAPITAN,"Community Centre, San Isidro Labrador, Quezon City - Globo de Oro, Manila",3,LTFRB_PUJ2104,724594,725836
1225,LTFRB,ARROCEROS - CUBAO YALE,"Globo de Oro, Manila - Aurora Blvd / Epifanio de los Santos Avenue Intersection, Quezon City, Manila",3,LTFRB_PUJ2105,724594,726267
1226,LTFRB,ARROCEROS - CUBAO YALE,"Aurora Blvd / Epifanio de los Santos Avenue Intersection, Quezon City, Manila - Globo de Oro, Manila",3,LTFRB_PUJ2106,724594,726080
1227,LTFRB,Arroceros - Blumentritt via Dimasalang,"Globo de Oro, Manila - Dimasalang / Aurora Boulevard Intersection, Quezon City",3,LTFRB_PUJ2107,724594,724959
1227,LTFRB,Arroceros - Blumentritt via Dimasalang,"Globo de Oro, Manila - Dimasalang / Aurora Boulevard Intersection, Quezon City",3,LTFRB_PUJ2107,724594,725478
1228,LTFRB,Arroceros - Blumentritt via Dimasalang,"Ferdinand Blumentritt / Aurora Boulevard Intersection, Quezon City - Globo de Oro, Manila",3,LTFRB_PUJ2108,724594,725055
1229,LTFRB,ANTIPOLO BAYAN - SM TAYTAY ANTIPOLO HILLS,"Lawson / Shaw Blvd Intersection, Mandaluyong City, Manila - P. Oliveros St / A. Bonifacio St Intersection, Antipolo City, Manila",3,LTFRB_PUJ2109,724594,725864
1230,LTFRB,ANTIPOLO BAYAN - SM TAYTAY ANTIPOLO HILLS,"Martinez St / A. Bonifacio St Intersection, Antipolo City, Manila - Lawson / Shaw Blvd Intersection, Mandaluyong City, Manila",3,LTFRB_PUJ2110,724594,725442
1231,LTFRB,ANTIPOLO - JRU ROSARIO,"Lawson / Shaw Blvd Intersection, Mandaluyong City, Manila - P. Oliveros St / A. Bonifacio St Intersection, Antipolo City, Manila",3,LTFRB_PUJ2111,724594,725423
1232,LTFRB,ANTIPOLO - JRU ROSARIO,"Martinez St / A. Bonifacio St Intersection, Antipolo City, Manila - Lawson / Shaw Blvd Intersection, Mandaluyong City, Manila",3,LTFRB_PUJ2112,724594,724997
1233,LTFRB,ANTIPOLO - CUBAO via IMELDA AVE,"L. Sumulong Memorial Cir, Antipolo City, Manila - 8th Ave, Quezon City, Manila",3,LTFRB_PUJ2113,724594,725583
1234,LTFRB,ANTIPOLO - CUBAO via IMELDA AVE,"P. Tuazon Blvd / 9th Ave Intersection, Quezon City, Manila - L. Sumulong Memorial Cir, Antipolo City, Manila",3,LTFRB_PUJ2114,724594,726082
1235,LTFRB,ANGONO - TROPICAL STA LUCIA,"Quezon Ave, Angono, Manila - Metro East, un-named road near Felix Road, Cainta, Manila",3,LTFRB_PUJ2115,724594,726314
1236,LTFRB,ANGONO - TROPICAL STA LUCIA,"Metro East, un-named road near Felix Road, Cainta, Manila - Quezon Ave, Angono, Manila",3,LTFRB_PUJ2116,724594,726075
1237,LTFRB,AMPARO - NOVALICHES,"General Luis / Gold Intersection, Caloocan City - Makabud / Quirino Highway Intersection, Calcoocan City",3,LTFRB_PUJ2117,724594,724833
1238,LTFRB,AMPARO - NOVALICHES,"Makabud / Quirino Highway Intersection, Calcoocan City - General Luis / Gold Intersection, Caloocan City",3,LTFRB_PUJ2118,724594,725138
1239,LTFRB,ALMAR ZABARTE - WELCOME RTDA via REGALADO QA,"Apo / Quezon Avenue Intersection, Quezon City - Zabarte Road / Camarin Road Intersection, Caloocan City",3,LTFRB_PUJ2119,724594,725437
1240,LTFRB,ALMAR ZABARTE - WELCOME RTDA via REGALADO QA,"St Claire College of Caloocan, Zabarte Road, Caloocan City - D. Tuazon / Eulogio Rodriguez Sr Ave Intersection, Manila",3,LTFRB_PUJ2120,724594,726351
1241,LTFRB,ALABANG - STA ROSA via EXPRESSWAY,"National Hwy, Santa Rosa City, Manila - Yellow Station, South Station Complex Spectrum Midway Extension,  Muntinlupa City, Manila",3,LTFRB_PUJ2121,724594,725617
1242,LTFRB,ALABANG - STA ROSA via EXPRESSWAY,"Yellow Station, South Station Complex Spectrum Midway Extension,  Muntinlupa City, Manila - National Hwy, Santa Rosa City, Manila",3,LTFRB_PUJ2122,724594,726256
1243,LTFRB,ALABANG - SIGNAL VILLAGE via SERVICE ROAD,"South Luzon Expressway, Muntinlupa City, Manila - Food Terminal Incorporated, DBP Ave, Taguig City, Manila, Manila",3,LTFRB_PUJ2123,724594,726112
1244,LTFRB,ALABANG - SIGNAL VILLAGE via SERVICE ROAD,"DBP Ave, Taguig City, Manila, Manila - National Hwy, Muntinlupa City, Manila",3,LTFRB_PUJ2124,724594,725201
1244,LTFRB,ALABANG - SIGNAL VILLAGE via SERVICE ROAD,"DBP Ave, Taguig City, Manila, Manila - National Hwy, Muntinlupa City, Manila",3,LTFRB_PUJ2124,724594,726386
1245,LTFRB,ALABANG - MUNTINLUPA,"BBL Trans San Pedro Terminal, National Hwy, San Pedro, Manila - South Luzon Expressway / Montillano St Intersection, Muntinlupa City, Manila",3,LTFRB_PUJ2125,724594,725558
1245,LTFRB,ALABANG - MUNTINLUPA,"BBL Trans San Pedro Terminal, National Hwy, San Pedro, Manila - South Luzon Expressway / Montillano St Intersection, Muntinlupa City, Manila",3,LTFRB_PUJ2125,724594,725755
1246,LTFRB,ALABANG - MUNTINLUPA,"Starmall Footbridge, Starmall Starmall Service Rd, Muntinlupa City, Manila - BBL Trans San Pedro Terminal, National Hwy, San Pedro, Manila",3,LTFRB_PUJ2126,724594,726407
1247,LTFRB,ALABANG - LAS PINAS,"Starmall Footbridge, Starmall Starmall Service Rd, Muntinlupa City, Manila - Quirino Ave, Bacoor City, Manila",3,LTFRB_PUJ2127,724594,725120
1247,LTFRB,ALABANG - LAS PINAS,"Starmall Footbridge, Starmall Starmall Service Rd, Muntinlupa City, Manila - Quirino Ave, Bacoor City, Manila",3,LTFRB_PUJ2127,724594,725811
1248,LTFRB,ALABANG - LANGGAM SAN PEDRO,"BBL Trans San Pedro Terminal, National Hwy, San Pedro, Manila - National Hwy, Muntinlupa City, Manila",3,LTFRB_PUJ2129,724594,725316
1249,LTFRB,ALABANG - LANGGAM SAN PEDRO,"National Hwy, Muntinlupa City, Manila - BBL Trans San Pedro Terminal, National Hwy, San Pedro, Manila",3,LTFRB_PUJ2130,724594,725135
1250,LTFRB,ALABANG - KATARUNGAN VILLAGE via MUNTINLUPA NBP,"C Arellano St / G Araneta St Intersection, Muntinlupa City, Manila - National Hwy, Muntinlupa City, Manila",3,LTFRB_PUJ2131,724594,725636
1250,LTFRB,ALABANG - KATARUNGAN VILLAGE via MUNTINLUPA NBP,"C Arellano St / G Araneta St Intersection, Muntinlupa City, Manila - National Hwy, Muntinlupa City, Manila",3,LTFRB_PUJ2131,724594,726281
1251,LTFRB,ALABANG - KATARUNGAN VILLAGE via MUNTINLUPA NBP,"National Hwy, Muntinlupa City, Manila - C Arellano St / G Araneta St Intersection, Muntinlupa City, Manila",3,LTFRB_PUJ2132,724594,725639
1252,LTFRB,ALABANG - CALAMBA via EXPRESSWAY,"South Luzon Expressway, Biñan City, Manila - National Hwy, Muntinlupa City, Manila",3,LTFRB_PUJ2133,724594,724618
1253,LTFRB,ALABANG - CALAMBA via EXPRESSWAY,"South Luzon Expressway, Muntinlupa City, Manila - National Hwy, Santa Rosa City, Manila",3,LTFRB_PUJ2134,724594,726206
1254,LTFRB,ALABANG - BALIBAGO,"National Hwy, Santa Rosa City, Manila - Corporate Ave / Filinvest Ave",3,LTFRB_PUJ2135,724594,726337
1255,LTFRB,A RIVERA - STA CRUZ,"A F. Torres, Manila - Antonio Rivera, Manila",3,LTFRB_PUJ2137,724594,724968
1255,LTFRB,A RIVERA - STA CRUZ,"A F. Torres, Manila - Antonio Rivera, Manila",3,LTFRB_PUJ2137,724594,724968
1255,LTFRB,A RIVERA - STA CRUZ,"A F. Torres, Manila - Antonio Rivera, Manila",3,LTFRB_PUJ2137,724594,724968
1255,LTFRB,A RIVERA - STA CRUZ,"A F. Torres, Manila - Antonio Rivera, Manila",3,LTFRB_PUJ2137,724594,724968
1255,LTFRB,A RIVERA - STA CRUZ,"A F. Torres, Manila - Antonio Rivera, Manila",3,LTFRB_PUJ2137,724594,724968
1255,LTFRB,A RIVERA - STA CRUZ,"A F. Torres, Manila - Antonio Rivera, Manila",3,LTFRB_PUJ2137,724594,724968
1255,LTFRB,A RIVERA - STA CRUZ,"A F. Torres, Manila - Antonio Rivera, Manila",3,LTFRB_PUJ2137,724594,724968
1255,LTFRB,A RIVERA - STA CRUZ,"A F. Torres, Manila - Antonio Rivera, Manila",3,LTFRB_PUJ2137,724594,724968
1255,LTFRB,A RIVERA - STA CRUZ,"A F. Torres, Manila - Antonio Rivera, Manila",3,LTFRB_PUJ2137,724594,724968
1255,LTFRB,A RIVERA - STA CRUZ,"A F. Torres, Manila - Antonio Rivera, Manila",3,LTFRB_PUJ2137,724594,724968
1255,LTFRB,A RIVERA - STA CRUZ,"A F. Torres, Manila - Antonio Rivera, Manila",3,LTFRB_PUJ2137,724594,724968
1255,LTFRB,A RIVERA - STA CRUZ,"A F. Torres, Manila - Antonio Rivera, Manila",3,LTFRB_PUJ2137,724594,724968
1255,LTFRB,A RIVERA - STA CRUZ,"A F. Torres, Manila - Antonio Rivera, Manila",3,LTFRB_PUJ2137,724594,724968
1255,LTFRB,A RIVERA - STA CRUZ,"A F. Torres, Manila - Antonio Rivera, Manila",3,LTFRB_PUJ2137,881578,881763
1255,LTFRB,A RIVERA - STA CRUZ,"A F. Torres, Manila - Antonio Rivera, Manila",3,LTFRB_PUJ2137,881578,881763
1255,LTFRB,A RIVERA - STA CRUZ,"A F. Torres, Manila - Antonio Rivera, Manila",3,LTFRB_PUJ2137,881578,881763
1255,LTFRB,A RIVERA - STA CRUZ,"A F. Torres, Manila - Antonio Rivera, Manila",3,LTFRB_PUJ2137,881578,881763
1255,LTFRB,A RIVERA - STA CRUZ,"A F. Torres, Manila - Antonio Rivera, Manila",3,LTFRB_PUJ2137,881578,881763
1255,LTFRB,A RIVERA - STA CRUZ,"A F. Torres, Manila - Antonio Rivera, Manila",3,LTFRB_PUJ2137,881578,881763
1255,LTFRB,A RIVERA - STA CRUZ,"A F. Torres, Manila - Antonio Rivera, Manila",3,LTFRB_PUJ2137,881578,881763
1255,LTFRB,A RIVERA - STA CRUZ,"A F. Torres, Manila - Antonio Rivera, Manila",3,LTFRB_PUJ2137,881578,881763
1255,LTFRB,A RIVERA - STA CRUZ,"A F. Torres, Manila - Antonio Rivera, Manila",3,LTFRB_PUJ2137,881578,881763
1255,LTFRB,A RIVERA - STA CRUZ,"A F. Torres, Manila - Antonio Rivera, Manila",3,LTFRB_PUJ2137,881578,881763
1255,LTFRB,A RIVERA - STA CRUZ,"A F. Torres, Manila - Antonio Rivera, Manila",3,LTFRB_PUJ2137,881578,881763
1255,LTFRB,A RIVERA - STA CRUZ,"A F. Torres, Manila - Antonio Rivera, Manila",3,LTFRB_PUJ2137,881578,881763
1255,LTFRB,A RIVERA - STA CRUZ,"A F. Torres, Manila - Antonio Rivera, Manila",3,LTFRB_PUJ2137,881578,881763
1256,LTFRB,A RIVERA - STA CRUZ,"Jose Abad Santos Avenue / Tayuman Road, Quezon City - T. Mapua, Manila",3,LTFRB_PUJ2138,724594,725720
1257,LTFRB,TAYTAY-PASIG PALENGKE,"Market Ave, Pasig City, Manila - Rizal Ave / Gonzaga Intersection, Taytay, Manila",3,LTFRB_PUJ2140,724594,725255
1258,LTFRB,PROJ 2&3-VITO CRUZ MABINI,"HP Village Square, Pablo Ocampo Sr., Manila - Narra, Quezon City, Manila",3,LTFRB_PUJ2141,724594,724689
1259,LTFRB,PROJ 2&3-VITO CRUZ MABINI,"Molave, Quezon City, Manila - HP Village Square, Pablo Ocampo Sr., Manila",3,LTFRB_PUJ2142,724594,725132
1260,LTFRB,NOVA-PANGARAP VILL,"Dumulay  / Quirino Highway, Quezon City, Manila - Quirino Highway, Calcoocan City",3,LTFRB_PUJ2145,724594,725093
1261,LTFRB,NOVA-PANGARAP VILL,"Quirino Highway, Calcoocan City - Dumulay  / Quirino Highway, Quezon City, Manila",3,LTFRB_PUJ2146,724594,726114
1262,LTFRB,MURPHY - CUBAO,"15th Ave / Col. Bonny Serrano Intersection, Quezon City, Manila - P. Tuazon Blvd / 9th Ave Intersection, Quezon City, Manila",3,LTFRB_PUJ2147,724594,725567
1263,LTFRB,MURPHY - CUBAO,"8th Ave, Quezon City, Manila - 15th Ave / Col. Bonny Serrano Intersection, Quezon City, Manila",3,LTFRB_PUJ2148,724594,725934
1264,LTFRB,MONUMENTO - MEYCAUAYAN via EXPRESSWAY,"Epifanio de los Santos Avenue / 8th Street Intersection , Caloocan City - North Luzon Expressway, Marilao, Manila",3,LTFRB_PUJ2149,724594,724838
1264,LTFRB,MONUMENTO - MEYCAUAYAN via EXPRESSWAY,"Epifanio de los Santos Avenue / 8th Street Intersection , Caloocan City - North Luzon Expressway, Marilao, Manila",3,LTFRB_PUJ2149,724594,725982
1265,LTFRB,MONUMENTO - MEYCAUAYAN via EXPRESSWAY,"Maycauayan Camalig, City of Meycauayan - Epifanio de los Santos Avenue / 8th Street Intersection , Caloocan City",3,LTFRB_PUJ2150,724594,725416
1266,LTFRB,MARIKINA - ANTIPOLO via MARCOS HIGHWAY,"P. Oliveros St, Antipolo City, Manila - Shoe Ave, Marikina City, Manila",3,LTFRB_PUJ2151,724594,725699
1267,LTFRB,MARIKINA - ANTIPOLO via MARCOS HIGHWAY,"Sumulong Hwy, Marikina City, Manila - General Luna St, Antipolo City, Manila",3,LTFRB_PUJ2152,724594,725568
1268,LTFRB,MALABON - MONUMENTO via ACACIA,"Lapu-lapu / Samson Road Intersection, Malabon City - Heath Centre, Don Bastilio Bautista Boulevard, Malabon City",3,LTFRB_PUJ2153,724594,725001
1269,LTFRB,MALABON - MONUMENTO via ACACIA,"Heath Centre, Don Bastilio Bautista Boulevard, Malabon City - Lapu-lapu / Samson Road Intersection, Malabon City",3,LTFRB_PUJ2154,724594,726113
1270,LTFRB,L GUINTO - MAKATI via SAN ANDRES,"Sgt. Fabian Yabut Circle, Makati City, Manila - Angel Linao / Pedro Gil",3,LTFRB_PUJ2155,724594,725494
1271,LTFRB,L GUINTO - MAKATI via SAN ANDRES,"Gen M Malvar, Manila - Kalayaan Ave, Taguig City, Manila",3,LTFRB_PUJ2156,724594,724993
1272,LTFRB,GUADALUPE IBABAW - AYALA,"Epifanio de los Santos Avenue, Makati City, Manila - Makati Ave / Ayala Avenue Intersection, Makati City, Manila",3,LTFRB_PUJ2157,724594,725799
1273,LTFRB,GUADALUPE IBABAW - AYALA,"Makati Ave / Ayala Avenue Intersection, Makati City, Manila - Progreso 2, Makati City, Manila",3,LTFRB_PUJ2158,724594,725530
1274,LTFRB,Angono-Rosario via Manggahan Floodway,"Ortigas Ave, Pasig City, Manila - Manila East Rd, Angono, Manila",3,LTFRB_PUJ2159,724594,724613
1275,LTFRB,Angono-Rosario via Manggahan Floodway,"Manila East Rd, Angono, Manila - Ortigas Ave, Pasig City, Manila",3,LTFRB_PUJ2160,724594,725515
1276,LTFRB,Rivera Raon via Severino Reyes,"A F. Torres, Manila - Jose Abad Santos Avenue / Tayuman Road, Quezon City",3,LTFRB_PUJ2161,724594,726210
1277,LTFRB,Baclaran Dapitan via L Guinto,"Taft Avenue Extension / Narra Street Intersection, Lungsod ng Pasay, Manila - Dr.Alejos, Nicanor Roxas Intersection, Manila",3,LTFRB_PUJ2163,724594,725105
1278,LTFRB,Baclaran Dapitan via L Guinto,"Iba / Dapitan Intersrction, Manila - Cuneta Avenue, Lungsod ng Pasay, Manila",3,LTFRB_PUJ2164,724594,725859
1279,LTFRB,Baclaran Escolta via Jones,"Cuneta Avenue, Lungsod ng Pasay, Manila - Quintin Paredes, Manila",3,LTFRB_PUJ2165,724594,725979
1280,LTFRB,Baclaran Escolta via Jones,"Juan Luna / Veronica Intersection, Manila - Epifanio de los Santos Avenue, Lungsod ng Pasay",3,LTFRB_PUJ2166,724594,725456
1281,LTFRB,Baclaran Zapote via Redemptorist,"Quirino Ave, Bacoor City, Manila - F.B. Harrison Street / Taft Avenue Extension Intersection, Lungsod ng Pasay, Manila",3,LTFRB_PUJ2167,724594,725883
1282,LTFRB,Baclaran Zapote via Redemptorist,"F.B. Harrison Street / Taft Avenue Extension Intersection, Lungsod ng Pasay, Manila - Talaba IV Barangay Hall, Emilio Aguinaldo Hwy, Bacoor City, Manila",3,LTFRB_PUJ2168,724594,724911
1283,LTFRB,Balintawak Blumentritt via Bonifacio,"Dimasalang / Aurora Boulevard Intersection, Quezon City - Susano / General Luis Intersection, Caloocan City",3,LTFRB_PUJ2169,724594,724973
1284,LTFRB,Balintawak Blumentritt via Bonifacio,"Susano / General Luis Intersection, Caloocan City - Ferdinand Blumentritt / Aurora Boulevard Intersection, Quezon City",3,LTFRB_PUJ2170,724594,725705
1285,LTFRB,Balintawak De la Costa,"Andreas Bonifacio, Quezon City - Bestlink Institute of Information Technology, 121.041724",3,LTFRB_PUJ2171,724594,724925
1286,LTFRB,Balintawak De la Costa,"Bestlink Institute of Information Technology, 121.041724 - Quirino Highway / S Gonzales Drive Intersection, Quezon City",3,LTFRB_PUJ2172,724594,726276
1287,LTFRB,Balintawak Monumento via Balong Bato,"Epifanio de los Santos Avenue / General Rosendo Simon Intersection , Caloocan City - Epifanio de los Santos Avenue, Caloocan City",3,LTFRB_PUJ2173,724594,725814
1288,LTFRB,Balintawak Monumento via Balong Bato,"Andreas Bonifacio, Quezon City - Epifanio de los Santos Avenue / General Rosendo Simon Intersection , Caloocan City",3,LTFRB_PUJ2174,724594,724920
1289,LTFRB,Balintawak Sta Quiteria,"Andreas Bonifacio, Quezon City - Baesa Road / Roxas Intersection, Quirino Highway, Quezon City",3,LTFRB_PUJ2175,724594,725591
1290,LTFRB,Balintawak Sta Quiteria,"Baesa Road / Roxas Intersection, Quirino Highway, Quezon City - North Luzon Expressway / Epifanio de los Santos Avenue Intersection, Caloocan City",3,LTFRB_PUJ2176,724594,725926
1291,LTFRB,Blumentrit Mabini via Quiapo,"Hospital, A.Mabini, Manila - Ferdinand Blumentritt / Aurora Boulevard Intersection, Quezon City",3,LTFRB_PUJ2177,724594,726412
1292,LTFRB,Blumentrit Mabini via Quiapo,"Ferdinand Blumentritt / Aurora Boulevard Intersection, Quezon City - Hospital, A.Mabini, Manila",3,LTFRB_PUJ2178,724594,725692
1293,LTFRB,Blumentrit Rtda v Sta Cruz,"Rizal Avenue, Manila - Light Rail Transit Line / Bulacan Intersection, Quezon City",3,LTFRB_PUJ2179,724594,725517
1294,LTFRB,Blumentrit Rtda v Sta Cruz,"Light Rail Transit Line / Bulacan Intersection, Quezon City - Plaza Santa Cruz, Manila City",3,LTFRB_PUJ2180,724594,725935
1295,LTFRB,Blumentrit Vito Cruz via L Guinto Sta C,"HP Village Square, Pablo Ocampo Sr., Manila - Light Rail Transportation 1, Manila",3,LTFRB_PUJ2181,724594,724746
1296,LTFRB,Blumentrit Vito Cruz via L Guinto Sta C,"Light Rail Transportation 1, Manila - Hospital, A.Mabini, Manila",3,LTFRB_PUJ2182,724594,726117
1297,LTFRB,Blumentrit Vito Cruz via Quiapo Mabini,"HP Village Square, Pablo Ocampo Sr., Manila - Dimasalang / Aurora Boulevard Intersection, Quezon City",3,LTFRB_PUJ2183,724594,726298
1298,LTFRB,Blumentrit Vito Cruz via Quiapo Mabini,"Dimasalang Birdge / New Antipolo Intersection, Quezon City - Hospital, A.Mabini, Manila",3,LTFRB_PUJ2184,724594,725847
1299,LTFRB,Blumentritt Recto via F Huertas Oroquit,"LRT Doroteo Jose-Recto Station Walkway / Rizal Avenue Intersection, Manila - T. Mapua / Laguna Intersection, Quezon City",3,LTFRB_PUJ2185,724594,726195
1300,LTFRB,Blumentritt Recto via F Huertas Oroquit,"T. Mapua / Laguna Intersection, Quezon City - Quezon Blvd / P.Paredes Intersection, Manila",3,LTFRB_PUJ2186,724594,725615
1301,LTFRB,Blumentritt Vito Cruz L Guinto,"President Quirino Ave / Taft Ave Intersection, Manila - Light Rail Transportation / New Antipolo, Quezon City",3,LTFRB_PUJ2187,724594,726277
1302,LTFRB,Blumentritt Vito Cruz L Guinto,"Light Rail Transportation 1, Manila - Taft Avenue, Manila",3,LTFRB_PUJ2188,724594,725144
1303,LTFRB,COMMONWEALTH MARKET STA LUCIA Q PLAZA,"Marcos Hwy / Gunting St Intersection, Antipolo City, Manila - Commonwealth Avenue, Quezon City",3,LTFRB_PUJ2189,724594,725813
1304,LTFRB,COMMONWEALTH MARKET STA LUCIA Q PLAZA,"Batasan Road / Commonwealth Avenue Intersection, Quezon City - Marcos Hwy, Antipolo City, Manila",3,LTFRB_PUJ2190,724594,725454
1305,LTFRB,Crame San Juan via N Domingo,"Santolan Rd, Quezon City, Manila - N.Domingo,  San Juan, Manila",3,LTFRB_PUJ2192,724594,725588
1306,LTFRB,CUBAO (MERCURY) ROCES SUPER PALENGKE,"Eulogio Rodriguez Sr. Ave, Quezon City, Manila - Don Alejandro Roces Ave / Scout Reyes Intersection, Quezon City, Manila",3,LTFRB_PUJ2193,724594,724761
1307,LTFRB,CUBAO (MERCURY) ROCES SUPER PALENGKE,"Don Alejandro Roces Ave / S AA Intersection, Quezon City, Manila - Monte de Piedad St / Sgt. J. Catolos, Quezon City, Manila",3,LTFRB_PUJ2194,724594,725672
1308,LTFRB,Cubao Crame via Murphy,"Santolan Rd, Quezon City, Manila - APAC Customer Services, Inc., P. Tuazon Blvd, Quezon City, Manila",3,LTFRB_PUJ2195,724594,725746
1309,LTFRB,Cubao Crame via Murphy,"APAC Customer Services, Inc., P. Tuazon Blvd, Quezon City, Manila - Santolan Rd, Quezon City, Manila",3,LTFRB_PUJ2196,724594,725650
1310,LTFRB,CUBAO DIVISORIA,"Claro M. Recto Ave / Jose Abad Santos Ave. Intersection, Manila - Aurora Blvd / Epifanio de los Santos Avenue Intersection, Quezon City, Manila",3,LTFRB_PUJ2197,724594,724995
1311,LTFRB,CUBAO DIVISORIA,"Aurora Blvd / N Domingo Intersection, Quezon City, Manila - Claro M. Recto Ave / Jose Abad Santos Ave. Intersection, Manila",3,LTFRB_PUJ2198,724594,726215
1312,LTFRB,CUBAO PADILLA via MARCOS HIWAY,"Aurora Blvd / Epifanio de los Santos Avenue Intersection, Quezon City, Manila - Marcos Hwy, Antipolo City, Manila",3,LTFRB_PUJ2199,724594,725509
1313,LTFRB,CUBAO PADILLA via MARCOS HIWAY,"Marcos Hwy, Antipolo City, Manila - Aurora Blvd, Quezon City, Manila",3,LTFRB_PUJ2200,724594,725091
1314,LTFRB,CUBAO SILANGAN (SAN MATEO) via AURORA,"Aurora Blvd / General Aguinaldo Ave Intersection, Quezon City, Manila - Barangay Silagan Road, Marikina City",3,LTFRB_PUJ2201,724594,725043
1315,LTFRB,CUBAO SILANGAN (SAN MATEO) via AURORA,"Barangay Silagan Road, Marikina City - Aurora Blvd, Quezon City, Manila",3,LTFRB_PUJ2202,724594,724619
1316,LTFRB,CUBAO TAYTAY,"Francisco / Bonifacio Ave Intersection, Cainta, Manila - 15th Ave / P. Tuazon Blvd, Quezon City, Manila",3,LTFRB_PUJ2203,724594,725544
1317,LTFRB,CUBAO TAYTAY,"13th Ave / P. Tuazon Blvd, Quezon City, Manila - Francisco / Bonifacio Ave Intersection, Cainta, Manila",3,LTFRB_PUJ2204,724594,725065
1318,LTFRB,EDSA Shaw Angono,"Manila East Rd, Angono, Manila - Epifanio de los Santos Avenue /  Shaw Blvd Intersection, Mandaluyong City, Manila",3,LTFRB_PUJ2205,724594,725267
1319,LTFRB,EDSA Shaw Angono,"Meralco Ave, Pasig City, Manila - Quezon Ave, Angono, Manila",3,LTFRB_PUJ2206,724594,724787
1320,LTFRB,EDSA Shaw E Rodriguez Ortigas Ave,"Mayflower, Mandaluyong City, Manila - Lanuza Ave / C-5 Intersection , Pasig City, Manila",3,LTFRB_PUJ2207,724594,725765
1321,LTFRB,EDSA Shaw E Rodriguez Ortigas Ave,"Doña Julia Vargas Ave, Pasig City, Manila - Mayflower, Mandaluyong City, Manila",3,LTFRB_PUJ2208,724594,724811
1322,LTFRB,EDSA SHAW Guadalupe via S MAdre,"Sgt. Fabian Yabut Circle, Makati City, Manila - Mayflower, Mandaluyong City, Manila",3,LTFRB_PUJ2209,724594,725860
1323,LTFRB,EDSA SHAW Guadalupe via S MAdre,"Mayflower, Mandaluyong City, Manila - Kalayaan Ave, Taguig City, Manila",3,LTFRB_PUJ2210,724594,725800
1324,LTFRB,EDSA Shaw Quiapo via Sta Mesa,"Balderama / Caruncho Ave, Pasig City, Manila - Legarda, Manila",3,LTFRB_PUJ2211,724594,726126
1325,LTFRB,EDSA Shaw Quiapo via Sta Mesa,"Carlos Palanca Sr, Manila - Caruncho Ave, Pasig City, Manila",3,LTFRB_PUJ2212,724594,724996
1326,LTFRB,EDSA Shaw Central San Joaquin,"M. Almeda, Pateros, Manila - Shaw Blvd, Shaw Blvd, Manila",3,LTFRB_PUJ2213,724594,724850
1327,LTFRB,EDSA Shaw Central San Joaquin,"Sheridan / United Street, Mandaluyong City, Manila - M. Almeda, Pateros, Manila",3,LTFRB_PUJ2214,724594,725013
1328,LTFRB,Guadalupe Cartimar GilPuyat Buendia,"Senator Gil Puyat Ave, Lungsod ng Pasay, Manila - Epifanio de los Santos Avenue, Makati City, Manila",3,LTFRB_PUJ2215,724594,726004
1329,LTFRB,Guadalupe FTI v JP Rizal,"DBP Ave, Taguig City, Manila, Manila - P.Burgos, Makati City, Manila",3,LTFRB_PUJ2217,724594,726207
1330,LTFRB,Guadalupe FTI v JP Rizal,"Dr Jose P. Rizal Extension, Makati City, Manila - Food Terminal Incorporated, DBP Ave, Taguig City, Manila, Manila",3,LTFRB_PUJ2218,724594,724949
1331,LTFRB,Guadalupe Pateros,"P Rosales, Pasig City - San Jose Street, Makati City, Manila",3,LTFRB_PUJ2219,724594,725082
1332,LTFRB,Guadalupe Pateros,"Epifanio de los Santos Avenue, Makati City, Manila - Villa Monica Resort, M. Almeda, Pateros, Manila",3,LTFRB_PUJ2220,724594,725835
1333,LTFRB,Kamuning Remedios v Guinto,"Leon Guinto Sr., Manila - Kamuning Rd / L. Siangio, Quezon City, Manila",3,LTFRB_PUJ2221,724594,725655
1334,LTFRB,Kamuning Remedios v Guinto,"Judge Damien Jimenez / Kamuning Rd, Quezon City, Manila - Taft Ave, Manila",3,LTFRB_PUJ2222,724594,726373
1335,LTFRB,KAMUNING PIER SOUTH via RODRIGUEZ,"Padre Burgos St, Manila - Kamuning Rd / Scout Rallos Extension Intersection, Quezon City, Manila",3,LTFRB_PUJ2223,724594,725308
1336,LTFRB,KAMUNING PIER SOUTH via RODRIGUEZ,"Kamuning Rd / Scout Rallos Extension Intersection, Quezon City, Manila - Padre Burgos St / Padre Burgos Street Intersection, Manila",3,LTFRB_PUJ2224,724594,724771
1337,LTFRB,Lagro Don Antonio Heights,"Commonwealth Avenue / Capitol Homes Drive Intersection, Quezon City - Bristol Street / Bronson Street Intersection, Quezon City",3,LTFRB_PUJ2225,724594,726091
1338,LTFRB,Lagro Don Antonio Heights,"Bristol Street / Bronson Street Intersection, Quezon City - Total Fairview, Commonwealth Avenue, Quezon City",3,LTFRB_PUJ2226,724594,724856
1339,LTFRB,Lagro Don Antonio Heights,"Quezon Avenue, Quezon City - Bristol Street / Bronson Street Intersection, Quezon City",3,LTFRB_PUJ2227,724594,725172
1340,LTFRB,Lagro Panay welcome,"Bristol Street / Bronson Street Intersection, Quezon City - Philippine Coconut Authority, Commonwealth Avenue, Quezon City",3,LTFRB_PUJ2228,724594,725359
1341,LTFRB,Lagro Philcoa,"Commonwealth Avenue / University Avenue Intersection, Quezon City - Bristol Street / Bronson Street Intersection, Quezon City",3,LTFRB_PUJ2229,724594,724724
1342,LTFRB,Lagro Philcoa,"Bristol Street / Bronson Street Intersection, Quezon City - Regalado Highway / Commonwealth Avenue Intersection, Quezon City",3,LTFRB_PUJ2230,724594,724808
1343,LTFRB,Lagro SM North,"Epifanio de los Santos Avenue / North Avenue Intersection, Quezon City - Ascencion Avenue / Caridad Intersection, Quezon City",3,LTFRB_PUJ2231,724594,725536
1344,LTFRB,Lagro SM North,"Ascencion Avenue / Caridad Intersection, Quezon City - Philippine Coconut Authority, Commonwealth Avenue, Quezon City",3,LTFRB_PUJ2232,724594,726106
1345,LTFRB,Lagro V Luna Anonas,"V. Luna Hospital, V. Luna Ave, Quezon City, Manila - Ascencion Avenue / Caridad Intersection, Quezon City",3,LTFRB_PUJ2233,724594,725747
1346,LTFRB,Lagro V Luna Anonas,"Ascencion Avenue / Caridad Intersection, Quezon City - Philippine Coconut Authority, Commonwealth Avenue, Quezon City",3,LTFRB_PUJ2234,724594,725300
1347,LTFRB,Libertad MCU via Mabini,"Harrison St, Manila - Monumento, Rizal Avenue, Caloocan City",3,LTFRB_PUJ2235,724594,725010
1347,LTFRB,Libertad MCU via Mabini,"Harrison St, Manila - Monumento, Rizal Avenue, Caloocan City",3,LTFRB_PUJ2235,724594,725312
1348,LTFRB,Libertad MCU via Mabini,"Epifanio de los Santos Avenue / General Rosendo Simon Intersection , Caloocan City - Antonio Arnaiz Ave / F.B. Harrison St Intersection",3,LTFRB_PUJ2236,724594,724712
1349,LTFRB,Libertad Monumento via Mabini,"Rizal Ave / 8th Ave West, Caloocan City, Manila - Harrison St, Manila",3,LTFRB_PUJ2238,724594,725722
1350,LTFRB,Libertad Pinagbarilan via EDSA,"Epifanio de los Santos Avenue / Skyway , Lungsod ng Makati, Manila - Antonio Arnaiz Ave / F.B. Harrison St Intersection",3,LTFRB_PUJ2239,724594,725932
1351,LTFRB,Libertad Pinagbarilan via EDSA,"F.B. Harrison St / Ignacio, Lungsod ng Pasay - Epifanio de los Santos Avenue / Skyway , Lungsod ng Makati, Manila",3,LTFRB_PUJ2240,724594,725514
1352,LTFRB,Libertad QI via LGuinto,"Taft Ave / College Rd Intersection, Lungsod ng Pasay - Quezon Institute, Eulogio Rodriguez Sr Ave, Quezon City, Manila",3,LTFRB_PUJ2241,724594,724603
1353,LTFRB,Libertad QI via LGuinto,"Quezon Institute, Eulogio Rodriguez Sr Ave, Quezon City, Manila - A. Luna, Barangay 29",3,LTFRB_PUJ2242,724594,726342
1354,LTFRB,Libertad QI via Mabini,"P. Villanueva, Lungsod ng Pasay - Gregorio Araneta Ave / Eulogio Rodriguez Sr Ave Intersection, Quezon City, Manila",3,LTFRB_PUJ2243,724594,726258
1355,LTFRB,Libertad QI via Mabini,"Quezon Institute, Eulogio Rodriguez Sr Ave, Quezon City, Manila - Taft Ave, Lungsod ng Pasay",3,LTFRB_PUJ2244,724594,724660
1356,LTFRB,Libertad Retiro via Sta Cruz,"P. Villanueva, Lungsod ng Pasay - Andres Bonifacio / Ferdinand Blumentritt Intersection, Quezon City",3,LTFRB_PUJ2245,724594,725762
1357,LTFRB,Libertad Retiro via Sta Cruz,"Ferdinand Blumentritt / Aurora Boulevard Intersection, Quezon City - Senator Gil Puyat Ave, Lungsod ng Pasay, Manila",3,LTFRB_PUJ2246,724594,725197
1358,LTFRB,Libertad Vito Cruz via FB Harrizon,"Harrison St, Manila - HP Village Square, Pablo Ocampo Sr., Manila",3,LTFRB_PUJ2247,724594,725164
1359,LTFRB,Libertad Vito Cruz via FB Harrizon,"HP Village Square, Pablo Ocampo Sr., Manila - Harrison St, Manila",3,LTFRB_PUJ2248,724594,726411
1360,LTFRB,Marcos Ave Tandang Sora Balintawak,"Social Science Institute, Commonwealth Avenue, Quezon City - Tanding Sora Avenue, Quezon City",3,LTFRB_PUJ2249,724594,725464
1361,LTFRB,Marcos Ave Tandang Sora Balintawak,"Tanding Sora Avenue, Quezon City - Tandang Sora / Demetria Reynaldo Intersection, Quezon City",3,LTFRB_PUJ2250,724594,725909
1362,LTFRB,Pasay Rtda v Sta Cruz Blumentrit,"Hospital, A.Mabini, Manila - Light Rail Transportation / New Antipolo, Quezon City",3,LTFRB_PUJ2251,724594,725688
1363,LTFRB,Pasay Rtda v Sta Cruz Blumentrit,"Light Rail Transportation 1, Manila - Hospital, A.Mabini, Manila",3,LTFRB_PUJ2252,724594,725789
1364,LTFRB,PROJ 2&3 ESPANA,"España Blvd / Nicanor Reyes St Intersection, Manila - Molave, Quezon City, Manila",3,LTFRB_PUJ2253,724594,724904
1364,LTFRB,PROJ 2&3 ESPANA,"España Blvd / Nicanor Reyes St Intersection, Manila - Molave, Quezon City, Manila",3,LTFRB_PUJ2253,724594,725256
1365,LTFRB,PROJ 2&3 ESPANA,"Narra, Quezon City, Manila - España Blvd / Nicanor Reyes St Intersection, Manila",3,LTFRB_PUJ2254,724594,726331
1366,LTFRB,PROJ 2&3 KALAW via RODRIGUEZ,"Maria Y. Orosa St, Manila - Molave, Quezon City, Manila",3,LTFRB_PUJ2255,724594,724727
1367,LTFRB,PROJ 2&3 KALAW via RODRIGUEZ,"Narra, Quezon City, Manila - T.M. Kalaw, Manila",3,LTFRB_PUJ2256,724594,725128
1368,LTFRB,PROJ 2&3 TM KALAW via E RODRIGUEZ,"T.M. Kalaw / Maria Y. Orosa St - Molave, Quezon City, Manila",3,LTFRB_PUJ2257,724594,725159
1369,LTFRB,PROJ 2&3 TM KALAW via E RODRIGUEZ,"Narra, Quezon City, Manila - T.M. Kalaw / Maria Y. Orosa St",3,LTFRB_PUJ2258,724594,725407
1370,LTFRB,Proj 2 3 Welcome Rtda,"Quezon Avenue / D Tuazon Intersection, Quezon City - Narra, Quezon City, Manila",3,LTFRB_PUJ2259,724594,724807
1371,LTFRB,Proj 2 3 Welcome Rtda,"Molave, Quezon City, Manila - Timog Ave / Scout Santiago Intersection, Quezon City, Manila",3,LTFRB_PUJ2260,724594,726202
1372,LTFRB,QUIRINO HIGHWAY ZABARTE PANAY AVENUE,"Kalayaan Ave / Elliptical Rd Intersection, Quezon City, Manila - St Claire College of Caloocan, Zabarte Road, Caloocan City",3,LTFRB_PUJ2261,724594,724907
1373,LTFRB,QUIRINO HIGHWAY ZABARTE PANAY AVENUE,"St Claire College of Caloocan, Zabarte Road, Caloocan City - Philippine Coconut Authority, Commonwealth Avenue, Quezon City",3,LTFRB_PUJ2262,724594,725575
1374,LTFRB,QUIRINO HIGHWAY STA LUCIA,"Jose Abad Santos, Quezon City - Susana, Quezon City",3,LTFRB_PUJ2263,724594,726058
1375,LTFRB,QUIRINO HIGHWAY STA LUCIA,"Susana, Quezon City - R Humabon, Quezon City",3,LTFRB_PUJ2264,724594,725810
1376,LTFRB,SM FAIRVIEW LAGRO SUBDIVISION LOOP,"Ascencion Avenue / Tatlong Hari Street Intersection, Quezon City - SM Public Transport Terminal, Regalado Highway, Quezon City",3,LTFRB_PUJ2265,724594,724785
1377,LTFRB,SM FAIRVIEW LAGRO SUBDIVISION LOOP,"Quirino Highway, Quezon City - Ascencion Avenue / Tatlong Hari Street Intersection, Quezon City",3,LTFRB_PUJ2266,724594,725317
1378,LTFRB,SM NORTH LAGRO,"Philippine Coconut Authority, Commonwealth Avenue, Quezon City - Our Lady of Mercy School, 14.680409, 121.084434",3,LTFRB_PUJ2267,724594,725391
1379,LTFRB,SM NORTH LAGRO,"Quirino Highway / La Mesa Road Intersection, Calcoocan City - Regalado Highway / Commonwealth Avenue Intersection, Quezon City",3,LTFRB_PUJ2268,724594,725857
1380,LTFRB,TALA NOVALICHES via QUIRINO AVENUE,"Quirino Highway / Maligaya Intersection, Caloocan City - Dr Uyguanco Avenue, City of San Jose del Monte",3,LTFRB_PUJ2269,724594,725887
1381,LTFRB,TALA NOVALICHES via QUIRINO AVENUE,"City of San Jose del Monte - Robinsons Nova Market, Quirino Highway, Caloocan City",3,LTFRB_PUJ2270,724594,725555
1382,LTFRB,YALE CM RECTO,"Mendiola / Legarda Intersection, Manila - General Romulo Ave / Aurora Blvd Intersection, Quezon City, Manila",3,LTFRB_PUJ2271,724594,726375
1383,LTFRB,YALE CM RECTO,"Aurora Blvd / N Domingo Intersection, Quezon City, Manila - Claro M. Recto Ave / Nicanor Reyes Street Intersection, Manila",3,LTFRB_PUJ2272,724594,724685
1384,LTFRB,Angono NCC Market via Felix Ave,"Quezon Ave / E Rodriguez St Intersection, Angono, Manila - Manila East Rd, Angono, Manila",3,LTFRB_PUJ2273,724594,724809
1385,LTFRB,Angono NCC Market via Felix Ave,"Manila East Rd / Botong Francisco Ave, Angono, Manila - Ortigas Avenue Extension, Cainta, Manila",3,LTFRB_PUJ2274,724594,725389
1386,LTFRB,Angono NCC Market via Felix Ave,"Ortigas Avenue Extension, Cainta, Manila - E Rodriguez Ave / Ortigas Avenue Extension, Tatay, Manila",3,LTFRB_PUJ2275,724594,724729
1387,LTFRB,Angono NCC Market via Felix Ave,"Ortigas Avenue Extension, Tatay Manila - Quezon Ave / E Rodriguez St Intersection, Angono, Manila",3,LTFRB_PUJ2276,724594,725961
1388,LTFRB,Arroceros Pagasa via Espana QAve,"Taft Ave, Manila - Road 10, Quezon City",3,LTFRB_PUJ2277,724594,725600
1389,LTFRB,Arroceros Pagasa via Espana QAve,"Road 8, Quezon City - Mindanao Avenue, Quezon City",3,LTFRB_PUJ2278,724594,724637
1390,LTFRB,Arroceros Pagasa via Espana QAve,"Epifanio de los Santos Avenue / Bansalangin Intersection, Quezon City - Quezon Bridge, Manila",3,LTFRB_PUJ2279,724594,725179
1391,LTFRB,Ayala Guadalupe Ibabaw via JP Rizal,"Makati Ave / Ayala Avenue Intersection, Makati City, Manila - Dr Jose P. Rizal Ave, Makati City, Manila",3,LTFRB_PUJ2280,724594,724677
1392,LTFRB,Ayala Guadalupe Ibabaw via JP Rizal,"Progreso 2, Makati City, Manila - Makati Ave / Ayala Avenue Intersection, Makati City, Manila",3,LTFRB_PUJ2281,724594,725057
1393,LTFRB,Baclaran Nichols,"Villamor Health Center, Andrews Avenue, Pasay City, Manila - Roxas Blvd / Redemptorist Road Intersection, Parañaque City, Manila",3,LTFRB_PUJ2282,724594,726027
1394,LTFRB,Baclaran Nichols,"Epifanio de los Santos Avenue, Lungsod ng Pasay - Andrews Ave, Lungsod ng Pasay, Manila",3,LTFRB_PUJ2283,724594,725687
1395,LTFRB,Bacood Quiapo (Barbosa) via R Magsaysay,"Bacood / Dalisay Intersection, Manila - Legarda, Manila",3,LTFRB_PUJ2284,724594,725782
1396,LTFRB,Bacood Quiapo (Barbosa) via R Magsaysay,"Quezon Blvd, Manila - Internet Cafe, Old Sta. Mesa, Manila",3,LTFRB_PUJ2285,724594,726096
1397,LTFRB,Bacood Quiapo (Barbosa) via R Magsaysay,"Old Sta. Mesa, Manila - Bacood / Dalisay Intersection, Manila",3,LTFRB_PUJ2286,724594,724780
1398,LTFRB,Bagong Silang Ever Gotesco via Zabarte,"Commonwealth Avenue / Capitol Homes Drive Intersection, Quezon City - Commonwealth Avenue / Kalayaan A Intersection, Quezon City",3,LTFRB_PUJ2287,724594,725259
1399,LTFRB,Bagong Silang Ever Gotesco via Zabarte,"Commonwealth Avenue, Quezon City - Sto. Nino Parish, Old Zabarte, Caloocan City",3,LTFRB_PUJ2288,724594,725402
1400,LTFRB,Bagong Silang Ever Gotesco via Zabarte,"Sto. Nino Parish, Old Zabarte, Caloocan City - Commonwealth Avenue / Capitol Homes Drive Intersection, Quezon City",3,LTFRB_PUJ2289,724594,726372
1401,LTFRB,Bagong Silang SM Fairview via Zabarte Road,"Mindanao Avenue / Belfast Intersection, Quezon City - Rhexan Academy, Langit Road, Caloocan City",3,LTFRB_PUJ2290,724594,724994
1401,LTFRB,Bagong Silang SM Fairview via Zabarte Road,"Mindanao Avenue / Belfast Intersection, Quezon City - Rhexan Academy, Langit Road, Caloocan City",3,LTFRB_PUJ2290,724594,725479
1402,LTFRB,Bagong Silang SM Fairview via Maligaya Park,"Rhexan Academy, Langit Road, Caloocan City - Mindanao Avenue / Belfast Intersection, Quezon City",3,LTFRB_PUJ2293,724594,724602
1402,LTFRB,Bagong Silang SM Fairview via Maligaya Park,"Rhexan Academy, Langit Road, Caloocan City - Mindanao Avenue / Belfast Intersection, Quezon City",3,LTFRB_PUJ2293,724594,724802
1403,LTFRB,Bagumbayan Palengke (Pasig),"Manuel L. Quezon, Muntinlupa City, Manila - Balderama, Pasig City, Manila",3,LTFRB_PUJ2294,724594,725257
1404,LTFRB,Bagumbayan Palengke (Pasig),"Balderama, Pasig City, Manila - Manuel L. Quezon, Muntinlupa City, Manila",3,LTFRB_PUJ2295,724594,724791
1405,LTFRB,Balintawak Novaliches via Quirino highway,"Andreas Bonifacio, Quezon City - Dumalay, Quezon City",3,LTFRB_PUJ2296,724594,725411
1406,LTFRB,Balintawak Novaliches via Quirino highway,"Quirino Highway, Quezon City - North Luzon Expressway / Epifanio de los Santos Avenue Intersection, Caloocan City",3,LTFRB_PUJ2297,724594,725801
1407,LTFRB,Bangkusay Divisoria,"Wet Market, Juan Luma, Manila - Velasquez, Manila City",3,LTFRB_PUJ2298,724594,724999
1408,LTFRB,Bangkusay Divisoria,"Velasquez, Manila City - Wet Market, Juan Luma, Manila",3,LTFRB_PUJ2299,724594,724695
1409,LTFRB,Bicutan Pasay RTDA,"South Luzon Expressway, Muntinlupa City, Manila - Epifanio de los Santos Avenue, Lungsod ng Pasay",3,LTFRB_PUJ2300,724594,725572
1410,LTFRB,Bicutan Pasay RTDA,"Epifanio de los Santos Avenue, Lungsod ng Pasay - South Luzon Expressway, Makati City, Manila",3,LTFRB_PUJ2301,724594,724966
1411,LTFRB,Bicutan Pasay RTDA,"South Luzon Expressway, Makati City, Manila - South Luzon Expressway, Muntinlupa City, Manila",3,LTFRB_PUJ2302,724594,724644
1412,LTFRB,Binan Bicutan(Taguig) via Alabang,"A Mabini Street, Binan City - Centennial Road, Montinlupa City",3,LTFRB_PUJ2303,724594,724924
1413,LTFRB,Binan Bicutan(Taguig) via Alabang,"Civic Dr, Muntinlupa City, Manila - Pedro Escueta Street, Binan City",3,LTFRB_PUJ2304,724594,726044
1414,LTFRB,Binan Bicutan(Taguig) via Sucat SSH,"Jac Liner Bus Terminal, Binan City - South Luzon Expressway, Parañaque City, Manila",3,LTFRB_PUJ2305,724594,725166
1415,LTFRB,Binan Bicutan(Taguig) via Sucat SSH,"South Luzon Expressway, Parañaque City, Manila - Jac Liner Bus Terminal, Binan City",3,LTFRB_PUJ2306,724594,724638
1416,LTFRB,Boni Pinatubo Kalentong JRU,"Sierra Madre, Makati City, Manila - New Panaderos / Castañeda Intersection, Manila",3,LTFRB_PUJ2307,724594,726017
1417,LTFRB,Boni Pinatubo Kalentong JRU,"Villarica St / A. Mabini Intersection, Mandaluyong City, Manila - Arayat, Mandaluyong City, Manila",3,LTFRB_PUJ2308,724594,724882
1418,LTFRB,Boni Pinatubo StopnShop via Pinagtipunan,"Sierra Madre, Makati City, Manila - Ramon Magsaysay Blvd / Altura Intersection, Manila",3,LTFRB_PUJ2309,724594,725016
1419,LTFRB,Boni Pinatubo StopnShop via Pinagtipunan,"Internet Cafe, Old Sta. Mesa, Manila - Arayat, Mandaluyong City, Manila",3,LTFRB_PUJ2310,724594,724908
1420,LTFRB,Brgy Bagong Silangan Sampaguita via Marcos Ave,"Department of Social Welfare and Development, J.P Rizal, Quezon City - J.P Rizal / Macabulos Intersection, Quezon City",3,LTFRB_PUJ2311,724594,725309
1421,LTFRB,Brgy Bagong Silangan Sampaguita via Marcos Ave,"J.P Rizal / Macabulos Intersection, Quezon City - Department of Social Welfare and Development, J.P Rizal, Quezon City",3,LTFRB_PUJ2312,724594,726302
1422,LTFRB,Cash & Carry Buendia LRT,"Marina Way, Lungsod ng Pasay - Senator Gil Puyat Ave, Lungsod ng Pasay, Manila",3,LTFRB_PUJ2313,724594,726254
1423,LTFRB,Cash & Carry Buendia LRT,"Senator Gil Puyat Ave, Lungsod ng Pasay, Manila - Marina Way, Lungsod ng Pasay",3,LTFRB_PUJ2314,724594,724872
1424,LTFRB,Dapitan Libertad via L Guinto,"Taft Ave / College Rd Intersection, Lungsod ng Pasay - Taft Ave / Padre Faura Intersection, Manila",3,LTFRB_PUJ2315,724594,725545
1425,LTFRB,Dapitan Libertad via L Guinto,"Taft Ave / Padre Faura Intersection, Manila - P. Villanueva, Lungsod ng Pasay",3,LTFRB_PUJ2316,724594,725528
1426,LTFRB,Don Mariano Marcos Ave Quirino Highway via Tsora,"Tandang Sora / Demetria Reynaldo Intersection, Quezon City - Tanding Sora Avenue, Quezon City",3,LTFRB_PUJ2317,724594,726279
1427,LTFRB,Don Mariano Marcos Ave Quirino Highway via Tsora,"Tanding Sora Avenue, Quezon City - Tandang Sora / Demetria Reynaldo Intersection, Quezon City",3,LTFRB_PUJ2318,724594,725339
1428,LTFRB,Ever Gotesco Almar Subd,"Commonwealth Avenue / Capitol Homes Drive Intersection, Quezon City - St Claire College of Caloocan, Zabarte Road, Caloocan City",3,LTFRB_PUJ2319,724594,726221
1429,LTFRB,Ever Gotesco Almar Subd,"St Claire College of Caloocan, Zabarte Road, Caloocan City - Commonwealth Avenue / Capitol Homes Drive Intersection, Quezon City",3,LTFRB_PUJ2320,724594,725673
1430,LTFRB,Ever Gotesco Camarin via Zapote,"Commonwealth Avenue / Capitol Homes Drive Intersection, Quezon City - National Mental Hospital, Barugo, Caloocan City",3,LTFRB_PUJ2321,724594,725061
1431,LTFRB,Ever Gotesco Camarin via Zapote,"National Mental Hospital, Barugo, Caloocan City - Commonwealth Avenue / Capitol Homes Drive Intersection, Quezon City",3,LTFRB_PUJ2322,724594,725029
1432,LTFRB,Fairview Wet Market TM Kalaw,"Maria Y. Orosa St, Manila - Commonwealth Avenue / Dona Carmen Intersection, Quezon City",3,LTFRB_PUJ2323,724594,724837
1433,LTFRB,Fairview Wet Market TM Kalaw,"Commonwealth Avenue, Quezon City - T.M. Kalaw, Manila",3,LTFRB_PUJ2324,724594,725950
1434,LTFRB,Guadalupe Cartimar via Roxas Blvd,"Senator Gil Puyat Ave, Lungsod ng Pasay, Manila - Epifanio de los Santos Avenue, Makati City, Manila",3,LTFRB_PUJ2325,724594,724848
1435,LTFRB,Guadalupe Cartimar via Roxas Blvd,"Epifanio de los Santos Avenue, Makati City, Manila - Senator Gil Puyat Ave, Lungsod ng Pasay, Manila",3,LTFRB_PUJ2326,724594,725444
1436,LTFRB,Guadalupe Delpan MRT,"Epifanio de los Santos Avenue, Makati City, Manila - Tejeron, Makati City, Manila",3,LTFRB_PUJ2327,724594,724937
1436,LTFRB,Guadalupe Delpan MRT,"Epifanio de los Santos Avenue, Makati City, Manila - Tejeron, Makati City, Manila",3,LTFRB_PUJ2327,724594,725429
1437,LTFRB,Imus Zapote,"Emilio Aguinaldo Hwy / Holiday Ave Intersection, Imus, Manila - Roxas Blvd / C. Rivera Intersection, Parañaque City, Manila",3,LTFRB_PUJ2329,724594,725330
1438,LTFRB,Imus Zapote,"Redemptorist Road, Parañaque City, Manila - Emilio Aguinaldo Hwy / Holiday Ave Intersection, Imus, Manila",3,LTFRB_PUJ2330,724594,724661
1439,LTFRB,Karuhatan Sta Cruz via Fuentes,"Rizal Avenue, Manila - Jolibee, MacArthur Highway, Malinta, Valenzuela City",3,LTFRB_PUJ2331,724594,725182
1440,LTFRB,Karuhatan Sta Cruz via Fuentes,"Jolibee, MacArthur Highway, Malinta, Valenzuela City - Plaza Santa Cruz, Manila City",3,LTFRB_PUJ2332,724594,725374
1441,LTFRB,Karuhatan Ugong,"Que Grande, Valenzuela City - Glen T de Leon, Valenzuela City",3,LTFRB_PUJ2333,724594,724710
1442,LTFRB,Karuhatan Ugong,"Glen T de Leon, Valenzuela City - Que Grande, Valenzuela City",3,LTFRB_PUJ2334,724594,725036
1443,LTFRB,Kiko Camarin SM Fairview via Maligaya Park,"Quirino Highway / Maligaya Intersection, Caloocan City - Camarin Road, Sampaloc Intersection, Caloocan City",3,LTFRB_PUJ2335,724594,725373
1444,LTFRB,Kiko Camarin SM Fairview via Maligaya Park,"Camarin Road, Sampaloc Intersection, Caloocan City - Quirino Highway / Maligaya Intersection, Caloocan City",3,LTFRB_PUJ2336,724594,725295
1445,LTFRB,Landmark Puregold Loop,"Makati Ave / North Dr Intersection, Makati City, Manila - J.P. Rizal Ave, Makati City, Manila",3,LTFRB_PUJ2337,724594,725822
1446,LTFRB,Landmark Puregold Loop,"J.P. Rizal Ave, Makati City, Manila - Makati Ave / North Dr Intersection, Makati City, Manila",3,LTFRB_PUJ2338,724594,725823
1447,LTFRB,Lealtad P Miranda,"R Hidalgo, Manila - Matimyas, Manila City",3,LTFRB_PUJ2339,724594,725457
1448,LTFRB,Lealtad P Miranda,"Matimyas, Manila City - R Hidalgo, Manila",3,LTFRB_PUJ2340,724594,725226
1449,LTFRB,Libertad MCU viia Taft Ave,"F.B. Harrison St, Lungsod ng Pasay - Epifanio de los Santos Avenue / 8th Street Intersection , Caloocan City",3,LTFRB_PUJ2341,724594,724762
1450,LTFRB,Libertad MCU viia Taft Ave,"Epifanio de los Santos Avenue / 8th Street Intersection , Caloocan City - Marcelo H. del Pilar / Salas Intersection, Manila",3,LTFRB_PUJ2342,724594,725435
1451,LTFRB,Malinta Bagbaguin,"Our Lady of Fatima College, Maysan Road, Valenzuela City - Bagbaguin Family Hospital, Genteral Luis, Caloocan City",3,LTFRB_PUJ2343,724594,726177
1452,LTFRB,Malinta Bagbaguin,"Bagbaguin Family Hospital, Genteral Luis, Caloocan City - Our Lady of Fatima College, Maysan Road, Valenzuela City",3,LTFRB_PUJ2344,724594,725987
1453,LTFRB,Malolos BBB (Val) via MacArthur Highway,"MacArthur Highway / Del Monte Intersection, Malabon City - Ang Dating Daan, Balagtas",3,LTFRB_PUJ2345,724594,725477
1454,LTFRB,Malolos BBB (Val) via MacArthur Highway,"North Luzon Expressway, Balagtas - MacArthur Highway / Del Monte Intersection, Malabon City",3,LTFRB_PUJ2346,724594,725216
1455,LTFRB,Marikina City SM Santolan LRT,"Amang Rodriguez Ave, Pasig City, Manila - Sumulong Hwy, Marikina City, Manila",3,LTFRB_PUJ2347,724594,726120
1456,LTFRB,Marikina City SM Santolan LRT,"Jacamar, Marikina City, Manila - Amang Rodriguez Ave, Pasig City, Manila",3,LTFRB_PUJ2348,724594,725395
1457,LTFRB,Montalban San Rafael,"Gen. A Luna, San Mateo - MH del Pilar Street, Rodriguez",3,LTFRB_PUJ2349,724594,724980
1458,LTFRB,Montalban San Rafael,"MH del Pilar Street, Rodriguez - Gen. A Luna, San Mateo",3,LTFRB_PUJ2350,724594,725073
1459,LTFRB,Montalban Wawa,"MH del Pilar Street, Rodriguez - M H del Pilar Street, Rodriguez",3,LTFRB_PUJ2351,724594,724620
1460,LTFRB,Montalban Wawa,"M H del Pilar Street, Rodriguez - MH del Pilar Street, Rodriguez",3,LTFRB_PUJ2352,724594,726325
1461,LTFRB,Nagtahan RTDA Pandacan,"Nagtahan Bridge, Manila - Ramon Magsaysay Blvd, Manila",3,LTFRB_PUJ2353,724594,725136
1462,LTFRB,Nagtahan RTDA Pandacan,"Ramon Magsaysay Blvd, Manila - Nagtahan Bridge, Manila",3,LTFRB_PUJ2354,724594,725726
1463,LTFRB,Namayan Vergara,"J P Rizal, Mandaluyong City - Shaw Blvd, Mandaluyong City, Manila",3,LTFRB_PUJ2355,724594,725824
1464,LTFRB,Namayan Vergara,"Haig, Mandaluyong City - J P Rizal, Mandaluyong City",3,LTFRB_PUJ2356,724594,725156
1465,LTFRB,Napocor Vill NIA Vill Tandang Sora,"Childrens Medical Center, Quezon Avenue, Quezon City - St Peter Chapels, Commonwealth Avenue, Quezon City",3,LTFRB_PUJ2357,724594,725070
1466,LTFRB,Napocor Vill NIA Vill Tandang Sora,"St Peter Chapels, Commonwealth Avenue, Quezon City - Childrens Medical Center, Quezon Avenue, Quezon City",3,LTFRB_PUJ2358,724594,725830
1467,LTFRB,Navotas Recto,"Oroquieta, Manila - Navotas City Hall, M. Naval, City of Navotas",3,LTFRB_PUJ2359,724594,725638
1468,LTFRB,Navotas Recto,"Tangos Elementary School, M. Naval, City of Navotas - LRT Doroteo Jose-Recto Station Walkway / Rizal Avenue Intersection, Manila",3,LTFRB_PUJ2360,724594,726147
1469,LTFRB,North Harbor Sta Mesa via Magsaysay,"Ramon Magsaysay Blvd, Manila - LRT Doroteo Jose-Recto Station Walkway / Rizal Avenue Intersection, Manila",3,LTFRB_PUJ2361,724594,725358
1470,LTFRB,North Harbor Sta Mesa via Magsaysay,"LRT Doroteo Jose-Recto Station Walkway / Rizal Avenue Intersection, Manila - Ramon Magsaysay Blvd / Altura Intersection, Manila",3,LTFRB_PUJ2362,724594,725963
1471,LTFRB,Novaliches BF Homes,"Susano, Caloocan City - Teofilo Samson Road, Caloocan City",3,LTFRB_PUJ2363,724594,725420
1472,LTFRB,Novaliches BF Homes,"Teofilo Samson Road, Caloocan City - Topaz, Caloocan City",3,LTFRB_PUJ2364,724594,725462
1473,LTFRB,Novaliches Bignay vice versa,"General Luis / Emerald Intersection, Caloocan City - Llano Road, Caloocan City",3,LTFRB_PUJ2365,724594,724599
1474,LTFRB,Novaliches Bignay vice versa,"Llano Road, Caloocan City - General Luis / Gold Intersection, Caloocan City",3,LTFRB_PUJ2366,724594,726137
1475,LTFRB,Novaliches Grotto (SJDM),"Buenmar Drive, Quezon City - Sta. Maria - Tungkong Mangga Rd, City of San Jose del Monte",3,LTFRB_PUJ2367,724594,724917
1476,LTFRB,Novaliches Grotto (SJDM),"Sta. Maria - Tungkong Mangga Rd, City of San Jose del Monte - Susano / General Luis Intersection, Caloocan City",3,LTFRB_PUJ2368,724594,726136
1477,LTFRB,Novaliches Palmera (SJDM),"Buenmar Drive, Quezon City - Starmall San Jose de Monte, Quirino Highway, City of San Jose del Monte",3,LTFRB_PUJ2369,724594,725066
1478,LTFRB,Novaliches Palmera (SJDM),"Starmall San Jose de Monte, Quirino Highway, City of San Jose del Monte - Ramirez / Quirino Highway, Caloocan City",3,LTFRB_PUJ2370,724594,724986
1479,LTFRB,Old Pque Bldg San Antonio Valley,"Dr A. Santos Ave, Parañaque City, Manila - Dr A. Santos Ave / Vitalez Intersection, Parañaque City, Manila",3,LTFRB_PUJ2371,724594,726094
1480,LTFRB,Old Pque Bldg San Antonio Valley,"Dr A. Santos Ave / Vitalez Intersection, Parañaque City, Manila - Dr A. Santos Ave, Parañaque City, Manila",3,LTFRB_PUJ2372,724594,724617
1481,LTFRB,Ortigas Complex Robinsons Galleria,"E.Abello / Ortigas Ave Intersection, Pasig City, Manila - Ortigas Ave, Quezon City, Manila",3,LTFRB_PUJ2373,724594,725949
1482,LTFRB,PagAsa Pier South via Qave,"Padre Burgos St, Manila - Mindanao Avenue, Quezon City",3,LTFRB_PUJ2376,724594,725206
1483,LTFRB,PagAsa Pier South via Qave,"Mindanao Avenue / Road 10 Intersection, Quezon City - Padre Burgos St / Padre Burgos Street Intersection, Manila",3,LTFRB_PUJ2377,724594,726391
1484,LTFRB,Pandacan Pier South,Angel Linao / Pedro Gil - Bonifacio Dr Manila,3,LTFRB_PUJ2378,724594,725315
1485,LTFRB,Pandacan Pier South,"Bonifacio Drive, Manila - Angel Linao / Pedro Gil",3,LTFRB_PUJ2379,724594,725455
1486,LTFRB,Pasay RTDA Monumento via Taft Ave JA Santos,"Taft Ave, Lungsod ng Pasay - Light Rail Transportation / New Antipolo, Quezon City",3,LTFRB_PUJ2380,724594,725817
1487,LTFRB,Pasay RTDA Monumento via Taft Ave JA Santos,"Light Rail Transportation 1, Manila - Taft Ave, Lungsod ng Pasay",3,LTFRB_PUJ2381,724594,725985
1488,LTFRB,Pasay RTDA QI via L Guinto,"Taft Ave, Lungsod ng Pasay - Taft Ave, Manila",3,LTFRB_PUJ2382,724594,726218
1489,LTFRB,Pasay RTDA QI via L Guinto,"Taft Ave, Manila - Taft Ave, Lungsod ng Pasay",3,LTFRB_PUJ2383,724594,725965
1490,LTFRB,Pasay RTDA Sucat via SSH,"E Service Rd,  Taguig City, Manila - Epifanio de los Santos Avenue, Lungsod ng Pasay",3,LTFRB_PUJ2384,724594,725214
1491,LTFRB,Pasay RTDA Sucat via SSH,"Epifanio de los Santos Avenue, Lungsod ng Makati, Manila - South Luzon Expressway, Muntinlupa City, Manila",3,LTFRB_PUJ2385,724594,726048
1492,LTFRB,Pfaura San Andres via M Adriatico,"Agusto Francisco, Manila - Padre Faura / M Adriatico Intersection, Manila",3,LTFRB_PUJ2386,724594,725072
1493,LTFRB,Pfaura San Andres via M Adriatico,"Philipine General Hospital, Pedro Gil, Manila - Agusto Francisco, Manila",3,LTFRB_PUJ2387,724594,726025
1494,LTFRB,Pier South via Road 10,"Sto. Nino Church, Nicolas Zamora, Manila - President Ferdinand E. Marcos Highway, Tondo",3,LTFRB_PUJ2388,724594,725074
1495,LTFRB,Pier South via Road 10,"President Ferdinand E. Marcos Highway, Tondo - President Ferdinand E. Marcos Highway / Bonifacio Intersection, Tondo",3,LTFRB_PUJ2389,724594,725613
1496,LTFRB,Pier South via Road 10,"Manila Film Centre, President Ferdinand E. Marcos Highway, Tondo - Isabelo delos Reyes Elementary School, Nicolas Zamora, Manila",3,LTFRB_PUJ2390,724594,726376
1497,LTFRB,Plaridel BBB (Val) via MacArthur Highway,"Ang Dating Daan, Balagtas - Banga Baranggay Hal, MacArthur Highway, City of Meycauayan",3,LTFRB_PUJ2392,724594,724692
1498,LTFRB,Plaza Miranda OPiers via Vitas,"Padre Burgos St, Manila - Quezon Blvd, Manila",3,LTFRB_PUJ2393,724594,725678
1499,LTFRB,Plaza Miranda OPiers via Vitas,"Quezon Blvd, Manila - Bonifacio Drive, Manila",3,LTFRB_PUJ2394,724594,725474
1500,LTFRB,Polo Sangandaan via Tenejeros,"Caloocan City Police Station, Samson Road, Malabon City - San Diego de Alcala Parish, Palassan Road, Kapitan Viilila, Valenzuela City",3,LTFRB_PUJ2395,724594,726187
1501,LTFRB,Polo Sangandaan via Tenejeros,"San Diego de Alcala Parish, Palassan Road, Kapitan Viilila, Valenzuela City - Caloocan City Police Station, Samson Road, Malabon City",3,LTFRB_PUJ2396,724594,725922
1502,LTFRB,Proj 6 Recto via Espana QAve,"Quezon Blvd, Manila - Road 1 / A8A Intersection Quezon City",3,LTFRB_PUJ2397,724594,725781
1503,LTFRB,Proj 6 Recto via Espana QAve,"Road 1 / A8A Intersection Quezon City - Quezon Blvd, Manila",3,LTFRB_PUJ2398,724594,725453
1504,LTFRB,QI Kalaw,"Taft Ave, Manila - Quezon Institute, Eulogio Rodriguez Sr Ave, Quezon City, Manila",3,LTFRB_PUJ2399,724594,725427
1505,LTFRB,QI Kalaw,"Quezon Institute, Eulogio Rodriguez Sr Ave, Quezon City, Manila - Taft Ave / T.M. Kalaw Intersection, Manila",3,LTFRB_PUJ2400,724594,725218
1506,LTFRB,Quezon Ave LRT 5th Avenue Caloocan,"Gregorio Araneta Ave, Quezon City - Circumferential Road 3 / M.H. Del Pilar St, Caloocan City, Manila",3,LTFRB_PUJ2401,724594,725497
1507,LTFRB,Quiapo (Barbosa) San Juan via Legarda,"P. Sanchez St, Manila - Arlegui, Manila",3,LTFRB_PUJ2403,724594,725498
1508,LTFRB,Quiapo (Barbosa) San Juan via Legarda,"R Hidalgo, Manila - P. Sanchez St, Manila",3,LTFRB_PUJ2404,724594,725885
1509,LTFRB,Quiapo Sangandaan via Evangelista,"Evangelista Street, Manila City - Tutuban Cluster Mall, CM Recto Avenue, Manila",3,LTFRB_PUJ2405,724594,725445
1510,LTFRB,Quiapo Sangandaan via Evangelista,"Tutuban Cluster Mall, CM Recto Avenue, Manila - Quezon Blvd, Manila",3,LTFRB_PUJ2406,724594,724900
1511,LTFRB,Resettlement Zapote (DBB),"Un-named Road, Lungsod ng Dasmariñas, Manila - Quirino Ave, Bacoor City, Manila",3,LTFRB_PUJ2407,724594,726006
1512,LTFRB,Resettlement Zapote (DBB),"Quirino Ave, Bacoor City, Manila - Fatima Road, Lungsod ng Dasmariñas, Manila",3,LTFRB_PUJ2408,724594,726107
1513,LTFRB,Salcedo Amorsolo LegaspiVill Landmark,"Esperanza Street, Makati City - Del Rosa Street, Makati City",3,LTFRB_PUJ2409,724594,725786
1514,LTFRB,Salcedo Amorsolo LegaspiVill Landmark,"Salcedo, Makati City - Jollibee, Makati Ave, Makati City",3,LTFRB_PUJ2410,724594,725664
1515,LTFRB,Sampol Meycauayan via San Jose,"Sta Maria Public Market, Santa Maria - Matiyaga St, City of San Jose del Monte, Manila",3,LTFRB_PUJ2411,724594,725433
1516,LTFRB,Sampol Meycauayan via San Jose,"Balasing - San Jose Rd / Dr Eduardo V. Roquero Sr. Rd, City of San Jose del Monte, Manila - Kairos Hospital, City of San Jose del Monte, Manila",3,LTFRB_PUJ2412,724594,725229
1517,LTFRB,San Andres via P Faura,"Agusto Francisco, Manila - Josefa Llanes Escoda / Felipe Agoncillo Intersection, Manila",3,LTFRB_PUJ2413,724594,725806
1518,LTFRB,San Andres via P Faura,"Josefa Llanes Escoda / Felipe Agoncillo Intersection, Manila - Agusto Francisco, Manila",3,LTFRB_PUJ2414,724594,725008
1519,LTFRB,Sapang Palay Jordan Plains via Quirino Highway,"Buenmar Drive, Quezon City - Quirino Highway, Quezon City",3,LTFRB_PUJ2415,724594,725670
1520,LTFRB,Sapang Palay Jordan Plains via Quirino Highway,"Novaliches Seventh Day Adventist Church, Quirino Highway, Quezon City, Manila - Nightingale / Quirino Highway Intersection, Caloocan City",3,LTFRB_PUJ2416,724594,726035
1521,LTFRB,Sapang Palay Jordan Plains via Quirino Highway,"Novastop, Quirino Highway, Caloocan City - Sapang Palay - Muzon Road / Dr Eduardo V. Roquero Sr. Rd, City of San Jose del Monte, Manila",3,LTFRB_PUJ2417,724594,725865
1522,LTFRB,Sapang Palay Jordan Plains via Quirino Highway,"Sapang Palay - Muzon Road / Dr Eduardo V. Roquero Sr. Rd, City of San Jose del Monte, Manila - Ramirez / Quirino Highway, Caloocan City",3,LTFRB_PUJ2418,724594,724789
1523,LTFRB,SM Fairview Capitol Homes,"Belfast / Bulalakaw Intersection, Quezon City - Prime Rose Street, Quezon City",3,LTFRB_PUJ2419,724594,724657
1524,LTFRB,SM Fairview Capitol Homes,"Dama de Noche St, Quezon City - Robinsons Nova Market, Quirino Highway, Caloocan City",3,LTFRB_PUJ2420,724594,725631
1525,LTFRB,SM MOA NAIA,"Maria, Parañaque City, Manila - Airport Rd / Domestic Rd Intersection, Parañaque City, Manila",3,LTFRB_PUJ2421,724594,726197
1526,LTFRB,SM MOA NAIA,"Quirino Ave / T. Claudio Intersection, Parañaque City, Manila - NAIA Rd, Parañaque City, Manila",3,LTFRB_PUJ2422,724594,725619
1527,LTFRB,Soldier Hills II Talon (Las Pinas),"Bayabus Avenue, Bacoor City - Alabang-Zapote Road, Las Piñas City, Manila",3,LTFRB_PUJ2423,724594,725384
1528,LTFRB,Soldier Hills II Talon (Las Pinas),"Alabang-Zapote Road, Las Piñas City, Manila - Bayabus Avenue, Bacoor City",3,LTFRB_PUJ2424,724594,725489
1529,LTFRB,Soldier Hills Ph IV Talon via Alvarez,"Soldiers Hills IV, Bacoor City - Alvarez Extension, Las Piñas City, Manila",3,LTFRB_PUJ2425,724594,725532
1530,LTFRB,Soldier Hills Ph IV Talon via Alvarez,"Alvarez Extension, Las Piñas City, Manila - Colegio de Sta. Monica, Marcos Alvarez Ave, Las Piñas City Manila",3,LTFRB_PUJ2426,724594,725195
1531,LTFRB,Soldier Hills Ph IV Talon via Alvarez,"Colegio de Sta. Monica, Marcos Alvarez Ave, Las Piñas City Manila - Soldiers Hills IV, Bacoor City",3,LTFRB_PUJ2427,724594,725675
1532,LTFRB,Sta Ana P Faura,"Philipine General Hospital, Pedro Gil, Manila - Lamayan / New Panaderos Intersection, Manila",3,LTFRB_PUJ2428,724594,725763
1533,LTFRB,Sta Ana P Faura,"Lamayan / New Panaderos Intersection, Manila - Marcelo H. del Pilar / Salas Intersection, Manila",3,LTFRB_PUJ2429,724594,724600
1534,LTFRB,Sta Maria Malinta via McArthur,"C de Guzman Street, Santa Maria - Flying V Gas, MacArthur Highway, Valenzuela City",3,LTFRB_PUJ2431,724594,725683
1535,LTFRB,Talayan Vill A Bonifacio 5th Ave,"Gregorio Araneta Ave, Quezon City, Manila - Circumferential Road 3 / M.H. Del Pilar St, Caloocan City, Manila",3,LTFRB_PUJ2432,724594,725032
1536,LTFRB,Talayan Vill A Bonifacio 5th Ave,"5th Ave West / Maria Clara St, Caloocan City, Manila - Gregorio Araneta Ave, Quezon City",3,LTFRB_PUJ2433,724594,724985
1536,LTFRB,Talayan Vill A Bonifacio 5th Ave,"5th Ave West / Maria Clara St, Caloocan City, Manila - Gregorio Araneta Ave, Quezon City",3,LTFRB_PUJ2433,724594,725563
1537,LTFRB,Tanay Pasig (Palengke),"Quezon Ave, Teresa, Manila - W Bank Rd / Ortigas Ave Intersection, Pasig City, Manila",3,LTFRB_PUJ2436,724594,724929
1538,LTFRB,Tanay Pasig (Palengke),"Ortigas Ave, Pasig City, Manila - Quezon Ave, Teresa, Manila",3,LTFRB_PUJ2437,724594,724717
1539,LTFRB,Tandang Sora Mindanao Ave,"Tandang Sora / Demetria Reynaldo Intersection, Quezon City - Life Value Clinic, Congressional Avenue, Quezon City",3,LTFRB_PUJ2438,724594,725511
1540,LTFRB,Tandang Sora Mindanao Ave,"Life Value Clinic, Congressional Avenue, Quezon City - Tandang Sora / Demetria Reynaldo Intersection, Quezon City",3,LTFRB_PUJ2439,724594,725630
1541,LTFRB,Tayuman LRT Pilapil,"Jose Corazon de Jesus Elementary School, Juan Luma, Manila - Tayuman Road / Serverino Reyes, Manila",3,LTFRB_PUJ2440,724594,725122
1542,LTFRB,Tayuman LRT Pilapil,"Camarines, Manila - Pritil Public Market, Juan Luma / Tayuman Road Intersection, Manila",3,LTFRB_PUJ2441,724594,726203
1543,LTFRB,Treze Martirez Zapote (Las Pinas),"Governer's Drive,Dasmarinas City - Quirino Ave, Bacoor City, Manila",3,LTFRB_PUJ2442,724594,725235
1544,LTFRB,Treze Martirez Zapote (Las Pinas),"Quirino Ave, Bacoor City, Manila - Governer's Drive,Dasmarinas City",3,LTFRB_PUJ2443,724594,725780
1545,LTFRB,Ugong Pasig via Pasig Market,"Caruncho Ave / Market Ave Intersection, Pasig City, Manila - JP Raceway, Pasig City, Manila",3,LTFRB_PUJ2444,724594,726118
1546,LTFRB,Ugong Pasig via Pasig Market,"Pasig Boulevard Extension, Pasig City, Manila - Caruncho Ave, Pasig City, Manila",3,LTFRB_PUJ2445,724594,725665
1547,LTFRB,Victoria Homes Subd Alabang Terminal via DH,"Don P. Reyes Ave, Montinlupa City - Starmall Footbridge, Starmall Starmall Service Rd, Muntinlupa City, Manila",3,LTFRB_PUJ2446,724594,725360
1548,LTFRB,Victoria Homes Subd Alabang Terminal via DH,"Centennial Road, Montinlupa City - Daang Reyna, Montinlupa City",3,LTFRB_PUJ2447,724594,724913
1549,LTFRB,A Rivera Plaza Dela Barca via J Santo,"Reina Regente / Dadivas Intersection, Manila - Jose Abad Santos Ave./ Villaruel Street Villaruel Intersection, Manila",3,LTFRB_PUJ2448,724594,726193
1550,LTFRB,A Rivera Plaza Dela Barca via J Santo,"Jose Abad Santos Avenue / Tayuman Road, Quezon City - Juan Luna / Veronica Intersection, Manila",3,LTFRB_PUJ2449,724594,725513
1551,LTFRB,Alabang-Bbayan via Bicutan,"Montillano St, Muntinlupa City, Manila - Manuel L. Quezon / St Martin Ave Intersection, Taguig City, Manila",3,LTFRB_PUJ2450,724594,725162
1552,LTFRB,Alabang-Bbayan via Bicutan,"Manuel L. Quezon / St Martin Ave Intersection, Taguig City, Manila - Montillano St, Muntinlupa City, Manila",3,LTFRB_PUJ2451,881579,724781
1553,LTFRB,Alabang Pasay Rtda,"South Luzon Expressway / Montillano St Intersection, Muntinlupa City, Manila - Epifanio de los Santos Avenue, Lungsod ng Pasay",3,LTFRB_PUJ2452,724594,725741
1554,LTFRB,Alabang Pasay Rtda,"Epifanio de los Santos Avenue, Lungsod ng Pasay - South Luzon Expressway / Montillano St Intersection, Muntinlupa City, Manila",3,LTFRB_PUJ2453,724594,725251
1555,LTFRB,Alabang Almanza,"Spectrum Midway Extension, Muntinlupa City, Manila - Alabang-Zapote Road, Muntinlupa City, Manila",3,LTFRB_PUJ2454,724594,726098
1556,LTFRB,Alabang Almanza,"Alabang-Zapote Road, Muntinlupa City, Manila - Corporate Avenue, Montinlupa City",3,LTFRB_PUJ2455,724594,725677
1557,LTFRB,Alabang Baclaran via Coastal,"Spectrum Midway Extension, Montinlupa City - Manila-Cavite Expressway, Parañaque City, Manila",3,LTFRB_PUJ2456,724594,725582
1558,LTFRB,Alabang Baclaran via Coastal,"Roxas Blvd / Redemptorist Road Intersection, Parañaque City, Manila - Spectrum Midway Extension, Montinlupa City",3,LTFRB_PUJ2457,724594,725551
1559,LTFRB,Alabang Binan via National Road,"Jac Liner Bus Terminal, Binan City - Spectrum Midway Extension, Montinlupa City",3,LTFRB_PUJ2458,724594,726226
1560,LTFRB,Alabang Binan via National Road,"Starmall Footbridge, Starmall Starmall Service Rd, Muntinlupa City, Manila - Jac Liner Bus Terminal, Binan City",3,LTFRB_PUJ2459,724594,725369
1561,LTFRB,Angono-agora market,"Manila East Rd, Angono, Manila - Manila Road East, Taytay, Manila",3,LTFRB_PUJ2460,724594,725869
1562,LTFRB,Angono-agora market,"Manila Road East, Taytay, Manila - Quezon Ave, Angono, Manila",3,LTFRB_PUJ2461,724594,726181
1563,LTFRB,Angono-Cainta Junction via Taytay,"Quezon Ave, Angono, Manila - Ortigas Ave, Pagis City, Manila",3,LTFRB_PUJ2462,724594,724671
1564,LTFRB,Angono-Cainta Junction via Taytay,"Ortigas Ave, Pagis City, Manila - Quezon Ave, Angono, Manila",3,LTFRB_PUJ2463,724594,725115
1565,LTFRB,Angono-Pasig,"Quezon Ave, Angono, Manila - Caruncho Ave / F. Manalo Intersection, Pasig City, Manila",3,LTFRB_PUJ2464,724594,726399
1566,LTFRB,Angono-Pasig,"Caruncho Ave / F. Manalo Intersection, Pasig City, Manila - Quezon Ave, Angono, Manila",3,LTFRB_PUJ2465,724594,725777
1567,LTFRB,Angono Rosario,"Col Guido St, Angono - Ortigas Ave / Dr Sixto Antonio Ave Intersection, Pasig City, Manila",3,LTFRB_PUJ2466,724594,725903
1568,LTFRB,Angono Rosario,"Ortigas Ave / Dr Sixto Antonio Ave Intersection, Pasig City, Manila - Quezon Ave, Angono, Manila",3,LTFRB_PUJ2467,724594,726275
1569,LTFRB,Anonas via vluna,"Anonas / Tampoy Intersection, Quezon City, Manila - Victoriano Luna Ave, Quezon City, Manila",3,LTFRB_PUJ2468,724594,725874
1570,LTFRB,Anonas via vluna,"Victoriano Luna Ave, Quezon City, Manila - Anonas / Molave Intersection, Quezon City, Manila",3,LTFRB_PUJ2469,724594,725274
1571,LTFRB,Antipolo-Pasig,"Caruncho Ave / F. Manalo Intersection, Pasig City, Manila - Santo Nino Street, Antipolo",3,LTFRB_PUJ2470,724594,725656
1572,LTFRB,Antipolo-Pasig,"L. Sumulong Memorial Cir, Antipolo City, Manila - Caruncho Ave, Pasig City, Manila",3,LTFRB_PUJ2471,724594,725282
1573,LTFRB,Baclaran Divisoria via L Guinto,"Taft Avenue Extension / Epifanio de los Santos Avenue, Lungsod ng Pasay, Manila - Sto Cristo, Manila City",3,LTFRB_PUJ2472,724594,725228
1574,LTFRB,Baclaran Divisoria via L Guinto,"Juan Luna, Manila - Cuneta Avenue, Lungsod ng Pasay, Manila",3,LTFRB_PUJ2473,724594,726255
1575,LTFRB,Baliwag Bocaue,"Bocaue Public Market, MacArthur Highway, Bocaue, Bulacan - Ang Dating Daan, Balagtas",3,LTFRB_PUJ2474,724594,724930
1576,LTFRB,Baliwag Bocaue,"Ang Dating Daan, Balagtas - Bocaue Public Market, MacArthur Highway, Bocaue, Bulacan",3,LTFRB_PUJ2475,724594,726291
1577,LTFRB,Baliwag Malinta,"MacDonalds, MacArthur Highway, City of Meycauayan - Ang Dating Daan, Balagtas",3,LTFRB_PUJ2476,724594,724964
1578,LTFRB,Baliwag Malinta,"Ang Dating Daan, Balagtas - MacDonalds, MacArthur Highway, City of Meycauayan",3,LTFRB_PUJ2477,724594,726346
1579,LTFRB,BBB Tullahan Recto via F Huertas Oroqueta,"LRT Doroteo Jose-Recto Station Walkway / Rizal Avenue Intersection, Manila - Calalang General Hospital, MacArthur Highway, Malabon City",3,LTFRB_PUJ2480,724594,725999
1580,LTFRB,BBB Tullahan Recto via F Huertas Oroqueta,"Calalang General Hospital, MacArthur Highway, Malabon City - Quezon Blvd / P.Paredes Intersection, Manila",3,LTFRB_PUJ2481,724594,725451
1581,LTFRB,BBB Tullahan Sta Cruz,"Rizal Avenue, Manila - Calalang General Hospital, MacArthur Highway, Malabon City",3,LTFRB_PUJ2482,724594,725495
1582,LTFRB,BBB Tullahan Sta Cruz,"Calalang General Hospital, MacArthur Highway, Malabon City - Plaza Santa Cruz, Manila City",3,LTFRB_PUJ2483,724594,725490
1583,LTFRB,BBB Malolos via McArthur Hway,"Calalang General Hospital, MacArthur Highway, Malabon City - Ang Dating Daan, Balagtas",3,LTFRB_PUJ2484,724594,725269
1584,LTFRB,BBB Malolos via McArthur Hway,"Ang Dating Daan, Balagtas - Calalang General Hospital, MacArthur Highway, Malabon City",3,LTFRB_PUJ2485,724594,724887
1585,LTFRB,Binangonan-Cainta,"Manila East Rd, Binangonan, Manila - Elementary School, Cainta, Manila",3,LTFRB_PUJ2486,724594,725890
1586,LTFRB,Binangonan-Cainta,"Elementary School, Cainta, Manila - Manila East Rd, Binangonan, Manila",3,LTFRB_PUJ2487,724594,725666
1587,LTFRB,Binangonan-EDSA Shaw via Angono,"Manila East Rd, Binangonan, Manila - Ortigas Ave, Pagis City, Manila",3,LTFRB_PUJ2488,724594,726397
1588,LTFRB,Binangonan-EDSA Shaw via Angono,"Meralco Ave, Pasig City, Manila - Manila East Rd, Binangonan, Manila",3,LTFRB_PUJ2489,724594,726005
1589,LTFRB,Binangonan-Rosario,"Manila East Rd, Binangonan, Manila - W Bank Rd / Ortigas Ave Intersection, Pasig City, Manila",3,LTFRB_PUJ2490,724594,725150
1590,LTFRB,Binangonan-Rosario,"Ortigas Ave, Pasig City, Manila - Manila East Rd, Binangonan, Manila",3,LTFRB_PUJ2491,724594,724839
1591,LTFRB,Binangonan-Shaw Blvd,"Manila East Rd, Binangonan, Manila - Meralco Ave, Pasig City, Manila",3,LTFRB_PUJ2492,724594,724598
1592,LTFRB,Binangonan-Shaw Blvd,"Meralco Ave, Pasig City, Manila - Manila East Rd, Binangonan, Manila",3,LTFRB_PUJ2493,724594,725645
1593,LTFRB,Binangonan-Taytay via Angono,"Manila East Rd, Binangonan, Manila - Rodriguez Ave, Taytay, Manila",3,LTFRB_PUJ2494,724594,724653
1594,LTFRB,Binangonan-Taytay via Angono,"Rodriguez Ave, Taytay, Manila - Manila East Rd, Binangonan, Manila",3,LTFRB_PUJ2495,724594,725368
1595,LTFRB,Cainta Junction Cubao via Imelda Avenue,"Bonifacio Ave, Cainta, Manila - 8th Ave, Quezon City, Manila",3,LTFRB_PUJ2496,724594,724690
1596,LTFRB,Cainta Junction Cubao via Imelda Avenue,"P. Tuazon Blvd / 9th Ave Intersection, Quezon City, Manila - Bonifacio Ave, Cainta, Manila",3,LTFRB_PUJ2497,724594,725272
1597,LTFRB,Escolta-Libertad via Mabini,"Epifanio de los Santos Avenue / F.B. Harrison St Intersection, Lungsod ng Pasay - Rizal Avenue, Manila",3,LTFRB_PUJ2498,724594,725399
1598,LTFRB,Escolta-Libertad via Mabini,"A F. Torres / Ronquillo Intersection, Manila - Epifanio de los Santos Avenue, Lungsod ng Pasay",3,LTFRB_PUJ2499,724594,726213
1599,LTFRB,Escolta-MCU via GDelMundo,"Taft Avenue Extension / Narra Street Intersection, Lungsod ng Pasay, Manila - Rizal Avenue, Manila",3,LTFRB_PUJ2500,724594,726185
1600,LTFRB,Escolta-MCU via GDelMundo,"Rizal Avenue, Manila - Taft Avenue Extension / Narra Street Intersection, Lungsod ng Pasay, Manila",3,LTFRB_PUJ2501,724594,726327
1601,LTFRB,Espana-Rtda-Pier,"Padre Burgos St, Manila - Instruccion / Espana Boulevard Intersection, Manila",3,LTFRB_PUJ2502,724594,725585
1602,LTFRB,Espana-Rtda-Pier,"Halcon / Espana Boulevard Intersection, Manila - Bonifacio Drive, Manila",3,LTFRB_PUJ2503,724594,726141
1603,LTFRB,Frisco-Sta Cruz,"Leon Guinto Sr., Manila - Roosevelt Avenue / Adams Intersection, Quezon City",3,LTFRB_PUJ2504,724594,725419
1604,LTFRB,Frisco-Sta Cruz,"Roosevelt Avenue / Road B Intersection, Quezon City - Taft Ave, Manila",3,LTFRB_PUJ2505,724594,726061
1605,LTFRB,Galas-Barbosa,"Vicente G Cruz, Manila - Unang Hakbang / Luzon Ave",3,LTFRB_PUJ2506,724594,725271
1606,LTFRB,Galas-Barbosa,"Unang Hakbang / Luzon Ave - M. dela Fuente, Manila",3,LTFRB_PUJ2507,724594,725398
1607,LTFRB,Gasak-Sta Cruz via,"Oroquieta, Manila - Heath Centre, Don Bastilio Bautista Boulevard, Malabon City",3,LTFRB_PUJ2508,724594,725706
1608,LTFRB,Gasak-Sta Cruz via,"Malabon National High School, Don Bastilio Bautista Boulevard, Malabon City - LRT Doroteo Jose-Recto Station Walkway / Rizal Avenue Intersection, Manila",3,LTFRB_PUJ2509,724594,726145
1609,LTFRB,Gate5-Unimart,"N. Western St / Service Rd, San Juan, Manila - Anapolis, San Juan, Manila",3,LTFRB_PUJ2510,724594,725208
1610,LTFRB,Gate5-Unimart,"Columbia St / Florida, San Juan, Manila - N. Western St / Service Rd, San Juan, Manila",3,LTFRB_PUJ2511,724594,725244
1611,LTFRB,Kalentong-Malinao,"Mariveles Street, Mandaluyong City - Jose Rizal University, J Fabella St, Mandaluyong City, Manila",3,LTFRB_PUJ2512,724594,726029
1612,LTFRB,Kalentong-Malinao,"Shaw Blvd, Mandaluyong City, Manila - Sierra Madre / Sultan, Makati City, Manila",3,LTFRB_PUJ2513,724594,725904
1613,LTFRB,Kalentong-Sierra Madre via 9dePebrero,"Domingo M Guevara, Mandaluyong City - New Panaderos Extension / 34 Rte Rev. G. Aglipay Intersection, Mandaluyong City",3,LTFRB_PUJ2514,724594,725622
1614,LTFRB,Kalentong-Sierra Madre via 9dePebrero,"Daang Bakal / New Panaderos Extension Intersection, Manila - Domingo M Guevara, Mandaluyong City",3,LTFRB_PUJ2515,724594,725097
1615,LTFRB,Kalentong JRC-Namayan via P Martinez,"New Panaderos / Castañeda Intersection, Manila - Jose Rizal University, J Fabella St, Mandaluyong City, Manila",3,LTFRB_PUJ2516,724594,724941
1616,LTFRB,Kalentong JRC-Namayan via P Martinez,"Haig, Mandaluyong City - New Panaderos / Castañeda Intersection, Manila",3,LTFRB_PUJ2517,724594,726360
1617,LTFRB,Kanlaon-Del Monte via Mayon,"Kanlaon, Quezon City - N. S. Amoranto, Quezon City",3,LTFRB_PUJ2518,724594,725531
1618,LTFRB,Kanlaon-Del Monte via Mayon,"N. S. Amoranto, Quezon City - Apo / Quezon Avenue Intersection, Quezon City",3,LTFRB_PUJ2519,724594,724607
1619,LTFRB,Karuhatan Monumento,"Bonifacio Market, MacArthur Highway, Caloocan City - Bureau of Telecom Training Institute, MacArthur Highway, Valenzuela City",3,LTFRB_PUJ2520,724594,726242
1620,LTFRB,Karuhatan Monumento,"Bureau of Telecom Training Institute, MacArthur Highway, Valenzuela City - Bonifacio Market, MacArthur Highway, Caloocan City",3,LTFRB_PUJ2521,724594,725632
1621,LTFRB,Lagro-SM Fairview,"Ascencion Avenue / Bristol Street Intersection, Quezon City - Quirino Highway / Maligaya Intersection, Caloocan City",3,LTFRB_PUJ2522,724594,725264
1622,LTFRB,Lagro-SM Fairview,"Quirino Highway / Maligaya Intersection, Caloocan City - Ascencion Avenue / Bristol Street Intersection, Quezon City",3,LTFRB_PUJ2523,724594,726003
1623,LTFRB,Libertad-PCampa,"Taft Ave / College Rd Intersection, Lungsod ng Pasay - Claro M. Recto Ave / Quezon Blvd Intersection, Manila",3,LTFRB_PUJ2524,724594,726060
1624,LTFRB,Libertad-PCampa,"España Blvd / Quezon Blvd  Intersection, Manila - P. Villanueva, Lungsod ng Pasay",3,LTFRB_PUJ2525,724594,725306
1625,LTFRB,Malabon Paco (Obando),"United Evangelical Church of Malabon, Gov. W. Pascual Avenue, Malabon City - Paliwas Road / Pedro B Jacinto Street Intersection, Obando",3,LTFRB_PUJ2526,724594,726336
1626,LTFRB,Malabon Paco (Obando),"Paliwas Road / Pedro B Jacinto Street Intersection, Obando - Don Bastilio Bautista Boulevard / A. Bonifacio Street, Malabon City",3,LTFRB_PUJ2527,724594,725459
1627,LTFRB,Malinta-Rizal Ave via Banal,"Rizal Avenue, Manila - Flying V Gas, MacArthur Highway, Valenzuela City",3,LTFRB_PUJ2528,724594,725614
1628,LTFRB,Malinta-Rizal Ave via Banal,"Jolibee, MacArthur Highway, Malinta, Valenzuela City - Rizal Avenue, Manila",3,LTFRB_PUJ2529,724594,724734
1629,LTFRB,Malinta-Sta Cruz,"Rizal Avenue, Manila - Flying V Gas, MacArthur Highway, Valenzuela City",3,LTFRB_PUJ2530,724594,726353
1630,LTFRB,Malinta-Sta Cruz,"Jolibee, MacArthur Highway, Malinta, Valenzuela City - Plaza Santa Cruz, Manila City",3,LTFRB_PUJ2531,724594,724916
1631,LTFRB,Malinta Hagonoy via MacArthur Highway,"Flying V Gas, MacArthur Highway, Valenzuela City - Ang Dating Daan, Balagtas",3,LTFRB_PUJ2532,724594,725023
1631,LTFRB,Malinta Hagonoy via MacArthur Highway,"Flying V Gas, MacArthur Highway, Valenzuela City - Ang Dating Daan, Balagtas",3,LTFRB_PUJ2532,724594,725927
1631,LTFRB,Malinta Hagonoy via MacArthur Highway,"Flying V Gas, MacArthur Highway, Valenzuela City - Ang Dating Daan, Balagtas",3,LTFRB_PUJ2532,724594,726370
1632,LTFRB,Malinta Hagonoy via MacArthur Highway,"Ang Dating Daan, Balagtas - South supermarket, MacArthur Highway, Valenzuela City",3,LTFRB_PUJ2533,724594,725516
1633,LTFRB,Malinta Hagonoy via Meycauayan,"Ang Dating Daan, Balagtas - South supermarket, MacArthur Highway, Valenzuela City",3,LTFRB_PUJ2535,724594,724991
1633,LTFRB,Malinta Hagonoy via Meycauayan,"Ang Dating Daan, Balagtas - South supermarket, MacArthur Highway, Valenzuela City",3,LTFRB_PUJ2535,724594,725212
1633,LTFRB,Malinta Hagonoy via Meycauayan,"Ang Dating Daan, Balagtas - South supermarket, MacArthur Highway, Valenzuela City",3,LTFRB_PUJ2535,724594,725716
1634,LTFRB,Malinta Meycauayan v F De Leon,"Flying V Gas, MacArthur Highway, Valenzuela City - MacArthur Highway / Malhacan Road Intersection, City of Meycauayan",3,LTFRB_PUJ2536,724594,724845
1635,LTFRB,Malinta Meycauayan v F De Leon,"MacArthur Highway, Marilao - Flying V Gas, MacArthur Highway, Valenzuela City",3,LTFRB_PUJ2537,724594,725142
1636,LTFRB,Malinta Pier via Monumento,"Museum of Philippine History, Rizal Park, T.M. Kalaw, Manila - Flying V Gas, MacArthur Highway, Valenzuela City",3,LTFRB_PUJ2538,724594,724945
1637,LTFRB,Malinta Pier via Monumento,"Flying V Gas, MacArthur Highway, Valenzuela City - Padre Burgos St / Padre Burgos Street Intersection, Manila",3,LTFRB_PUJ2539,724594,726131
1638,LTFRB,Malinta Recto via F Huertas,"Oroquieta, Manila - Jolibee, MacArthur Highway, Malinta, Valenzuela City",3,LTFRB_PUJ2540,724594,725049
1639,LTFRB,Malinta Recto via F Huertas,"Jolibee, MacArthur Highway, Malinta, Valenzuela City - LRT Doroteo Jose-Recto Station Walkway / Rizal Avenue Intersection, Manila",3,LTFRB_PUJ2541,724594,726224
1640,LTFRB,Malinta Sta. Maria via McArthur,"C de Guzman Street, Santa Maria - Flying V Gas, MacArthur Highway, Valenzuela City",3,LTFRB_PUJ2543,724594,726381
1641,LTFRB,Meycauayan Malolos,"MacArthur Highway / Malhacan Road Intersection, City of Meycauayan - Ang Dating Daan, Balagtas",3,LTFRB_PUJ2544,724594,725133
1642,LTFRB,Meycauayan Malolos,"Ang Dating Daan, Balagtas - MacArthur Highway / Malhacan Road Intersection, City of Meycauayan",3,LTFRB_PUJ2545,724594,725039
1643,LTFRB,Meycauayan Plaridel,"Banga Baranggay Hal, MacArthur Highway, City of Meycauayan - Ang Dating Daan, Balagtas",3,LTFRB_PUJ2546,724594,726014
1643,LTFRB,Meycauayan Plaridel,"Banga Baranggay Hal, MacArthur Highway, City of Meycauayan - Ang Dating Daan, Balagtas",3,LTFRB_PUJ2546,724594,726354
1644,LTFRB,Meycauayan Plaridel,"Ang Dating Daan, Balagtas - Banga Baranggay Hal, MacArthur Highway, City of Meycauayan",3,LTFRB_PUJ2547,724594,726300
1645,LTFRB,Meycauayan Recto via BBB Monumento,"Valariano Fugoso, Manila - Meycauayan College, MacArthur Highway, City of Meycauayan",3,LTFRB_PUJ2548,724594,726333
1646,LTFRB,Meycauayan Recto via BBB Monumento,"Meycauayan College, MacArthur Highway, City of Meycauayan - Valariano Fugoso, Manila",3,LTFRB_PUJ2549,724594,725392
1647,LTFRB,Molino-Soldiers Hills,"Alvarez Extension / Magdiwang Rd Intersection, Las Piñas City, Manila - Magdiwang Rd, Las Piñas City, Manila",3,LTFRB_PUJ2550,724594,726015
1648,LTFRB,Molino-Zapote,"Mariche Apartelle, Mariche Apartelle - Molino Rd, Bacoor City, Manila",3,LTFRB_PUJ2551,724594,725974
1649,LTFRB,Molino-Zapote,"Talaba IV Barangay Hall, Emilio Aguinaldo Hwy, Bacoor City, Manila - Mariche Apartelle, Mariche Apartelle",3,LTFRB_PUJ2552,724594,726134
1650,LTFRB,Monumento Bocaue,"Bonifacio Market, MacArthur Highway, Caloocan City - Sto. Nino Academy, MacArthur Highway, Bocaue, Bulacan",3,LTFRB_PUJ2553,724594,725095
1651,LTFRB,Monumento Bocaue,"Sto. Nino Academy, MacArthur Highway, Bocaue, Bulacan - Bonifacio Market, MacArthur Highway, Caloocan City",3,LTFRB_PUJ2554,724594,726377
1652,LTFRB,Monumento Divisoria via A Santos,"Antonio Rivera, Manila - Monumento, Rizal Avenue, Caloocan City",3,LTFRB_PUJ2555,724594,726138
1653,LTFRB,Monumento Divisoria via A Santos,"Rizal Ave / 8th Ave West, Caloocan City, Manila - Claro M. Recto Ave / Jose Abad Santos Ave. Intersection, Manila",3,LTFRB_PUJ2556,724594,725571
1654,LTFRB,Monumento Malanday,"Bonifacio Market, MacArthur Highway, Caloocan City - Mananday Tricycle and Pedicab Terminal, MacArthur Highway, Malanday, Valenzuela City",3,LTFRB_PUJ2557,724594,724926
1655,LTFRB,Monumento Malanday,"Mananday Tricycle and Pedicab Terminal, MacArthur Highway, Malanday, Valenzuela City - Bonifacio Market, MacArthur Highway, Caloocan City",3,LTFRB_PUJ2558,724594,725685
1656,LTFRB,Monumento Malolos,"Bonifacio Market, MacArthur Highway, Caloocan City - Ang Dating Daan, Balagtas",3,LTFRB_PUJ2559,724594,724674
1657,LTFRB,Monumento Malolos,"Ang Dating Daan, Balagtas - Bonifacio Market, MacArthur Highway, Caloocan City",3,LTFRB_PUJ2560,724594,725054
1658,LTFRB,Monumento Polo,"Floresco North Mortuary, MacArthur Highway, Caloocan City - San Diego de Alcala Parish, Palassan Road, Kapitan Viilila, Valenzuela City",3,LTFRB_PUJ2561,724594,725586
1659,LTFRB,Monumento Polo,"San Diego de Alcala Parish, Palassan Road, Kapitan Viilila, Valenzuela City - Floresco North Mortuary, MacArthur Highway, Caloocan City",3,LTFRB_PUJ2562,724594,725046
1660,LTFRB,Multinational Vill Gate along Imelda Ave,"Multinational Avenue, Paranaque City - Multinational Avenue, Paranaque City",3,LTFRB_PUJ2563,724594,726248
1661,LTFRB,Multinational Vill Gate along Imelda Ave,"Multinational Avenue, Paranaque City - Multinational Avenue, Paranaque City",3,LTFRB_PUJ2564,724594,726042
1662,LTFRB,Munoz Market Pantranco,"Philipine Maritime Institute, Roosevelt Avenue, Quezon City - Dangay, Quezon City",3,LTFRB_PUJ2565,724594,725840
1663,LTFRB,Munoz Market Pantranco,"Dangay, Quezon City - Roosevelt Avenue / Atty. Pal Senador Sr. Intersection, Quezon City",3,LTFRB_PUJ2566,724594,724942
1664,LTFRB,Munoz Market Pantranco,"Roosevelt Avenue / Baler Intersection, Quezon City - Quezon Avenue / Roosevelt Avenue Intersection, Quezon City",3,LTFRB_PUJ2567,724594,725703
1665,LTFRB,Munoz Market V Cruz Mabini via San Joaquin,"HP Village Square, Pablo Ocampo Sr., Manila - T.M. Kalaw / Maria Y. Orosa St",3,LTFRB_PUJ2568,724594,726159
1666,LTFRB,Munoz Market V Cruz Mabini via San Joaquin,"Maria Y. Orosa St, Manila - Roosevelt Avenue / Adams Intersection, Quezon City",3,LTFRB_PUJ2569,724594,726163
1667,LTFRB,Munoz Market V Cruz Mabini via San Joaquin,"Roosevelt Avenue / Road B Intersection, Quezon City - HP Village Square, Pablo Ocampo Sr., Manila",3,LTFRB_PUJ2570,724594,725158
1668,LTFRB,Munoz-Remedios via Sta Cruz,"Leon Guinto Sr., Manila - Roosevelt Avenue / Adams Intersection, Quezon City",3,LTFRB_PUJ2571,724594,725094
1669,LTFRB,Munoz-Remedios via Sta Cruz,"Roosevelt Avenue / Road B Intersection, Quezon City - Taft Ave, Manila",3,LTFRB_PUJ2572,724594,725106
1670,LTFRB,Napindan-Pasig via Nascor,"Labao, Pasig City - M Concepcion Ave, Pasig City",3,LTFRB_PUJ2573,724594,725365
1671,LTFRB,Napindan-Pasig via Nascor,"M Concepcion Ave, Pasig City - Labao, Pasig City",3,LTFRB_PUJ2574,724594,725258
1672,LTFRB,Napindan-Pasig via Pateros,"F.Manalo / L.Labao Intersection, Taguig City, Manila - M. Almeda, Pateros, Manila",3,LTFRB_PUJ2575,724594,724755
1673,LTFRB,Napindan-Pasig via Pateros,"M. Almeda, Pateros, Manila - F.Manalo / L.Labao Intersection, Taguig City, Manila",3,LTFRB_PUJ2576,724594,725940
1674,LTFRB,NPasig-Crossing via Taytay,"Rizal Ave / B.A. Cruz Intersection, Taytay, Manila - Mayflower, Mandaluyong City, Manila",3,LTFRB_PUJ2577,724594,725844
1675,LTFRB,NPasig-Crossing via Taytay,"Caruncho Ave / Market Ave Intersection, Pasig City, Manila - Sheridan / United Street, Mandaluyong City, Manila",3,LTFRB_PUJ2578,724594,725170
1675,LTFRB,NPasig-Crossing via Taytay,"Caruncho Ave / Market Ave Intersection, Pasig City, Manila - Sheridan / United Street, Mandaluyong City, Manila",3,LTFRB_PUJ2578,724594,725725
1676,LTFRB,Pasig-Cubao,"Ortigas Ave, Pagis City, Manila - General Romulo Ave / Aurora Blvd Intersection, Quezon City, Manila",3,LTFRB_PUJ2579,724594,725721
1677,LTFRB,Pasig-Quiapo via Sta Mesa,"Balderama / Caruncho Ave, Pasig City, Manila - Quezon Blvd, Manila",3,LTFRB_PUJ2581,724594,725748
1678,LTFRB,Pasig-Quiapo via Sta Mesa,"Quezon Blvd, Manila - Balderama / Caruncho Ave, Pasig City, Manila",3,LTFRB_PUJ2582,724594,725240
1679,LTFRB,Pasig-Stop Shop,"Balderama / Caruncho Ave, Pasig City, Manila - P. Casal, Manila",3,LTFRB_PUJ2583,724594,726151
1680,LTFRB,Pasig-Stop Shop,"Carlos Palanca Sr, Manila - Balderama / Caruncho Ave, Pasig City, Manila",3,LTFRB_PUJ2584,724594,726252
1681,LTFRB,Pasig-Taytay,"Rizal Avenue, Taytay, Manila - Caruncho Ave / Market Ave Intersection, Pasig City, Manila",3,LTFRB_PUJ2585,724594,724915
1682,LTFRB,Pasig-Taytay,"Balderama / Caruncho Ave, Pasig City, Manila - Rizal Avenue, Taytay, Manila",3,LTFRB_PUJ2586,724594,725955
1683,LTFRB,Pasig-Ugong via Rodriguez,"JP Raceway, Pasig City, Manila - Caruncho Ave, Pasig City, Manila",3,LTFRB_PUJ2588,724594,725849
1684,LTFRB,Rosario-San Juan Taytay,"Manila Road East, Taytay, Manila - Ortigas Ave, Pasig City, Manila",3,LTFRB_PUJ2589,724594,724700
1685,LTFRB,Rosario-San Juan Taytay,"Ortigas Ave, Pasig City, Manila - Manila Road East, Taytay, Manila",3,LTFRB_PUJ2590,724594,724686
1686,LTFRB,Rosario Jct-San Juan via Pinaglabanan,"Ortigas Ave / Dr Sixto Antonio Ave Intersection, Pasig City, Manila - N.Domingo,  San Juan, Manila",3,LTFRB_PUJ2591,724594,724992
1686,LTFRB,Rosario Jct-San Juan via Pinaglabanan,"Ortigas Ave / Dr Sixto Antonio Ave Intersection, Pasig City, Manila - N.Domingo,  San Juan, Manila",3,LTFRB_PUJ2591,724594,725379
1687,LTFRB,Rosario Jct-San Juan via Pinaglabanan,"N.Domingo,  San Juan, Manila - Ortigas Ave / Dr Sixto Antonio Ave Intersection, Pasig City, Manila",3,LTFRB_PUJ2592,724594,725853
1688,LTFRB,Sucat-SM MOA,"Dr A. Santos Ave, Parañaque City, Manila - Epifanio de los Santos Avenue, Lungsod ng Pasay",3,LTFRB_PUJ2593,724594,725894
1689,LTFRB,Sucat-SM MOA,"Epifanio de los Santos Avenue, Lungsod ng Pasay - Dr A. Santos Ave, Parañaque City, Manila",3,LTFRB_PUJ2594,724594,726361
1690,LTFRB,Taytay-Rosario,"Manila Road East, Taytay, Manila - N.Domingo,  San Juan, Manila",3,LTFRB_PUJ2595,724594,725898
1691,LTFRB,Taytay-Rosario,"N.Domingo,  San Juan, Manila - Manila Road East, Taytay, Manila",3,LTFRB_PUJ2596,724594,724764
1692,LTFRB,Angono EDSA Shaw Blvd,"Quezon Ave / R. Tolentino Intersection, Angono, Manila - Epifanio de los Santos Avenue /  Shaw Blvd Intersection, Mandaluyong City, Manila",3,LTFRB_PUJ2597,724594,725237
1693,LTFRB,Angono EDSA Shaw Blvd,"Meralco Ave, Pasig City, Manila - Quezon Ave / R. Tolentino Intersection, Angono, Manila",3,LTFRB_PUJ2598,724594,725797
1694,LTFRB,Arroceros Frisco,"Taft Ave, Manila - 7/11 Del Monte Avenue, Quezon City",3,LTFRB_PUJ2599,724594,725682
1695,LTFRB,Arroceros Frisco,"7/11 Del Monte Avenue, Quezon City - Taft Ave, Manila",3,LTFRB_PUJ2600,724594,726130
1696,LTFRB,Arroceros Philcoa via Quezon Ave,"Taft Ave, Manila - Philippine Coconut Authority, Commonwealth Avenue, Quezon City",3,LTFRB_PUJ2601,724594,725905
1697,LTFRB,Arroceros Philcoa via Quezon Ave,"Agricultural Training Institute, Elliptical Rd, Quezon City - Taft Ave, Manila",3,LTFRB_PUJ2602,724594,725371
1698,LTFRB,Arroceros Proj 2&3 via Timog Q ave,"Taft Ave, Manila - Tomas Morato Ave, Quezon City, Manila",3,LTFRB_PUJ2603,724594,726034
1699,LTFRB,Arroceros Proj 2&3 via Timog Q ave,"Tomas Morato Ave, Quezon City, Manila - Taft Ave, Manila",3,LTFRB_PUJ2604,724594,725443
1700,LTFRB,Arroceros Proj 6 via Quezon Ave,"Taft Ave, Manila - West Avenue, Quezon City",3,LTFRB_PUJ2605,724594,724682
1701,LTFRB,Arroceros Proj 6 via Quezon Ave,"West Avenue, Quezon City - Taft Ave, Manila",3,LTFRB_PUJ2606,724594,726385
1702,LTFRB,Arroceros Proj 7 via Espana,"Taft Ave, Manila - FHELSEN, Epifanio de los Santos Avenue, Quezon City",3,LTFRB_PUJ2607,724594,725731
1703,LTFRB,Arroceros Proj 7 via Espana,"Epifanio de los Santos Avenue near Walter Mart Service Road, Quezon City - Taft Ave, Manila",3,LTFRB_PUJ2608,724594,725900
1704,LTFRB,Arroceros Retiro via Dimasalang,"Taft Ave, Manila - Dimasalang / Aurora Boulevard Intersection, Quezon City",3,LTFRB_PUJ2609,724594,726148
1705,LTFRB,Arroceros Retiro via Dimasalang,"Dimasalang / Aurora Boulevard Intersection, Quezon City - Taft Ave, Manila",3,LTFRB_PUJ2610,724594,726165
1706,LTFRB,BF Homes Paranaque Sucat SSH,"Dr A. Santos Ave, Parañaque City, Manila - Dr A. Santos Ave / President's Ave Intersection, Parañaque City, Manila",3,LTFRB_PUJ2611,724594,726359
1707,LTFRB,BF Homes Paranaque Sucat SSH,"Dr A. Santos Ave / President's Ave Intersection, Parañaque City, Manila - Dr A. Santos Ave, Parañaque City, Manila",3,LTFRB_PUJ2612,724594,724961
1708,LTFRB,Brgy Ayala Alabang Alabang Market,"Spectrum Midway Extension, Montinlupa City - Avacia Avenue, Montinlupa City",3,LTFRB_PUJ2613,724594,726217
1709,LTFRB,Brgy Ayala Alabang Alabang Market,"Alabang-Zapote Road, Muntinlupa City, Manila - Spectrum Midway Extension, Montinlupa City",3,LTFRB_PUJ2614,724594,724972
1710,LTFRB,DagatDagatan Delpan via Divisoria,"Sto. Nino Church, Nicolas Zamora, Manila - President Ferdinand E. Marcos Highway, Tondo",3,LTFRB_PUJ2615,724594,724758
1711,LTFRB,DagatDagatan Delpan via Divisoria,"President Ferdinand E. Marcos Highway, Tondo - Sto. Nino Church, Nicolas Zamora, Manila",3,LTFRB_PUJ2616,724594,726024
1712,LTFRB,Dampalit Hulo Palengke,"Kamias Rd / Kasing-Kasing Intersection, Quezon City, Manila - Sto Rosario Parish, Don Bastilio Bautista Boulevard, Malabon City",3,LTFRB_PUJ2617,724594,725661
1713,LTFRB,Dampalit Hulo Palengke,"Sto Rosario Parish, Don Bastilio Bautista Boulevard, Malabon City - Kamias Rd / Kasing-Kasing Intersection, Quezon City, Manila",3,LTFRB_PUJ2618,724594,724806
1714,MRTC,Taft Ave - North Ave,MRT3 line from Taft Avenue to North Avenue,2,ROUTE_880854,880851,881478
1714,MRTC,Taft Ave - North Ave,MRT3 line from Taft Avenue to North Avenue,2,ROUTE_880854,880851,881478
1714,MRTC,Taft Ave - North Ave,MRT3 line from Taft Avenue to North Avenue,2,ROUTE_880854,880851,881478
1714,MRTC,Taft Ave - North Ave,MRT3 line from Taft Avenue to North Avenue,2,ROUTE_880854,880851,881478
1714,MRTC,Taft Ave - North Ave,MRT3 line from Taft Avenue to North Avenue,2,ROUTE_880854,880851,881478
1714,MRTC,Taft Ave - North Ave,MRT3 line from Taft Avenue to North Avenue,2,ROUTE_880854,880851,881478
1714,MRTC,Taft Ave - North Ave,MRT3 line from Taft Avenue to North Avenue,2,ROUTE_880854,880851,881478
1714,MRTC,Taft Ave - North Ave,MRT3 line from Taft Avenue to North Avenue,2,ROUTE_880854,880851,881478
1714,MRTC,Taft Ave - North Ave,MRT3 line from Taft Avenue to North Avenue,2,ROUTE_880854,880851,881478
1714,MRTC,Taft Ave - North Ave,MRT3 line from Taft Avenue to North Avenue,2,ROUTE_880854,880851,881478
1714,MRTC,Taft Ave - North Ave,MRT3 line from Taft Avenue to North Avenue,2,ROUTE_880854,880851,881478
1714,MRTC,Taft Ave - North Ave,MRT3 line from Taft Avenue to North Avenue,2,ROUTE_880854,880851,881478
1714,MRTC,Taft Ave - North Ave,MRT3 line from Taft Avenue to North Avenue,2,ROUTE_880854,880851,881478
1714,MRTC,Taft Ave - North Ave,MRT3 line from Taft Avenue to North Avenue,2,ROUTE_880854,880851,881478
1714,MRTC,Taft Ave - North Ave,MRT3 line from Taft Avenue to North Avenue,2,ROUTE_880854,880851,881478
1714,MRTC,Taft Ave - North Ave,MRT3 line from Taft Avenue to North Avenue,2,ROUTE_880854,880851,881478
1714,MRTC,Taft Ave - North Ave,MRT3 line from Taft Avenue to North Avenue,2,ROUTE_880854,880851,881478
1714,MRTC,Taft Ave - North Ave,MRT3 line from Taft Avenue to North Avenue,2,ROUTE_880854,880851,881478
1714,MRTC,Taft Ave - North Ave,MRT3 line from Taft Avenue to North Avenue,2,ROUTE_880854,880851,881478
1714,MRTC,Taft Ave - North Ave,MRT3 line from Taft Avenue to North Avenue,2,ROUTE_880854,880851,881478
1714,MRTC,Taft Ave - North Ave,MRT3 line from Taft Avenue to North Avenue,2,ROUTE_880854,880851,881478
1714,MRTC,Taft Ave - North Ave,MRT3 line from Taft Avenue to North Avenue,2,ROUTE_880854,880851,881478
1714,MRTC,Taft Ave - North Ave,MRT3 line from Taft Avenue to North Avenue,2,ROUTE_880854,880851,881478
1714,MRTC,Taft Ave - North Ave,MRT3 line from Taft Avenue to North Avenue,2,ROUTE_880854,880851,881478
1714,MRTC,Taft Ave - North Ave,MRT3 line from Taft Avenue to North Avenue,2,ROUTE_880854,880851,881478
1714,MRTC,Taft Ave - North Ave,MRT3 line from Taft Avenue to North Avenue,2,ROUTE_880854,880851,881478
1714,MRTC,Taft Ave - North Ave,MRT3 line from Taft Avenue to North Avenue,2,ROUTE_880854,880851,881478
1714,MRTC,Taft Ave - North Ave,MRT3 line from Taft Avenue to North Avenue,2,ROUTE_880854,880851,881478
1714,MRTC,Taft Ave - North Ave,MRT3 line from Taft Avenue to North Avenue,2,ROUTE_880854,880851,881478
1714,MRTC,Taft Ave - North Ave,MRT3 line from Taft Avenue to North Avenue,2,ROUTE_880854,880851,881479
1714,MRTC,Taft Ave - North Ave,MRT3 line from Taft Avenue to North Avenue,2,ROUTE_880854,880851,881479
1714,MRTC,Taft Ave - North Ave,MRT3 line from Taft Avenue to North Avenue,2,ROUTE_880854,880851,881479
1714,MRTC,Taft Ave - North Ave,MRT3 line from Taft Avenue to North Avenue,2,ROUTE_880854,880851,881479
1714,MRTC,Taft Ave - North Ave,MRT3 line from Taft Avenue to North Avenue,2,ROUTE_880854,880851,881479
1714,MRTC,Taft Ave - North Ave,MRT3 line from Taft Avenue to North Avenue,2,ROUTE_880854,880851,881479
1714,MRTC,Taft Ave - North Ave,MRT3 line from Taft Avenue to North Avenue,2,ROUTE_880854,880851,881479
1714,MRTC,Taft Ave - North Ave,MRT3 line from Taft Avenue to North Avenue,2,ROUTE_880854,880851,881479
1714,MRTC,Taft Ave - North Ave,MRT3 line from Taft Avenue to North Avenue,2,ROUTE_880854,880851,881479
1714,MRTC,Taft Ave - North Ave,MRT3 line from Taft Avenue to North Avenue,2,ROUTE_880854,880851,881479
1714,MRTC,Taft Ave - North Ave,MRT3 line from Taft Avenue to North Avenue,2,ROUTE_880854,880851,881479
1714,MRTC,Taft Ave - North Ave,MRT3 line from Taft Avenue to North Avenue,2,ROUTE_880854,880851,881479
1714,MRTC,Taft Ave - North Ave,MRT3 line from Taft Avenue to North Avenue,2,ROUTE_880854,880851,881479
1714,MRTC,Taft Ave - North Ave,MRT3 line from Taft Avenue to North Avenue,2,ROUTE_880854,880851,881479
1714,MRTC,Taft Ave - North Ave,MRT3 line from Taft Avenue to North Avenue,2,ROUTE_880854,880851,881479
1714,MRTC,Taft Ave - North Ave,MRT3 line from Taft Avenue to North Avenue,2,ROUTE_880854,880851,881479
1714,MRTC,Taft Ave - North Ave,MRT3 line from Taft Avenue to North Avenue,2,ROUTE_880854,880851,881479
1714,MRTC,Taft Ave - North Ave,MRT3 line from Taft Avenue to North Avenue,2,ROUTE_880854,880851,881479
1714,MRTC,Taft Ave - North Ave,MRT3 line from Taft Avenue to North Avenue,2,ROUTE_880854,880851,881479
1714,MRTC,Taft Ave - North Ave,MRT3 line from Taft Avenue to North Avenue,2,ROUTE_880854,880851,881479
1714,MRTC,Taft Ave - North Ave,MRT3 line from Taft Avenue to North Avenue,2,ROUTE_880854,880851,881479
1714,MRTC,Taft Ave - North Ave,MRT3 line from Taft Avenue to North Avenue,2,ROUTE_880854,880851,881479
1714,MRTC,Taft Ave - North Ave,MRT3 line from Taft Avenue to North Avenue,2,ROUTE_880854,880851,881479
1714,MRTC,Taft Ave - North Ave,MRT3 line from Taft Avenue to North Avenue,2,ROUTE_880854,880851,881479
1714,MRTC,Taft Ave - North Ave,MRT3 line from Taft Avenue to North Avenue,2,ROUTE_880854,880851,881479
1714,MRTC,Taft Ave - North Ave,MRT3 line from Taft Avenue to North Avenue,2,ROUTE_880854,880851,881479
1714,MRTC,Taft Ave - North Ave,MRT3 line from Taft Avenue to North Avenue,2,ROUTE_880854,880851,881479
1714,MRTC,Taft Ave - North Ave,MRT3 line from Taft Avenue to North Avenue,2,ROUTE_880854,880851,881479
1714,MRTC,Taft Ave - North Ave,MRT3 line from Taft Avenue to North Avenue,2,ROUTE_880854,880851,881479
1714,MRTC,Taft Ave - North Ave,MRT3 line from Taft Avenue to North Avenue,2,ROUTE_880854,880851,881480
1714,MRTC,Taft Ave - North Ave,MRT3 line from Taft Avenue to North Avenue,2,ROUTE_880854,880851,881480
1714,MRTC,Taft Ave - North Ave,MRT3 line from Taft Avenue to North Avenue,2,ROUTE_880854,880851,881480
1714,MRTC,Taft Ave - North Ave,MRT3 line from Taft Avenue to North Avenue,2,ROUTE_880854,880851,881480
1714,MRTC,Taft Ave - North Ave,MRT3 line from Taft Avenue to North Avenue,2,ROUTE_880854,880851,881480
1714,MRTC,Taft Ave - North Ave,MRT3 line from Taft Avenue to North Avenue,2,ROUTE_880854,880851,881480
1714,MRTC,Taft Ave - North Ave,MRT3 line from Taft Avenue to North Avenue,2,ROUTE_880854,880851,881480
1714,MRTC,Taft Ave - North Ave,MRT3 line from Taft Avenue to North Avenue,2,ROUTE_880854,880851,881480
1714,MRTC,Taft Ave - North Ave,MRT3 line from Taft Avenue to North Avenue,2,ROUTE_880854,880851,881480
1714,MRTC,Taft Ave - North Ave,MRT3 line from Taft Avenue to North Avenue,2,ROUTE_880854,880851,881480
1714,MRTC,Taft Ave - North Ave,MRT3 line from Taft Avenue to North Avenue,2,ROUTE_880854,880851,881480
1714,MRTC,Taft Ave - North Ave,MRT3 line from Taft Avenue to North Avenue,2,ROUTE_880854,880851,881480
1714,MRTC,Taft Ave - North Ave,MRT3 line from Taft Avenue to North Avenue,2,ROUTE_880854,880851,881480
1714,MRTC,Taft Ave - North Ave,MRT3 line from Taft Avenue to North Avenue,2,ROUTE_880854,880851,881480
1714,MRTC,Taft Ave - North Ave,MRT3 line from Taft Avenue to North Avenue,2,ROUTE_880854,880851,881480
1714,MRTC,Taft Ave - North Ave,MRT3 line from Taft Avenue to North Avenue,2,ROUTE_880854,880851,881480
1714,MRTC,Taft Ave - North Ave,MRT3 line from Taft Avenue to North Avenue,2,ROUTE_880854,880851,881480
1714,MRTC,Taft Ave - North Ave,MRT3 line from Taft Avenue to North Avenue,2,ROUTE_880854,880851,881480
1714,MRTC,Taft Ave - North Ave,MRT3 line from Taft Avenue to North Avenue,2,ROUTE_880854,880851,881480
1714,MRTC,Taft Ave - North Ave,MRT3 line from Taft Avenue to North Avenue,2,ROUTE_880854,880851,881480
1714,MRTC,Taft Ave - North Ave,MRT3 line from Taft Avenue to North Avenue,2,ROUTE_880854,880851,881480
1714,MRTC,Taft Ave - North Ave,MRT3 line from Taft Avenue to North Avenue,2,ROUTE_880854,880851,881480
1714,MRTC,Taft Ave - North Ave,MRT3 line from Taft Avenue to North Avenue,2,ROUTE_880854,880851,881480
1714,MRTC,Taft Ave - North Ave,MRT3 line from Taft Avenue to North Avenue,2,ROUTE_880854,880851,881480
1714,MRTC,Taft Ave - North Ave,MRT3 line from Taft Avenue to North Avenue,2,ROUTE_880854,880851,881480
1714,MRTC,Taft Ave - North Ave,MRT3 line from Taft Avenue to North Avenue,2,ROUTE_880854,880851,881480
1714,MRTC,Taft Ave - North Ave,MRT3 line from Taft Avenue to North Avenue,2,ROUTE_880854,880851,881480
1714,MRTC,Taft Ave - North Ave,MRT3 line from Taft Avenue to North Avenue,2,ROUTE_880854,880851,881480
1714,MRTC,Taft Ave - North Ave,MRT3 line from Taft Avenue to North Avenue,2,ROUTE_880854,880851,881480
1714,MRTC,Taft Ave - North Ave,MRT3 line from Taft Avenue to North Avenue,2,ROUTE_880854,880851,881481
1714,MRTC,Taft Ave - North Ave,MRT3 line from Taft Avenue to North Avenue,2,ROUTE_880854,880851,881481
1714,MRTC,Taft Ave - North Ave,MRT3 line from Taft Avenue to North Avenue,2,ROUTE_880854,880851,881481
1714,MRTC,Taft Ave - North Ave,MRT3 line from Taft Avenue to North Avenue,2,ROUTE_880854,880851,881481
1714,MRTC,Taft Ave - North Ave,MRT3 line from Taft Avenue to North Avenue,2,ROUTE_880854,880851,881481
1714,MRTC,Taft Ave - North Ave,MRT3 line from Taft Avenue to North Avenue,2,ROUTE_880854,880851,881481
1714,MRTC,Taft Ave - North Ave,MRT3 line from Taft Avenue to North Avenue,2,ROUTE_880854,880851,881481
1714,MRTC,Taft Ave - North Ave,MRT3 line from Taft Avenue to North Avenue,2,ROUTE_880854,880851,881481
1714,MRTC,Taft Ave - North Ave,MRT3 line from Taft Avenue to North Avenue,2,ROUTE_880854,880851,881481
1714,MRTC,Taft Ave - North Ave,MRT3 line from Taft Avenue to North Avenue,2,ROUTE_880854,880851,881481
1714,MRTC,Taft Ave - North Ave,MRT3 line from Taft Avenue to North Avenue,2,ROUTE_880854,880851,881481
1714,MRTC,Taft Ave - North Ave,MRT3 line from Taft Avenue to North Avenue,2,ROUTE_880854,880851,881481
1714,MRTC,Taft Ave - North Ave,MRT3 line from Taft Avenue to North Avenue,2,ROUTE_880854,880851,881481
1714,MRTC,Taft Ave - North Ave,MRT3 line from Taft Avenue to North Avenue,2,ROUTE_880854,880851,881481
1714,MRTC,Taft Ave - North Ave,MRT3 line from Taft Avenue to North Avenue,2,ROUTE_880854,880851,881481
1714,MRTC,Taft Ave - North Ave,MRT3 line from Taft Avenue to North Avenue,2,ROUTE_880854,880851,881481
1714,MRTC,Taft Ave - North Ave,MRT3 line from Taft Avenue to North Avenue,2,ROUTE_880854,880851,881481
1714,MRTC,Taft Ave - North Ave,MRT3 line from Taft Avenue to North Avenue,2,ROUTE_880854,880851,881481
1714,MRTC,Taft Ave - North Ave,MRT3 line from Taft Avenue to North Avenue,2,ROUTE_880854,880851,881481
1714,MRTC,Taft Ave - North Ave,MRT3 line from Taft Avenue to North Avenue,2,ROUTE_880854,880851,881481
1714,MRTC,Taft Ave - North Ave,MRT3 line from Taft Avenue to North Avenue,2,ROUTE_880854,880851,881481
1714,MRTC,Taft Ave - North Ave,MRT3 line from Taft Avenue to North Avenue,2,ROUTE_880854,880851,881481
1714,MRTC,Taft Ave - North Ave,MRT3 line from Taft Avenue to North Avenue,2,ROUTE_880854,880851,881481
1714,MRTC,Taft Ave - North Ave,MRT3 line from Taft Avenue to North Avenue,2,ROUTE_880854,880851,881481
1714,MRTC,Taft Ave - North Ave,MRT3 line from Taft Avenue to North Avenue,2,ROUTE_880854,880851,881481
1714,MRTC,Taft Ave - North Ave,MRT3 line from Taft Avenue to North Avenue,2,ROUTE_880854,880851,881481
1714,MRTC,Taft Ave - North Ave,MRT3 line from Taft Avenue to North Avenue,2,ROUTE_880854,880851,881481
1714,MRTC,Taft Ave - North Ave,MRT3 line from Taft Avenue to North Avenue,2,ROUTE_880854,880851,881481
1714,MRTC,Taft Ave - North Ave,MRT3 line from Taft Avenue to North Avenue,2,ROUTE_880854,880851,881481
1714,MRTC,Taft Ave - North Ave,MRT3 line from Taft Avenue to North Avenue,2,ROUTE_880854,880851,881482
1714,MRTC,Taft Ave - North Ave,MRT3 line from Taft Avenue to North Avenue,2,ROUTE_880854,880851,881482
1714,MRTC,Taft Ave - North Ave,MRT3 line from Taft Avenue to North Avenue,2,ROUTE_880854,880851,881482
1714,MRTC,Taft Ave - North Ave,MRT3 line from Taft Avenue to North Avenue,2,ROUTE_880854,880851,881482
1714,MRTC,Taft Ave - North Ave,MRT3 line from Taft Avenue to North Avenue,2,ROUTE_880854,880851,881482
1714,MRTC,Taft Ave - North Ave,MRT3 line from Taft Avenue to North Avenue,2,ROUTE_880854,880851,881482
1714,MRTC,Taft Ave - North Ave,MRT3 line from Taft Avenue to North Avenue,2,ROUTE_880854,880851,881482
1714,MRTC,Taft Ave - North Ave,MRT3 line from Taft Avenue to North Avenue,2,ROUTE_880854,880851,881482
1714,MRTC,Taft Ave - North Ave,MRT3 line from Taft Avenue to North Avenue,2,ROUTE_880854,880851,881482
1714,MRTC,Taft Ave - North Ave,MRT3 line from Taft Avenue to North Avenue,2,ROUTE_880854,880851,881482
1714,MRTC,Taft Ave - North Ave,MRT3 line from Taft Avenue to North Avenue,2,ROUTE_880854,880851,881482
1714,MRTC,Taft Ave - North Ave,MRT3 line from Taft Avenue to North Avenue,2,ROUTE_880854,880851,881482
1714,MRTC,Taft Ave - North Ave,MRT3 line from Taft Avenue to North Avenue,2,ROUTE_880854,880851,881482
1714,MRTC,Taft Ave - North Ave,MRT3 line from Taft Avenue to North Avenue,2,ROUTE_880854,880851,881482
1714,MRTC,Taft Ave - North Ave,MRT3 line from Taft Avenue to North Avenue,2,ROUTE_880854,880851,881482
1714,MRTC,Taft Ave - North Ave,MRT3 line from Taft Avenue to North Avenue,2,ROUTE_880854,880851,881482
1714,MRTC,Taft Ave - North Ave,MRT3 line from Taft Avenue to North Avenue,2,ROUTE_880854,880851,881482
1714,MRTC,Taft Ave - North Ave,MRT3 line from Taft Avenue to North Avenue,2,ROUTE_880854,880851,881482
1714,MRTC,Taft Ave - North Ave,MRT3 line from Taft Avenue to North Avenue,2,ROUTE_880854,880851,881482
1714,MRTC,Taft Ave - North Ave,MRT3 line from Taft Avenue to North Avenue,2,ROUTE_880854,880851,881482
1714,MRTC,Taft Ave - North Ave,MRT3 line from Taft Avenue to North Avenue,2,ROUTE_880854,880851,881482
1714,MRTC,Taft Ave - North Ave,MRT3 line from Taft Avenue to North Avenue,2,ROUTE_880854,880851,881482
1714,MRTC,Taft Ave - North Ave,MRT3 line from Taft Avenue to North Avenue,2,ROUTE_880854,880851,881482
1714,MRTC,Taft Ave - North Ave,MRT3 line from Taft Avenue to North Avenue,2,ROUTE_880854,880851,881482
1714,MRTC,Taft Ave - North Ave,MRT3 line from Taft Avenue to North Avenue,2,ROUTE_880854,880851,881482
1714,MRTC,Taft Ave - North Ave,MRT3 line from Taft Avenue to North Avenue,2,ROUTE_880854,880851,881482
1714,MRTC,Taft Ave - North Ave,MRT3 line from Taft Avenue to North Avenue,2,ROUTE_880854,880851,881482
1714,MRTC,Taft Ave - North Ave,MRT3 line from Taft Avenue to North Avenue,2,ROUTE_880854,880851,881482
1714,MRTC,Taft Ave - North Ave,MRT3 line from Taft Avenue to North Avenue,2,ROUTE_880854,880851,881482
1714,MRTC,Taft Ave - North Ave,MRT3 line from Taft Avenue to North Avenue,2,ROUTE_880854,880851,882079
1714,MRTC,Taft Ave - North Ave,MRT3 line from Taft Avenue to North Avenue,2,ROUTE_880854,880851,882079
1714,MRTC,Taft Ave - North Ave,MRT3 line from Taft Avenue to North Avenue,2,ROUTE_880854,880851,882079
1714,MRTC,Taft Ave - North Ave,MRT3 line from Taft Avenue to North Avenue,2,ROUTE_880854,880851,882079
1714,MRTC,Taft Ave - North Ave,MRT3 line from Taft Avenue to North Avenue,2,ROUTE_880854,880851,882079
1714,MRTC,Taft Ave - North Ave,MRT3 line from Taft Avenue to North Avenue,2,ROUTE_880854,880851,882079
1714,MRTC,Taft Ave - North Ave,MRT3 line from Taft Avenue to North Avenue,2,ROUTE_880854,880851,882079
1714,MRTC,Taft Ave - North Ave,MRT3 line from Taft Avenue to North Avenue,2,ROUTE_880854,880851,882079
1714,MRTC,Taft Ave - North Ave,MRT3 line from Taft Avenue to North Avenue,2,ROUTE_880854,880851,882079
1714,MRTC,Taft Ave - North Ave,MRT3 line from Taft Avenue to North Avenue,2,ROUTE_880854,880851,882079
1714,MRTC,Taft Ave - North Ave,MRT3 line from Taft Avenue to North Avenue,2,ROUTE_880854,880851,882079
1714,MRTC,Taft Ave - North Ave,MRT3 line from Taft Avenue to North Avenue,2,ROUTE_880854,880851,882079
1714,MRTC,Taft Ave - North Ave,MRT3 line from Taft Avenue to North Avenue,2,ROUTE_880854,880851,882079
1714,MRTC,Taft Ave - North Ave,MRT3 line from Taft Avenue to North Avenue,2,ROUTE_880854,880851,882079
1714,MRTC,Taft Ave - North Ave,MRT3 line from Taft Avenue to North Avenue,2,ROUTE_880854,880851,882079
1714,MRTC,Taft Ave - North Ave,MRT3 line from Taft Avenue to North Avenue,2,ROUTE_880854,880851,882079
1714,MRTC,Taft Ave - North Ave,MRT3 line from Taft Avenue to North Avenue,2,ROUTE_880854,880851,882079
1714,MRTC,Taft Ave - North Ave,MRT3 line from Taft Avenue to North Avenue,2,ROUTE_880854,880851,882079
1714,MRTC,Taft Ave - North Ave,MRT3 line from Taft Avenue to North Avenue,2,ROUTE_880854,880851,882079
1714,MRTC,Taft Ave - North Ave,MRT3 line from Taft Avenue to North Avenue,2,ROUTE_880854,880851,882079
1714,MRTC,Taft Ave - North Ave,MRT3 line from Taft Avenue to North Avenue,2,ROUTE_880854,880851,882079
1714,MRTC,Taft Ave - North Ave,MRT3 line from Taft Avenue to North Avenue,2,ROUTE_880854,880851,882079
1714,MRTC,Taft Ave - North Ave,MRT3 line from Taft Avenue to North Avenue,2,ROUTE_880854,880851,882079
1714,MRTC,Taft Ave - North Ave,MRT3 line from Taft Avenue to North Avenue,2,ROUTE_880854,880851,882079
1714,MRTC,Taft Ave - North Ave,MRT3 line from Taft Avenue to North Avenue,2,ROUTE_880854,880851,882079
1714,MRTC,Taft Ave - North Ave,MRT3 line from Taft Avenue to North Avenue,2,ROUTE_880854,880851,882079
1714,MRTC,Taft Ave - North Ave,MRT3 line from Taft Avenue to North Avenue,2,ROUTE_880854,880851,882079
1714,MRTC,Taft Ave - North Ave,MRT3 line from Taft Avenue to North Avenue,2,ROUTE_880854,880851,882079
1714,MRTC,Taft Ave - North Ave,MRT3 line from Taft Avenue to North Avenue,2,ROUTE_880854,880851,882079
1714,MRTC,Taft Ave - North Ave,MRT3 line from Taft Avenue to North Avenue,2,ROUTE_880854,880851,882080
1714,MRTC,Taft Ave - North Ave,MRT3 line from Taft Avenue to North Avenue,2,ROUTE_880854,880851,882080
1714,MRTC,Taft Ave - North Ave,MRT3 line from Taft Avenue to North Avenue,2,ROUTE_880854,880851,882080
1714,MRTC,Taft Ave - North Ave,MRT3 line from Taft Avenue to North Avenue,2,ROUTE_880854,880851,882080
1714,MRTC,Taft Ave - North Ave,MRT3 line from Taft Avenue to North Avenue,2,ROUTE_880854,880851,882080
1714,MRTC,Taft Ave - North Ave,MRT3 line from Taft Avenue to North Avenue,2,ROUTE_880854,880851,882080
1714,MRTC,Taft Ave - North Ave,MRT3 line from Taft Avenue to North Avenue,2,ROUTE_880854,880851,882080
1714,MRTC,Taft Ave - North Ave,MRT3 line from Taft Avenue to North Avenue,2,ROUTE_880854,880851,882080
1714,MRTC,Taft Ave - North Ave,MRT3 line from Taft Avenue to North Avenue,2,ROUTE_880854,880851,882080
1714,MRTC,Taft Ave - North Ave,MRT3 line from Taft Avenue to North Avenue,2,ROUTE_880854,880851,882080
1714,MRTC,Taft Ave - North Ave,MRT3 line from Taft Avenue to North Avenue,2,ROUTE_880854,880851,882080
1714,MRTC,Taft Ave - North Ave,MRT3 line from Taft Avenue to North Avenue,2,ROUTE_880854,880851,882080
1714,MRTC,Taft Ave - North Ave,MRT3 line from Taft Avenue to North Avenue,2,ROUTE_880854,880851,882080
1714,MRTC,Taft Ave - North Ave,MRT3 line from Taft Avenue to North Avenue,2,ROUTE_880854,880851,882080
1714,MRTC,Taft Ave - North Ave,MRT3 line from Taft Avenue to North Avenue,2,ROUTE_880854,880851,882080
1714,MRTC,Taft Ave - North Ave,MRT3 line from Taft Avenue to North Avenue,2,ROUTE_880854,880851,882080
1714,MRTC,Taft Ave - North Ave,MRT3 line from Taft Avenue to North Avenue,2,ROUTE_880854,880851,882080
1714,MRTC,Taft Ave - North Ave,MRT3 line from Taft Avenue to North Avenue,2,ROUTE_880854,880851,882080
1714,MRTC,Taft Ave - North Ave,MRT3 line from Taft Avenue to North Avenue,2,ROUTE_880854,880851,882080
1714,MRTC,Taft Ave - North Ave,MRT3 line from Taft Avenue to North Avenue,2,ROUTE_880854,880851,882080
1714,MRTC,Taft Ave - North Ave,MRT3 line from Taft Avenue to North Avenue,2,ROUTE_880854,880851,882080
1714,MRTC,Taft Ave - North Ave,MRT3 line from Taft Avenue to North Avenue,2,ROUTE_880854,880851,882080
1714,MRTC,Taft Ave - North Ave,MRT3 line from Taft Avenue to North Avenue,2,ROUTE_880854,880851,882080
1714,MRTC,Taft Ave - North Ave,MRT3 line from Taft Avenue to North Avenue,2,ROUTE_880854,880851,882080
1714,MRTC,Taft Ave - North Ave,MRT3 line from Taft Avenue to North Avenue,2,ROUTE_880854,880851,882080
1714,MRTC,Taft Ave - North Ave,MRT3 line from Taft Avenue to North Avenue,2,ROUTE_880854,880851,882080
1714,MRTC,Taft Ave - North Ave,MRT3 line from Taft Avenue to North Avenue,2,ROUTE_880854,880851,882080
1714,MRTC,Taft Ave - North Ave,MRT3 line from Taft Avenue to North Avenue,2,ROUTE_880854,880851,882080
1714,MRTC,Taft Ave - North Ave,MRT3 line from Taft Avenue to North Avenue,2,ROUTE_880854,880851,882080
1714,MRTC,Taft Ave - North Ave,MRT3 line from Taft Avenue to North Avenue,2,ROUTE_880854,880851,882083
1714,MRTC,Taft Ave - North Ave,MRT3 line from Taft Avenue to North Avenue,2,ROUTE_880854,880851,882083
1714,MRTC,Taft Ave - North Ave,MRT3 line from Taft Avenue to North Avenue,2,ROUTE_880854,880851,882083
1714,MRTC,Taft Ave - North Ave,MRT3 line from Taft Avenue to North Avenue,2,ROUTE_880854,880851,882083
1714,MRTC,Taft Ave - North Ave,MRT3 line from Taft Avenue to North Avenue,2,ROUTE_880854,880851,882083
1714,MRTC,Taft Ave - North Ave,MRT3 line from Taft Avenue to North Avenue,2,ROUTE_880854,880851,882083
1714,MRTC,Taft Ave - North Ave,MRT3 line from Taft Avenue to North Avenue,2,ROUTE_880854,880851,882083
1714,MRTC,Taft Ave - North Ave,MRT3 line from Taft Avenue to North Avenue,2,ROUTE_880854,880851,882083
1714,MRTC,Taft Ave - North Ave,MRT3 line from Taft Avenue to North Avenue,2,ROUTE_880854,880851,882083
1714,MRTC,Taft Ave - North Ave,MRT3 line from Taft Avenue to North Avenue,2,ROUTE_880854,880851,882083
1714,MRTC,Taft Ave - North Ave,MRT3 line from Taft Avenue to North Avenue,2,ROUTE_880854,880851,882083
1714,MRTC,Taft Ave - North Ave,MRT3 line from Taft Avenue to North Avenue,2,ROUTE_880854,880851,882083
1714,MRTC,Taft Ave - North Ave,MRT3 line from Taft Avenue to North Avenue,2,ROUTE_880854,880851,882083
1714,MRTC,Taft Ave - North Ave,MRT3 line from Taft Avenue to North Avenue,2,ROUTE_880854,880851,882083
1714,MRTC,Taft Ave - North Ave,MRT3 line from Taft Avenue to North Avenue,2,ROUTE_880854,880851,882083
1714,MRTC,Taft Ave - North Ave,MRT3 line from Taft Avenue to North Avenue,2,ROUTE_880854,880851,882083
1714,MRTC,Taft Ave - North Ave,MRT3 line from Taft Avenue to North Avenue,2,ROUTE_880854,880851,882083
1714,MRTC,Taft Ave - North Ave,MRT3 line from Taft Avenue to North Avenue,2,ROUTE_880854,880851,882083
1714,MRTC,Taft Ave - North Ave,MRT3 line from Taft Avenue to North Avenue,2,ROUTE_880854,880851,882083
1714,MRTC,Taft Ave - North Ave,MRT3 line from Taft Avenue to North Avenue,2,ROUTE_880854,880851,882083
1714,MRTC,Taft Ave - North Ave,MRT3 line from Taft Avenue to North Avenue,2,ROUTE_880854,880851,882083
1714,MRTC,Taft Ave - North Ave,MRT3 line from Taft Avenue to North Avenue,2,ROUTE_880854,880851,882083
1714,MRTC,Taft Ave - North Ave,MRT3 line from Taft Avenue to North Avenue,2,ROUTE_880854,880851,882083
1714,MRTC,Taft Ave - North Ave,MRT3 line from Taft Avenue to North Avenue,2,ROUTE_880854,880851,882083
1714,MRTC,Taft Ave - North Ave,MRT3 line from Taft Avenue to North Avenue,2,ROUTE_880854,880851,882083
1714,MRTC,Taft Ave - North Ave,MRT3 line from Taft Avenue to North Avenue,2,ROUTE_880854,880851,882083
1714,MRTC,Taft Ave - North Ave,MRT3 line from Taft Avenue to North Avenue,2,ROUTE_880854,880851,882083
1714,MRTC,Taft Ave - North Ave,MRT3 line from Taft Avenue to North Avenue,2,ROUTE_880854,880851,882083
1714,MRTC,Taft Ave - North Ave,MRT3 line from Taft Avenue to North Avenue,2,ROUTE_880854,880851,882083
1714,MRTC,Taft Ave - North Ave,MRT3 line from Taft Avenue to North Avenue,2,ROUTE_880854,880851,882084
1714,MRTC,Taft Ave - North Ave,MRT3 line from Taft Avenue to North Avenue,2,ROUTE_880854,880851,882084
1714,MRTC,Taft Ave - North Ave,MRT3 line from Taft Avenue to North Avenue,2,ROUTE_880854,880851,882084
1714,MRTC,Taft Ave - North Ave,MRT3 line from Taft Avenue to North Avenue,2,ROUTE_880854,880851,882084
1714,MRTC,Taft Ave - North Ave,MRT3 line from Taft Avenue to North Avenue,2,ROUTE_880854,880851,882084
1714,MRTC,Taft Ave - North Ave,MRT3 line from Taft Avenue to North Avenue,2,ROUTE_880854,880851,882084
1714,MRTC,Taft Ave - North Ave,MRT3 line from Taft Avenue to North Avenue,2,ROUTE_880854,880851,882084
1714,MRTC,Taft Ave - North Ave,MRT3 line from Taft Avenue to North Avenue,2,ROUTE_880854,880851,882084
1714,MRTC,Taft Ave - North Ave,MRT3 line from Taft Avenue to North Avenue,2,ROUTE_880854,880851,882084
1714,MRTC,Taft Ave - North Ave,MRT3 line from Taft Avenue to North Avenue,2,ROUTE_880854,880851,882084
1714,MRTC,Taft Ave - North Ave,MRT3 line from Taft Avenue to North Avenue,2,ROUTE_880854,880851,882084
1714,MRTC,Taft Ave - North Ave,MRT3 line from Taft Avenue to North Avenue,2,ROUTE_880854,880851,882084
1714,MRTC,Taft Ave - North Ave,MRT3 line from Taft Avenue to North Avenue,2,ROUTE_880854,880851,882084
1714,MRTC,Taft Ave - North Ave,MRT3 line from Taft Avenue to North Avenue,2,ROUTE_880854,880851,882084
1714,MRTC,Taft Ave - North Ave,MRT3 line from Taft Avenue to North Avenue,2,ROUTE_880854,880851,882084
1714,MRTC,Taft Ave - North Ave,MRT3 line from Taft Avenue to North Avenue,2,ROUTE_880854,880851,882084
1714,MRTC,Taft Ave - North Ave,MRT3 line from Taft Avenue to North Avenue,2,ROUTE_880854,880851,882084
1714,MRTC,Taft Ave - North Ave,MRT3 line from Taft Avenue to North Avenue,2,ROUTE_880854,880851,882084
1714,MRTC,Taft Ave - North Ave,MRT3 line from Taft Avenue to North Avenue,2,ROUTE_880854,880851,882084
1714,MRTC,Taft Ave - North Ave,MRT3 line from Taft Avenue to North Avenue,2,ROUTE_880854,880851,882084
1714,MRTC,Taft Ave - North Ave,MRT3 line from Taft Avenue to North Avenue,2,ROUTE_880854,880851,882084
1714,MRTC,Taft Ave - North Ave,MRT3 line from Taft Avenue to North Avenue,2,ROUTE_880854,880851,882084
1714,MRTC,Taft Ave - North Ave,MRT3 line from Taft Avenue to North Avenue,2,ROUTE_880854,880851,882084
1714,MRTC,Taft Ave - North Ave,MRT3 line from Taft Avenue to North Avenue,2,ROUTE_880854,880851,882084
1714,MRTC,Taft Ave - North Ave,MRT3 line from Taft Avenue to North Avenue,2,ROUTE_880854,880851,882084
1714,MRTC,Taft Ave - North Ave,MRT3 line from Taft Avenue to North Avenue,2,ROUTE_880854,880851,882084
1714,MRTC,Taft Ave - North Ave,MRT3 line from Taft Avenue to North Avenue,2,ROUTE_880854,880851,882084
1714,MRTC,Taft Ave - North Ave,MRT3 line from Taft Avenue to North Avenue,2,ROUTE_880854,880851,882084
1714,MRTC,Taft Ave - North Ave,MRT3 line from Taft Avenue to North Avenue,2,ROUTE_880854,880851,882084
1714,MRTC,Taft Ave - North Ave,MRT3 line from Taft Avenue to North Avenue,2,ROUTE_880854,880851,882085
1714,MRTC,Taft Ave - North Ave,MRT3 line from Taft Avenue to North Avenue,2,ROUTE_880854,880851,882085
1714,MRTC,Taft Ave - North Ave,MRT3 line from Taft Avenue to North Avenue,2,ROUTE_880854,880851,882085
1714,MRTC,Taft Ave - North Ave,MRT3 line from Taft Avenue to North Avenue,2,ROUTE_880854,880851,882085
1714,MRTC,Taft Ave - North Ave,MRT3 line from Taft Avenue to North Avenue,2,ROUTE_880854,880851,882085
1714,MRTC,Taft Ave - North Ave,MRT3 line from Taft Avenue to North Avenue,2,ROUTE_880854,880851,882085
1714,MRTC,Taft Ave - North Ave,MRT3 line from Taft Avenue to North Avenue,2,ROUTE_880854,880851,882085
1714,MRTC,Taft Ave - North Ave,MRT3 line from Taft Avenue to North Avenue,2,ROUTE_880854,880851,882085
1714,MRTC,Taft Ave - North Ave,MRT3 line from Taft Avenue to North Avenue,2,ROUTE_880854,880851,882085
1714,MRTC,Taft Ave - North Ave,MRT3 line from Taft Avenue to North Avenue,2,ROUTE_880854,880851,882085
1714,MRTC,Taft Ave - North Ave,MRT3 line from Taft Avenue to North Avenue,2,ROUTE_880854,880851,882085
1714,MRTC,Taft Ave - North Ave,MRT3 line from Taft Avenue to North Avenue,2,ROUTE_880854,880851,882085
1714,MRTC,Taft Ave - North Ave,MRT3 line from Taft Avenue to North Avenue,2,ROUTE_880854,880851,882085
1714,MRTC,Taft Ave - North Ave,MRT3 line from Taft Avenue to North Avenue,2,ROUTE_880854,880851,882085
1714,MRTC,Taft Ave - North Ave,MRT3 line from Taft Avenue to North Avenue,2,ROUTE_880854,880851,882085
1714,MRTC,Taft Ave - North Ave,MRT3 line from Taft Avenue to North Avenue,2,ROUTE_880854,880851,882085
1714,MRTC,Taft Ave - North Ave,MRT3 line from Taft Avenue to North Avenue,2,ROUTE_880854,880851,882085
1714,MRTC,Taft Ave - North Ave,MRT3 line from Taft Avenue to North Avenue,2,ROUTE_880854,880851,882085
1714,MRTC,Taft Ave - North Ave,MRT3 line from Taft Avenue to North Avenue,2,ROUTE_880854,880851,882085
1714,MRTC,Taft Ave - North Ave,MRT3 line from Taft Avenue to North Avenue,2,ROUTE_880854,880851,882085
1714,MRTC,Taft Ave - North Ave,MRT3 line from Taft Avenue to North Avenue,2,ROUTE_880854,880851,882085
1714,MRTC,Taft Ave - North Ave,MRT3 line from Taft Avenue to North Avenue,2,ROUTE_880854,880851,882085
1714,MRTC,Taft Ave - North Ave,MRT3 line from Taft Avenue to North Avenue,2,ROUTE_880854,880851,882085
1714,MRTC,Taft Ave - North Ave,MRT3 line from Taft Avenue to North Avenue,2,ROUTE_880854,880851,882085
1714,MRTC,Taft Ave - North Ave,MRT3 line from Taft Avenue to North Avenue,2,ROUTE_880854,880851,882085
1714,MRTC,Taft Ave - North Ave,MRT3 line from Taft Avenue to North Avenue,2,ROUTE_880854,880851,882085
1714,MRTC,Taft Ave - North Ave,MRT3 line from Taft Avenue to North Avenue,2,ROUTE_880854,880851,882085
1714,MRTC,Taft Ave - North Ave,MRT3 line from Taft Avenue to North Avenue,2,ROUTE_880854,880851,882085
1714,MRTC,Taft Ave - North Ave,MRT3 line from Taft Avenue to North Avenue,2,ROUTE_880854,880851,882085
1714,MRTC,Taft Ave - North Ave,MRT3 line from Taft Avenue to North Avenue,2,ROUTE_880854,880853,881509
1714,MRTC,Taft Ave - North Ave,MRT3 line from Taft Avenue to North Avenue,2,ROUTE_880854,880853,881509
1714,MRTC,Taft Ave - North Ave,MRT3 line from Taft Avenue to North Avenue,2,ROUTE_880854,880853,881509
1714,MRTC,Taft Ave - North Ave,MRT3 line from Taft Avenue to North Avenue,2,ROUTE_880854,880853,881509
1714,MRTC,Taft Ave - North Ave,MRT3 line from Taft Avenue to North Avenue,2,ROUTE_880854,880853,881509
1714,MRTC,Taft Ave - North Ave,MRT3 line from Taft Avenue to North Avenue,2,ROUTE_880854,880853,881509
1714,MRTC,Taft Ave - North Ave,MRT3 line from Taft Avenue to North Avenue,2,ROUTE_880854,880853,881509
1714,MRTC,Taft Ave - North Ave,MRT3 line from Taft Avenue to North Avenue,2,ROUTE_880854,880853,881509
1714,MRTC,Taft Ave - North Ave,MRT3 line from Taft Avenue to North Avenue,2,ROUTE_880854,880853,881509
1714,MRTC,Taft Ave - North Ave,MRT3 line from Taft Avenue to North Avenue,2,ROUTE_880854,880853,881509
1714,MRTC,Taft Ave - North Ave,MRT3 line from Taft Avenue to North Avenue,2,ROUTE_880854,880853,881509
1714,MRTC,Taft Ave - North Ave,MRT3 line from Taft Avenue to North Avenue,2,ROUTE_880854,880853,881509
1714,MRTC,Taft Ave - North Ave,MRT3 line from Taft Avenue to North Avenue,2,ROUTE_880854,880853,881509
1714,MRTC,Taft Ave - North Ave,MRT3 line from Taft Avenue to North Avenue,2,ROUTE_880854,880853,881509
1714,MRTC,Taft Ave - North Ave,MRT3 line from Taft Avenue to North Avenue,2,ROUTE_880854,880853,881509
1714,MRTC,Taft Ave - North Ave,MRT3 line from Taft Avenue to North Avenue,2,ROUTE_880854,880853,881509
1714,MRTC,Taft Ave - North Ave,MRT3 line from Taft Avenue to North Avenue,2,ROUTE_880854,880853,881509
1714,MRTC,Taft Ave - North Ave,MRT3 line from Taft Avenue to North Avenue,2,ROUTE_880854,880853,881509
1714,MRTC,Taft Ave - North Ave,MRT3 line from Taft Avenue to North Avenue,2,ROUTE_880854,880853,881509
1714,MRTC,Taft Ave - North Ave,MRT3 line from Taft Avenue to North Avenue,2,ROUTE_880854,880853,881509
1714,MRTC,Taft Ave - North Ave,MRT3 line from Taft Avenue to North Avenue,2,ROUTE_880854,880853,881509
1714,MRTC,Taft Ave - North Ave,MRT3 line from Taft Avenue to North Avenue,2,ROUTE_880854,880853,881509
1714,MRTC,Taft Ave - North Ave,MRT3 line from Taft Avenue to North Avenue,2,ROUTE_880854,880853,881509
1714,MRTC,Taft Ave - North Ave,MRT3 line from Taft Avenue to North Avenue,2,ROUTE_880854,880853,881509
1714,MRTC,Taft Ave - North Ave,MRT3 line from Taft Avenue to North Avenue,2,ROUTE_880854,880853,881509
1714,MRTC,Taft Ave - North Ave,MRT3 line from Taft Avenue to North Avenue,2,ROUTE_880854,880853,881509
1714,MRTC,Taft Ave - North Ave,MRT3 line from Taft Avenue to North Avenue,2,ROUTE_880854,880853,881509
1714,MRTC,Taft Ave - North Ave,MRT3 line from Taft Avenue to North Avenue,2,ROUTE_880854,880853,881509
1714,MRTC,Taft Ave - North Ave,MRT3 line from Taft Avenue to North Avenue,2,ROUTE_880854,880853,881509
1714,MRTC,Taft Ave - North Ave,MRT3 line from Taft Avenue to North Avenue,2,ROUTE_880854,880853,882081
1714,MRTC,Taft Ave - North Ave,MRT3 line from Taft Avenue to North Avenue,2,ROUTE_880854,880853,882081
1714,MRTC,Taft Ave - North Ave,MRT3 line from Taft Avenue to North Avenue,2,ROUTE_880854,880853,882081
1714,MRTC,Taft Ave - North Ave,MRT3 line from Taft Avenue to North Avenue,2,ROUTE_880854,880853,882081
1714,MRTC,Taft Ave - North Ave,MRT3 line from Taft Avenue to North Avenue,2,ROUTE_880854,880853,882081
1714,MRTC,Taft Ave - North Ave,MRT3 line from Taft Avenue to North Avenue,2,ROUTE_880854,880853,882081
1714,MRTC,Taft Ave - North Ave,MRT3 line from Taft Avenue to North Avenue,2,ROUTE_880854,880853,882081
1714,MRTC,Taft Ave - North Ave,MRT3 line from Taft Avenue to North Avenue,2,ROUTE_880854,880853,882081
1714,MRTC,Taft Ave - North Ave,MRT3 line from Taft Avenue to North Avenue,2,ROUTE_880854,880853,882081
1714,MRTC,Taft Ave - North Ave,MRT3 line from Taft Avenue to North Avenue,2,ROUTE_880854,880853,882081
1714,MRTC,Taft Ave - North Ave,MRT3 line from Taft Avenue to North Avenue,2,ROUTE_880854,880853,882081
1714,MRTC,Taft Ave - North Ave,MRT3 line from Taft Avenue to North Avenue,2,ROUTE_880854,880853,882081
1714,MRTC,Taft Ave - North Ave,MRT3 line from Taft Avenue to North Avenue,2,ROUTE_880854,880853,882081
1714,MRTC,Taft Ave - North Ave,MRT3 line from Taft Avenue to North Avenue,2,ROUTE_880854,880853,882081
1714,MRTC,Taft Ave - North Ave,MRT3 line from Taft Avenue to North Avenue,2,ROUTE_880854,880853,882081
1714,MRTC,Taft Ave - North Ave,MRT3 line from Taft Avenue to North Avenue,2,ROUTE_880854,880853,882081
1714,MRTC,Taft Ave - North Ave,MRT3 line from Taft Avenue to North Avenue,2,ROUTE_880854,880853,882081
1714,MRTC,Taft Ave - North Ave,MRT3 line from Taft Avenue to North Avenue,2,ROUTE_880854,880853,882081
1714,MRTC,Taft Ave - North Ave,MRT3 line from Taft Avenue to North Avenue,2,ROUTE_880854,880853,882081
1714,MRTC,Taft Ave - North Ave,MRT3 line from Taft Avenue to North Avenue,2,ROUTE_880854,880853,882081
1714,MRTC,Taft Ave - North Ave,MRT3 line from Taft Avenue to North Avenue,2,ROUTE_880854,880853,882081
1714,MRTC,Taft Ave - North Ave,MRT3 line from Taft Avenue to North Avenue,2,ROUTE_880854,880853,882081
1714,MRTC,Taft Ave - North Ave,MRT3 line from Taft Avenue to North Avenue,2,ROUTE_880854,880853,882081
1714,MRTC,Taft Ave - North Ave,MRT3 line from Taft Avenue to North Avenue,2,ROUTE_880854,880853,882081
1714,MRTC,Taft Ave - North Ave,MRT3 line from Taft Avenue to North Avenue,2,ROUTE_880854,880853,882081
1714,MRTC,Taft Ave - North Ave,MRT3 line from Taft Avenue to North Avenue,2,ROUTE_880854,880853,882081
1714,MRTC,Taft Ave - North Ave,MRT3 line from Taft Avenue to North Avenue,2,ROUTE_880854,880853,882081
1714,MRTC,Taft Ave - North Ave,MRT3 line from Taft Avenue to North Avenue,2,ROUTE_880854,880853,882081
1714,MRTC,Taft Ave - North Ave,MRT3 line from Taft Avenue to North Avenue,2,ROUTE_880854,880853,882081
1714,MRTC,Taft Ave - North Ave,MRT3 line from Taft Avenue to North Avenue,2,ROUTE_880854,881502,881510
1714,MRTC,Taft Ave - North Ave,MRT3 line from Taft Avenue to North Avenue,2,ROUTE_880854,881502,881510
1714,MRTC,Taft Ave - North Ave,MRT3 line from Taft Avenue to North Avenue,2,ROUTE_880854,881502,881510
1714,MRTC,Taft Ave - North Ave,MRT3 line from Taft Avenue to North Avenue,2,ROUTE_880854,881502,881510
1714,MRTC,Taft Ave - North Ave,MRT3 line from Taft Avenue to North Avenue,2,ROUTE_880854,881502,881510
1714,MRTC,Taft Ave - North Ave,MRT3 line from Taft Avenue to North Avenue,2,ROUTE_880854,881502,881510
1714,MRTC,Taft Ave - North Ave,MRT3 line from Taft Avenue to North Avenue,2,ROUTE_880854,881502,881510
1714,MRTC,Taft Ave - North Ave,MRT3 line from Taft Avenue to North Avenue,2,ROUTE_880854,881502,881510
1714,MRTC,Taft Ave - North Ave,MRT3 line from Taft Avenue to North Avenue,2,ROUTE_880854,881502,881510
1714,MRTC,Taft Ave - North Ave,MRT3 line from Taft Avenue to North Avenue,2,ROUTE_880854,881502,881510
1714,MRTC,Taft Ave - North Ave,MRT3 line from Taft Avenue to North Avenue,2,ROUTE_880854,881502,881510
1714,MRTC,Taft Ave - North Ave,MRT3 line from Taft Avenue to North Avenue,2,ROUTE_880854,881502,881510
1714,MRTC,Taft Ave - North Ave,MRT3 line from Taft Avenue to North Avenue,2,ROUTE_880854,881502,881510
1714,MRTC,Taft Ave - North Ave,MRT3 line from Taft Avenue to North Avenue,2,ROUTE_880854,881502,881510
1714,MRTC,Taft Ave - North Ave,MRT3 line from Taft Avenue to North Avenue,2,ROUTE_880854,881502,881510
1714,MRTC,Taft Ave - North Ave,MRT3 line from Taft Avenue to North Avenue,2,ROUTE_880854,881502,881510
1714,MRTC,Taft Ave - North Ave,MRT3 line from Taft Avenue to North Avenue,2,ROUTE_880854,881502,881510
1714,MRTC,Taft Ave - North Ave,MRT3 line from Taft Avenue to North Avenue,2,ROUTE_880854,881502,881510
1714,MRTC,Taft Ave - North Ave,MRT3 line from Taft Avenue to North Avenue,2,ROUTE_880854,881502,881510
1714,MRTC,Taft Ave - North Ave,MRT3 line from Taft Avenue to North Avenue,2,ROUTE_880854,881502,881510
1714,MRTC,Taft Ave - North Ave,MRT3 line from Taft Avenue to North Avenue,2,ROUTE_880854,881502,881510
1714,MRTC,Taft Ave - North Ave,MRT3 line from Taft Avenue to North Avenue,2,ROUTE_880854,881502,881510
1714,MRTC,Taft Ave - North Ave,MRT3 line from Taft Avenue to North Avenue,2,ROUTE_880854,881502,881510
1714,MRTC,Taft Ave - North Ave,MRT3 line from Taft Avenue to North Avenue,2,ROUTE_880854,881502,881510
1714,MRTC,Taft Ave - North Ave,MRT3 line from Taft Avenue to North Avenue,2,ROUTE_880854,881502,881510
1714,MRTC,Taft Ave - North Ave,MRT3 line from Taft Avenue to North Avenue,2,ROUTE_880854,881502,881510
1714,MRTC,Taft Ave - North Ave,MRT3 line from Taft Avenue to North Avenue,2,ROUTE_880854,881502,881510
1714,MRTC,Taft Ave - North Ave,MRT3 line from Taft Avenue to North Avenue,2,ROUTE_880854,881502,881510
1714,MRTC,Taft Ave - North Ave,MRT3 line from Taft Avenue to North Avenue,2,ROUTE_880854,881502,881510
1714,MRTC,Taft Ave - North Ave,MRT3 line from Taft Avenue to North Avenue,2,ROUTE_880854,881502,882082
1714,MRTC,Taft Ave - North Ave,MRT3 line from Taft Avenue to North Avenue,2,ROUTE_880854,881502,882082
1714,MRTC,Taft Ave - North Ave,MRT3 line from Taft Avenue to North Avenue,2,ROUTE_880854,881502,882082
1714,MRTC,Taft Ave - North Ave,MRT3 line from Taft Avenue to North Avenue,2,ROUTE_880854,881502,882082
1714,MRTC,Taft Ave - North Ave,MRT3 line from Taft Avenue to North Avenue,2,ROUTE_880854,881502,882082
1714,MRTC,Taft Ave - North Ave,MRT3 line from Taft Avenue to North Avenue,2,ROUTE_880854,881502,882082
1714,MRTC,Taft Ave - North Ave,MRT3 line from Taft Avenue to North Avenue,2,ROUTE_880854,881502,882082
1714,MRTC,Taft Ave - North Ave,MRT3 line from Taft Avenue to North Avenue,2,ROUTE_880854,881502,882082
1714,MRTC,Taft Ave - North Ave,MRT3 line from Taft Avenue to North Avenue,2,ROUTE_880854,881502,882082
1714,MRTC,Taft Ave - North Ave,MRT3 line from Taft Avenue to North Avenue,2,ROUTE_880854,881502,882082
1714,MRTC,Taft Ave - North Ave,MRT3 line from Taft Avenue to North Avenue,2,ROUTE_880854,881502,882082
1714,MRTC,Taft Ave - North Ave,MRT3 line from Taft Avenue to North Avenue,2,ROUTE_880854,881502,882082
1714,MRTC,Taft Ave - North Ave,MRT3 line from Taft Avenue to North Avenue,2,ROUTE_880854,881502,882082
1714,MRTC,Taft Ave - North Ave,MRT3 line from Taft Avenue to North Avenue,2,ROUTE_880854,881502,882082
1714,MRTC,Taft Ave - North Ave,MRT3 line from Taft Avenue to North Avenue,2,ROUTE_880854,881502,882082
1714,MRTC,Taft Ave - North Ave,MRT3 line from Taft Avenue to North Avenue,2,ROUTE_880854,881502,882082
1714,MRTC,Taft Ave - North Ave,MRT3 line from Taft Avenue to North Avenue,2,ROUTE_880854,881502,882082
1714,MRTC,Taft Ave - North Ave,MRT3 line from Taft Avenue to North Avenue,2,ROUTE_880854,881502,882082
1714,MRTC,Taft Ave - North Ave,MRT3 line from Taft Avenue to North Avenue,2,ROUTE_880854,881502,882082
1714,MRTC,Taft Ave - North Ave,MRT3 line from Taft Avenue to North Avenue,2,ROUTE_880854,881502,882082
1714,MRTC,Taft Ave - North Ave,MRT3 line from Taft Avenue to North Avenue,2,ROUTE_880854,881502,882082
1714,MRTC,Taft Ave - North Ave,MRT3 line from Taft Avenue to North Avenue,2,ROUTE_880854,881502,882082
1714,MRTC,Taft Ave - North Ave,MRT3 line from Taft Avenue to North Avenue,2,ROUTE_880854,881502,882082
1714,MRTC,Taft Ave - North Ave,MRT3 line from Taft Avenue to North Avenue,2,ROUTE_880854,881502,882082
1714,MRTC,Taft Ave - North Ave,MRT3 line from Taft Avenue to North Avenue,2,ROUTE_880854,881502,882082
1714,MRTC,Taft Ave - North Ave,MRT3 line from Taft Avenue to North Avenue,2,ROUTE_880854,881502,882082
1714,MRTC,Taft Ave - North Ave,MRT3 line from Taft Avenue to North Avenue,2,ROUTE_880854,881502,882082
1714,MRTC,Taft Ave - North Ave,MRT3 line from Taft Avenue to North Avenue,2,ROUTE_880854,881502,882082
1714,MRTC,Taft Ave - North Ave,MRT3 line from Taft Avenue to North Avenue,2,ROUTE_880854,881502,882082
1715,PNR,Metro Commuter,"PNT Metro South Commuter connects the cities of Manila, Pasay and Muntinlupa",2,ROUTE_880872,882002,882001
1715,PNR,Metro Commuter,"PNT Metro South Commuter connects the cities of Manila, Pasay and Muntinlupa",2,ROUTE_880872,882002,882001
1715,PNR,Metro Commuter,"PNT Metro South Commuter connects the cities of Manila, Pasay and Muntinlupa",2,ROUTE_880872,882002,882001
1715,PNR,Metro Commuter,"PNT Metro South Commuter connects the cities of Manila, Pasay and Muntinlupa",2,ROUTE_880872,882002,882001
1715,PNR,Metro Commuter,"PNT Metro South Commuter connects the cities of Manila, Pasay and Muntinlupa",2,ROUTE_880872,882002,882001
1715,PNR,Metro Commuter,"PNT Metro South Commuter connects the cities of Manila, Pasay and Muntinlupa",2,ROUTE_880872,882002,882001
1715,PNR,Metro Commuter,"PNT Metro South Commuter connects the cities of Manila, Pasay and Muntinlupa",2,ROUTE_880872,882002,882001
1715,PNR,Metro Commuter,"PNT Metro South Commuter connects the cities of Manila, Pasay and Muntinlupa",2,ROUTE_880872,882002,882001
1715,PNR,Metro Commuter,"PNT Metro South Commuter connects the cities of Manila, Pasay and Muntinlupa",2,ROUTE_880872,882002,882001
1715,PNR,Metro Commuter,"PNT Metro South Commuter connects the cities of Manila, Pasay and Muntinlupa",2,ROUTE_880872,882002,882001
1715,PNR,Metro Commuter,"PNT Metro South Commuter connects the cities of Manila, Pasay and Muntinlupa",2,ROUTE_880872,882002,882001
1715,PNR,Metro Commuter,"PNT Metro South Commuter connects the cities of Manila, Pasay and Muntinlupa",2,ROUTE_880872,882002,882001
1715,PNR,Metro Commuter,"PNT Metro South Commuter connects the cities of Manila, Pasay and Muntinlupa",2,ROUTE_880872,882002,882001
1715,PNR,Metro Commuter,"PNT Metro South Commuter connects the cities of Manila, Pasay and Muntinlupa",2,ROUTE_880872,882002,882001
1715,PNR,Metro Commuter,"PNT Metro South Commuter connects the cities of Manila, Pasay and Muntinlupa",2,ROUTE_880872,882002,882001
1715,PNR,Metro Commuter,"PNT Metro South Commuter connects the cities of Manila, Pasay and Muntinlupa",2,ROUTE_880872,882002,882001
1715,PNR,Metro Commuter,"PNT Metro South Commuter connects the cities of Manila, Pasay and Muntinlupa",2,ROUTE_880872,882002,882001
1715,PNR,Metro Commuter,"PNT Metro South Commuter connects the cities of Manila, Pasay and Muntinlupa",2,ROUTE_880872,882002,882001
1715,PNR,Metro Commuter,"PNT Metro South Commuter connects the cities of Manila, Pasay and Muntinlupa",2,ROUTE_880872,882002,882001
1715,PNR,Metro Commuter,"PNT Metro South Commuter connects the cities of Manila, Pasay and Muntinlupa",2,ROUTE_880872,882002,882001
1715,PNR,Metro Commuter,"PNT Metro South Commuter connects the cities of Manila, Pasay and Muntinlupa",2,ROUTE_880872,882002,882001
1715,PNR,Metro Commuter,"PNT Metro South Commuter connects the cities of Manila, Pasay and Muntinlupa",2,ROUTE_880872,882002,882001
1715,PNR,Metro Commuter,"PNT Metro South Commuter connects the cities of Manila, Pasay and Muntinlupa",2,ROUTE_880872,882002,882001
1715,PNR,Metro Commuter,"PNT Metro South Commuter connects the cities of Manila, Pasay and Muntinlupa",2,ROUTE_880872,882002,882001
1715,PNR,Metro Commuter,"PNT Metro South Commuter connects the cities of Manila, Pasay and Muntinlupa",2,ROUTE_880872,882002,882001
1715,PNR,Metro Commuter,"PNT Metro South Commuter connects the cities of Manila, Pasay and Muntinlupa",2,ROUTE_880872,882002,882001
1715,PNR,Metro Commuter,"PNT Metro South Commuter connects the cities of Manila, Pasay and Muntinlupa",2,ROUTE_880872,882002,882001
1715,PNR,Metro Commuter,"PNT Metro South Commuter connects the cities of Manila, Pasay and Muntinlupa",2,ROUTE_880872,882002,882001
1715,PNR,Metro Commuter,"PNT Metro South Commuter connects the cities of Manila, Pasay and Muntinlupa",2,ROUTE_880872,882002,882001
1715,PNR,Metro Commuter,"PNT Metro South Commuter connects the cities of Manila, Pasay and Muntinlupa",2,ROUTE_880872,882002,882001
1715,PNR,Metro Commuter,"PNT Metro South Commuter connects the cities of Manila, Pasay and Muntinlupa",2,ROUTE_880872,882002,882001
1715,PNR,Metro Commuter,"PNT Metro South Commuter connects the cities of Manila, Pasay and Muntinlupa",2,ROUTE_880872,882002,882001
1715,PNR,Metro Commuter,"PNT Metro South Commuter connects the cities of Manila, Pasay and Muntinlupa",2,ROUTE_880872,882002,882001
1715,PNR,Metro Commuter,"PNT Metro South Commuter connects the cities of Manila, Pasay and Muntinlupa",2,ROUTE_880872,882002,882001
1715,PNR,Metro Commuter,"PNT Metro South Commuter connects the cities of Manila, Pasay and Muntinlupa",2,ROUTE_880872,882002,882001
1715,PNR,Metro Commuter,"PNT Metro South Commuter connects the cities of Manila, Pasay and Muntinlupa",2,ROUTE_880872,882002,882001
1715,PNR,Metro Commuter,"PNT Metro South Commuter connects the cities of Manila, Pasay and Muntinlupa",2,ROUTE_880872,882002,882001
1715,PNR,Metro Commuter,"PNT Metro South Commuter connects the cities of Manila, Pasay and Muntinlupa",2,ROUTE_880872,882002,882001
1715,PNR,Metro Commuter,"PNT Metro South Commuter connects the cities of Manila, Pasay and Muntinlupa",2,ROUTE_880872,882002,882001
1715,PNR,Metro Commuter,"PNT Metro South Commuter connects the cities of Manila, Pasay and Muntinlupa",2,ROUTE_880872,882002,882001
1715,PNR,Metro Commuter,"PNT Metro South Commuter connects the cities of Manila, Pasay and Muntinlupa",2,ROUTE_880872,882002,882001
1715,PNR,Metro Commuter,"PNT Metro South Commuter connects the cities of Manila, Pasay and Muntinlupa",2,ROUTE_880872,882002,882001
1715,PNR,Metro Commuter,"PNT Metro South Commuter connects the cities of Manila, Pasay and Muntinlupa",2,ROUTE_880872,882002,882001
1715,PNR,Metro Commuter,"PNT Metro South Commuter connects the cities of Manila, Pasay and Muntinlupa",2,ROUTE_880872,882002,882001
1715,PNR,Metro Commuter,"PNT Metro South Commuter connects the cities of Manila, Pasay and Muntinlupa",2,ROUTE_880872,882002,882001
1715,PNR,Metro Commuter,"PNT Metro South Commuter connects the cities of Manila, Pasay and Muntinlupa",2,ROUTE_880872,882002,882001
1715,PNR,Metro Commuter,"PNT Metro South Commuter connects the cities of Manila, Pasay and Muntinlupa",2,ROUTE_880872,882002,882001
1715,PNR,Metro Commuter,"PNT Metro South Commuter connects the cities of Manila, Pasay and Muntinlupa",2,ROUTE_880872,882002,882001
1715,PNR,Metro Commuter,"PNT Metro South Commuter connects the cities of Manila, Pasay and Muntinlupa",2,ROUTE_880872,882002,882001
1715,PNR,Metro Commuter,"PNT Metro South Commuter connects the cities of Manila, Pasay and Muntinlupa",2,ROUTE_880872,882002,882001
1715,PNR,Metro Commuter,"PNT Metro South Commuter connects the cities of Manila, Pasay and Muntinlupa",2,ROUTE_880872,882002,882001
1715,PNR,Metro Commuter,"PNT Metro South Commuter connects the cities of Manila, Pasay and Muntinlupa",2,ROUTE_880872,882002,882001
1715,PNR,Metro Commuter,"PNT Metro South Commuter connects the cities of Manila, Pasay and Muntinlupa",2,ROUTE_880872,882002,882001
1715,PNR,Metro Commuter,"PNT Metro South Commuter connects the cities of Manila, Pasay and Muntinlupa",2,ROUTE_880872,882002,882001
1715,PNR,Metro Commuter,"PNT Metro South Commuter connects the cities of Manila, Pasay and Muntinlupa",2,ROUTE_880872,882002,882001
1715,PNR,Metro Commuter,"PNT Metro South Commuter connects the cities of Manila, Pasay and Muntinlupa",2,ROUTE_880872,882002,882001
1715,PNR,Metro Commuter,"PNT Metro South Commuter connects the cities of Manila, Pasay and Muntinlupa",2,ROUTE_880872,882002,882001
1715,PNR,Metro Commuter,"PNT Metro South Commuter connects the cities of Manila, Pasay and Muntinlupa",2,ROUTE_880872,882002,882001
1715,PNR,Metro Commuter,"PNT Metro South Commuter connects the cities of Manila, Pasay and Muntinlupa",2,ROUTE_880872,882002,882001
1715,PNR,Metro Commuter,"PNT Metro South Commuter connects the cities of Manila, Pasay and Muntinlupa",2,ROUTE_880872,882002,882001
1715,PNR,Metro Commuter,"PNT Metro South Commuter connects the cities of Manila, Pasay and Muntinlupa",2,ROUTE_880872,882002,882001
1715,PNR,Metro Commuter,"PNT Metro South Commuter connects the cities of Manila, Pasay and Muntinlupa",2,ROUTE_880872,882002,882001
1715,PNR,Metro Commuter,"PNT Metro South Commuter connects the cities of Manila, Pasay and Muntinlupa",2,ROUTE_880872,882002,882001
1715,PNR,Metro Commuter,"PNT Metro South Commuter connects the cities of Manila, Pasay and Muntinlupa",2,ROUTE_880872,882002,882001
1715,PNR,Metro Commuter,"PNT Metro South Commuter connects the cities of Manila, Pasay and Muntinlupa",2,ROUTE_880872,882002,882001
1715,PNR,Metro Commuter,"PNT Metro South Commuter connects the cities of Manila, Pasay and Muntinlupa",2,ROUTE_880872,882002,882001
1715,PNR,Metro Commuter,"PNT Metro South Commuter connects the cities of Manila, Pasay and Muntinlupa",2,ROUTE_880872,882002,882001
1715,PNR,Metro Commuter,"PNT Metro South Commuter connects the cities of Manila, Pasay and Muntinlupa",2,ROUTE_880872,882002,882001
1715,PNR,Metro Commuter,"PNT Metro South Commuter connects the cities of Manila, Pasay and Muntinlupa",2,ROUTE_880872,882002,882001
1715,PNR,Metro Commuter,"PNT Metro South Commuter connects the cities of Manila, Pasay and Muntinlupa",2,ROUTE_880872,882002,882001
1715,PNR,Metro Commuter,"PNT Metro South Commuter connects the cities of Manila, Pasay and Muntinlupa",2,ROUTE_880872,882002,882001
1715,PNR,Metro Commuter,"PNT Metro South Commuter connects the cities of Manila, Pasay and Muntinlupa",2,ROUTE_880872,882002,882001
1715,PNR,Metro Commuter,"PNT Metro South Commuter connects the cities of Manila, Pasay and Muntinlupa",2,ROUTE_880872,882002,882001
1715,PNR,Metro Commuter,"PNT Metro South Commuter connects the cities of Manila, Pasay and Muntinlupa",2,ROUTE_880872,882002,882001
1715,PNR,Metro Commuter,"PNT Metro South Commuter connects the cities of Manila, Pasay and Muntinlupa",2,ROUTE_880872,882002,882001
1715,PNR,Metro Commuter,"PNT Metro South Commuter connects the cities of Manila, Pasay and Muntinlupa",2,ROUTE_880872,882002,882001
1715,PNR,Metro Commuter,"PNT Metro South Commuter connects the cities of Manila, Pasay and Muntinlupa",2,ROUTE_880872,882002,882001
1715,PNR,Metro Commuter,"PNT Metro South Commuter connects the cities of Manila, Pasay and Muntinlupa",2,ROUTE_880872,882002,882001
1715,PNR,Metro Commuter,"PNT Metro South Commuter connects the cities of Manila, Pasay and Muntinlupa",2,ROUTE_880872,882002,882001
1715,PNR,Metro Commuter,"PNT Metro South Commuter connects the cities of Manila, Pasay and Muntinlupa",2,ROUTE_880872,882002,882001
1715,PNR,Metro Commuter,"PNT Metro South Commuter connects the cities of Manila, Pasay and Muntinlupa",2,ROUTE_880872,882002,882001
1715,PNR,Metro Commuter,"PNT Metro South Commuter connects the cities of Manila, Pasay and Muntinlupa",2,ROUTE_880872,882002,882001
1715,PNR,Metro Commuter,"PNT Metro South Commuter connects the cities of Manila, Pasay and Muntinlupa",2,ROUTE_880872,882002,882001
1715,PNR,Metro Commuter,"PNT Metro South Commuter connects the cities of Manila, Pasay and Muntinlupa",2,ROUTE_880872,882002,882001
1715,PNR,Metro Commuter,"PNT Metro South Commuter connects the cities of Manila, Pasay and Muntinlupa",2,ROUTE_880872,882002,882001
1715,PNR,Metro Commuter,"PNT Metro South Commuter connects the cities of Manila, Pasay and Muntinlupa",2,ROUTE_880872,882002,882001
1715,PNR,Metro Commuter,"PNT Metro South Commuter connects the cities of Manila, Pasay and Muntinlupa",2,ROUTE_880872,882002,882001
1715,PNR,Metro Commuter,"PNT Metro South Commuter connects the cities of Manila, Pasay and Muntinlupa",2,ROUTE_880872,882002,882001
1715,PNR,Metro Commuter,"PNT Metro South Commuter connects the cities of Manila, Pasay and Muntinlupa",2,ROUTE_880872,882002,882001
1715,PNR,Metro Commuter,"PNT Metro South Commuter connects the cities of Manila, Pasay and Muntinlupa",2,ROUTE_880872,882002,882001
1715,PNR,Metro Commuter,"PNT Metro South Commuter connects the cities of Manila, Pasay and Muntinlupa",2,ROUTE_880872,882002,882001
1715,PNR,Metro Commuter,"PNT Metro South Commuter connects the cities of Manila, Pasay and Muntinlupa",2,ROUTE_880872,882002,882001
1715,PNR,Metro Commuter,"PNT Metro South Commuter connects the cities of Manila, Pasay and Muntinlupa",2,ROUTE_880872,882002,882001
1715,PNR,Metro Commuter,"PNT Metro South Commuter connects the cities of Manila, Pasay and Muntinlupa",2,ROUTE_880872,882002,882001
1715,PNR,Metro Commuter,"PNT Metro South Commuter connects the cities of Manila, Pasay and Muntinlupa",2,ROUTE_880872,882002,882001
1715,PNR,Metro Commuter,"PNT Metro South Commuter connects the cities of Manila, Pasay and Muntinlupa",2,ROUTE_880872,882002,882001
1715,PNR,Metro Commuter,"PNT Metro South Commuter connects the cities of Manila, Pasay and Muntinlupa",2,ROUTE_880872,882002,882001
1715,PNR,Metro Commuter,"PNT Metro South Commuter connects the cities of Manila, Pasay and Muntinlupa",2,ROUTE_880872,882002,882001
1715,PNR,Metro Commuter,"PNT Metro South Commuter connects the cities of Manila, Pasay and Muntinlupa",2,ROUTE_880872,882002,882001
1715,PNR,Metro Commuter,"PNT Metro South Commuter connects the cities of Manila, Pasay and Muntinlupa",2,ROUTE_880872,882002,882001
1715,PNR,Metro Commuter,"PNT Metro South Commuter connects the cities of Manila, Pasay and Muntinlupa",2,ROUTE_880872,882002,882112
1715,PNR,Metro Commuter,"PNT Metro South Commuter connects the cities of Manila, Pasay and Muntinlupa",2,ROUTE_880872,882002,882112
1715,PNR,Metro Commuter,"PNT Metro South Commuter connects the cities of Manila, Pasay and Muntinlupa",2,ROUTE_880872,882002,882112
1715,PNR,Metro Commuter,"PNT Metro South Commuter connects the cities of Manila, Pasay and Muntinlupa",2,ROUTE_880872,882002,882112
1715,PNR,Metro Commuter,"PNT Metro South Commuter connects the cities of Manila, Pasay and Muntinlupa",2,ROUTE_880872,882002,882112
1715,PNR,Metro Commuter,"PNT Metro South Commuter connects the cities of Manila, Pasay and Muntinlupa",2,ROUTE_880872,882002,882112
1715,PNR,Metro Commuter,"PNT Metro South Commuter connects the cities of Manila, Pasay and Muntinlupa",2,ROUTE_880872,882002,882112
1715,PNR,Metro Commuter,"PNT Metro South Commuter connects the cities of Manila, Pasay and Muntinlupa",2,ROUTE_880872,882002,882112
1715,PNR,Metro Commuter,"PNT Metro South Commuter connects the cities of Manila, Pasay and Muntinlupa",2,ROUTE_880872,882002,882112
1715,PNR,Metro Commuter,"PNT Metro South Commuter connects the cities of Manila, Pasay and Muntinlupa",2,ROUTE_880872,882002,882112
1715,PNR,Metro Commuter,"PNT Metro South Commuter connects the cities of Manila, Pasay and Muntinlupa",2,ROUTE_880872,882002,882112
1715,PNR,Metro Commuter,"PNT Metro South Commuter connects the cities of Manila, Pasay and Muntinlupa",2,ROUTE_880872,882002,882112
1715,PNR,Metro Commuter,"PNT Metro South Commuter connects the cities of Manila, Pasay and Muntinlupa",2,ROUTE_880872,882002,882112
1715,PNR,Metro Commuter,"PNT Metro South Commuter connects the cities of Manila, Pasay and Muntinlupa",2,ROUTE_880872,882002,882112
1715,PNR,Metro Commuter,"PNT Metro South Commuter connects the cities of Manila, Pasay and Muntinlupa",2,ROUTE_880872,882002,882112
1715,PNR,Metro Commuter,"PNT Metro South Commuter connects the cities of Manila, Pasay and Muntinlupa",2,ROUTE_880872,882002,882112
1715,PNR,Metro Commuter,"PNT Metro South Commuter connects the cities of Manila, Pasay and Muntinlupa",2,ROUTE_880872,882002,882112
1715,PNR,Metro Commuter,"PNT Metro South Commuter connects the cities of Manila, Pasay and Muntinlupa",2,ROUTE_880872,882002,882112
1715,PNR,Metro Commuter,"PNT Metro South Commuter connects the cities of Manila, Pasay and Muntinlupa",2,ROUTE_880872,882002,882112
1715,PNR,Metro Commuter,"PNT Metro South Commuter connects the cities of Manila, Pasay and Muntinlupa",2,ROUTE_880872,882002,882112
1715,PNR,Metro Commuter,"PNT Metro South Commuter connects the cities of Manila, Pasay and Muntinlupa",2,ROUTE_880872,882002,882112
1715,PNR,Metro Commuter,"PNT Metro South Commuter connects the cities of Manila, Pasay and Muntinlupa",2,ROUTE_880872,882002,882112
1715,PNR,Metro Commuter,"PNT Metro South Commuter connects the cities of Manila, Pasay and Muntinlupa",2,ROUTE_880872,882002,882112
1715,PNR,Metro Commuter,"PNT Metro South Commuter connects the cities of Manila, Pasay and Muntinlupa",2,ROUTE_880872,882002,882112
1715,PNR,Metro Commuter,"PNT Metro South Commuter connects the cities of Manila, Pasay and Muntinlupa",2,ROUTE_880872,882002,882112
1715,PNR,Metro Commuter,"PNT Metro South Commuter connects the cities of Manila, Pasay and Muntinlupa",2,ROUTE_880872,882002,882112
1715,PNR,Metro Commuter,"PNT Metro South Commuter connects the cities of Manila, Pasay and Muntinlupa",2,ROUTE_880872,882002,882112
1715,PNR,Metro Commuter,"PNT Metro South Commuter connects the cities of Manila, Pasay and Muntinlupa",2,ROUTE_880872,882002,882112
1715,PNR,Metro Commuter,"PNT Metro South Commuter connects the cities of Manila, Pasay and Muntinlupa",2,ROUTE_880872,882002,882112
1715,PNR,Metro Commuter,"PNT Metro South Commuter connects the cities of Manila, Pasay and Muntinlupa",2,ROUTE_880872,882002,882112
1715,PNR,Metro Commuter,"PNT Metro South Commuter connects the cities of Manila, Pasay and Muntinlupa",2,ROUTE_880872,882002,882112
1715,PNR,Metro Commuter,"PNT Metro South Commuter connects the cities of Manila, Pasay and Muntinlupa",2,ROUTE_880872,882002,882112
1715,PNR,Metro Commuter,"PNT Metro South Commuter connects the cities of Manila, Pasay and Muntinlupa",2,ROUTE_880872,882002,882112
1715,PNR,Metro Commuter,"PNT Metro South Commuter connects the cities of Manila, Pasay and Muntinlupa",2,ROUTE_880872,882002,882112
1715,PNR,Metro Commuter,"PNT Metro South Commuter connects the cities of Manila, Pasay and Muntinlupa",2,ROUTE_880872,882002,882112
1715,PNR,Metro Commuter,"PNT Metro South Commuter connects the cities of Manila, Pasay and Muntinlupa",2,ROUTE_880872,882002,882112
1715,PNR,Metro Commuter,"PNT Metro South Commuter connects the cities of Manila, Pasay and Muntinlupa",2,ROUTE_880872,882002,882112
1715,PNR,Metro Commuter,"PNT Metro South Commuter connects the cities of Manila, Pasay and Muntinlupa",2,ROUTE_880872,882002,882112
1715,PNR,Metro Commuter,"PNT Metro South Commuter connects the cities of Manila, Pasay and Muntinlupa",2,ROUTE_880872,882002,882112
1715,PNR,Metro Commuter,"PNT Metro South Commuter connects the cities of Manila, Pasay and Muntinlupa",2,ROUTE_880872,882002,882112
1715,PNR,Metro Commuter,"PNT Metro South Commuter connects the cities of Manila, Pasay and Muntinlupa",2,ROUTE_880872,882002,882112
1715,PNR,Metro Commuter,"PNT Metro South Commuter connects the cities of Manila, Pasay and Muntinlupa",2,ROUTE_880872,882002,882112
1715,PNR,Metro Commuter,"PNT Metro South Commuter connects the cities of Manila, Pasay and Muntinlupa",2,ROUTE_880872,882002,882112
1715,PNR,Metro Commuter,"PNT Metro South Commuter connects the cities of Manila, Pasay and Muntinlupa",2,ROUTE_880872,882002,882112
1715,PNR,Metro Commuter,"PNT Metro South Commuter connects the cities of Manila, Pasay and Muntinlupa",2,ROUTE_880872,882002,882112
1715,PNR,Metro Commuter,"PNT Metro South Commuter connects the cities of Manila, Pasay and Muntinlupa",2,ROUTE_880872,882002,882112
1715,PNR,Metro Commuter,"PNT Metro South Commuter connects the cities of Manila, Pasay and Muntinlupa",2,ROUTE_880872,882002,882112
1715,PNR,Metro Commuter,"PNT Metro South Commuter connects the cities of Manila, Pasay and Muntinlupa",2,ROUTE_880872,882002,882112
1715,PNR,Metro Commuter,"PNT Metro South Commuter connects the cities of Manila, Pasay and Muntinlupa",2,ROUTE_880872,882002,882112
1715,PNR,Metro Commuter,"PNT Metro South Commuter connects the cities of Manila, Pasay and Muntinlupa",2,ROUTE_880872,882002,882112
1715,PNR,Metro Commuter,"PNT Metro South Commuter connects the cities of Manila, Pasay and Muntinlupa",2,ROUTE_880872,882002,882112
1715,PNR,Metro Commuter,"PNT Metro South Commuter connects the cities of Manila, Pasay and Muntinlupa",2,ROUTE_880872,882002,882112
1715,PNR,Metro Commuter,"PNT Metro South Commuter connects the cities of Manila, Pasay and Muntinlupa",2,ROUTE_880872,882002,882112
1715,PNR,Metro Commuter,"PNT Metro South Commuter connects the cities of Manila, Pasay and Muntinlupa",2,ROUTE_880872,882002,882112
1715,PNR,Metro Commuter,"PNT Metro South Commuter connects the cities of Manila, Pasay and Muntinlupa",2,ROUTE_880872,882002,882112
1715,PNR,Metro Commuter,"PNT Metro South Commuter connects the cities of Manila, Pasay and Muntinlupa",2,ROUTE_880872,882002,882112
1715,PNR,Metro Commuter,"PNT Metro South Commuter connects the cities of Manila, Pasay and Muntinlupa",2,ROUTE_880872,882002,882112
1715,PNR,Metro Commuter,"PNT Metro South Commuter connects the cities of Manila, Pasay and Muntinlupa",2,ROUTE_880872,882002,882112
1715,PNR,Metro Commuter,"PNT Metro South Commuter connects the cities of Manila, Pasay and Muntinlupa",2,ROUTE_880872,882002,882112
1715,PNR,Metro Commuter,"PNT Metro South Commuter connects the cities of Manila, Pasay and Muntinlupa",2,ROUTE_880872,882002,882112
1715,PNR,Metro Commuter,"PNT Metro South Commuter connects the cities of Manila, Pasay and Muntinlupa",2,ROUTE_880872,882002,882112
1715,PNR,Metro Commuter,"PNT Metro South Commuter connects the cities of Manila, Pasay and Muntinlupa",2,ROUTE_880872,882002,882112
1715,PNR,Metro Commuter,"PNT Metro South Commuter connects the cities of Manila, Pasay and Muntinlupa",2,ROUTE_880872,882002,882112
1715,PNR,Metro Commuter,"PNT Metro South Commuter connects the cities of Manila, Pasay and Muntinlupa",2,ROUTE_880872,882002,882112
1715,PNR,Metro Commuter,"PNT Metro South Commuter connects the cities of Manila, Pasay and Muntinlupa",2,ROUTE_880872,882002,882112
1715,PNR,Metro Commuter,"PNT Metro South Commuter connects the cities of Manila, Pasay and Muntinlupa",2,ROUTE_880872,882002,882112
1715,PNR,Metro Commuter,"PNT Metro South Commuter connects the cities of Manila, Pasay and Muntinlupa",2,ROUTE_880872,882002,882112
1715,PNR,Metro Commuter,"PNT Metro South Commuter connects the cities of Manila, Pasay and Muntinlupa",2,ROUTE_880872,882002,882112
1715,PNR,Metro Commuter,"PNT Metro South Commuter connects the cities of Manila, Pasay and Muntinlupa",2,ROUTE_880872,882002,882112
1715,PNR,Metro Commuter,"PNT Metro South Commuter connects the cities of Manila, Pasay and Muntinlupa",2,ROUTE_880872,882002,882112
1715,PNR,Metro Commuter,"PNT Metro South Commuter connects the cities of Manila, Pasay and Muntinlupa",2,ROUTE_880872,882002,882112
1715,PNR,Metro Commuter,"PNT Metro South Commuter connects the cities of Manila, Pasay and Muntinlupa",2,ROUTE_880872,882002,882112
1715,PNR,Metro Commuter,"PNT Metro South Commuter connects the cities of Manila, Pasay and Muntinlupa",2,ROUTE_880872,882002,882112
1715,PNR,Metro Commuter,"PNT Metro South Commuter connects the cities of Manila, Pasay and Muntinlupa",2,ROUTE_880872,882002,882112
1715,PNR,Metro Commuter,"PNT Metro South Commuter connects the cities of Manila, Pasay and Muntinlupa",2,ROUTE_880872,882002,882112
1715,PNR,Metro Commuter,"PNT Metro South Commuter connects the cities of Manila, Pasay and Muntinlupa",2,ROUTE_880872,882002,882112
1715,PNR,Metro Commuter,"PNT Metro South Commuter connects the cities of Manila, Pasay and Muntinlupa",2,ROUTE_880872,882002,882112
1715,PNR,Metro Commuter,"PNT Metro South Commuter connects the cities of Manila, Pasay and Muntinlupa",2,ROUTE_880872,882002,882112
1715,PNR,Metro Commuter,"PNT Metro South Commuter connects the cities of Manila, Pasay and Muntinlupa",2,ROUTE_880872,882002,882112
1715,PNR,Metro Commuter,"PNT Metro South Commuter connects the cities of Manila, Pasay and Muntinlupa",2,ROUTE_880872,882002,882112
1715,PNR,Metro Commuter,"PNT Metro South Commuter connects the cities of Manila, Pasay and Muntinlupa",2,ROUTE_880872,882002,882112
1715,PNR,Metro Commuter,"PNT Metro South Commuter connects the cities of Manila, Pasay and Muntinlupa",2,ROUTE_880872,882002,882112
1715,PNR,Metro Commuter,"PNT Metro South Commuter connects the cities of Manila, Pasay and Muntinlupa",2,ROUTE_880872,882002,882112
1715,PNR,Metro Commuter,"PNT Metro South Commuter connects the cities of Manila, Pasay and Muntinlupa",2,ROUTE_880872,882002,882112
1715,PNR,Metro Commuter,"PNT Metro South Commuter connects the cities of Manila, Pasay and Muntinlupa",2,ROUTE_880872,882002,882112
1715,PNR,Metro Commuter,"PNT Metro South Commuter connects the cities of Manila, Pasay and Muntinlupa",2,ROUTE_880872,882002,882112
1715,PNR,Metro Commuter,"PNT Metro South Commuter connects the cities of Manila, Pasay and Muntinlupa",2,ROUTE_880872,882002,882112
1715,PNR,Metro Commuter,"PNT Metro South Commuter connects the cities of Manila, Pasay and Muntinlupa",2,ROUTE_880872,882002,882112
1715,PNR,Metro Commuter,"PNT Metro South Commuter connects the cities of Manila, Pasay and Muntinlupa",2,ROUTE_880872,882002,882112
1715,PNR,Metro Commuter,"PNT Metro South Commuter connects the cities of Manila, Pasay and Muntinlupa",2,ROUTE_880872,882002,882112
1715,PNR,Metro Commuter,"PNT Metro South Commuter connects the cities of Manila, Pasay and Muntinlupa",2,ROUTE_880872,882002,882112
1715,PNR,Metro Commuter,"PNT Metro South Commuter connects the cities of Manila, Pasay and Muntinlupa",2,ROUTE_880872,882002,882112
1715,PNR,Metro Commuter,"PNT Metro South Commuter connects the cities of Manila, Pasay and Muntinlupa",2,ROUTE_880872,882002,882112
1715,PNR,Metro Commuter,"PNT Metro South Commuter connects the cities of Manila, Pasay and Muntinlupa",2,ROUTE_880872,882002,882112
1715,PNR,Metro Commuter,"PNT Metro South Commuter connects the cities of Manila, Pasay and Muntinlupa",2,ROUTE_880872,882002,882112
1715,PNR,Metro Commuter,"PNT Metro South Commuter connects the cities of Manila, Pasay and Muntinlupa",2,ROUTE_880872,882002,882112
1715,PNR,Metro Commuter,"PNT Metro South Commuter connects the cities of Manila, Pasay and Muntinlupa",2,ROUTE_880872,882002,882112
1715,PNR,Metro Commuter,"PNT Metro South Commuter connects the cities of Manila, Pasay and Muntinlupa",2,ROUTE_880872,882002,882112
1715,PNR,Metro Commuter,"PNT Metro South Commuter connects the cities of Manila, Pasay and Muntinlupa",2,ROUTE_880872,882002,882112
1715,PNR,Metro Commuter,"PNT Metro South Commuter connects the cities of Manila, Pasay and Muntinlupa",2,ROUTE_880872,882002,882112
1715,PNR,Metro Commuter,"PNT Metro South Commuter connects the cities of Manila, Pasay and Muntinlupa",2,ROUTE_880872,882006,882005
1715,PNR,Metro Commuter,"PNT Metro South Commuter connects the cities of Manila, Pasay and Muntinlupa",2,ROUTE_880872,882006,882005
1715,PNR,Metro Commuter,"PNT Metro South Commuter connects the cities of Manila, Pasay and Muntinlupa",2,ROUTE_880872,882006,882005
1715,PNR,Metro Commuter,"PNT Metro South Commuter connects the cities of Manila, Pasay and Muntinlupa",2,ROUTE_880872,882006,882005
1715,PNR,Metro Commuter,"PNT Metro South Commuter connects the cities of Manila, Pasay and Muntinlupa",2,ROUTE_880872,882006,882005
1715,PNR,Metro Commuter,"PNT Metro South Commuter connects the cities of Manila, Pasay and Muntinlupa",2,ROUTE_880872,882006,882005
1715,PNR,Metro Commuter,"PNT Metro South Commuter connects the cities of Manila, Pasay and Muntinlupa",2,ROUTE_880872,882006,882005
1715,PNR,Metro Commuter,"PNT Metro South Commuter connects the cities of Manila, Pasay and Muntinlupa",2,ROUTE_880872,882006,882005
1715,PNR,Metro Commuter,"PNT Metro South Commuter connects the cities of Manila, Pasay and Muntinlupa",2,ROUTE_880872,882006,882005
1715,PNR,Metro Commuter,"PNT Metro South Commuter connects the cities of Manila, Pasay and Muntinlupa",2,ROUTE_880872,882006,882005
1715,PNR,Metro Commuter,"PNT Metro South Commuter connects the cities of Manila, Pasay and Muntinlupa",2,ROUTE_880872,882006,882005
1715,PNR,Metro Commuter,"PNT Metro South Commuter connects the cities of Manila, Pasay and Muntinlupa",2,ROUTE_880872,882006,882005
1715,PNR,Metro Commuter,"PNT Metro South Commuter connects the cities of Manila, Pasay and Muntinlupa",2,ROUTE_880872,882006,882005
1715,PNR,Metro Commuter,"PNT Metro South Commuter connects the cities of Manila, Pasay and Muntinlupa",2,ROUTE_880872,882006,882005
1715,PNR,Metro Commuter,"PNT Metro South Commuter connects the cities of Manila, Pasay and Muntinlupa",2,ROUTE_880872,882006,882005
1715,PNR,Metro Commuter,"PNT Metro South Commuter connects the cities of Manila, Pasay and Muntinlupa",2,ROUTE_880872,882006,882005
1715,PNR,Metro Commuter,"PNT Metro South Commuter connects the cities of Manila, Pasay and Muntinlupa",2,ROUTE_880872,882006,882005
1715,PNR,Metro Commuter,"PNT Metro South Commuter connects the cities of Manila, Pasay and Muntinlupa",2,ROUTE_880872,882006,882005
1715,PNR,Metro Commuter,"PNT Metro South Commuter connects the cities of Manila, Pasay and Muntinlupa",2,ROUTE_880872,882006,882005
1715,PNR,Metro Commuter,"PNT Metro South Commuter connects the cities of Manila, Pasay and Muntinlupa",2,ROUTE_880872,882006,882005
1715,PNR,Metro Commuter,"PNT Metro South Commuter connects the cities of Manila, Pasay and Muntinlupa",2,ROUTE_880872,882006,882005
1715,PNR,Metro Commuter,"PNT Metro South Commuter connects the cities of Manila, Pasay and Muntinlupa",2,ROUTE_880872,882006,882005
1715,PNR,Metro Commuter,"PNT Metro South Commuter connects the cities of Manila, Pasay and Muntinlupa",2,ROUTE_880872,882006,882005
1715,PNR,Metro Commuter,"PNT Metro South Commuter connects the cities of Manila, Pasay and Muntinlupa",2,ROUTE_880872,882006,882005
1715,PNR,Metro Commuter,"PNT Metro South Commuter connects the cities of Manila, Pasay and Muntinlupa",2,ROUTE_880872,882006,882005
1715,PNR,Metro Commuter,"PNT Metro South Commuter connects the cities of Manila, Pasay and Muntinlupa",2,ROUTE_880872,882006,882005
1715,PNR,Metro Commuter,"PNT Metro South Commuter connects the cities of Manila, Pasay and Muntinlupa",2,ROUTE_880872,882006,882005
1715,PNR,Metro Commuter,"PNT Metro South Commuter connects the cities of Manila, Pasay and Muntinlupa",2,ROUTE_880872,882006,882005
1715,PNR,Metro Commuter,"PNT Metro South Commuter connects the cities of Manila, Pasay and Muntinlupa",2,ROUTE_880872,882006,882005
1715,PNR,Metro Commuter,"PNT Metro South Commuter connects the cities of Manila, Pasay and Muntinlupa",2,ROUTE_880872,882006,882005
1715,PNR,Metro Commuter,"PNT Metro South Commuter connects the cities of Manila, Pasay and Muntinlupa",2,ROUTE_880872,882006,882005
1715,PNR,Metro Commuter,"PNT Metro South Commuter connects the cities of Manila, Pasay and Muntinlupa",2,ROUTE_880872,882006,882005
1715,PNR,Metro Commuter,"PNT Metro South Commuter connects the cities of Manila, Pasay and Muntinlupa",2,ROUTE_880872,882006,882005
1715,PNR,Metro Commuter,"PNT Metro South Commuter connects the cities of Manila, Pasay and Muntinlupa",2,ROUTE_880872,882006,882005
1715,PNR,Metro Commuter,"PNT Metro South Commuter connects the cities of Manila, Pasay and Muntinlupa",2,ROUTE_880872,882006,882005
1715,PNR,Metro Commuter,"PNT Metro South Commuter connects the cities of Manila, Pasay and Muntinlupa",2,ROUTE_880872,882006,882005
1715,PNR,Metro Commuter,"PNT Metro South Commuter connects the cities of Manila, Pasay and Muntinlupa",2,ROUTE_880872,882006,882005
1715,PNR,Metro Commuter,"PNT Metro South Commuter connects the cities of Manila, Pasay and Muntinlupa",2,ROUTE_880872,882006,882005
1715,PNR,Metro Commuter,"PNT Metro South Commuter connects the cities of Manila, Pasay and Muntinlupa",2,ROUTE_880872,882006,882005
1715,PNR,Metro Commuter,"PNT Metro South Commuter connects the cities of Manila, Pasay and Muntinlupa",2,ROUTE_880872,882006,882005
1715,PNR,Metro Commuter,"PNT Metro South Commuter connects the cities of Manila, Pasay and Muntinlupa",2,ROUTE_880872,882006,882005
1715,PNR,Metro Commuter,"PNT Metro South Commuter connects the cities of Manila, Pasay and Muntinlupa",2,ROUTE_880872,882006,882005
1715,PNR,Metro Commuter,"PNT Metro South Commuter connects the cities of Manila, Pasay and Muntinlupa",2,ROUTE_880872,882006,882005
1715,PNR,Metro Commuter,"PNT Metro South Commuter connects the cities of Manila, Pasay and Muntinlupa",2,ROUTE_880872,882006,882005
1715,PNR,Metro Commuter,"PNT Metro South Commuter connects the cities of Manila, Pasay and Muntinlupa",2,ROUTE_880872,882006,882005
1715,PNR,Metro Commuter,"PNT Metro South Commuter connects the cities of Manila, Pasay and Muntinlupa",2,ROUTE_880872,882006,882005
1715,PNR,Metro Commuter,"PNT Metro South Commuter connects the cities of Manila, Pasay and Muntinlupa",2,ROUTE_880872,882006,882005
1715,PNR,Metro Commuter,"PNT Metro South Commuter connects the cities of Manila, Pasay and Muntinlupa",2,ROUTE_880872,882006,882005
1715,PNR,Metro Commuter,"PNT Metro South Commuter connects the cities of Manila, Pasay and Muntinlupa",2,ROUTE_880872,882006,882005
1715,PNR,Metro Commuter,"PNT Metro South Commuter connects the cities of Manila, Pasay and Muntinlupa",2,ROUTE_880872,882006,882005
1715,PNR,Metro Commuter,"PNT Metro South Commuter connects the cities of Manila, Pasay and Muntinlupa",2,ROUTE_880872,882006,882005
1715,PNR,Metro Commuter,"PNT Metro South Commuter connects the cities of Manila, Pasay and Muntinlupa",2,ROUTE_880872,882006,882005
1715,PNR,Metro Commuter,"PNT Metro South Commuter connects the cities of Manila, Pasay and Muntinlupa",2,ROUTE_880872,882006,882005
1715,PNR,Metro Commuter,"PNT Metro South Commuter connects the cities of Manila, Pasay and Muntinlupa",2,ROUTE_880872,882006,882005
1715,PNR,Metro Commuter,"PNT Metro South Commuter connects the cities of Manila, Pasay and Muntinlupa",2,ROUTE_880872,882006,882005
1715,PNR,Metro Commuter,"PNT Metro South Commuter connects the cities of Manila, Pasay and Muntinlupa",2,ROUTE_880872,882006,882005
1715,PNR,Metro Commuter,"PNT Metro South Commuter connects the cities of Manila, Pasay and Muntinlupa",2,ROUTE_880872,882006,882005
1715,PNR,Metro Commuter,"PNT Metro South Commuter connects the cities of Manila, Pasay and Muntinlupa",2,ROUTE_880872,882006,882005
1715,PNR,Metro Commuter,"PNT Metro South Commuter connects the cities of Manila, Pasay and Muntinlupa",2,ROUTE_880872,882006,882005
1715,PNR,Metro Commuter,"PNT Metro South Commuter connects the cities of Manila, Pasay and Muntinlupa",2,ROUTE_880872,882006,882005
1715,PNR,Metro Commuter,"PNT Metro South Commuter connects the cities of Manila, Pasay and Muntinlupa",2,ROUTE_880872,882006,882005
1715,PNR,Metro Commuter,"PNT Metro South Commuter connects the cities of Manila, Pasay and Muntinlupa",2,ROUTE_880872,882006,882005
1715,PNR,Metro Commuter,"PNT Metro South Commuter connects the cities of Manila, Pasay and Muntinlupa",2,ROUTE_880872,882006,882005
1715,PNR,Metro Commuter,"PNT Metro South Commuter connects the cities of Manila, Pasay and Muntinlupa",2,ROUTE_880872,882006,882005
1715,PNR,Metro Commuter,"PNT Metro South Commuter connects the cities of Manila, Pasay and Muntinlupa",2,ROUTE_880872,882006,882005
1715,PNR,Metro Commuter,"PNT Metro South Commuter connects the cities of Manila, Pasay and Muntinlupa",2,ROUTE_880872,882006,882005
1715,PNR,Metro Commuter,"PNT Metro South Commuter connects the cities of Manila, Pasay and Muntinlupa",2,ROUTE_880872,882006,882005
1715,PNR,Metro Commuter,"PNT Metro South Commuter connects the cities of Manila, Pasay and Muntinlupa",2,ROUTE_880872,882006,882005
1715,PNR,Metro Commuter,"PNT Metro South Commuter connects the cities of Manila, Pasay and Muntinlupa",2,ROUTE_880872,882006,882005
1715,PNR,Metro Commuter,"PNT Metro South Commuter connects the cities of Manila, Pasay and Muntinlupa",2,ROUTE_880872,882006,882005
1715,PNR,Metro Commuter,"PNT Metro South Commuter connects the cities of Manila, Pasay and Muntinlupa",2,ROUTE_880872,882006,882005
1715,PNR,Metro Commuter,"PNT Metro South Commuter connects the cities of Manila, Pasay and Muntinlupa",2,ROUTE_880872,882006,882005
1715,PNR,Metro Commuter,"PNT Metro South Commuter connects the cities of Manila, Pasay and Muntinlupa",2,ROUTE_880872,882006,882005
1715,PNR,Metro Commuter,"PNT Metro South Commuter connects the cities of Manila, Pasay and Muntinlupa",2,ROUTE_880872,882006,882005
1715,PNR,Metro Commuter,"PNT Metro South Commuter connects the cities of Manila, Pasay and Muntinlupa",2,ROUTE_880872,882006,882005
1715,PNR,Metro Commuter,"PNT Metro South Commuter connects the cities of Manila, Pasay and Muntinlupa",2,ROUTE_880872,882006,882005
1715,PNR,Metro Commuter,"PNT Metro South Commuter connects the cities of Manila, Pasay and Muntinlupa",2,ROUTE_880872,882006,882005
1715,PNR,Metro Commuter,"PNT Metro South Commuter connects the cities of Manila, Pasay and Muntinlupa",2,ROUTE_880872,882006,882005
1715,PNR,Metro Commuter,"PNT Metro South Commuter connects the cities of Manila, Pasay and Muntinlupa",2,ROUTE_880872,882006,882005
1715,PNR,Metro Commuter,"PNT Metro South Commuter connects the cities of Manila, Pasay and Muntinlupa",2,ROUTE_880872,882006,882005
1715,PNR,Metro Commuter,"PNT Metro South Commuter connects the cities of Manila, Pasay and Muntinlupa",2,ROUTE_880872,882006,882005
1715,PNR,Metro Commuter,"PNT Metro South Commuter connects the cities of Manila, Pasay and Muntinlupa",2,ROUTE_880872,882006,882005
1715,PNR,Metro Commuter,"PNT Metro South Commuter connects the cities of Manila, Pasay and Muntinlupa",2,ROUTE_880872,882006,882005
1715,PNR,Metro Commuter,"PNT Metro South Commuter connects the cities of Manila, Pasay and Muntinlupa",2,ROUTE_880872,882006,882005
1715,PNR,Metro Commuter,"PNT Metro South Commuter connects the cities of Manila, Pasay and Muntinlupa",2,ROUTE_880872,882006,882005
1715,PNR,Metro Commuter,"PNT Metro South Commuter connects the cities of Manila, Pasay and Muntinlupa",2,ROUTE_880872,882006,882005
1715,PNR,Metro Commuter,"PNT Metro South Commuter connects the cities of Manila, Pasay and Muntinlupa",2,ROUTE_880872,882006,882005
1715,PNR,Metro Commuter,"PNT Metro South Commuter connects the cities of Manila, Pasay and Muntinlupa",2,ROUTE_880872,882006,882005
1715,PNR,Metro Commuter,"PNT Metro South Commuter connects the cities of Manila, Pasay and Muntinlupa",2,ROUTE_880872,882006,882005
1715,PNR,Metro Commuter,"PNT Metro South Commuter connects the cities of Manila, Pasay and Muntinlupa",2,ROUTE_880872,882006,882005
1715,PNR,Metro Commuter,"PNT Metro South Commuter connects the cities of Manila, Pasay and Muntinlupa",2,ROUTE_880872,882006,882005
1715,PNR,Metro Commuter,"PNT Metro South Commuter connects the cities of Manila, Pasay and Muntinlupa",2,ROUTE_880872,882006,882005
1715,PNR,Metro Commuter,"PNT Metro South Commuter connects the cities of Manila, Pasay and Muntinlupa",2,ROUTE_880872,882006,882005
1715,PNR,Metro Commuter,"PNT Metro South Commuter connects the cities of Manila, Pasay and Muntinlupa",2,ROUTE_880872,882006,882005
1715,PNR,Metro Commuter,"PNT Metro South Commuter connects the cities of Manila, Pasay and Muntinlupa",2,ROUTE_880872,882006,882005
1715,PNR,Metro Commuter,"PNT Metro South Commuter connects the cities of Manila, Pasay and Muntinlupa",2,ROUTE_880872,882006,882005
1715,PNR,Metro Commuter,"PNT Metro South Commuter connects the cities of Manila, Pasay and Muntinlupa",2,ROUTE_880872,882006,882005
1715,PNR,Metro Commuter,"PNT Metro South Commuter connects the cities of Manila, Pasay and Muntinlupa",2,ROUTE_880872,882006,882005
1715,PNR,Metro Commuter,"PNT Metro South Commuter connects the cities of Manila, Pasay and Muntinlupa",2,ROUTE_880872,882006,882005
1715,PNR,Metro Commuter,"PNT Metro South Commuter connects the cities of Manila, Pasay and Muntinlupa",2,ROUTE_880872,882006,882005
1715,PNR,Metro Commuter,"PNT Metro South Commuter connects the cities of Manila, Pasay and Muntinlupa",2,ROUTE_880872,882006,882007
1715,PNR,Metro Commuter,"PNT Metro South Commuter connects the cities of Manila, Pasay and Muntinlupa",2,ROUTE_880872,882006,882007
1715,PNR,Metro Commuter,"PNT Metro South Commuter connects the cities of Manila, Pasay and Muntinlupa",2,ROUTE_880872,882006,882007
1715,PNR,Metro Commuter,"PNT Metro South Commuter connects the cities of Manila, Pasay and Muntinlupa",2,ROUTE_880872,882006,882007
1715,PNR,Metro Commuter,"PNT Metro South Commuter connects the cities of Manila, Pasay and Muntinlupa",2,ROUTE_880872,882006,882007
1715,PNR,Metro Commuter,"PNT Metro South Commuter connects the cities of Manila, Pasay and Muntinlupa",2,ROUTE_880872,882006,882007
1715,PNR,Metro Commuter,"PNT Metro South Commuter connects the cities of Manila, Pasay and Muntinlupa",2,ROUTE_880872,882006,882007
1715,PNR,Metro Commuter,"PNT Metro South Commuter connects the cities of Manila, Pasay and Muntinlupa",2,ROUTE_880872,882006,882007
1715,PNR,Metro Commuter,"PNT Metro South Commuter connects the cities of Manila, Pasay and Muntinlupa",2,ROUTE_880872,882006,882007
1715,PNR,Metro Commuter,"PNT Metro South Commuter connects the cities of Manila, Pasay and Muntinlupa",2,ROUTE_880872,882006,882007
1715,PNR,Metro Commuter,"PNT Metro South Commuter connects the cities of Manila, Pasay and Muntinlupa",2,ROUTE_880872,882006,882007
1715,PNR,Metro Commuter,"PNT Metro South Commuter connects the cities of Manila, Pasay and Muntinlupa",2,ROUTE_880872,882006,882007
1715,PNR,Metro Commuter,"PNT Metro South Commuter connects the cities of Manila, Pasay and Muntinlupa",2,ROUTE_880872,882006,882007
1715,PNR,Metro Commuter,"PNT Metro South Commuter connects the cities of Manila, Pasay and Muntinlupa",2,ROUTE_880872,882006,882007
1715,PNR,Metro Commuter,"PNT Metro South Commuter connects the cities of Manila, Pasay and Muntinlupa",2,ROUTE_880872,882006,882007
1715,PNR,Metro Commuter,"PNT Metro South Commuter connects the cities of Manila, Pasay and Muntinlupa",2,ROUTE_880872,882006,882007
1715,PNR,Metro Commuter,"PNT Metro South Commuter connects the cities of Manila, Pasay and Muntinlupa",2,ROUTE_880872,882006,882007
1715,PNR,Metro Commuter,"PNT Metro South Commuter connects the cities of Manila, Pasay and Muntinlupa",2,ROUTE_880872,882006,882007
1715,PNR,Metro Commuter,"PNT Metro South Commuter connects the cities of Manila, Pasay and Muntinlupa",2,ROUTE_880872,882006,882007
1715,PNR,Metro Commuter,"PNT Metro South Commuter connects the cities of Manila, Pasay and Muntinlupa",2,ROUTE_880872,882006,882007
1715,PNR,Metro Commuter,"PNT Metro South Commuter connects the cities of Manila, Pasay and Muntinlupa",2,ROUTE_880872,882006,882007
1715,PNR,Metro Commuter,"PNT Metro South Commuter connects the cities of Manila, Pasay and Muntinlupa",2,ROUTE_880872,882006,882007
1715,PNR,Metro Commuter,"PNT Metro South Commuter connects the cities of Manila, Pasay and Muntinlupa",2,ROUTE_880872,882006,882007
1715,PNR,Metro Commuter,"PNT Metro South Commuter connects the cities of Manila, Pasay and Muntinlupa",2,ROUTE_880872,882006,882007
1715,PNR,Metro Commuter,"PNT Metro South Commuter connects the cities of Manila, Pasay and Muntinlupa",2,ROUTE_880872,882006,882007
1715,PNR,Metro Commuter,"PNT Metro South Commuter connects the cities of Manila, Pasay and Muntinlupa",2,ROUTE_880872,882006,882007
1715,PNR,Metro Commuter,"PNT Metro South Commuter connects the cities of Manila, Pasay and Muntinlupa",2,ROUTE_880872,882006,882007
1715,PNR,Metro Commuter,"PNT Metro South Commuter connects the cities of Manila, Pasay and Muntinlupa",2,ROUTE_880872,882006,882007
1715,PNR,Metro Commuter,"PNT Metro South Commuter connects the cities of Manila, Pasay and Muntinlupa",2,ROUTE_880872,882006,882007
1715,PNR,Metro Commuter,"PNT Metro South Commuter connects the cities of Manila, Pasay and Muntinlupa",2,ROUTE_880872,882006,882007
1715,PNR,Metro Commuter,"PNT Metro South Commuter connects the cities of Manila, Pasay and Muntinlupa",2,ROUTE_880872,882006,882007
1715,PNR,Metro Commuter,"PNT Metro South Commuter connects the cities of Manila, Pasay and Muntinlupa",2,ROUTE_880872,882006,882007
1715,PNR,Metro Commuter,"PNT Metro South Commuter connects the cities of Manila, Pasay and Muntinlupa",2,ROUTE_880872,882006,882007
1715,PNR,Metro Commuter,"PNT Metro South Commuter connects the cities of Manila, Pasay and Muntinlupa",2,ROUTE_880872,882006,882007
1715,PNR,Metro Commuter,"PNT Metro South Commuter connects the cities of Manila, Pasay and Muntinlupa",2,ROUTE_880872,882006,882007
1715,PNR,Metro Commuter,"PNT Metro South Commuter connects the cities of Manila, Pasay and Muntinlupa",2,ROUTE_880872,882006,882007
1715,PNR,Metro Commuter,"PNT Metro South Commuter connects the cities of Manila, Pasay and Muntinlupa",2,ROUTE_880872,882006,882007
1715,PNR,Metro Commuter,"PNT Metro South Commuter connects the cities of Manila, Pasay and Muntinlupa",2,ROUTE_880872,882006,882007
1715,PNR,Metro Commuter,"PNT Metro South Commuter connects the cities of Manila, Pasay and Muntinlupa",2,ROUTE_880872,882006,882007
1715,PNR,Metro Commuter,"PNT Metro South Commuter connects the cities of Manila, Pasay and Muntinlupa",2,ROUTE_880872,882006,882007
1715,PNR,Metro Commuter,"PNT Metro South Commuter connects the cities of Manila, Pasay and Muntinlupa",2,ROUTE_880872,882006,882007
1715,PNR,Metro Commuter,"PNT Metro South Commuter connects the cities of Manila, Pasay and Muntinlupa",2,ROUTE_880872,882006,882007
1715,PNR,Metro Commuter,"PNT Metro South Commuter connects the cities of Manila, Pasay and Muntinlupa",2,ROUTE_880872,882006,882007
1715,PNR,Metro Commuter,"PNT Metro South Commuter connects the cities of Manila, Pasay and Muntinlupa",2,ROUTE_880872,882006,882007
1715,PNR,Metro Commuter,"PNT Metro South Commuter connects the cities of Manila, Pasay and Muntinlupa",2,ROUTE_880872,882006,882007
1715,PNR,Metro Commuter,"PNT Metro South Commuter connects the cities of Manila, Pasay and Muntinlupa",2,ROUTE_880872,882006,882007
1715,PNR,Metro Commuter,"PNT Metro South Commuter connects the cities of Manila, Pasay and Muntinlupa",2,ROUTE_880872,882006,882007
1715,PNR,Metro Commuter,"PNT Metro South Commuter connects the cities of Manila, Pasay and Muntinlupa",2,ROUTE_880872,882006,882007
1715,PNR,Metro Commuter,"PNT Metro South Commuter connects the cities of Manila, Pasay and Muntinlupa",2,ROUTE_880872,882006,882007
1715,PNR,Metro Commuter,"PNT Metro South Commuter connects the cities of Manila, Pasay and Muntinlupa",2,ROUTE_880872,882006,882007
1715,PNR,Metro Commuter,"PNT Metro South Commuter connects the cities of Manila, Pasay and Muntinlupa",2,ROUTE_880872,882006,882007
1715,PNR,Metro Commuter,"PNT Metro South Commuter connects the cities of Manila, Pasay and Muntinlupa",2,ROUTE_880872,882006,882007
1715,PNR,Metro Commuter,"PNT Metro South Commuter connects the cities of Manila, Pasay and Muntinlupa",2,ROUTE_880872,882006,882007
1715,PNR,Metro Commuter,"PNT Metro South Commuter connects the cities of Manila, Pasay and Muntinlupa",2,ROUTE_880872,882006,882007
1715,PNR,Metro Commuter,"PNT Metro South Commuter connects the cities of Manila, Pasay and Muntinlupa",2,ROUTE_880872,882006,882007
1715,PNR,Metro Commuter,"PNT Metro South Commuter connects the cities of Manila, Pasay and Muntinlupa",2,ROUTE_880872,882006,882007
1715,PNR,Metro Commuter,"PNT Metro South Commuter connects the cities of Manila, Pasay and Muntinlupa",2,ROUTE_880872,882006,882007
1715,PNR,Metro Commuter,"PNT Metro South Commuter connects the cities of Manila, Pasay and Muntinlupa",2,ROUTE_880872,882006,882007
1715,PNR,Metro Commuter,"PNT Metro South Commuter connects the cities of Manila, Pasay and Muntinlupa",2,ROUTE_880872,882006,882007
1715,PNR,Metro Commuter,"PNT Metro South Commuter connects the cities of Manila, Pasay and Muntinlupa",2,ROUTE_880872,882006,882007
1715,PNR,Metro Commuter,"PNT Metro South Commuter connects the cities of Manila, Pasay and Muntinlupa",2,ROUTE_880872,882006,882007
1715,PNR,Metro Commuter,"PNT Metro South Commuter connects the cities of Manila, Pasay and Muntinlupa",2,ROUTE_880872,882006,882007
1715,PNR,Metro Commuter,"PNT Metro South Commuter connects the cities of Manila, Pasay and Muntinlupa",2,ROUTE_880872,882006,882007
1715,PNR,Metro Commuter,"PNT Metro South Commuter connects the cities of Manila, Pasay and Muntinlupa",2,ROUTE_880872,882006,882007
1715,PNR,Metro Commuter,"PNT Metro South Commuter connects the cities of Manila, Pasay and Muntinlupa",2,ROUTE_880872,882006,882007
1715,PNR,Metro Commuter,"PNT Metro South Commuter connects the cities of Manila, Pasay and Muntinlupa",2,ROUTE_880872,882006,882007
1715,PNR,Metro Commuter,"PNT Metro South Commuter connects the cities of Manila, Pasay and Muntinlupa",2,ROUTE_880872,882006,882007
1715,PNR,Metro Commuter,"PNT Metro South Commuter connects the cities of Manila, Pasay and Muntinlupa",2,ROUTE_880872,882006,882007
1715,PNR,Metro Commuter,"PNT Metro South Commuter connects the cities of Manila, Pasay and Muntinlupa",2,ROUTE_880872,882006,882007
1715,PNR,Metro Commuter,"PNT Metro South Commuter connects the cities of Manila, Pasay and Muntinlupa",2,ROUTE_880872,882006,882007
1715,PNR,Metro Commuter,"PNT Metro South Commuter connects the cities of Manila, Pasay and Muntinlupa",2,ROUTE_880872,882006,882007
1715,PNR,Metro Commuter,"PNT Metro South Commuter connects the cities of Manila, Pasay and Muntinlupa",2,ROUTE_880872,882006,882007
1715,PNR,Metro Commuter,"PNT Metro South Commuter connects the cities of Manila, Pasay and Muntinlupa",2,ROUTE_880872,882006,882007
1715,PNR,Metro Commuter,"PNT Metro South Commuter connects the cities of Manila, Pasay and Muntinlupa",2,ROUTE_880872,882006,882007
1715,PNR,Metro Commuter,"PNT Metro South Commuter connects the cities of Manila, Pasay and Muntinlupa",2,ROUTE_880872,882006,882007
1715,PNR,Metro Commuter,"PNT Metro South Commuter connects the cities of Manila, Pasay and Muntinlupa",2,ROUTE_880872,882006,882007
1715,PNR,Metro Commuter,"PNT Metro South Commuter connects the cities of Manila, Pasay and Muntinlupa",2,ROUTE_880872,882006,882007
1715,PNR,Metro Commuter,"PNT Metro South Commuter connects the cities of Manila, Pasay and Muntinlupa",2,ROUTE_880872,882006,882007
1715,PNR,Metro Commuter,"PNT Metro South Commuter connects the cities of Manila, Pasay and Muntinlupa",2,ROUTE_880872,882006,882007
1715,PNR,Metro Commuter,"PNT Metro South Commuter connects the cities of Manila, Pasay and Muntinlupa",2,ROUTE_880872,882006,882007
1715,PNR,Metro Commuter,"PNT Metro South Commuter connects the cities of Manila, Pasay and Muntinlupa",2,ROUTE_880872,882006,882007
1715,PNR,Metro Commuter,"PNT Metro South Commuter connects the cities of Manila, Pasay and Muntinlupa",2,ROUTE_880872,882006,882007
1715,PNR,Metro Commuter,"PNT Metro South Commuter connects the cities of Manila, Pasay and Muntinlupa",2,ROUTE_880872,882006,882007
1715,PNR,Metro Commuter,"PNT Metro South Commuter connects the cities of Manila, Pasay and Muntinlupa",2,ROUTE_880872,882006,882007
1715,PNR,Metro Commuter,"PNT Metro South Commuter connects the cities of Manila, Pasay and Muntinlupa",2,ROUTE_880872,882006,882007
1715,PNR,Metro Commuter,"PNT Metro South Commuter connects the cities of Manila, Pasay and Muntinlupa",2,ROUTE_880872,882006,882007
1715,PNR,Metro Commuter,"PNT Metro South Commuter connects the cities of Manila, Pasay and Muntinlupa",2,ROUTE_880872,882006,882007
1715,PNR,Metro Commuter,"PNT Metro South Commuter connects the cities of Manila, Pasay and Muntinlupa",2,ROUTE_880872,882006,882007
1715,PNR,Metro Commuter,"PNT Metro South Commuter connects the cities of Manila, Pasay and Muntinlupa",2,ROUTE_880872,882006,882007
1715,PNR,Metro Commuter,"PNT Metro South Commuter connects the cities of Manila, Pasay and Muntinlupa",2,ROUTE_880872,882006,882007
1715,PNR,Metro Commuter,"PNT Metro South Commuter connects the cities of Manila, Pasay and Muntinlupa",2,ROUTE_880872,882006,882007
1715,PNR,Metro Commuter,"PNT Metro South Commuter connects the cities of Manila, Pasay and Muntinlupa",2,ROUTE_880872,882006,882007
1715,PNR,Metro Commuter,"PNT Metro South Commuter connects the cities of Manila, Pasay and Muntinlupa",2,ROUTE_880872,882006,882007
1715,PNR,Metro Commuter,"PNT Metro South Commuter connects the cities of Manila, Pasay and Muntinlupa",2,ROUTE_880872,882006,882007
1715,PNR,Metro Commuter,"PNT Metro South Commuter connects the cities of Manila, Pasay and Muntinlupa",2,ROUTE_880872,882006,882007
1715,PNR,Metro Commuter,"PNT Metro South Commuter connects the cities of Manila, Pasay and Muntinlupa",2,ROUTE_880872,882006,882007
1715,PNR,Metro Commuter,"PNT Metro South Commuter connects the cities of Manila, Pasay and Muntinlupa",2,ROUTE_880872,882006,882007
1715,PNR,Metro Commuter,"PNT Metro South Commuter connects the cities of Manila, Pasay and Muntinlupa",2,ROUTE_880872,882006,882007
1715,PNR,Metro Commuter,"PNT Metro South Commuter connects the cities of Manila, Pasay and Muntinlupa",2,ROUTE_880872,882006,882007
1715,PNR,Metro Commuter,"PNT Metro South Commuter connects the cities of Manila, Pasay and Muntinlupa",2,ROUTE_880872,882006,882007
1715,PNR,Metro Commuter,"PNT Metro South Commuter connects the cities of Manila, Pasay and Muntinlupa",2,ROUTE_880872,882006,882008
1715,PNR,Metro Commuter,"PNT Metro South Commuter connects the cities of Manila, Pasay and Muntinlupa",2,ROUTE_880872,882006,882008
1715,PNR,Metro Commuter,"PNT Metro South Commuter connects the cities of Manila, Pasay and Muntinlupa",2,ROUTE_880872,882006,882008
1715,PNR,Metro Commuter,"PNT Metro South Commuter connects the cities of Manila, Pasay and Muntinlupa",2,ROUTE_880872,882006,882008
1715,PNR,Metro Commuter,"PNT Metro South Commuter connects the cities of Manila, Pasay and Muntinlupa",2,ROUTE_880872,882006,882008
1715,PNR,Metro Commuter,"PNT Metro South Commuter connects the cities of Manila, Pasay and Muntinlupa",2,ROUTE_880872,882006,882008
1715,PNR,Metro Commuter,"PNT Metro South Commuter connects the cities of Manila, Pasay and Muntinlupa",2,ROUTE_880872,882006,882008
1715,PNR,Metro Commuter,"PNT Metro South Commuter connects the cities of Manila, Pasay and Muntinlupa",2,ROUTE_880872,882006,882008
1715,PNR,Metro Commuter,"PNT Metro South Commuter connects the cities of Manila, Pasay and Muntinlupa",2,ROUTE_880872,882006,882008
1715,PNR,Metro Commuter,"PNT Metro South Commuter connects the cities of Manila, Pasay and Muntinlupa",2,ROUTE_880872,882006,882008
1715,PNR,Metro Commuter,"PNT Metro South Commuter connects the cities of Manila, Pasay and Muntinlupa",2,ROUTE_880872,882006,882008
1715,PNR,Metro Commuter,"PNT Metro South Commuter connects the cities of Manila, Pasay and Muntinlupa",2,ROUTE_880872,882006,882008
1715,PNR,Metro Commuter,"PNT Metro South Commuter connects the cities of Manila, Pasay and Muntinlupa",2,ROUTE_880872,882006,882008
1715,PNR,Metro Commuter,"PNT Metro South Commuter connects the cities of Manila, Pasay and Muntinlupa",2,ROUTE_880872,882006,882008
1715,PNR,Metro Commuter,"PNT Metro South Commuter connects the cities of Manila, Pasay and Muntinlupa",2,ROUTE_880872,882006,882008
1715,PNR,Metro Commuter,"PNT Metro South Commuter connects the cities of Manila, Pasay and Muntinlupa",2,ROUTE_880872,882006,882008
1715,PNR,Metro Commuter,"PNT Metro South Commuter connects the cities of Manila, Pasay and Muntinlupa",2,ROUTE_880872,882006,882008
1715,PNR,Metro Commuter,"PNT Metro South Commuter connects the cities of Manila, Pasay and Muntinlupa",2,ROUTE_880872,882006,882008
1715,PNR,Metro Commuter,"PNT Metro South Commuter connects the cities of Manila, Pasay and Muntinlupa",2,ROUTE_880872,882006,882008
1715,PNR,Metro Commuter,"PNT Metro South Commuter connects the cities of Manila, Pasay and Muntinlupa",2,ROUTE_880872,882006,882008
1715,PNR,Metro Commuter,"PNT Metro South Commuter connects the cities of Manila, Pasay and Muntinlupa",2,ROUTE_880872,882006,882008
1715,PNR,Metro Commuter,"PNT Metro South Commuter connects the cities of Manila, Pasay and Muntinlupa",2,ROUTE_880872,882006,882008
1715,PNR,Metro Commuter,"PNT Metro South Commuter connects the cities of Manila, Pasay and Muntinlupa",2,ROUTE_880872,882006,882008
1715,PNR,Metro Commuter,"PNT Metro South Commuter connects the cities of Manila, Pasay and Muntinlupa",2,ROUTE_880872,882006,882008
1715,PNR,Metro Commuter,"PNT Metro South Commuter connects the cities of Manila, Pasay and Muntinlupa",2,ROUTE_880872,882006,882008
1715,PNR,Metro Commuter,"PNT Metro South Commuter connects the cities of Manila, Pasay and Muntinlupa",2,ROUTE_880872,882006,882008
1715,PNR,Metro Commuter,"PNT Metro South Commuter connects the cities of Manila, Pasay and Muntinlupa",2,ROUTE_880872,882006,882008
1715,PNR,Metro Commuter,"PNT Metro South Commuter connects the cities of Manila, Pasay and Muntinlupa",2,ROUTE_880872,882006,882008
1715,PNR,Metro Commuter,"PNT Metro South Commuter connects the cities of Manila, Pasay and Muntinlupa",2,ROUTE_880872,882006,882008
1715,PNR,Metro Commuter,"PNT Metro South Commuter connects the cities of Manila, Pasay and Muntinlupa",2,ROUTE_880872,882006,882008
1715,PNR,Metro Commuter,"PNT Metro South Commuter connects the cities of Manila, Pasay and Muntinlupa",2,ROUTE_880872,882006,882008
1715,PNR,Metro Commuter,"PNT Metro South Commuter connects the cities of Manila, Pasay and Muntinlupa",2,ROUTE_880872,882006,882008
1715,PNR,Metro Commuter,"PNT Metro South Commuter connects the cities of Manila, Pasay and Muntinlupa",2,ROUTE_880872,882006,882008
1715,PNR,Metro Commuter,"PNT Metro South Commuter connects the cities of Manila, Pasay and Muntinlupa",2,ROUTE_880872,882006,882008
1715,PNR,Metro Commuter,"PNT Metro South Commuter connects the cities of Manila, Pasay and Muntinlupa",2,ROUTE_880872,882006,882008
1715,PNR,Metro Commuter,"PNT Metro South Commuter connects the cities of Manila, Pasay and Muntinlupa",2,ROUTE_880872,882006,882008
1715,PNR,Metro Commuter,"PNT Metro South Commuter connects the cities of Manila, Pasay and Muntinlupa",2,ROUTE_880872,882006,882008
1715,PNR,Metro Commuter,"PNT Metro South Commuter connects the cities of Manila, Pasay and Muntinlupa",2,ROUTE_880872,882006,882008
1715,PNR,Metro Commuter,"PNT Metro South Commuter connects the cities of Manila, Pasay and Muntinlupa",2,ROUTE_880872,882006,882008
1715,PNR,Metro Commuter,"PNT Metro South Commuter connects the cities of Manila, Pasay and Muntinlupa",2,ROUTE_880872,882006,882008
1715,PNR,Metro Commuter,"PNT Metro South Commuter connects the cities of Manila, Pasay and Muntinlupa",2,ROUTE_880872,882006,882008
1715,PNR,Metro Commuter,"PNT Metro South Commuter connects the cities of Manila, Pasay and Muntinlupa",2,ROUTE_880872,882006,882008
1715,PNR,Metro Commuter,"PNT Metro South Commuter connects the cities of Manila, Pasay and Muntinlupa",2,ROUTE_880872,882006,882008
1715,PNR,Metro Commuter,"PNT Metro South Commuter connects the cities of Manila, Pasay and Muntinlupa",2,ROUTE_880872,882006,882008
1715,PNR,Metro Commuter,"PNT Metro South Commuter connects the cities of Manila, Pasay and Muntinlupa",2,ROUTE_880872,882006,882008
1715,PNR,Metro Commuter,"PNT Metro South Commuter connects the cities of Manila, Pasay and Muntinlupa",2,ROUTE_880872,882006,882008
1715,PNR,Metro Commuter,"PNT Metro South Commuter connects the cities of Manila, Pasay and Muntinlupa",2,ROUTE_880872,882006,882008
1715,PNR,Metro Commuter,"PNT Metro South Commuter connects the cities of Manila, Pasay and Muntinlupa",2,ROUTE_880872,882006,882008
1715,PNR,Metro Commuter,"PNT Metro South Commuter connects the cities of Manila, Pasay and Muntinlupa",2,ROUTE_880872,882006,882008
1715,PNR,Metro Commuter,"PNT Metro South Commuter connects the cities of Manila, Pasay and Muntinlupa",2,ROUTE_880872,882006,882008
1715,PNR,Metro Commuter,"PNT Metro South Commuter connects the cities of Manila, Pasay and Muntinlupa",2,ROUTE_880872,882006,882008
1715,PNR,Metro Commuter,"PNT Metro South Commuter connects the cities of Manila, Pasay and Muntinlupa",2,ROUTE_880872,882006,882008
1715,PNR,Metro Commuter,"PNT Metro South Commuter connects the cities of Manila, Pasay and Muntinlupa",2,ROUTE_880872,882006,882008
1715,PNR,Metro Commuter,"PNT Metro South Commuter connects the cities of Manila, Pasay and Muntinlupa",2,ROUTE_880872,882006,882008
1715,PNR,Metro Commuter,"PNT Metro South Commuter connects the cities of Manila, Pasay and Muntinlupa",2,ROUTE_880872,882006,882008
1715,PNR,Metro Commuter,"PNT Metro South Commuter connects the cities of Manila, Pasay and Muntinlupa",2,ROUTE_880872,882006,882008
1715,PNR,Metro Commuter,"PNT Metro South Commuter connects the cities of Manila, Pasay and Muntinlupa",2,ROUTE_880872,882006,882008
1715,PNR,Metro Commuter,"PNT Metro South Commuter connects the cities of Manila, Pasay and Muntinlupa",2,ROUTE_880872,882006,882008
1715,PNR,Metro Commuter,"PNT Metro South Commuter connects the cities of Manila, Pasay and Muntinlupa",2,ROUTE_880872,882006,882008
1715,PNR,Metro Commuter,"PNT Metro South Commuter connects the cities of Manila, Pasay and Muntinlupa",2,ROUTE_880872,882006,882008
1715,PNR,Metro Commuter,"PNT Metro South Commuter connects the cities of Manila, Pasay and Muntinlupa",2,ROUTE_880872,882006,882008
1715,PNR,Metro Commuter,"PNT Metro South Commuter connects the cities of Manila, Pasay and Muntinlupa",2,ROUTE_880872,882006,882008
1715,PNR,Metro Commuter,"PNT Metro South Commuter connects the cities of Manila, Pasay and Muntinlupa",2,ROUTE_880872,882006,882008
1715,PNR,Metro Commuter,"PNT Metro South Commuter connects the cities of Manila, Pasay and Muntinlupa",2,ROUTE_880872,882006,882008
1715,PNR,Metro Commuter,"PNT Metro South Commuter connects the cities of Manila, Pasay and Muntinlupa",2,ROUTE_880872,882006,882008
1715,PNR,Metro Commuter,"PNT Metro South Commuter connects the cities of Manila, Pasay and Muntinlupa",2,ROUTE_880872,882006,882008
1715,PNR,Metro Commuter,"PNT Metro South Commuter connects the cities of Manila, Pasay and Muntinlupa",2,ROUTE_880872,882006,882008
1715,PNR,Metro Commuter,"PNT Metro South Commuter connects the cities of Manila, Pasay and Muntinlupa",2,ROUTE_880872,882006,882008
1715,PNR,Metro Commuter,"PNT Metro South Commuter connects the cities of Manila, Pasay and Muntinlupa",2,ROUTE_880872,882006,882008
1715,PNR,Metro Commuter,"PNT Metro South Commuter connects the cities of Manila, Pasay and Muntinlupa",2,ROUTE_880872,882006,882008
1715,PNR,Metro Commuter,"PNT Metro South Commuter connects the cities of Manila, Pasay and Muntinlupa",2,ROUTE_880872,882006,882008
1715,PNR,Metro Commuter,"PNT Metro South Commuter connects the cities of Manila, Pasay and Muntinlupa",2,ROUTE_880872,882006,882008
1715,PNR,Metro Commuter,"PNT Metro South Commuter connects the cities of Manila, Pasay and Muntinlupa",2,ROUTE_880872,882006,882008
1715,PNR,Metro Commuter,"PNT Metro South Commuter connects the cities of Manila, Pasay and Muntinlupa",2,ROUTE_880872,882006,882008
1715,PNR,Metro Commuter,"PNT Metro South Commuter connects the cities of Manila, Pasay and Muntinlupa",2,ROUTE_880872,882006,882008
1715,PNR,Metro Commuter,"PNT Metro South Commuter connects the cities of Manila, Pasay and Muntinlupa",2,ROUTE_880872,882006,882008
1715,PNR,Metro Commuter,"PNT Metro South Commuter connects the cities of Manila, Pasay and Muntinlupa",2,ROUTE_880872,882006,882008
1715,PNR,Metro Commuter,"PNT Metro South Commuter connects the cities of Manila, Pasay and Muntinlupa",2,ROUTE_880872,882006,882008
1715,PNR,Metro Commuter,"PNT Metro South Commuter connects the cities of Manila, Pasay and Muntinlupa",2,ROUTE_880872,882006,882008
1715,PNR,Metro Commuter,"PNT Metro South Commuter connects the cities of Manila, Pasay and Muntinlupa",2,ROUTE_880872,882006,882008
1715,PNR,Metro Commuter,"PNT Metro South Commuter connects the cities of Manila, Pasay and Muntinlupa",2,ROUTE_880872,882006,882008
1715,PNR,Metro Commuter,"PNT Metro South Commuter connects the cities of Manila, Pasay and Muntinlupa",2,ROUTE_880872,882006,882008
1715,PNR,Metro Commuter,"PNT Metro South Commuter connects the cities of Manila, Pasay and Muntinlupa",2,ROUTE_880872,882006,882008
1715,PNR,Metro Commuter,"PNT Metro South Commuter connects the cities of Manila, Pasay and Muntinlupa",2,ROUTE_880872,882006,882008
1715,PNR,Metro Commuter,"PNT Metro South Commuter connects the cities of Manila, Pasay and Muntinlupa",2,ROUTE_880872,882006,882008
1715,PNR,Metro Commuter,"PNT Metro South Commuter connects the cities of Manila, Pasay and Muntinlupa",2,ROUTE_880872,882006,882008
1715,PNR,Metro Commuter,"PNT Metro South Commuter connects the cities of Manila, Pasay and Muntinlupa",2,ROUTE_880872,882006,882008
1715,PNR,Metro Commuter,"PNT Metro South Commuter connects the cities of Manila, Pasay and Muntinlupa",2,ROUTE_880872,882006,882008
1715,PNR,Metro Commuter,"PNT Metro South Commuter connects the cities of Manila, Pasay and Muntinlupa",2,ROUTE_880872,882006,882008
1715,PNR,Metro Commuter,"PNT Metro South Commuter connects the cities of Manila, Pasay and Muntinlupa",2,ROUTE_880872,882006,882008
1715,PNR,Metro Commuter,"PNT Metro South Commuter connects the cities of Manila, Pasay and Muntinlupa",2,ROUTE_880872,882006,882008
1715,PNR,Metro Commuter,"PNT Metro South Commuter connects the cities of Manila, Pasay and Muntinlupa",2,ROUTE_880872,882006,882008
1715,PNR,Metro Commuter,"PNT Metro South Commuter connects the cities of Manila, Pasay and Muntinlupa",2,ROUTE_880872,882006,882008
1715,PNR,Metro Commuter,"PNT Metro South Commuter connects the cities of Manila, Pasay and Muntinlupa",2,ROUTE_880872,882006,882008
1715,PNR,Metro Commuter,"PNT Metro South Commuter connects the cities of Manila, Pasay and Muntinlupa",2,ROUTE_880872,882006,882008
1715,PNR,Metro Commuter,"PNT Metro South Commuter connects the cities of Manila, Pasay and Muntinlupa",2,ROUTE_880872,882006,882008
1715,PNR,Metro Commuter,"PNT Metro South Commuter connects the cities of Manila, Pasay and Muntinlupa",2,ROUTE_880872,882006,882008
1715,PNR,Metro Commuter,"PNT Metro South Commuter connects the cities of Manila, Pasay and Muntinlupa",2,ROUTE_880872,882006,882008
1715,PNR,Metro Commuter,"PNT Metro South Commuter connects the cities of Manila, Pasay and Muntinlupa",2,ROUTE_880872,882006,882008
1715,PNR,Metro Commuter,"PNT Metro South Commuter connects the cities of Manila, Pasay and Muntinlupa",2,ROUTE_880872,882006,882008
1715,PNR,Metro Commuter,"PNT Metro South Commuter connects the cities of Manila, Pasay and Muntinlupa",2,ROUTE_880872,882006,882009
1715,PNR,Metro Commuter,"PNT Metro South Commuter connects the cities of Manila, Pasay and Muntinlupa",2,ROUTE_880872,882006,882009
1715,PNR,Metro Commuter,"PNT Metro South Commuter connects the cities of Manila, Pasay and Muntinlupa",2,ROUTE_880872,882006,882009
1715,PNR,Metro Commuter,"PNT Metro South Commuter connects the cities of Manila, Pasay and Muntinlupa",2,ROUTE_880872,882006,882009
1715,PNR,Metro Commuter,"PNT Metro South Commuter connects the cities of Manila, Pasay and Muntinlupa",2,ROUTE_880872,882006,882009
1715,PNR,Metro Commuter,"PNT Metro South Commuter connects the cities of Manila, Pasay and Muntinlupa",2,ROUTE_880872,882006,882009
1715,PNR,Metro Commuter,"PNT Metro South Commuter connects the cities of Manila, Pasay and Muntinlupa",2,ROUTE_880872,882006,882009
1715,PNR,Metro Commuter,"PNT Metro South Commuter connects the cities of Manila, Pasay and Muntinlupa",2,ROUTE_880872,882006,882009
1715,PNR,Metro Commuter,"PNT Metro South Commuter connects the cities of Manila, Pasay and Muntinlupa",2,ROUTE_880872,882006,882009
1715,PNR,Metro Commuter,"PNT Metro South Commuter connects the cities of Manila, Pasay and Muntinlupa",2,ROUTE_880872,882006,882009
1715,PNR,Metro Commuter,"PNT Metro South Commuter connects the cities of Manila, Pasay and Muntinlupa",2,ROUTE_880872,882006,882009
1715,PNR,Metro Commuter,"PNT Metro South Commuter connects the cities of Manila, Pasay and Muntinlupa",2,ROUTE_880872,882006,882009
1715,PNR,Metro Commuter,"PNT Metro South Commuter connects the cities of Manila, Pasay and Muntinlupa",2,ROUTE_880872,882006,882009
1715,PNR,Metro Commuter,"PNT Metro South Commuter connects the cities of Manila, Pasay and Muntinlupa",2,ROUTE_880872,882006,882009
1715,PNR,Metro Commuter,"PNT Metro South Commuter connects the cities of Manila, Pasay and Muntinlupa",2,ROUTE_880872,882006,882009
1715,PNR,Metro Commuter,"PNT Metro South Commuter connects the cities of Manila, Pasay and Muntinlupa",2,ROUTE_880872,882006,882009
1715,PNR,Metro Commuter,"PNT Metro South Commuter connects the cities of Manila, Pasay and Muntinlupa",2,ROUTE_880872,882006,882009
1715,PNR,Metro Commuter,"PNT Metro South Commuter connects the cities of Manila, Pasay and Muntinlupa",2,ROUTE_880872,882006,882009
1715,PNR,Metro Commuter,"PNT Metro South Commuter connects the cities of Manila, Pasay and Muntinlupa",2,ROUTE_880872,882006,882009
1715,PNR,Metro Commuter,"PNT Metro South Commuter connects the cities of Manila, Pasay and Muntinlupa",2,ROUTE_880872,882006,882009
1715,PNR,Metro Commuter,"PNT Metro South Commuter connects the cities of Manila, Pasay and Muntinlupa",2,ROUTE_880872,882006,882009
1715,PNR,Metro Commuter,"PNT Metro South Commuter connects the cities of Manila, Pasay and Muntinlupa",2,ROUTE_880872,882006,882009
1715,PNR,Metro Commuter,"PNT Metro South Commuter connects the cities of Manila, Pasay and Muntinlupa",2,ROUTE_880872,882006,882009
1715,PNR,Metro Commuter,"PNT Metro South Commuter connects the cities of Manila, Pasay and Muntinlupa",2,ROUTE_880872,882006,882009
1715,PNR,Metro Commuter,"PNT Metro South Commuter connects the cities of Manila, Pasay and Muntinlupa",2,ROUTE_880872,882006,882009
1715,PNR,Metro Commuter,"PNT Metro South Commuter connects the cities of Manila, Pasay and Muntinlupa",2,ROUTE_880872,882006,882009
1715,PNR,Metro Commuter,"PNT Metro South Commuter connects the cities of Manila, Pasay and Muntinlupa",2,ROUTE_880872,882006,882009
1715,PNR,Metro Commuter,"PNT Metro South Commuter connects the cities of Manila, Pasay and Muntinlupa",2,ROUTE_880872,882006,882009
1715,PNR,Metro Commuter,"PNT Metro South Commuter connects the cities of Manila, Pasay and Muntinlupa",2,ROUTE_880872,882006,882009
1715,PNR,Metro Commuter,"PNT Metro South Commuter connects the cities of Manila, Pasay and Muntinlupa",2,ROUTE_880872,882006,882009
1715,PNR,Metro Commuter,"PNT Metro South Commuter connects the cities of Manila, Pasay and Muntinlupa",2,ROUTE_880872,882006,882009
1715,PNR,Metro Commuter,"PNT Metro South Commuter connects the cities of Manila, Pasay and Muntinlupa",2,ROUTE_880872,882006,882009
1715,PNR,Metro Commuter,"PNT Metro South Commuter connects the cities of Manila, Pasay and Muntinlupa",2,ROUTE_880872,882006,882009
1715,PNR,Metro Commuter,"PNT Metro South Commuter connects the cities of Manila, Pasay and Muntinlupa",2,ROUTE_880872,882006,882009
1715,PNR,Metro Commuter,"PNT Metro South Commuter connects the cities of Manila, Pasay and Muntinlupa",2,ROUTE_880872,882006,882009
1715,PNR,Metro Commuter,"PNT Metro South Commuter connects the cities of Manila, Pasay and Muntinlupa",2,ROUTE_880872,882006,882009
1715,PNR,Metro Commuter,"PNT Metro South Commuter connects the cities of Manila, Pasay and Muntinlupa",2,ROUTE_880872,882006,882009
1715,PNR,Metro Commuter,"PNT Metro South Commuter connects the cities of Manila, Pasay and Muntinlupa",2,ROUTE_880872,882006,882009
1715,PNR,Metro Commuter,"PNT Metro South Commuter connects the cities of Manila, Pasay and Muntinlupa",2,ROUTE_880872,882006,882009
1715,PNR,Metro Commuter,"PNT Metro South Commuter connects the cities of Manila, Pasay and Muntinlupa",2,ROUTE_880872,882006,882009
1715,PNR,Metro Commuter,"PNT Metro South Commuter connects the cities of Manila, Pasay and Muntinlupa",2,ROUTE_880872,882006,882009
1715,PNR,Metro Commuter,"PNT Metro South Commuter connects the cities of Manila, Pasay and Muntinlupa",2,ROUTE_880872,882006,882009
1715,PNR,Metro Commuter,"PNT Metro South Commuter connects the cities of Manila, Pasay and Muntinlupa",2,ROUTE_880872,882006,882009
1715,PNR,Metro Commuter,"PNT Metro South Commuter connects the cities of Manila, Pasay and Muntinlupa",2,ROUTE_880872,882006,882009
1715,PNR,Metro Commuter,"PNT Metro South Commuter connects the cities of Manila, Pasay and Muntinlupa",2,ROUTE_880872,882006,882009
1715,PNR,Metro Commuter,"PNT Metro South Commuter connects the cities of Manila, Pasay and Muntinlupa",2,ROUTE_880872,882006,882009
1715,PNR,Metro Commuter,"PNT Metro South Commuter connects the cities of Manila, Pasay and Muntinlupa",2,ROUTE_880872,882006,882009
1715,PNR,Metro Commuter,"PNT Metro South Commuter connects the cities of Manila, Pasay and Muntinlupa",2,ROUTE_880872,882006,882009
1715,PNR,Metro Commuter,"PNT Metro South Commuter connects the cities of Manila, Pasay and Muntinlupa",2,ROUTE_880872,882006,882009
1715,PNR,Metro Commuter,"PNT Metro South Commuter connects the cities of Manila, Pasay and Muntinlupa",2,ROUTE_880872,882006,882009
1715,PNR,Metro Commuter,"PNT Metro South Commuter connects the cities of Manila, Pasay and Muntinlupa",2,ROUTE_880872,882006,882009
1715,PNR,Metro Commuter,"PNT Metro South Commuter connects the cities of Manila, Pasay and Muntinlupa",2,ROUTE_880872,882006,882009
1715,PNR,Metro Commuter,"PNT Metro South Commuter connects the cities of Manila, Pasay and Muntinlupa",2,ROUTE_880872,882006,882009
1715,PNR,Metro Commuter,"PNT Metro South Commuter connects the cities of Manila, Pasay and Muntinlupa",2,ROUTE_880872,882006,882009
1715,PNR,Metro Commuter,"PNT Metro South Commuter connects the cities of Manila, Pasay and Muntinlupa",2,ROUTE_880872,882006,882009
1715,PNR,Metro Commuter,"PNT Metro South Commuter connects the cities of Manila, Pasay and Muntinlupa",2,ROUTE_880872,882006,882009
1715,PNR,Metro Commuter,"PNT Metro South Commuter connects the cities of Manila, Pasay and Muntinlupa",2,ROUTE_880872,882006,882009
1715,PNR,Metro Commuter,"PNT Metro South Commuter connects the cities of Manila, Pasay and Muntinlupa",2,ROUTE_880872,882006,882009
1715,PNR,Metro Commuter,"PNT Metro South Commuter connects the cities of Manila, Pasay and Muntinlupa",2,ROUTE_880872,882006,882009
1715,PNR,Metro Commuter,"PNT Metro South Commuter connects the cities of Manila, Pasay and Muntinlupa",2,ROUTE_880872,882006,882009
1715,PNR,Metro Commuter,"PNT Metro South Commuter connects the cities of Manila, Pasay and Muntinlupa",2,ROUTE_880872,882006,882009
1715,PNR,Metro Commuter,"PNT Metro South Commuter connects the cities of Manila, Pasay and Muntinlupa",2,ROUTE_880872,882006,882009
1715,PNR,Metro Commuter,"PNT Metro South Commuter connects the cities of Manila, Pasay and Muntinlupa",2,ROUTE_880872,882006,882009
1715,PNR,Metro Commuter,"PNT Metro South Commuter connects the cities of Manila, Pasay and Muntinlupa",2,ROUTE_880872,882006,882009
1715,PNR,Metro Commuter,"PNT Metro South Commuter connects the cities of Manila, Pasay and Muntinlupa",2,ROUTE_880872,882006,882009
1715,PNR,Metro Commuter,"PNT Metro South Commuter connects the cities of Manila, Pasay and Muntinlupa",2,ROUTE_880872,882006,882009
1715,PNR,Metro Commuter,"PNT Metro South Commuter connects the cities of Manila, Pasay and Muntinlupa",2,ROUTE_880872,882006,882009
1715,PNR,Metro Commuter,"PNT Metro South Commuter connects the cities of Manila, Pasay and Muntinlupa",2,ROUTE_880872,882006,882009
1715,PNR,Metro Commuter,"PNT Metro South Commuter connects the cities of Manila, Pasay and Muntinlupa",2,ROUTE_880872,882006,882009
1715,PNR,Metro Commuter,"PNT Metro South Commuter connects the cities of Manila, Pasay and Muntinlupa",2,ROUTE_880872,882006,882009
1715,PNR,Metro Commuter,"PNT Metro South Commuter connects the cities of Manila, Pasay and Muntinlupa",2,ROUTE_880872,882006,882009
1715,PNR,Metro Commuter,"PNT Metro South Commuter connects the cities of Manila, Pasay and Muntinlupa",2,ROUTE_880872,882006,882009
1715,PNR,Metro Commuter,"PNT Metro South Commuter connects the cities of Manila, Pasay and Muntinlupa",2,ROUTE_880872,882006,882009
1715,PNR,Metro Commuter,"PNT Metro South Commuter connects the cities of Manila, Pasay and Muntinlupa",2,ROUTE_880872,882006,882009
1715,PNR,Metro Commuter,"PNT Metro South Commuter connects the cities of Manila, Pasay and Muntinlupa",2,ROUTE_880872,882006,882009
1715,PNR,Metro Commuter,"PNT Metro South Commuter connects the cities of Manila, Pasay and Muntinlupa",2,ROUTE_880872,882006,882009
1715,PNR,Metro Commuter,"PNT Metro South Commuter connects the cities of Manila, Pasay and Muntinlupa",2,ROUTE_880872,882006,882009
1715,PNR,Metro Commuter,"PNT Metro South Commuter connects the cities of Manila, Pasay and Muntinlupa",2,ROUTE_880872,882006,882009
1715,PNR,Metro Commuter,"PNT Metro South Commuter connects the cities of Manila, Pasay and Muntinlupa",2,ROUTE_880872,882006,882009
1715,PNR,Metro Commuter,"PNT Metro South Commuter connects the cities of Manila, Pasay and Muntinlupa",2,ROUTE_880872,882006,882009
1715,PNR,Metro Commuter,"PNT Metro South Commuter connects the cities of Manila, Pasay and Muntinlupa",2,ROUTE_880872,882006,882009
1715,PNR,Metro Commuter,"PNT Metro South Commuter connects the cities of Manila, Pasay and Muntinlupa",2,ROUTE_880872,882006,882009
1715,PNR,Metro Commuter,"PNT Metro South Commuter connects the cities of Manila, Pasay and Muntinlupa",2,ROUTE_880872,882006,882009
1715,PNR,Metro Commuter,"PNT Metro South Commuter connects the cities of Manila, Pasay and Muntinlupa",2,ROUTE_880872,882006,882009
1715,PNR,Metro Commuter,"PNT Metro South Commuter connects the cities of Manila, Pasay and Muntinlupa",2,ROUTE_880872,882006,882009
1715,PNR,Metro Commuter,"PNT Metro South Commuter connects the cities of Manila, Pasay and Muntinlupa",2,ROUTE_880872,882006,882009
1715,PNR,Metro Commuter,"PNT Metro South Commuter connects the cities of Manila, Pasay and Muntinlupa",2,ROUTE_880872,882006,882009
1715,PNR,Metro Commuter,"PNT Metro South Commuter connects the cities of Manila, Pasay and Muntinlupa",2,ROUTE_880872,882006,882009
1715,PNR,Metro Commuter,"PNT Metro South Commuter connects the cities of Manila, Pasay and Muntinlupa",2,ROUTE_880872,882006,882009
1715,PNR,Metro Commuter,"PNT Metro South Commuter connects the cities of Manila, Pasay and Muntinlupa",2,ROUTE_880872,882006,882009
1715,PNR,Metro Commuter,"PNT Metro South Commuter connects the cities of Manila, Pasay and Muntinlupa",2,ROUTE_880872,882006,882009
1715,PNR,Metro Commuter,"PNT Metro South Commuter connects the cities of Manila, Pasay and Muntinlupa",2,ROUTE_880872,882006,882009
1715,PNR,Metro Commuter,"PNT Metro South Commuter connects the cities of Manila, Pasay and Muntinlupa",2,ROUTE_880872,882006,882009
1715,PNR,Metro Commuter,"PNT Metro South Commuter connects the cities of Manila, Pasay and Muntinlupa",2,ROUTE_880872,882006,882009
1715,PNR,Metro Commuter,"PNT Metro South Commuter connects the cities of Manila, Pasay and Muntinlupa",2,ROUTE_880872,882006,882009
1715,PNR,Metro Commuter,"PNT Metro South Commuter connects the cities of Manila, Pasay and Muntinlupa",2,ROUTE_880872,882006,882009
1715,PNR,Metro Commuter,"PNT Metro South Commuter connects the cities of Manila, Pasay and Muntinlupa",2,ROUTE_880872,882006,882009
1715,PNR,Metro Commuter,"PNT Metro South Commuter connects the cities of Manila, Pasay and Muntinlupa",2,ROUTE_880872,882006,882009
1715,PNR,Metro Commuter,"PNT Metro South Commuter connects the cities of Manila, Pasay and Muntinlupa",2,ROUTE_880872,882006,882009
1715,PNR,Metro Commuter,"PNT Metro South Commuter connects the cities of Manila, Pasay and Muntinlupa",2,ROUTE_880872,882006,882009
1715,PNR,Metro Commuter,"PNT Metro South Commuter connects the cities of Manila, Pasay and Muntinlupa",2,ROUTE_880872,882006,882110
1715,PNR,Metro Commuter,"PNT Metro South Commuter connects the cities of Manila, Pasay and Muntinlupa",2,ROUTE_880872,882006,882110
1715,PNR,Metro Commuter,"PNT Metro South Commuter connects the cities of Manila, Pasay and Muntinlupa",2,ROUTE_880872,882006,882110
1715,PNR,Metro Commuter,"PNT Metro South Commuter connects the cities of Manila, Pasay and Muntinlupa",2,ROUTE_880872,882006,882110
1715,PNR,Metro Commuter,"PNT Metro South Commuter connects the cities of Manila, Pasay and Muntinlupa",2,ROUTE_880872,882006,882110
1715,PNR,Metro Commuter,"PNT Metro South Commuter connects the cities of Manila, Pasay and Muntinlupa",2,ROUTE_880872,882006,882110
1715,PNR,Metro Commuter,"PNT Metro South Commuter connects the cities of Manila, Pasay and Muntinlupa",2,ROUTE_880872,882006,882110
1715,PNR,Metro Commuter,"PNT Metro South Commuter connects the cities of Manila, Pasay and Muntinlupa",2,ROUTE_880872,882006,882110
1715,PNR,Metro Commuter,"PNT Metro South Commuter connects the cities of Manila, Pasay and Muntinlupa",2,ROUTE_880872,882006,882110
1715,PNR,Metro Commuter,"PNT Metro South Commuter connects the cities of Manila, Pasay and Muntinlupa",2,ROUTE_880872,882006,882110
1715,PNR,Metro Commuter,"PNT Metro South Commuter connects the cities of Manila, Pasay and Muntinlupa",2,ROUTE_880872,882006,882110
1715,PNR,Metro Commuter,"PNT Metro South Commuter connects the cities of Manila, Pasay and Muntinlupa",2,ROUTE_880872,882006,882110
1715,PNR,Metro Commuter,"PNT Metro South Commuter connects the cities of Manila, Pasay and Muntinlupa",2,ROUTE_880872,882006,882110
1715,PNR,Metro Commuter,"PNT Metro South Commuter connects the cities of Manila, Pasay and Muntinlupa",2,ROUTE_880872,882006,882110
1715,PNR,Metro Commuter,"PNT Metro South Commuter connects the cities of Manila, Pasay and Muntinlupa",2,ROUTE_880872,882006,882110
1715,PNR,Metro Commuter,"PNT Metro South Commuter connects the cities of Manila, Pasay and Muntinlupa",2,ROUTE_880872,882006,882110
1715,PNR,Metro Commuter,"PNT Metro South Commuter connects the cities of Manila, Pasay and Muntinlupa",2,ROUTE_880872,882006,882110
1715,PNR,Metro Commuter,"PNT Metro South Commuter connects the cities of Manila, Pasay and Muntinlupa",2,ROUTE_880872,882006,882110
1715,PNR,Metro Commuter,"PNT Metro South Commuter connects the cities of Manila, Pasay and Muntinlupa",2,ROUTE_880872,882006,882110
1715,PNR,Metro Commuter,"PNT Metro South Commuter connects the cities of Manila, Pasay and Muntinlupa",2,ROUTE_880872,882006,882110
1715,PNR,Metro Commuter,"PNT Metro South Commuter connects the cities of Manila, Pasay and Muntinlupa",2,ROUTE_880872,882006,882110
1715,PNR,Metro Commuter,"PNT Metro South Commuter connects the cities of Manila, Pasay and Muntinlupa",2,ROUTE_880872,882006,882110
1715,PNR,Metro Commuter,"PNT Metro South Commuter connects the cities of Manila, Pasay and Muntinlupa",2,ROUTE_880872,882006,882110
1715,PNR,Metro Commuter,"PNT Metro South Commuter connects the cities of Manila, Pasay and Muntinlupa",2,ROUTE_880872,882006,882110
1715,PNR,Metro Commuter,"PNT Metro South Commuter connects the cities of Manila, Pasay and Muntinlupa",2,ROUTE_880872,882006,882110
1715,PNR,Metro Commuter,"PNT Metro South Commuter connects the cities of Manila, Pasay and Muntinlupa",2,ROUTE_880872,882006,882110
1715,PNR,Metro Commuter,"PNT Metro South Commuter connects the cities of Manila, Pasay and Muntinlupa",2,ROUTE_880872,882006,882110
1715,PNR,Metro Commuter,"PNT Metro South Commuter connects the cities of Manila, Pasay and Muntinlupa",2,ROUTE_880872,882006,882110
1715,PNR,Metro Commuter,"PNT Metro South Commuter connects the cities of Manila, Pasay and Muntinlupa",2,ROUTE_880872,882006,882110
1715,PNR,Metro Commuter,"PNT Metro South Commuter connects the cities of Manila, Pasay and Muntinlupa",2,ROUTE_880872,882006,882110
1715,PNR,Metro Commuter,"PNT Metro South Commuter connects the cities of Manila, Pasay and Muntinlupa",2,ROUTE_880872,882006,882110
1715,PNR,Metro Commuter,"PNT Metro South Commuter connects the cities of Manila, Pasay and Muntinlupa",2,ROUTE_880872,882006,882110
1715,PNR,Metro Commuter,"PNT Metro South Commuter connects the cities of Manila, Pasay and Muntinlupa",2,ROUTE_880872,882006,882110
1715,PNR,Metro Commuter,"PNT Metro South Commuter connects the cities of Manila, Pasay and Muntinlupa",2,ROUTE_880872,882006,882110
1715,PNR,Metro Commuter,"PNT Metro South Commuter connects the cities of Manila, Pasay and Muntinlupa",2,ROUTE_880872,882006,882110
1715,PNR,Metro Commuter,"PNT Metro South Commuter connects the cities of Manila, Pasay and Muntinlupa",2,ROUTE_880872,882006,882110
1715,PNR,Metro Commuter,"PNT Metro South Commuter connects the cities of Manila, Pasay and Muntinlupa",2,ROUTE_880872,882006,882110
1715,PNR,Metro Commuter,"PNT Metro South Commuter connects the cities of Manila, Pasay and Muntinlupa",2,ROUTE_880872,882006,882110
1715,PNR,Metro Commuter,"PNT Metro South Commuter connects the cities of Manila, Pasay and Muntinlupa",2,ROUTE_880872,882006,882110
1715,PNR,Metro Commuter,"PNT Metro South Commuter connects the cities of Manila, Pasay and Muntinlupa",2,ROUTE_880872,882006,882110
1715,PNR,Metro Commuter,"PNT Metro South Commuter connects the cities of Manila, Pasay and Muntinlupa",2,ROUTE_880872,882006,882110
1715,PNR,Metro Commuter,"PNT Metro South Commuter connects the cities of Manila, Pasay and Muntinlupa",2,ROUTE_880872,882006,882110
1715,PNR,Metro Commuter,"PNT Metro South Commuter connects the cities of Manila, Pasay and Muntinlupa",2,ROUTE_880872,882006,882110
1715,PNR,Metro Commuter,"PNT Metro South Commuter connects the cities of Manila, Pasay and Muntinlupa",2,ROUTE_880872,882006,882110
1715,PNR,Metro Commuter,"PNT Metro South Commuter connects the cities of Manila, Pasay and Muntinlupa",2,ROUTE_880872,882006,882110
1715,PNR,Metro Commuter,"PNT Metro South Commuter connects the cities of Manila, Pasay and Muntinlupa",2,ROUTE_880872,882006,882110
1715,PNR,Metro Commuter,"PNT Metro South Commuter connects the cities of Manila, Pasay and Muntinlupa",2,ROUTE_880872,882006,882110
1715,PNR,Metro Commuter,"PNT Metro South Commuter connects the cities of Manila, Pasay and Muntinlupa",2,ROUTE_880872,882006,882110
1715,PNR,Metro Commuter,"PNT Metro South Commuter connects the cities of Manila, Pasay and Muntinlupa",2,ROUTE_880872,882006,882110
1715,PNR,Metro Commuter,"PNT Metro South Commuter connects the cities of Manila, Pasay and Muntinlupa",2,ROUTE_880872,882006,882110
1715,PNR,Metro Commuter,"PNT Metro South Commuter connects the cities of Manila, Pasay and Muntinlupa",2,ROUTE_880872,882006,882110
1715,PNR,Metro Commuter,"PNT Metro South Commuter connects the cities of Manila, Pasay and Muntinlupa",2,ROUTE_880872,882006,882110
1715,PNR,Metro Commuter,"PNT Metro South Commuter connects the cities of Manila, Pasay and Muntinlupa",2,ROUTE_880872,882006,882110
1715,PNR,Metro Commuter,"PNT Metro South Commuter connects the cities of Manila, Pasay and Muntinlupa",2,ROUTE_880872,882006,882110
1715,PNR,Metro Commuter,"PNT Metro South Commuter connects the cities of Manila, Pasay and Muntinlupa",2,ROUTE_880872,882006,882110
1715,PNR,Metro Commuter,"PNT Metro South Commuter connects the cities of Manila, Pasay and Muntinlupa",2,ROUTE_880872,882006,882110
1715,PNR,Metro Commuter,"PNT Metro South Commuter connects the cities of Manila, Pasay and Muntinlupa",2,ROUTE_880872,882006,882110
1715,PNR,Metro Commuter,"PNT Metro South Commuter connects the cities of Manila, Pasay and Muntinlupa",2,ROUTE_880872,882006,882110
1715,PNR,Metro Commuter,"PNT Metro South Commuter connects the cities of Manila, Pasay and Muntinlupa",2,ROUTE_880872,882006,882110
1715,PNR,Metro Commuter,"PNT Metro South Commuter connects the cities of Manila, Pasay and Muntinlupa",2,ROUTE_880872,882006,882110
1715,PNR,Metro Commuter,"PNT Metro South Commuter connects the cities of Manila, Pasay and Muntinlupa",2,ROUTE_880872,882006,882110
1715,PNR,Metro Commuter,"PNT Metro South Commuter connects the cities of Manila, Pasay and Muntinlupa",2,ROUTE_880872,882006,882110
1715,PNR,Metro Commuter,"PNT Metro South Commuter connects the cities of Manila, Pasay and Muntinlupa",2,ROUTE_880872,882006,882110
1715,PNR,Metro Commuter,"PNT Metro South Commuter connects the cities of Manila, Pasay and Muntinlupa",2,ROUTE_880872,882006,882110
1715,PNR,Metro Commuter,"PNT Metro South Commuter connects the cities of Manila, Pasay and Muntinlupa",2,ROUTE_880872,882006,882110
1715,PNR,Metro Commuter,"PNT Metro South Commuter connects the cities of Manila, Pasay and Muntinlupa",2,ROUTE_880872,882006,882110
1715,PNR,Metro Commuter,"PNT Metro South Commuter connects the cities of Manila, Pasay and Muntinlupa",2,ROUTE_880872,882006,882110
1715,PNR,Metro Commuter,"PNT Metro South Commuter connects the cities of Manila, Pasay and Muntinlupa",2,ROUTE_880872,882006,882110
1715,PNR,Metro Commuter,"PNT Metro South Commuter connects the cities of Manila, Pasay and Muntinlupa",2,ROUTE_880872,882006,882110
1715,PNR,Metro Commuter,"PNT Metro South Commuter connects the cities of Manila, Pasay and Muntinlupa",2,ROUTE_880872,882006,882110
1715,PNR,Metro Commuter,"PNT Metro South Commuter connects the cities of Manila, Pasay and Muntinlupa",2,ROUTE_880872,882006,882110
1715,PNR,Metro Commuter,"PNT Metro South Commuter connects the cities of Manila, Pasay and Muntinlupa",2,ROUTE_880872,882006,882110
1715,PNR,Metro Commuter,"PNT Metro South Commuter connects the cities of Manila, Pasay and Muntinlupa",2,ROUTE_880872,882006,882110
1715,PNR,Metro Commuter,"PNT Metro South Commuter connects the cities of Manila, Pasay and Muntinlupa",2,ROUTE_880872,882006,882110
1715,PNR,Metro Commuter,"PNT Metro South Commuter connects the cities of Manila, Pasay and Muntinlupa",2,ROUTE_880872,882006,882110
1715,PNR,Metro Commuter,"PNT Metro South Commuter connects the cities of Manila, Pasay and Muntinlupa",2,ROUTE_880872,882006,882110
1715,PNR,Metro Commuter,"PNT Metro South Commuter connects the cities of Manila, Pasay and Muntinlupa",2,ROUTE_880872,882006,882110
1715,PNR,Metro Commuter,"PNT Metro South Commuter connects the cities of Manila, Pasay and Muntinlupa",2,ROUTE_880872,882006,882110
1715,PNR,Metro Commuter,"PNT Metro South Commuter connects the cities of Manila, Pasay and Muntinlupa",2,ROUTE_880872,882006,882110
1715,PNR,Metro Commuter,"PNT Metro South Commuter connects the cities of Manila, Pasay and Muntinlupa",2,ROUTE_880872,882006,882110
1715,PNR,Metro Commuter,"PNT Metro South Commuter connects the cities of Manila, Pasay and Muntinlupa",2,ROUTE_880872,882006,882110
1715,PNR,Metro Commuter,"PNT Metro South Commuter connects the cities of Manila, Pasay and Muntinlupa",2,ROUTE_880872,882006,882110
1715,PNR,Metro Commuter,"PNT Metro South Commuter connects the cities of Manila, Pasay and Muntinlupa",2,ROUTE_880872,882006,882110
1715,PNR,Metro Commuter,"PNT Metro South Commuter connects the cities of Manila, Pasay and Muntinlupa",2,ROUTE_880872,882006,882110
1715,PNR,Metro Commuter,"PNT Metro South Commuter connects the cities of Manila, Pasay and Muntinlupa",2,ROUTE_880872,882006,882110
1715,PNR,Metro Commuter,"PNT Metro South Commuter connects the cities of Manila, Pasay and Muntinlupa",2,ROUTE_880872,882006,882110
1715,PNR,Metro Commuter,"PNT Metro South Commuter connects the cities of Manila, Pasay and Muntinlupa",2,ROUTE_880872,882006,882110
1715,PNR,Metro Commuter,"PNT Metro South Commuter connects the cities of Manila, Pasay and Muntinlupa",2,ROUTE_880872,882006,882110
1715,PNR,Metro Commuter,"PNT Metro South Commuter connects the cities of Manila, Pasay and Muntinlupa",2,ROUTE_880872,882006,882110
1715,PNR,Metro Commuter,"PNT Metro South Commuter connects the cities of Manila, Pasay and Muntinlupa",2,ROUTE_880872,882006,882110
1715,PNR,Metro Commuter,"PNT Metro South Commuter connects the cities of Manila, Pasay and Muntinlupa",2,ROUTE_880872,882006,882110
1715,PNR,Metro Commuter,"PNT Metro South Commuter connects the cities of Manila, Pasay and Muntinlupa",2,ROUTE_880872,882006,882110
1715,PNR,Metro Commuter,"PNT Metro South Commuter connects the cities of Manila, Pasay and Muntinlupa",2,ROUTE_880872,882006,882110
1715,PNR,Metro Commuter,"PNT Metro South Commuter connects the cities of Manila, Pasay and Muntinlupa",2,ROUTE_880872,882006,882110
1715,PNR,Metro Commuter,"PNT Metro South Commuter connects the cities of Manila, Pasay and Muntinlupa",2,ROUTE_880872,882006,882110
1715,PNR,Metro Commuter,"PNT Metro South Commuter connects the cities of Manila, Pasay and Muntinlupa",2,ROUTE_880872,882006,882110
1715,PNR,Metro Commuter,"PNT Metro South Commuter connects the cities of Manila, Pasay and Muntinlupa",2,ROUTE_880872,882006,882110
1715,PNR,Metro Commuter,"PNT Metro South Commuter connects the cities of Manila, Pasay and Muntinlupa",2,ROUTE_880872,882006,882110
1715,PNR,Metro Commuter,"PNT Metro South Commuter connects the cities of Manila, Pasay and Muntinlupa",2,ROUTE_880872,882006,882110
1715,PNR,Metro Commuter,"PNT Metro South Commuter connects the cities of Manila, Pasay and Muntinlupa",2,ROUTE_880872,882006,882110
1715,PNR,Metro Commuter,"PNT Metro South Commuter connects the cities of Manila, Pasay and Muntinlupa",2,ROUTE_880872,882006,882111
1715,PNR,Metro Commuter,"PNT Metro South Commuter connects the cities of Manila, Pasay and Muntinlupa",2,ROUTE_880872,882006,882111
1715,PNR,Metro Commuter,"PNT Metro South Commuter connects the cities of Manila, Pasay and Muntinlupa",2,ROUTE_880872,882006,882111
1715,PNR,Metro Commuter,"PNT Metro South Commuter connects the cities of Manila, Pasay and Muntinlupa",2,ROUTE_880872,882006,882111
1715,PNR,Metro Commuter,"PNT Metro South Commuter connects the cities of Manila, Pasay and Muntinlupa",2,ROUTE_880872,882006,882111
1715,PNR,Metro Commuter,"PNT Metro South Commuter connects the cities of Manila, Pasay and Muntinlupa",2,ROUTE_880872,882006,882111
1715,PNR,Metro Commuter,"PNT Metro South Commuter connects the cities of Manila, Pasay and Muntinlupa",2,ROUTE_880872,882006,882111
1715,PNR,Metro Commuter,"PNT Metro South Commuter connects the cities of Manila, Pasay and Muntinlupa",2,ROUTE_880872,882006,882111
1715,PNR,Metro Commuter,"PNT Metro South Commuter connects the cities of Manila, Pasay and Muntinlupa",2,ROUTE_880872,882006,882111
1715,PNR,Metro Commuter,"PNT Metro South Commuter connects the cities of Manila, Pasay and Muntinlupa",2,ROUTE_880872,882006,882111
1715,PNR,Metro Commuter,"PNT Metro South Commuter connects the cities of Manila, Pasay and Muntinlupa",2,ROUTE_880872,882006,882111
1715,PNR,Metro Commuter,"PNT Metro South Commuter connects the cities of Manila, Pasay and Muntinlupa",2,ROUTE_880872,882006,882111
1715,PNR,Metro Commuter,"PNT Metro South Commuter connects the cities of Manila, Pasay and Muntinlupa",2,ROUTE_880872,882006,882111
1715,PNR,Metro Commuter,"PNT Metro South Commuter connects the cities of Manila, Pasay and Muntinlupa",2,ROUTE_880872,882006,882111
1715,PNR,Metro Commuter,"PNT Metro South Commuter connects the cities of Manila, Pasay and Muntinlupa",2,ROUTE_880872,882006,882111
1715,PNR,Metro Commuter,"PNT Metro South Commuter connects the cities of Manila, Pasay and Muntinlupa",2,ROUTE_880872,882006,882111
1715,PNR,Metro Commuter,"PNT Metro South Commuter connects the cities of Manila, Pasay and Muntinlupa",2,ROUTE_880872,882006,882111
1715,PNR,Metro Commuter,"PNT Metro South Commuter connects the cities of Manila, Pasay and Muntinlupa",2,ROUTE_880872,882006,882111
1715,PNR,Metro Commuter,"PNT Metro South Commuter connects the cities of Manila, Pasay and Muntinlupa",2,ROUTE_880872,882006,882111
1715,PNR,Metro Commuter,"PNT Metro South Commuter connects the cities of Manila, Pasay and Muntinlupa",2,ROUTE_880872,882006,882111
1715,PNR,Metro Commuter,"PNT Metro South Commuter connects the cities of Manila, Pasay and Muntinlupa",2,ROUTE_880872,882006,882111
1715,PNR,Metro Commuter,"PNT Metro South Commuter connects the cities of Manila, Pasay and Muntinlupa",2,ROUTE_880872,882006,882111
1715,PNR,Metro Commuter,"PNT Metro South Commuter connects the cities of Manila, Pasay and Muntinlupa",2,ROUTE_880872,882006,882111
1715,PNR,Metro Commuter,"PNT Metro South Commuter connects the cities of Manila, Pasay and Muntinlupa",2,ROUTE_880872,882006,882111
1715,PNR,Metro Commuter,"PNT Metro South Commuter connects the cities of Manila, Pasay and Muntinlupa",2,ROUTE_880872,882006,882111
1715,PNR,Metro Commuter,"PNT Metro South Commuter connects the cities of Manila, Pasay and Muntinlupa",2,ROUTE_880872,882006,882111
1715,PNR,Metro Commuter,"PNT Metro South Commuter connects the cities of Manila, Pasay and Muntinlupa",2,ROUTE_880872,882006,882111
1715,PNR,Metro Commuter,"PNT Metro South Commuter connects the cities of Manila, Pasay and Muntinlupa",2,ROUTE_880872,882006,882111
1715,PNR,Metro Commuter,"PNT Metro South Commuter connects the cities of Manila, Pasay and Muntinlupa",2,ROUTE_880872,882006,882111
1715,PNR,Metro Commuter,"PNT Metro South Commuter connects the cities of Manila, Pasay and Muntinlupa",2,ROUTE_880872,882006,882111
1715,PNR,Metro Commuter,"PNT Metro South Commuter connects the cities of Manila, Pasay and Muntinlupa",2,ROUTE_880872,882006,882111
1715,PNR,Metro Commuter,"PNT Metro South Commuter connects the cities of Manila, Pasay and Muntinlupa",2,ROUTE_880872,882006,882111
1715,PNR,Metro Commuter,"PNT Metro South Commuter connects the cities of Manila, Pasay and Muntinlupa",2,ROUTE_880872,882006,882111
1715,PNR,Metro Commuter,"PNT Metro South Commuter connects the cities of Manila, Pasay and Muntinlupa",2,ROUTE_880872,882006,882111
1715,PNR,Metro Commuter,"PNT Metro South Commuter connects the cities of Manila, Pasay and Muntinlupa",2,ROUTE_880872,882006,882111
1715,PNR,Metro Commuter,"PNT Metro South Commuter connects the cities of Manila, Pasay and Muntinlupa",2,ROUTE_880872,882006,882111
1715,PNR,Metro Commuter,"PNT Metro South Commuter connects the cities of Manila, Pasay and Muntinlupa",2,ROUTE_880872,882006,882111
1715,PNR,Metro Commuter,"PNT Metro South Commuter connects the cities of Manila, Pasay and Muntinlupa",2,ROUTE_880872,882006,882111
1715,PNR,Metro Commuter,"PNT Metro South Commuter connects the cities of Manila, Pasay and Muntinlupa",2,ROUTE_880872,882006,882111
1715,PNR,Metro Commuter,"PNT Metro South Commuter connects the cities of Manila, Pasay and Muntinlupa",2,ROUTE_880872,882006,882111
1715,PNR,Metro Commuter,"PNT Metro South Commuter connects the cities of Manila, Pasay and Muntinlupa",2,ROUTE_880872,882006,882111
1715,PNR,Metro Commuter,"PNT Metro South Commuter connects the cities of Manila, Pasay and Muntinlupa",2,ROUTE_880872,882006,882111
1715,PNR,Metro Commuter,"PNT Metro South Commuter connects the cities of Manila, Pasay and Muntinlupa",2,ROUTE_880872,882006,882111
1715,PNR,Metro Commuter,"PNT Metro South Commuter connects the cities of Manila, Pasay and Muntinlupa",2,ROUTE_880872,882006,882111
1715,PNR,Metro Commuter,"PNT Metro South Commuter connects the cities of Manila, Pasay and Muntinlupa",2,ROUTE_880872,882006,882111
1715,PNR,Metro Commuter,"PNT Metro South Commuter connects the cities of Manila, Pasay and Muntinlupa",2,ROUTE_880872,882006,882111
1715,PNR,Metro Commuter,"PNT Metro South Commuter connects the cities of Manila, Pasay and Muntinlupa",2,ROUTE_880872,882006,882111
1715,PNR,Metro Commuter,"PNT Metro South Commuter connects the cities of Manila, Pasay and Muntinlupa",2,ROUTE_880872,882006,882111
1715,PNR,Metro Commuter,"PNT Metro South Commuter connects the cities of Manila, Pasay and Muntinlupa",2,ROUTE_880872,882006,882111
1715,PNR,Metro Commuter,"PNT Metro South Commuter connects the cities of Manila, Pasay and Muntinlupa",2,ROUTE_880872,882006,882111
1715,PNR,Metro Commuter,"PNT Metro South Commuter connects the cities of Manila, Pasay and Muntinlupa",2,ROUTE_880872,882006,882111
1715,PNR,Metro Commuter,"PNT Metro South Commuter connects the cities of Manila, Pasay and Muntinlupa",2,ROUTE_880872,882006,882111
1715,PNR,Metro Commuter,"PNT Metro South Commuter connects the cities of Manila, Pasay and Muntinlupa",2,ROUTE_880872,882006,882111
1715,PNR,Metro Commuter,"PNT Metro South Commuter connects the cities of Manila, Pasay and Muntinlupa",2,ROUTE_880872,882006,882111
1715,PNR,Metro Commuter,"PNT Metro South Commuter connects the cities of Manila, Pasay and Muntinlupa",2,ROUTE_880872,882006,882111
1715,PNR,Metro Commuter,"PNT Metro South Commuter connects the cities of Manila, Pasay and Muntinlupa",2,ROUTE_880872,882006,882111
1715,PNR,Metro Commuter,"PNT Metro South Commuter connects the cities of Manila, Pasay and Muntinlupa",2,ROUTE_880872,882006,882111
1715,PNR,Metro Commuter,"PNT Metro South Commuter connects the cities of Manila, Pasay and Muntinlupa",2,ROUTE_880872,882006,882111
1715,PNR,Metro Commuter,"PNT Metro South Commuter connects the cities of Manila, Pasay and Muntinlupa",2,ROUTE_880872,882006,882111
1715,PNR,Metro Commuter,"PNT Metro South Commuter connects the cities of Manila, Pasay and Muntinlupa",2,ROUTE_880872,882006,882111
1715,PNR,Metro Commuter,"PNT Metro South Commuter connects the cities of Manila, Pasay and Muntinlupa",2,ROUTE_880872,882006,882111
1715,PNR,Metro Commuter,"PNT Metro South Commuter connects the cities of Manila, Pasay and Muntinlupa",2,ROUTE_880872,882006,882111
1715,PNR,Metro Commuter,"PNT Metro South Commuter connects the cities of Manila, Pasay and Muntinlupa",2,ROUTE_880872,882006,882111
1715,PNR,Metro Commuter,"PNT Metro South Commuter connects the cities of Manila, Pasay and Muntinlupa",2,ROUTE_880872,882006,882111
1715,PNR,Metro Commuter,"PNT Metro South Commuter connects the cities of Manila, Pasay and Muntinlupa",2,ROUTE_880872,882006,882111
1715,PNR,Metro Commuter,"PNT Metro South Commuter connects the cities of Manila, Pasay and Muntinlupa",2,ROUTE_880872,882006,882111
1715,PNR,Metro Commuter,"PNT Metro South Commuter connects the cities of Manila, Pasay and Muntinlupa",2,ROUTE_880872,882006,882111
1715,PNR,Metro Commuter,"PNT Metro South Commuter connects the cities of Manila, Pasay and Muntinlupa",2,ROUTE_880872,882006,882111
1715,PNR,Metro Commuter,"PNT Metro South Commuter connects the cities of Manila, Pasay and Muntinlupa",2,ROUTE_880872,882006,882111
1715,PNR,Metro Commuter,"PNT Metro South Commuter connects the cities of Manila, Pasay and Muntinlupa",2,ROUTE_880872,882006,882111
1715,PNR,Metro Commuter,"PNT Metro South Commuter connects the cities of Manila, Pasay and Muntinlupa",2,ROUTE_880872,882006,882111
1715,PNR,Metro Commuter,"PNT Metro South Commuter connects the cities of Manila, Pasay and Muntinlupa",2,ROUTE_880872,882006,882111
1715,PNR,Metro Commuter,"PNT Metro South Commuter connects the cities of Manila, Pasay and Muntinlupa",2,ROUTE_880872,882006,882111
1715,PNR,Metro Commuter,"PNT Metro South Commuter connects the cities of Manila, Pasay and Muntinlupa",2,ROUTE_880872,882006,882111
1715,PNR,Metro Commuter,"PNT Metro South Commuter connects the cities of Manila, Pasay and Muntinlupa",2,ROUTE_880872,882006,882111
1715,PNR,Metro Commuter,"PNT Metro South Commuter connects the cities of Manila, Pasay and Muntinlupa",2,ROUTE_880872,882006,882111
1715,PNR,Metro Commuter,"PNT Metro South Commuter connects the cities of Manila, Pasay and Muntinlupa",2,ROUTE_880872,882006,882111
1715,PNR,Metro Commuter,"PNT Metro South Commuter connects the cities of Manila, Pasay and Muntinlupa",2,ROUTE_880872,882006,882111
1715,PNR,Metro Commuter,"PNT Metro South Commuter connects the cities of Manila, Pasay and Muntinlupa",2,ROUTE_880872,882006,882111
1715,PNR,Metro Commuter,"PNT Metro South Commuter connects the cities of Manila, Pasay and Muntinlupa",2,ROUTE_880872,882006,882111
1715,PNR,Metro Commuter,"PNT Metro South Commuter connects the cities of Manila, Pasay and Muntinlupa",2,ROUTE_880872,882006,882111
1715,PNR,Metro Commuter,"PNT Metro South Commuter connects the cities of Manila, Pasay and Muntinlupa",2,ROUTE_880872,882006,882111
1715,PNR,Metro Commuter,"PNT Metro South Commuter connects the cities of Manila, Pasay and Muntinlupa",2,ROUTE_880872,882006,882111
1715,PNR,Metro Commuter,"PNT Metro South Commuter connects the cities of Manila, Pasay and Muntinlupa",2,ROUTE_880872,882006,882111
1715,PNR,Metro Commuter,"PNT Metro South Commuter connects the cities of Manila, Pasay and Muntinlupa",2,ROUTE_880872,882006,882111
1715,PNR,Metro Commuter,"PNT Metro South Commuter connects the cities of Manila, Pasay and Muntinlupa",2,ROUTE_880872,882006,882111
1715,PNR,Metro Commuter,"PNT Metro South Commuter connects the cities of Manila, Pasay and Muntinlupa",2,ROUTE_880872,882006,882111
1715,PNR,Metro Commuter,"PNT Metro South Commuter connects the cities of Manila, Pasay and Muntinlupa",2,ROUTE_880872,882006,882111
1715,PNR,Metro Commuter,"PNT Metro South Commuter connects the cities of Manila, Pasay and Muntinlupa",2,ROUTE_880872,882006,882111
1715,PNR,Metro Commuter,"PNT Metro South Commuter connects the cities of Manila, Pasay and Muntinlupa",2,ROUTE_880872,882006,882111
1715,PNR,Metro Commuter,"PNT Metro South Commuter connects the cities of Manila, Pasay and Muntinlupa",2,ROUTE_880872,882006,882111
1715,PNR,Metro Commuter,"PNT Metro South Commuter connects the cities of Manila, Pasay and Muntinlupa",2,ROUTE_880872,882006,882111
1715,PNR,Metro Commuter,"PNT Metro South Commuter connects the cities of Manila, Pasay and Muntinlupa",2,ROUTE_880872,882006,882111
1715,PNR,Metro Commuter,"PNT Metro South Commuter connects the cities of Manila, Pasay and Muntinlupa",2,ROUTE_880872,882006,882111
1715,PNR,Metro Commuter,"PNT Metro South Commuter connects the cities of Manila, Pasay and Muntinlupa",2,ROUTE_880872,882006,882111
1715,PNR,Metro Commuter,"PNT Metro South Commuter connects the cities of Manila, Pasay and Muntinlupa",2,ROUTE_880872,882006,882111
1715,PNR,Metro Commuter,"PNT Metro South Commuter connects the cities of Manila, Pasay and Muntinlupa",2,ROUTE_880872,882006,882111
1715,PNR,Metro Commuter,"PNT Metro South Commuter connects the cities of Manila, Pasay and Muntinlupa",2,ROUTE_880872,882006,882111
1715,PNR,Metro Commuter,"PNT Metro South Commuter connects the cities of Manila, Pasay and Muntinlupa",2,ROUTE_880872,882006,882111
1715,PNR,Metro Commuter,"PNT Metro South Commuter connects the cities of Manila, Pasay and Muntinlupa",2,ROUTE_880872,882006,882111
1715,PNR,Metro Commuter,"PNT Metro South Commuter connects the cities of Manila, Pasay and Muntinlupa",2,ROUTE_880872,882006,882113
1715,PNR,Metro Commuter,"PNT Metro South Commuter connects the cities of Manila, Pasay and Muntinlupa",2,ROUTE_880872,882006,882113
1715,PNR,Metro Commuter,"PNT Metro South Commuter connects the cities of Manila, Pasay and Muntinlupa",2,ROUTE_880872,882006,882113
1715,PNR,Metro Commuter,"PNT Metro South Commuter connects the cities of Manila, Pasay and Muntinlupa",2,ROUTE_880872,882006,882113
1715,PNR,Metro Commuter,"PNT Metro South Commuter connects the cities of Manila, Pasay and Muntinlupa",2,ROUTE_880872,882006,882113
1715,PNR,Metro Commuter,"PNT Metro South Commuter connects the cities of Manila, Pasay and Muntinlupa",2,ROUTE_880872,882006,882113
1715,PNR,Metro Commuter,"PNT Metro South Commuter connects the cities of Manila, Pasay and Muntinlupa",2,ROUTE_880872,882006,882113
1715,PNR,Metro Commuter,"PNT Metro South Commuter connects the cities of Manila, Pasay and Muntinlupa",2,ROUTE_880872,882006,882113
1715,PNR,Metro Commuter,"PNT Metro South Commuter connects the cities of Manila, Pasay and Muntinlupa",2,ROUTE_880872,882006,882113
1715,PNR,Metro Commuter,"PNT Metro South Commuter connects the cities of Manila, Pasay and Muntinlupa",2,ROUTE_880872,882006,882113
1715,PNR,Metro Commuter,"PNT Metro South Commuter connects the cities of Manila, Pasay and Muntinlupa",2,ROUTE_880872,882006,882113
1715,PNR,Metro Commuter,"PNT Metro South Commuter connects the cities of Manila, Pasay and Muntinlupa",2,ROUTE_880872,882006,882113
1715,PNR,Metro Commuter,"PNT Metro South Commuter connects the cities of Manila, Pasay and Muntinlupa",2,ROUTE_880872,882006,882113
1715,PNR,Metro Commuter,"PNT Metro South Commuter connects the cities of Manila, Pasay and Muntinlupa",2,ROUTE_880872,882006,882113
1715,PNR,Metro Commuter,"PNT Metro South Commuter connects the cities of Manila, Pasay and Muntinlupa",2,ROUTE_880872,882006,882113
1715,PNR,Metro Commuter,"PNT Metro South Commuter connects the cities of Manila, Pasay and Muntinlupa",2,ROUTE_880872,882006,882113
1715,PNR,Metro Commuter,"PNT Metro South Commuter connects the cities of Manila, Pasay and Muntinlupa",2,ROUTE_880872,882006,882113
1715,PNR,Metro Commuter,"PNT Metro South Commuter connects the cities of Manila, Pasay and Muntinlupa",2,ROUTE_880872,882006,882113
1715,PNR,Metro Commuter,"PNT Metro South Commuter connects the cities of Manila, Pasay and Muntinlupa",2,ROUTE_880872,882006,882113
1715,PNR,Metro Commuter,"PNT Metro South Commuter connects the cities of Manila, Pasay and Muntinlupa",2,ROUTE_880872,882006,882113
1715,PNR,Metro Commuter,"PNT Metro South Commuter connects the cities of Manila, Pasay and Muntinlupa",2,ROUTE_880872,882006,882113
1715,PNR,Metro Commuter,"PNT Metro South Commuter connects the cities of Manila, Pasay and Muntinlupa",2,ROUTE_880872,882006,882113
1715,PNR,Metro Commuter,"PNT Metro South Commuter connects the cities of Manila, Pasay and Muntinlupa",2,ROUTE_880872,882006,882113
1715,PNR,Metro Commuter,"PNT Metro South Commuter connects the cities of Manila, Pasay and Muntinlupa",2,ROUTE_880872,882006,882113
1715,PNR,Metro Commuter,"PNT Metro South Commuter connects the cities of Manila, Pasay and Muntinlupa",2,ROUTE_880872,882006,882113
1715,PNR,Metro Commuter,"PNT Metro South Commuter connects the cities of Manila, Pasay and Muntinlupa",2,ROUTE_880872,882006,882113
1715,PNR,Metro Commuter,"PNT Metro South Commuter connects the cities of Manila, Pasay and Muntinlupa",2,ROUTE_880872,882006,882113
1715,PNR,Metro Commuter,"PNT Metro South Commuter connects the cities of Manila, Pasay and Muntinlupa",2,ROUTE_880872,882006,882113
1715,PNR,Metro Commuter,"PNT Metro South Commuter connects the cities of Manila, Pasay and Muntinlupa",2,ROUTE_880872,882006,882113
1715,PNR,Metro Commuter,"PNT Metro South Commuter connects the cities of Manila, Pasay and Muntinlupa",2,ROUTE_880872,882006,882113
1715,PNR,Metro Commuter,"PNT Metro South Commuter connects the cities of Manila, Pasay and Muntinlupa",2,ROUTE_880872,882006,882113
1715,PNR,Metro Commuter,"PNT Metro South Commuter connects the cities of Manila, Pasay and Muntinlupa",2,ROUTE_880872,882006,882113
1715,PNR,Metro Commuter,"PNT Metro South Commuter connects the cities of Manila, Pasay and Muntinlupa",2,ROUTE_880872,882006,882113
1715,PNR,Metro Commuter,"PNT Metro South Commuter connects the cities of Manila, Pasay and Muntinlupa",2,ROUTE_880872,882006,882113
1715,PNR,Metro Commuter,"PNT Metro South Commuter connects the cities of Manila, Pasay and Muntinlupa",2,ROUTE_880872,882006,882113
1715,PNR,Metro Commuter,"PNT Metro South Commuter connects the cities of Manila, Pasay and Muntinlupa",2,ROUTE_880872,882006,882113
1715,PNR,Metro Commuter,"PNT Metro South Commuter connects the cities of Manila, Pasay and Muntinlupa",2,ROUTE_880872,882006,882113
1715,PNR,Metro Commuter,"PNT Metro South Commuter connects the cities of Manila, Pasay and Muntinlupa",2,ROUTE_880872,882006,882113
1715,PNR,Metro Commuter,"PNT Metro South Commuter connects the cities of Manila, Pasay and Muntinlupa",2,ROUTE_880872,882006,882113
1715,PNR,Metro Commuter,"PNT Metro South Commuter connects the cities of Manila, Pasay and Muntinlupa",2,ROUTE_880872,882006,882113
1715,PNR,Metro Commuter,"PNT Metro South Commuter connects the cities of Manila, Pasay and Muntinlupa",2,ROUTE_880872,882006,882113
1715,PNR,Metro Commuter,"PNT Metro South Commuter connects the cities of Manila, Pasay and Muntinlupa",2,ROUTE_880872,882006,882113
1715,PNR,Metro Commuter,"PNT Metro South Commuter connects the cities of Manila, Pasay and Muntinlupa",2,ROUTE_880872,882006,882113
1715,PNR,Metro Commuter,"PNT Metro South Commuter connects the cities of Manila, Pasay and Muntinlupa",2,ROUTE_880872,882006,882113
1715,PNR,Metro Commuter,"PNT Metro South Commuter connects the cities of Manila, Pasay and Muntinlupa",2,ROUTE_880872,882006,882113
1715,PNR,Metro Commuter,"PNT Metro South Commuter connects the cities of Manila, Pasay and Muntinlupa",2,ROUTE_880872,882006,882113
1715,PNR,Metro Commuter,"PNT Metro South Commuter connects the cities of Manila, Pasay and Muntinlupa",2,ROUTE_880872,882006,882113
1715,PNR,Metro Commuter,"PNT Metro South Commuter connects the cities of Manila, Pasay and Muntinlupa",2,ROUTE_880872,882006,882113
1715,PNR,Metro Commuter,"PNT Metro South Commuter connects the cities of Manila, Pasay and Muntinlupa",2,ROUTE_880872,882006,882113
1715,PNR,Metro Commuter,"PNT Metro South Commuter connects the cities of Manila, Pasay and Muntinlupa",2,ROUTE_880872,882006,882113
1715,PNR,Metro Commuter,"PNT Metro South Commuter connects the cities of Manila, Pasay and Muntinlupa",2,ROUTE_880872,882006,882113
1715,PNR,Metro Commuter,"PNT Metro South Commuter connects the cities of Manila, Pasay and Muntinlupa",2,ROUTE_880872,882006,882113
1715,PNR,Metro Commuter,"PNT Metro South Commuter connects the cities of Manila, Pasay and Muntinlupa",2,ROUTE_880872,882006,882113
1715,PNR,Metro Commuter,"PNT Metro South Commuter connects the cities of Manila, Pasay and Muntinlupa",2,ROUTE_880872,882006,882113
1715,PNR,Metro Commuter,"PNT Metro South Commuter connects the cities of Manila, Pasay and Muntinlupa",2,ROUTE_880872,882006,882113
1715,PNR,Metro Commuter,"PNT Metro South Commuter connects the cities of Manila, Pasay and Muntinlupa",2,ROUTE_880872,882006,882113
1715,PNR,Metro Commuter,"PNT Metro South Commuter connects the cities of Manila, Pasay and Muntinlupa",2,ROUTE_880872,882006,882113
1715,PNR,Metro Commuter,"PNT Metro South Commuter connects the cities of Manila, Pasay and Muntinlupa",2,ROUTE_880872,882006,882113
1715,PNR,Metro Commuter,"PNT Metro South Commuter connects the cities of Manila, Pasay and Muntinlupa",2,ROUTE_880872,882006,882113
1715,PNR,Metro Commuter,"PNT Metro South Commuter connects the cities of Manila, Pasay and Muntinlupa",2,ROUTE_880872,882006,882113
1715,PNR,Metro Commuter,"PNT Metro South Commuter connects the cities of Manila, Pasay and Muntinlupa",2,ROUTE_880872,882006,882113
1715,PNR,Metro Commuter,"PNT Metro South Commuter connects the cities of Manila, Pasay and Muntinlupa",2,ROUTE_880872,882006,882113
1715,PNR,Metro Commuter,"PNT Metro South Commuter connects the cities of Manila, Pasay and Muntinlupa",2,ROUTE_880872,882006,882113
1715,PNR,Metro Commuter,"PNT Metro South Commuter connects the cities of Manila, Pasay and Muntinlupa",2,ROUTE_880872,882006,882113
1715,PNR,Metro Commuter,"PNT Metro South Commuter connects the cities of Manila, Pasay and Muntinlupa",2,ROUTE_880872,882006,882113
1715,PNR,Metro Commuter,"PNT Metro South Commuter connects the cities of Manila, Pasay and Muntinlupa",2,ROUTE_880872,882006,882113
1715,PNR,Metro Commuter,"PNT Metro South Commuter connects the cities of Manila, Pasay and Muntinlupa",2,ROUTE_880872,882006,882113
1715,PNR,Metro Commuter,"PNT Metro South Commuter connects the cities of Manila, Pasay and Muntinlupa",2,ROUTE_880872,882006,882113
1715,PNR,Metro Commuter,"PNT Metro South Commuter connects the cities of Manila, Pasay and Muntinlupa",2,ROUTE_880872,882006,882113
1715,PNR,Metro Commuter,"PNT Metro South Commuter connects the cities of Manila, Pasay and Muntinlupa",2,ROUTE_880872,882006,882113
1715,PNR,Metro Commuter,"PNT Metro South Commuter connects the cities of Manila, Pasay and Muntinlupa",2,ROUTE_880872,882006,882113
1715,PNR,Metro Commuter,"PNT Metro South Commuter connects the cities of Manila, Pasay and Muntinlupa",2,ROUTE_880872,882006,882113
1715,PNR,Metro Commuter,"PNT Metro South Commuter connects the cities of Manila, Pasay and Muntinlupa",2,ROUTE_880872,882006,882113
1715,PNR,Metro Commuter,"PNT Metro South Commuter connects the cities of Manila, Pasay and Muntinlupa",2,ROUTE_880872,882006,882113
1715,PNR,Metro Commuter,"PNT Metro South Commuter connects the cities of Manila, Pasay and Muntinlupa",2,ROUTE_880872,882006,882113
1715,PNR,Metro Commuter,"PNT Metro South Commuter connects the cities of Manila, Pasay and Muntinlupa",2,ROUTE_880872,882006,882113
1715,PNR,Metro Commuter,"PNT Metro South Commuter connects the cities of Manila, Pasay and Muntinlupa",2,ROUTE_880872,882006,882113
1715,PNR,Metro Commuter,"PNT Metro South Commuter connects the cities of Manila, Pasay and Muntinlupa",2,ROUTE_880872,882006,882113
1715,PNR,Metro Commuter,"PNT Metro South Commuter connects the cities of Manila, Pasay and Muntinlupa",2,ROUTE_880872,882006,882113
1715,PNR,Metro Commuter,"PNT Metro South Commuter connects the cities of Manila, Pasay and Muntinlupa",2,ROUTE_880872,882006,882113
1715,PNR,Metro Commuter,"PNT Metro South Commuter connects the cities of Manila, Pasay and Muntinlupa",2,ROUTE_880872,882006,882113
1715,PNR,Metro Commuter,"PNT Metro South Commuter connects the cities of Manila, Pasay and Muntinlupa",2,ROUTE_880872,882006,882113
1715,PNR,Metro Commuter,"PNT Metro South Commuter connects the cities of Manila, Pasay and Muntinlupa",2,ROUTE_880872,882006,882113
1715,PNR,Metro Commuter,"PNT Metro South Commuter connects the cities of Manila, Pasay and Muntinlupa",2,ROUTE_880872,882006,882113
1715,PNR,Metro Commuter,"PNT Metro South Commuter connects the cities of Manila, Pasay and Muntinlupa",2,ROUTE_880872,882006,882113
1715,PNR,Metro Commuter,"PNT Metro South Commuter connects the cities of Manila, Pasay and Muntinlupa",2,ROUTE_880872,882006,882113
1715,PNR,Metro Commuter,"PNT Metro South Commuter connects the cities of Manila, Pasay and Muntinlupa",2,ROUTE_880872,882006,882113
1715,PNR,Metro Commuter,"PNT Metro South Commuter connects the cities of Manila, Pasay and Muntinlupa",2,ROUTE_880872,882006,882113
1715,PNR,Metro Commuter,"PNT Metro South Commuter connects the cities of Manila, Pasay and Muntinlupa",2,ROUTE_880872,882006,882113
1715,PNR,Metro Commuter,"PNT Metro South Commuter connects the cities of Manila, Pasay and Muntinlupa",2,ROUTE_880872,882006,882113
1715,PNR,Metro Commuter,"PNT Metro South Commuter connects the cities of Manila, Pasay and Muntinlupa",2,ROUTE_880872,882006,882113
1715,PNR,Metro Commuter,"PNT Metro South Commuter connects the cities of Manila, Pasay and Muntinlupa",2,ROUTE_880872,882006,882113
1715,PNR,Metro Commuter,"PNT Metro South Commuter connects the cities of Manila, Pasay and Muntinlupa",2,ROUTE_880872,882006,882113
1715,PNR,Metro Commuter,"PNT Metro South Commuter connects the cities of Manila, Pasay and Muntinlupa",2,ROUTE_880872,882006,882113
1715,PNR,Metro Commuter,"PNT Metro South Commuter connects the cities of Manila, Pasay and Muntinlupa",2,ROUTE_880872,882006,882113
1715,PNR,Metro Commuter,"PNT Metro South Commuter connects the cities of Manila, Pasay and Muntinlupa",2,ROUTE_880872,882006,882113
1715,PNR,Metro Commuter,"PNT Metro South Commuter connects the cities of Manila, Pasay and Muntinlupa",2,ROUTE_880872,882006,882113
1715,PNR,Metro Commuter,"PNT Metro South Commuter connects the cities of Manila, Pasay and Muntinlupa",2,ROUTE_880872,882006,882113
1715,PNR,Metro Commuter,"PNT Metro South Commuter connects the cities of Manila, Pasay and Muntinlupa",2,ROUTE_880872,882006,882113
1715,PNR,Metro Commuter,"PNT Metro South Commuter connects the cities of Manila, Pasay and Muntinlupa",2,ROUTE_880872,882006,882113
1715,PNR,Metro Commuter,"PNT Metro South Commuter connects the cities of Manila, Pasay and Muntinlupa",2,ROUTE_880872,882006,882114
1715,PNR,Metro Commuter,"PNT Metro South Commuter connects the cities of Manila, Pasay and Muntinlupa",2,ROUTE_880872,882006,882114
1715,PNR,Metro Commuter,"PNT Metro South Commuter connects the cities of Manila, Pasay and Muntinlupa",2,ROUTE_880872,882006,882114
1715,PNR,Metro Commuter,"PNT Metro South Commuter connects the cities of Manila, Pasay and Muntinlupa",2,ROUTE_880872,882006,882114
1715,PNR,Metro Commuter,"PNT Metro South Commuter connects the cities of Manila, Pasay and Muntinlupa",2,ROUTE_880872,882006,882114
1715,PNR,Metro Commuter,"PNT Metro South Commuter connects the cities of Manila, Pasay and Muntinlupa",2,ROUTE_880872,882006,882114
1715,PNR,Metro Commuter,"PNT Metro South Commuter connects the cities of Manila, Pasay and Muntinlupa",2,ROUTE_880872,882006,882114
1715,PNR,Metro Commuter,"PNT Metro South Commuter connects the cities of Manila, Pasay and Muntinlupa",2,ROUTE_880872,882006,882114
1715,PNR,Metro Commuter,"PNT Metro South Commuter connects the cities of Manila, Pasay and Muntinlupa",2,ROUTE_880872,882006,882114
1715,PNR,Metro Commuter,"PNT Metro South Commuter connects the cities of Manila, Pasay and Muntinlupa",2,ROUTE_880872,882006,882114
1715,PNR,Metro Commuter,"PNT Metro South Commuter connects the cities of Manila, Pasay and Muntinlupa",2,ROUTE_880872,882006,882114
1715,PNR,Metro Commuter,"PNT Metro South Commuter connects the cities of Manila, Pasay and Muntinlupa",2,ROUTE_880872,882006,882114
1715,PNR,Metro Commuter,"PNT Metro South Commuter connects the cities of Manila, Pasay and Muntinlupa",2,ROUTE_880872,882006,882114
1715,PNR,Metro Commuter,"PNT Metro South Commuter connects the cities of Manila, Pasay and Muntinlupa",2,ROUTE_880872,882006,882114
1715,PNR,Metro Commuter,"PNT Metro South Commuter connects the cities of Manila, Pasay and Muntinlupa",2,ROUTE_880872,882006,882114
1715,PNR,Metro Commuter,"PNT Metro South Commuter connects the cities of Manila, Pasay and Muntinlupa",2,ROUTE_880872,882006,882114
1715,PNR,Metro Commuter,"PNT Metro South Commuter connects the cities of Manila, Pasay and Muntinlupa",2,ROUTE_880872,882006,882114
1715,PNR,Metro Commuter,"PNT Metro South Commuter connects the cities of Manila, Pasay and Muntinlupa",2,ROUTE_880872,882006,882114
1715,PNR,Metro Commuter,"PNT Metro South Commuter connects the cities of Manila, Pasay and Muntinlupa",2,ROUTE_880872,882006,882114
1715,PNR,Metro Commuter,"PNT Metro South Commuter connects the cities of Manila, Pasay and Muntinlupa",2,ROUTE_880872,882006,882114
1715,PNR,Metro Commuter,"PNT Metro South Commuter connects the cities of Manila, Pasay and Muntinlupa",2,ROUTE_880872,882006,882114
1715,PNR,Metro Commuter,"PNT Metro South Commuter connects the cities of Manila, Pasay and Muntinlupa",2,ROUTE_880872,882006,882114
1715,PNR,Metro Commuter,"PNT Metro South Commuter connects the cities of Manila, Pasay and Muntinlupa",2,ROUTE_880872,882006,882114
1715,PNR,Metro Commuter,"PNT Metro South Commuter connects the cities of Manila, Pasay and Muntinlupa",2,ROUTE_880872,882006,882114
1715,PNR,Metro Commuter,"PNT Metro South Commuter connects the cities of Manila, Pasay and Muntinlupa",2,ROUTE_880872,882006,882114
1715,PNR,Metro Commuter,"PNT Metro South Commuter connects the cities of Manila, Pasay and Muntinlupa",2,ROUTE_880872,882006,882114
1715,PNR,Metro Commuter,"PNT Metro South Commuter connects the cities of Manila, Pasay and Muntinlupa",2,ROUTE_880872,882006,882114
1715,PNR,Metro Commuter,"PNT Metro South Commuter connects the cities of Manila, Pasay and Muntinlupa",2,ROUTE_880872,882006,882114
1715,PNR,Metro Commuter,"PNT Metro South Commuter connects the cities of Manila, Pasay and Muntinlupa",2,ROUTE_880872,882006,882114
1715,PNR,Metro Commuter,"PNT Metro South Commuter connects the cities of Manila, Pasay and Muntinlupa",2,ROUTE_880872,882006,882114
1715,PNR,Metro Commuter,"PNT Metro South Commuter connects the cities of Manila, Pasay and Muntinlupa",2,ROUTE_880872,882006,882114
1715,PNR,Metro Commuter,"PNT Metro South Commuter connects the cities of Manila, Pasay and Muntinlupa",2,ROUTE_880872,882006,882114
1715,PNR,Metro Commuter,"PNT Metro South Commuter connects the cities of Manila, Pasay and Muntinlupa",2,ROUTE_880872,882006,882114
1715,PNR,Metro Commuter,"PNT Metro South Commuter connects the cities of Manila, Pasay and Muntinlupa",2,ROUTE_880872,882006,882114
1715,PNR,Metro Commuter,"PNT Metro South Commuter connects the cities of Manila, Pasay and Muntinlupa",2,ROUTE_880872,882006,882114
1715,PNR,Metro Commuter,"PNT Metro South Commuter connects the cities of Manila, Pasay and Muntinlupa",2,ROUTE_880872,882006,882114
1715,PNR,Metro Commuter,"PNT Metro South Commuter connects the cities of Manila, Pasay and Muntinlupa",2,ROUTE_880872,882006,882114
1715,PNR,Metro Commuter,"PNT Metro South Commuter connects the cities of Manila, Pasay and Muntinlupa",2,ROUTE_880872,882006,882114
1715,PNR,Metro Commuter,"PNT Metro South Commuter connects the cities of Manila, Pasay and Muntinlupa",2,ROUTE_880872,882006,882114
1715,PNR,Metro Commuter,"PNT Metro South Commuter connects the cities of Manila, Pasay and Muntinlupa",2,ROUTE_880872,882006,882114
1715,PNR,Metro Commuter,"PNT Metro South Commuter connects the cities of Manila, Pasay and Muntinlupa",2,ROUTE_880872,882006,882114
1715,PNR,Metro Commuter,"PNT Metro South Commuter connects the cities of Manila, Pasay and Muntinlupa",2,ROUTE_880872,882006,882114
1715,PNR,Metro Commuter,"PNT Metro South Commuter connects the cities of Manila, Pasay and Muntinlupa",2,ROUTE_880872,882006,882114
1715,PNR,Metro Commuter,"PNT Metro South Commuter connects the cities of Manila, Pasay and Muntinlupa",2,ROUTE_880872,882006,882114
1715,PNR,Metro Commuter,"PNT Metro South Commuter connects the cities of Manila, Pasay and Muntinlupa",2,ROUTE_880872,882006,882114
1715,PNR,Metro Commuter,"PNT Metro South Commuter connects the cities of Manila, Pasay and Muntinlupa",2,ROUTE_880872,882006,882114
1715,PNR,Metro Commuter,"PNT Metro South Commuter connects the cities of Manila, Pasay and Muntinlupa",2,ROUTE_880872,882006,882114
1715,PNR,Metro Commuter,"PNT Metro South Commuter connects the cities of Manila, Pasay and Muntinlupa",2,ROUTE_880872,882006,882114
1715,PNR,Metro Commuter,"PNT Metro South Commuter connects the cities of Manila, Pasay and Muntinlupa",2,ROUTE_880872,882006,882114
1715,PNR,Metro Commuter,"PNT Metro South Commuter connects the cities of Manila, Pasay and Muntinlupa",2,ROUTE_880872,882006,882114
1715,PNR,Metro Commuter,"PNT Metro South Commuter connects the cities of Manila, Pasay and Muntinlupa",2,ROUTE_880872,882006,882114
1715,PNR,Metro Commuter,"PNT Metro South Commuter connects the cities of Manila, Pasay and Muntinlupa",2,ROUTE_880872,882006,882114
1715,PNR,Metro Commuter,"PNT Metro South Commuter connects the cities of Manila, Pasay and Muntinlupa",2,ROUTE_880872,882006,882114
1715,PNR,Metro Commuter,"PNT Metro South Commuter connects the cities of Manila, Pasay and Muntinlupa",2,ROUTE_880872,882006,882114
1715,PNR,Metro Commuter,"PNT Metro South Commuter connects the cities of Manila, Pasay and Muntinlupa",2,ROUTE_880872,882006,882114
1715,PNR,Metro Commuter,"PNT Metro South Commuter connects the cities of Manila, Pasay and Muntinlupa",2,ROUTE_880872,882006,882114
1715,PNR,Metro Commuter,"PNT Metro South Commuter connects the cities of Manila, Pasay and Muntinlupa",2,ROUTE_880872,882006,882114
1715,PNR,Metro Commuter,"PNT Metro South Commuter connects the cities of Manila, Pasay and Muntinlupa",2,ROUTE_880872,882006,882114
1715,PNR,Metro Commuter,"PNT Metro South Commuter connects the cities of Manila, Pasay and Muntinlupa",2,ROUTE_880872,882006,882114
1715,PNR,Metro Commuter,"PNT Metro South Commuter connects the cities of Manila, Pasay and Muntinlupa",2,ROUTE_880872,882006,882114
1715,PNR,Metro Commuter,"PNT Metro South Commuter connects the cities of Manila, Pasay and Muntinlupa",2,ROUTE_880872,882006,882114
1715,PNR,Metro Commuter,"PNT Metro South Commuter connects the cities of Manila, Pasay and Muntinlupa",2,ROUTE_880872,882006,882114
1715,PNR,Metro Commuter,"PNT Metro South Commuter connects the cities of Manila, Pasay and Muntinlupa",2,ROUTE_880872,882006,882114
1715,PNR,Metro Commuter,"PNT Metro South Commuter connects the cities of Manila, Pasay and Muntinlupa",2,ROUTE_880872,882006,882114
1715,PNR,Metro Commuter,"PNT Metro South Commuter connects the cities of Manila, Pasay and Muntinlupa",2,ROUTE_880872,882006,882114
1715,PNR,Metro Commuter,"PNT Metro South Commuter connects the cities of Manila, Pasay and Muntinlupa",2,ROUTE_880872,882006,882114
1715,PNR,Metro Commuter,"PNT Metro South Commuter connects the cities of Manila, Pasay and Muntinlupa",2,ROUTE_880872,882006,882114
1715,PNR,Metro Commuter,"PNT Metro South Commuter connects the cities of Manila, Pasay and Muntinlupa",2,ROUTE_880872,882006,882114
1715,PNR,Metro Commuter,"PNT Metro South Commuter connects the cities of Manila, Pasay and Muntinlupa",2,ROUTE_880872,882006,882114
1715,PNR,Metro Commuter,"PNT Metro South Commuter connects the cities of Manila, Pasay and Muntinlupa",2,ROUTE_880872,882006,882114
1715,PNR,Metro Commuter,"PNT Metro South Commuter connects the cities of Manila, Pasay and Muntinlupa",2,ROUTE_880872,882006,882114
1715,PNR,Metro Commuter,"PNT Metro South Commuter connects the cities of Manila, Pasay and Muntinlupa",2,ROUTE_880872,882006,882114
1715,PNR,Metro Commuter,"PNT Metro South Commuter connects the cities of Manila, Pasay and Muntinlupa",2,ROUTE_880872,882006,882114
1715,PNR,Metro Commuter,"PNT Metro South Commuter connects the cities of Manila, Pasay and Muntinlupa",2,ROUTE_880872,882006,882114
1715,PNR,Metro Commuter,"PNT Metro South Commuter connects the cities of Manila, Pasay and Muntinlupa",2,ROUTE_880872,882006,882114
1715,PNR,Metro Commuter,"PNT Metro South Commuter connects the cities of Manila, Pasay and Muntinlupa",2,ROUTE_880872,882006,882114
1715,PNR,Metro Commuter,"PNT Metro South Commuter connects the cities of Manila, Pasay and Muntinlupa",2,ROUTE_880872,882006,882114
1715,PNR,Metro Commuter,"PNT Metro South Commuter connects the cities of Manila, Pasay and Muntinlupa",2,ROUTE_880872,882006,882114
1715,PNR,Metro Commuter,"PNT Metro South Commuter connects the cities of Manila, Pasay and Muntinlupa",2,ROUTE_880872,882006,882114
1715,PNR,Metro Commuter,"PNT Metro South Commuter connects the cities of Manila, Pasay and Muntinlupa",2,ROUTE_880872,882006,882114
1715,PNR,Metro Commuter,"PNT Metro South Commuter connects the cities of Manila, Pasay and Muntinlupa",2,ROUTE_880872,882006,882114
1715,PNR,Metro Commuter,"PNT Metro South Commuter connects the cities of Manila, Pasay and Muntinlupa",2,ROUTE_880872,882006,882114
1715,PNR,Metro Commuter,"PNT Metro South Commuter connects the cities of Manila, Pasay and Muntinlupa",2,ROUTE_880872,882006,882114
1715,PNR,Metro Commuter,"PNT Metro South Commuter connects the cities of Manila, Pasay and Muntinlupa",2,ROUTE_880872,882006,882114
1715,PNR,Metro Commuter,"PNT Metro South Commuter connects the cities of Manila, Pasay and Muntinlupa",2,ROUTE_880872,882006,882114
1715,PNR,Metro Commuter,"PNT Metro South Commuter connects the cities of Manila, Pasay and Muntinlupa",2,ROUTE_880872,882006,882114
1715,PNR,Metro Commuter,"PNT Metro South Commuter connects the cities of Manila, Pasay and Muntinlupa",2,ROUTE_880872,882006,882114
1715,PNR,Metro Commuter,"PNT Metro South Commuter connects the cities of Manila, Pasay and Muntinlupa",2,ROUTE_880872,882006,882114
1715,PNR,Metro Commuter,"PNT Metro South Commuter connects the cities of Manila, Pasay and Muntinlupa",2,ROUTE_880872,882006,882114
1715,PNR,Metro Commuter,"PNT Metro South Commuter connects the cities of Manila, Pasay and Muntinlupa",2,ROUTE_880872,882006,882114
1715,PNR,Metro Commuter,"PNT Metro South Commuter connects the cities of Manila, Pasay and Muntinlupa",2,ROUTE_880872,882006,882114
1715,PNR,Metro Commuter,"PNT Metro South Commuter connects the cities of Manila, Pasay and Muntinlupa",2,ROUTE_880872,882006,882114
1715,PNR,Metro Commuter,"PNT Metro South Commuter connects the cities of Manila, Pasay and Muntinlupa",2,ROUTE_880872,882006,882114
1715,PNR,Metro Commuter,"PNT Metro South Commuter connects the cities of Manila, Pasay and Muntinlupa",2,ROUTE_880872,882006,882114
1715,PNR,Metro Commuter,"PNT Metro South Commuter connects the cities of Manila, Pasay and Muntinlupa",2,ROUTE_880872,882006,882114
1715,PNR,Metro Commuter,"PNT Metro South Commuter connects the cities of Manila, Pasay and Muntinlupa",2,ROUTE_880872,882006,882114
1715,PNR,Metro Commuter,"PNT Metro South Commuter connects the cities of Manila, Pasay and Muntinlupa",2,ROUTE_880872,882006,882114
1715,PNR,Metro Commuter,"PNT Metro South Commuter connects the cities of Manila, Pasay and Muntinlupa",2,ROUTE_880872,882006,882114
1715,PNR,Metro Commuter,"PNT Metro South Commuter connects the cities of Manila, Pasay and Muntinlupa",2,ROUTE_880872,882006,882114
1715,PNR,Metro Commuter,"PNT Metro South Commuter connects the cities of Manila, Pasay and Muntinlupa",2,ROUTE_880872,882006,882114
1716,FORT,Fort Central,,3,FORT_CENT,DAILY,FORT_CENT_1
1717,FORT,Fort West,,3,FORT_WEST,DAILY,FORT_WEST_1